run,spec,n_ev,n_ph,phase,phase_old,user_phase,circ_minus_mode,width,table_cur,dphi,mu_noRF,emu_noRF,mu_cur,emu_cur,mu_run,emu_run,mu_new,emu_new
22013,P,3845,0,0.422,0.3726,nan,0.0791,0.4155,-0.15,0.272,nan,nan,nan,nan,nan,nan,nan,nan
22023,P,84876,0,0.4065,0.3353,nan,0.088,0.4354,-0.15,0.2565,nan,nan,nan,nan,nan,nan,nan,nan
22024,P,84161,0,0.4173,0.346,nan,0.0847,0.4348,-0.15,0.2673,nan,nan,nan,nan,nan,nan,nan,nan
22025,P,74454,0,0.4134,0.3534,nan,0.0844,0.4281,-0.15,0.2634,nan,nan,nan,nan,nan,nan,nan,nan
22026,P,56520,0,0.3913,0.3456,nan,0.0892,0.409,-0.15,0.2413,nan,nan,nan,nan,nan,nan,nan,nan
22027,P,83207,0,0.3879,0.3456,nan,0.0875,0.4054,-0.15,0.2379,nan,nan,nan,nan,nan,nan,nan,nan
22028,P,38472,0,0.3919,0.3541,nan,0.0863,0.4046,-0.15,0.2419,nan,nan,nan,nan,nan,nan,nan,nan
22029,P,59186,0,0.393,0.3518,nan,0.0872,0.4087,-0.15,0.243,nan,nan,nan,nan,nan,nan,nan,nan
22030,P,47694,0,0.3897,0.3475,nan,0.0893,0.4082,-0.15,0.2397,nan,nan,nan,nan,nan,nan,nan,nan
22031,P,21614,0,0.3923,0.3503,nan,0.0833,0.4071,-0.15,0.2423,nan,nan,nan,nan,nan,nan,nan,nan
22032,P,84087,0,0.3911,0.3401,nan,0.0875,0.4078,-0.15,0.2411,nan,nan,nan,nan,nan,nan,nan,nan
22033,P,70371,0,0.387,0.3394,nan,0.087,0.4028,-0.15,0.237,nan,nan,nan,nan,nan,nan,nan,nan
22034,P,83966,1405,0.3752,0.3181,nan,0.0882,0.4049,-0.15,0.2252,nan,nan,nan,nan,nan,nan,nan,nan
22035,P,84524,54916,0.3885,0.3279,nan,0.0884,0.4063,-0.15,0.2385,nan,nan,nan,nan,2.1995,0.1243,2.2269,0.1164
22036,P,70046,20139,0.3912,0.3326,nan,0.0904,0.4106,-0.15,0.2412,3.1982,0.0582,3.2111,0.1686,2.8975,0.129,2.9239,0.163
22037,P,92516,0,0.3758,0.3386,nan,0.0821,0.3642,-0.15,0.2258,nan,nan,nan,nan,nan,nan,nan,nan
22038,P,92934,147940,0.3785,0.3435,nan,0.0848,0.3666,-0.15,0.2285,2.4359,0.494,nan,nan,nan,nan,nan,nan
22039,P,92561,0,0.3805,0.3443,nan,0.0833,0.3671,-0.15,0.2305,nan,nan,nan,nan,nan,nan,nan,nan
22040,P,92799,0,0.3822,0.3456,nan,0.0822,0.3658,-0.15,0.2322,nan,nan,nan,nan,nan,nan,nan,nan
22041,P,94371,0,0.3663,0.3296,nan,0.0843,0.3665,-0.15,0.2163,nan,nan,nan,nan,nan,nan,nan,nan
22042,P,92880,0,0.3729,0.3347,nan,0.0836,0.3664,-0.15,0.2229,nan,nan,nan,nan,nan,nan,nan,nan
22043,P,92557,119413,0.3706,0.333,nan,0.0851,0.368,-0.15,0.2206,nan,nan,nan,nan,1.0978,0.3657,1.1032,0.4626
22044,P,104120,0,0.4113,0.3657,nan,0.1077,0.4165,-0.15,0.2613,nan,nan,nan,nan,nan,nan,nan,nan
22045,P,104559,0,0.3964,0.3843,nan,0.1039,0.4101,-0.15,0.2464,nan,nan,nan,nan,nan,nan,nan,nan
22046,P,103966,0,0.3863,0.3597,nan,0.1066,0.4083,-0.15,0.2363,nan,nan,nan,nan,nan,nan,nan,nan
22047,P,63456,0,0.3752,0.3518,nan,0.1049,0.4086,-0.15,0.2252,nan,nan,nan,nan,nan,nan,nan,nan
22048,P,17047,0,0.3803,0.3987,nan,0.1004,0.4123,-0.15,0.2303,nan,nan,nan,nan,nan,nan,nan,nan
22049,P,95349,0,0.3805,0.2322,nan,0.0529,0.3814,-0.15,0.2305,nan,nan,nan,nan,nan,nan,nan,nan
22050,P,105305,0,0.3901,0.2559,nan,0.0526,0.367,-0.15,0.2401,nan,nan,nan,nan,nan,nan,nan,nan
22052,P,44639,0,0.3706,0.2564,nan,0.0509,0.3384,-0.15,0.2206,nan,nan,nan,nan,nan,nan,nan,nan
22062,P,48689,15881,0.3391,0.2873,nan,0.056,0.3123,-0.15,0.1891,nan,nan,nan,nan,nan,nan,nan,nan
22064,P,16646,5467,0.3366,0.2837,nan,0.0568,0.3141,-0.15,0.1866,nan,nan,nan,nan,nan,nan,nan,nan
22065,P,48964,15872,0.3378,0.2869,nan,0.0533,0.3103,-0.15,0.1878,1.8262,0.9597,-1.5995,0.2785,nan,nan,nan,nan
22066,P,48920,15941,0.3374,0.2873,nan,0.056,0.3136,-0.15,0.1874,nan,nan,nan,nan,nan,nan,nan,nan
22098,P,160942,0,0.3881,0.4597,nan,0.0908,0.4146,-0.15,0.2381,nan,nan,nan,nan,nan,nan,nan,nan
22099,P,158973,0,0.395,0.4654,nan,0.0921,0.4145,-0.15,0.245,nan,nan,nan,nan,nan,nan,nan,nan
22100,P,118341,0,0.3802,0.271,nan,0.0526,0.3386,-0.15,0.2302,nan,nan,nan,nan,nan,nan,nan,nan
22101,P,129070,0,0.3736,0.2825,nan,0.0547,0.3261,-0.15,0.2236,nan,nan,nan,nan,nan,nan,nan,nan
22103,P,99771,0,0.3782,0.2846,nan,0.065,0.4507,-0.15,0.2282,nan,nan,nan,nan,nan,nan,nan,nan
22105,P,126577,0,0.3789,0.266,nan,0.0537,0.3301,-0.15,0.2289,nan,nan,nan,nan,nan,nan,nan,nan
22106,P,132535,0,0.3662,0.2888,nan,0.0514,0.3151,-0.15,0.2162,nan,nan,nan,nan,nan,nan,nan,nan
22107,P,132409,0,0.3643,0.2887,nan,0.0508,0.3157,-0.15,0.2143,nan,nan,nan,nan,nan,nan,nan,nan
22108,P,129469,0,0.3643,0.3003,nan,0.0538,0.3096,-0.15,0.2143,nan,nan,nan,nan,nan,nan,nan,nan
22109,P,121288,0,0.35,0.2921,nan,0.0542,0.3068,-0.15,0.2,nan,nan,nan,nan,nan,nan,nan,nan
22110,P,127677,0,0.3571,0.303,nan,0.0609,0.3264,-0.15,0.2071,nan,nan,nan,nan,nan,nan,nan,nan
22114,P,7937,181,0.3243,0.2949,nan,0.083,0.3696,-0.15,0.1743,nan,nan,nan,nan,nan,nan,nan,nan
22115,P,90479,20513,0.3178,0.2756,nan,0.0823,0.3625,-0.15,0.1678,3.3172,0.3149,nan,nan,nan,nan,2.9609,0.076
22116,P,90454,43682,0.3215,0.2794,nan,0.0816,0.3604,-0.15,0.1715,3.4405,0.6866,2.1929,0.4058,2.0372,0.5899,2.2226,0.6382
22117,P,19118,865,0.3184,0.2851,nan,0.0809,0.3612,-0.15,0.1684,nan,nan,nan,nan,nan,nan,nan,nan
22118,P,10309,274,0.3228,0.2446,nan,0.0797,0.3646,-0.15,0.1728,nan,nan,nan,nan,nan,nan,nan,nan
22119,P,23426,2382,0.3112,0.2726,nan,0.0829,0.3618,-0.15,0.1612,nan,nan,nan,nan,nan,nan,nan,nan
22120,P,23067,2369,0.3093,0.2682,nan,0.0873,0.364,-0.15,0.1593,nan,nan,nan,nan,nan,nan,nan,nan
22124,P,4444,254,0.3168,0.2571,nan,0.0879,0.368,-0.15,0.1668,nan,nan,nan,nan,2.5359,3.3236,nan,nan
22126,P,1760,85,0.3072,0.288,nan,0.0855,0.3703,-0.15,0.1572,nan,nan,nan,nan,nan,nan,-3.0805,1.0652
22127,P,3902,221,0.3146,0.2647,nan,0.0765,0.3651,-0.15,0.1646,nan,nan,nan,nan,nan,nan,nan,nan
22133,P,7787,611,0.3075,0.2901,nan,0.086,0.3688,-0.15,0.1575,nan,nan,nan,nan,nan,nan,nan,nan
22134,P,9664,764,0.3107,0.2781,nan,0.0844,0.3688,-0.15,0.1607,nan,nan,nan,nan,nan,nan,nan,nan
22136,P,8440,694,0.3125,0.2462,nan,0.084,0.3656,-0.15,0.1625,nan,nan,nan,nan,nan,nan,nan,nan
22138,P,74515,143400,0.3254,0.2842,nan,0.0853,0.3737,-0.15,0.1754,nan,nan,nan,nan,nan,nan,nan,nan
22144,P,74849,139053,0.328,0.2875,nan,0.0823,0.3705,-0.15,0.178,nan,nan,-1.1722,0.3032,-1.4241,0.3163,nan,nan
22146,P,74759,142770,0.3256,0.2928,nan,0.0841,0.3703,-0.15,0.1756,0.2962,0.5486,0.6761,0.3871,nan,nan,nan,nan
22148,P,74892,64322,0.3203,0.2892,nan,0.0851,0.3697,-0.15,0.1703,nan,nan,-0.7975,0.1613,nan,nan,2.3841,4.6679
22150,P,75787,32747,0.3225,0.2871,nan,0.085,0.3714,-0.15,0.1725,3.3392,0.3128,nan,nan,nan,nan,-3.4287,0.1135
22151,P,74842,132719,0.3321,0.2849,nan,0.0832,0.3701,-0.15,0.1821,nan,nan,1.1316,0.3236,nan,nan,1.2083,0.6707
22152,P,71008,5105,0.3183,0.244,nan,0.0814,0.3673,-0.15,0.1683,2.6307,0.3609,2.064,0.1103,1.9008,0.0363,2.6661,0.2798
22153,P,51813,2823,0.3127,0.2724,nan,0.0848,0.3656,-0.15,0.1627,nan,nan,2.6352,0.0432,2.3996,0.0413,2.3757,0.067
22154,P,74645,127829,0.3307,0.2928,nan,0.0845,0.3725,-0.15,0.1807,2.8038,0.1721,nan,nan,1.3448,0.0759,nan,nan
22155,P,75216,69555,0.3241,0.2874,nan,0.0833,0.3698,-0.15,0.1741,nan,nan,nan,nan,-0.1603,0.2814,nan,nan
22178,P,19527,0,0.1676,0.1074,0.1624,0.0895,0.396,-0.15,0.0176,nan,nan,nan,nan,nan,nan,nan,nan
22179,P,21045,0,0.1358,0.0794,0.1367,0.097,0.3952,-0.15,-0.0142,nan,nan,nan,nan,nan,nan,nan,nan
22180,P,7754,0,0.1393,0.1104,0.1369,0.1056,0.4097,-0.15,-0.0107,nan,nan,nan,nan,nan,nan,nan,nan
22181,P,21344,48654,0.1444,0.1109,0.1359,0.098,0.4067,-0.15,-0.0056,nan,nan,nan,nan,nan,nan,nan,nan
22182,P,31963,71117,0.1482,0.1076,0.1409,0.0977,0.4114,-0.15,-0.0018,nan,nan,nan,nan,nan,nan,nan,nan
22183,P,32237,71362,0.1469,0.103,0.1427,0.0982,0.4111,-0.15,-0.0031,-0.2663,0.4059,nan,nan,nan,nan,nan,nan
22184,P,32081,72468,0.1402,0.1028,0.138,0.1071,0.4117,-0.15,-0.0098,nan,nan,nan,nan,nan,nan,nan,nan
22185,P,32116,72331,0.1419,0.0994,0.1403,0.1018,0.4115,-0.15,-0.0081,-2.7321,1.987,-2.8527,0.1506,nan,nan,-2.8527,0.1506
22186,P,32006,70573,0.1491,0.1047,0.1417,0.0959,0.4053,-0.15,-0.0009,nan,nan,nan,nan,nan,nan,nan,nan
22187,P,19409,43039,0.1445,0.0879,0.1434,0.0956,0.4084,-0.15,-0.0055,nan,nan,nan,nan,nan,nan,nan,nan
22188,P,32250,71085,0.1427,0.103,0.1371,0.0997,0.4076,-0.15,-0.0073,nan,nan,nan,nan,2.8237,0.2078,nan,nan
22189,P,31899,82832,0.1429,0.118,0.1347,0.1041,0.4143,-0.15,-0.0071,nan,nan,-2.0734,0.0674,nan,nan,-2.0734,0.0674
22190,P,33190,29733,0.1371,0.1088,0.1287,0.105,0.4123,-0.15,-0.0129,nan,nan,nan,nan,nan,nan,nan,nan
22191,P,33175,29082,0.1394,0.1085,nan,0.1026,0.4101,-0.15,-0.0106,nan,nan,-1.3703,0.0427,nan,nan,-1.3703,0.0427
22192,P,32527,41144,0.1448,0.1119,0.1496,0.0977,0.4072,-0.15,-0.0052,nan,nan,0.6856,0.1716,0.6856,0.1717,0.6856,0.1716
22193,P,32588,41538,0.143,0.0982,0.1478,0.0966,0.4095,-0.15,-0.007,nan,nan,-2.3129,0.1269,-2.5634,0.8495,-2.3129,0.1269
22195,P,32702,37606,0.1443,0.1305,0.1424,0.1011,0.4149,-0.15,-0.0057,nan,nan,-1.0206,0.1201,-1.0206,0.1201,-1.0206,0.1201
22196,P,32517,37831,0.1407,0.0986,0.1458,0.0958,0.4065,-0.15,-0.0093,nan,nan,-1.1946,0.7789,-1.6043,0.0846,-1.1946,0.7789
22199,P,9800,209,0.1565,0.0926,0.1583,0.0984,0.4619,-0.15,0.0065,nan,nan,nan,nan,nan,nan,nan,nan
22200,P,28733,251,0.1593,0.0934,0.1481,0.0943,0.4727,-0.15,0.0093,nan,nan,nan,nan,-1.7103,0.5042,nan,nan
22201,P,3035,24,0.1547,0.1086,0.1615,0.097,0.4669,-0.15,0.0047,-3.05,1.9289,nan,nan,nan,nan,nan,nan
22202,P,31617,62461,0.142,0.1044,0.1479,0.0971,0.4094,-0.15,-0.008,nan,nan,nan,nan,nan,nan,nan,nan
22203,P,25667,25953,0.1408,0.1121,0.1383,0.099,0.4093,-0.15,-0.0092,1.237,0.0346,nan,nan,nan,nan,nan,nan
22205,P,31171,35037,0.1383,0.0969,0.142,0.0968,0.4136,-0.15,-0.0117,nan,nan,nan,nan,nan,nan,nan,nan
22206,P,31342,33577,0.1294,0.1088,0.1268,0.1049,0.4111,-0.15,-0.0206,nan,nan,nan,nan,-1.2134,0.078,nan,nan
22207,P,31553,31781,0.1361,0.1058,0.1299,0.0996,0.4103,-0.15,-0.0139,nan,nan,nan,nan,0.2371,0.7467,nan,nan
22208,P,31975,31637,0.1355,0.0946,0.1265,0.0993,0.408,-0.15,-0.0145,nan,nan,nan,nan,nan,nan,nan,nan
22209,P,31986,29736,0.1281,0.0923,0.1291,0.0996,0.4088,-0.15,-0.0219,nan,nan,nan,nan,nan,nan,nan,nan
22210,P,31762,29261,0.129,0.0843,0.1273,0.0985,0.4065,-0.15,-0.021,nan,nan,nan,nan,nan,nan,nan,nan
22216,P,19995,18707,0.1299,0.0939,0.1339,0.1025,0.406,-0.15,-0.0201,nan,nan,nan,nan,-2.1627,0.5347,nan,nan
22218,P,31813,29055,0.1293,0.1017,0.1243,0.1006,0.4094,-0.15,-0.0207,nan,nan,2.6817,0.287,2.679,0.1599,2.6817,0.287
22219,P,31750,28988,0.132,0.1038,0.13,0.1007,0.4105,-0.15,-0.018,nan,nan,nan,nan,2.3152,0.1001,nan,nan
22221,P,3141,2824,0.1402,0.1026,0.1451,0.096,0.4107,-0.15,-0.0098,nan,nan,nan,nan,nan,nan,nan,nan
22222,P,38577,35592,0.1334,0.0951,0.1273,0.095,0.4072,-0.15,-0.0166,nan,nan,nan,nan,nan,nan,nan,nan
22223,P,38721,34492,0.1294,0.1013,0.117,0.0988,0.4031,-0.15,-0.0206,nan,nan,-0.7074,0.1044,-0.6972,0.099,-0.7074,0.1044
22224,P,38569,34420,0.1273,0.1004,0.1281,0.1023,0.411,-0.15,-0.0227,2.7574,0.0674,nan,nan,nan,nan,nan,nan
22225,P,38744,34374,0.1293,0.0988,0.1342,0.099,0.4074,-0.15,-0.0207,nan,nan,0.406,5.6804,nan,nan,0.406,5.6804
22227,P,31326,0,0.1526,0.0999,0.152,0.0966,0.3962,-0.15,0.0026,nan,nan,nan,nan,nan,nan,nan,nan
22229,P,31919,33584,0.1625,0.1256,0.1621,0.1001,0.4112,-0.15,0.0125,nan,nan,nan,nan,nan,nan,nan,nan
22235,P,31970,31623,0.1676,0.1154,0.1773,0.101,0.4092,-0.15,0.0176,nan,nan,2.6716,0.1027,3.7395,0.0361,2.6716,0.1027
22236,P,31623,30912,0.1766,0.1452,0.1726,0.1,0.4057,-0.15,0.0266,nan,nan,-2.5417,0.0276,nan,nan,-2.5417,0.0276
22237,P,32032,30516,0.1663,0.1376,0.1527,0.099,0.4102,-0.15,0.0163,nan,nan,1.2152,0.1369,nan,nan,1.2152,0.1369
22238,P,31823,32454,0.1428,0.1139,0.1476,0.0977,0.4112,-0.15,-0.0072,-0.1272,0.8791,-2.6611,0.7285,nan,nan,-2.6606,0.7289
22240,P,31984,32520,0.1665,0.1351,0.1647,0.1065,0.4114,-0.15,0.0165,-2.1781,0.2908,-1.7804,0.1941,nan,nan,-1.7804,0.1941
22241,P,31840,31597,0.1613,0.1267,0.1581,0.1012,0.4115,-0.15,0.0113,nan,nan,nan,nan,nan,nan,nan,nan
22242,P,31792,30772,0.1688,0.125,0.167,0.1,0.409,-0.15,0.0188,nan,nan,-0.3262,0.1176,0.6109,0.0461,-0.3262,0.1176
22243,P,31933,30867,0.1719,0.1284,0.1743,0.0989,0.412,-0.15,0.0219,nan,nan,nan,nan,2.1846,0.0538,nan,nan
22244,P,32052,30184,0.1691,0.1405,0.1683,0.1022,0.4082,-0.15,0.0191,nan,nan,nan,nan,nan,nan,nan,nan
22246,P,32434,0,0.1324,0.0777,0.1275,0.0972,0.395,-0.15,-0.0176,nan,nan,nan,nan,nan,nan,nan,nan
22247,P,31790,31939,0.1434,0.1089,0.141,0.1032,0.4098,-0.15,-0.0066,nan,nan,nan,nan,nan,nan,nan,nan
22249,P,122202,115528,0.1669,0.134,0.1652,0.0985,0.4067,-0.15,0.0169,nan,nan,nan,nan,nan,nan,nan,nan
22251,P,31729,29098,0.1684,0.1387,0.1705,0.098,0.4072,-0.15,0.0184,nan,nan,1.3639,0.3767,nan,nan,1.3639,0.3769
22252,P,32000,28963,0.1709,0.1381,0.1699,0.0987,0.413,-0.15,0.0209,nan,nan,1.8017,0.0357,nan,nan,1.8017,0.0357
22253,P,31460,28857,0.1732,0.1402,0.1754,0.0961,0.4133,-0.15,0.0232,nan,nan,nan,nan,nan,nan,nan,nan
22255,P,31342,28039,0.1689,0.1382,0.1718,0.1012,0.406,-0.15,0.0189,2.1948,0.4434,2.7227,0.2046,2.7374,0.2075,2.7227,0.2046
22256,P,31255,28107,0.1451,0.1032,0.1426,0.0986,0.4118,-0.15,-0.0049,-0.7879,1.3387,0.6405,1.1335,nan,nan,0.6408,1.1338
22257,P,31597,28360,0.1692,0.1483,0.1699,0.1004,0.4066,-0.15,0.0192,-1.4521,1.0641,nan,nan,nan,nan,nan,nan
22258,P,31700,28051,0.1694,0.1436,0.1738,0.1005,0.4092,-0.15,0.0194,nan,nan,nan,nan,nan,nan,nan,nan
22259,P,31618,27696,0.1608,0.1347,0.1602,0.1068,0.411,-0.15,0.0108,nan,nan,3.0648,0.2658,2.9713,0.3322,3.0648,0.2658
22260,P,31831,27239,0.1452,0.1095,0.1383,0.1002,0.4071,-0.15,-0.0048,1.8234,0.2895,nan,nan,nan,nan,nan,nan
22261,P,31735,27990,0.1669,0.142,0.1698,0.0982,0.4044,-0.15,0.0169,2.1777,0.4517,nan,nan,2.9082,0.4286,nan,nan
22262,P,31747,26731,0.1525,0.1093,0.1515,0.099,0.4078,-0.15,0.0025,-1.6777,0.2191,nan,nan,nan,nan,nan,nan
22265,P,14113,12356,0.1477,0.1262,0.1468,0.0995,0.4025,-0.15,-0.0023,0.38,0.6069,nan,nan,nan,nan,nan,nan
22266,P,31627,27480,0.1443,0.1198,0.1451,0.101,0.4084,-0.15,-0.0057,nan,nan,nan,nan,nan,nan,nan,nan
22267,P,31840,27607,0.1466,0.1096,0.1473,0.0974,0.4092,-0.15,-0.0034,nan,nan,nan,nan,nan,nan,nan,nan
22268,P,31927,28094,0.1501,0.1207,0.1506,0.097,0.4061,-0.15,0.0001,nan,nan,nan,nan,-0.8493,0.0975,nan,nan
22269,P,31695,27032,0.1522,0.1209,0.1556,0.101,0.4082,-0.15,0.0022,nan,nan,nan,nan,0.0097,0.6352,nan,nan
22270,P,31637,26591,0.1502,0.1151,0.1477,0.099,0.4086,-0.15,0.0002,nan,nan,-2.6901,0.0572,nan,nan,-2.6901,0.0572
22271,P,122198,102673,0.1485,0.1116,0.1475,0.1,0.409,-0.15,-0.0015,-0.9697,0.1363,-2.7088,0.0989,-2.7088,0.0989,-2.7088,0.0989
22273,P,31435,26544,0.1555,0.1198,0.1543,0.096,0.4056,-0.15,0.0055,nan,nan,0.9201,0.0526,nan,nan,0.9201,0.0526
22274,P,31505,25661,0.1516,0.127,0.1478,0.0988,0.4103,-0.15,0.0016,nan,nan,-2.1692,0.0671,nan,nan,-2.1692,0.0671
22275,P,31637,25962,0.1501,0.1298,0.1487,0.1016,0.4091,-0.15,0.0001,0.7195,0.9398,nan,nan,-1.3264,0.7109,nan,nan
22276,P,31605,25993,0.1512,0.1034,0.1528,0.0971,0.4074,-0.15,0.0012,0.6189,0.7209,nan,nan,nan,nan,nan,nan
22277,P,31642,26158,0.1477,0.1004,0.1434,0.1019,0.4092,-0.15,-0.0023,3.6978,0.5424,-2.1317,0.0352,-2.1317,0.0352,-2.1317,0.0352
22278,P,31656,29440,0.1493,0.118,0.1472,0.0985,0.4062,-0.15,-0.0007,nan,nan,-1.2112,0.1442,-1.2109,0.144,-1.2112,0.1442
22279,P,31771,25858,0.1525,0.1195,0.1534,0.097,0.4071,-0.15,0.0025,nan,nan,nan,nan,nan,nan,nan,nan
22281,P,5994,262,0.1381,0.0557,0.1337,0.0913,0.3912,-0.15,-0.0119,nan,nan,nan,nan,nan,nan,nan,nan
22282,P,24730,1108,0.1362,0.0716,0.1344,0.096,0.3978,-0.15,-0.0138,nan,nan,nan,nan,nan,nan,nan,nan
22286,P,13637,620,0.14,0.0348,0.1424,0.0955,0.3983,-0.15,-0.01,nan,nan,nan,nan,-2.6097,0.5313,nan,nan
22287,P,31830,26405,0.1501,0.1159,0.148,0.0981,0.4054,-0.15,0.0001,nan,nan,nan,nan,nan,nan,nan,nan
22288,P,31595,25908,0.1467,0.1131,0.1481,0.1019,0.4092,-0.15,-0.0033,-0.1701,0.2478,-0.2545,0.1036,-0.2547,0.1036,-0.2545,0.1036
22289,P,32185,26260,0.1458,0.112,0.1316,0.0993,0.4057,-0.15,-0.0042,-2.341,1.1197,nan,nan,nan,nan,nan,nan
22290,P,31713,25498,0.1519,0.1096,0.1539,0.098,0.4061,-0.15,0.0019,nan,nan,nan,nan,nan,nan,nan,nan
22291,P,31767,25873,0.1686,0.1229,0.1799,0.0974,0.4107,-0.15,0.0186,nan,nan,2.7495,0.078,nan,nan,2.7495,0.078
22292,P,31681,25879,0.1537,0.1281,0.1531,0.0997,0.4076,-0.15,0.0037,nan,nan,nan,nan,nan,nan,nan,nan
22293,P,30625,25031,0.1481,0.1409,0.1494,0.0987,0.4083,-0.15,-0.0019,nan,nan,nan,nan,nan,nan,nan,nan
22295,P,31686,25817,0.15,0.1182,0.1502,0.1007,0.404,-0.15,0.0,3.0918,0.0864,-3.5944,0.0406,nan,nan,-3.5944,0.0406
22296,P,31635,25409,0.1448,0.1255,0.1562,0.1037,0.4081,-0.15,-0.0052,nan,nan,2.6045,0.2562,2.6044,0.2565,2.6045,0.2562
22297,P,20008,16383,0.1543,0.109,0.1463,0.0964,0.4086,-0.15,0.0043,-0.6058,0.6014,1.9868,0.8637,nan,nan,1.9867,0.864
22298,P,31752,25985,0.1569,0.1061,0.1477,0.0986,0.406,-0.15,0.0069,nan,nan,nan,nan,-0.572,0.2032,nan,nan
22299,P,31595,25897,0.1538,0.1273,0.148,0.1021,0.4106,-0.15,0.0038,nan,nan,-1.0074,0.6962,nan,nan,-1.0074,0.6965
22300,P,31888,24845,0.1513,0.125,0.1524,0.0993,0.4044,-0.15,0.0013,nan,nan,nan,nan,nan,nan,nan,nan
22301,P,28874,23055,0.1559,0.1128,0.1576,0.0978,0.4107,-0.15,0.0059,nan,nan,1.6971,0.4596,1.7219,0.479,1.6972,0.4599
22302,P,31656,27999,0.152,0.1238,0.1521,0.0984,0.4079,-0.15,0.002,-3.3048,0.1123,-2.6985,0.5261,-2.699,0.5248,-2.6985,0.5261
22304,P,99474,71710,0.2093,0.1698,0.2072,0.0915,0.491,-0.15,0.0593,nan,nan,3.178,0.0751,3.143,0.0699,3.178,0.0751
22306,P,31659,27691,0.172,0.1474,0.1755,0.0995,0.4104,-0.15,0.022,nan,nan,nan,nan,nan,nan,nan,nan
22307,P,31997,31162,0.1716,0.1357,0.1614,0.1025,0.4122,-0.15,0.0216,nan,nan,1.2505,0.0559,nan,nan,1.2505,0.0559
22308,P,31929,27116,0.1694,0.1419,0.173,0.1012,0.4093,-0.15,0.0194,nan,nan,nan,nan,nan,nan,nan,nan
22309,P,31832,26769,0.1691,0.1353,0.1641,0.0987,0.4083,-0.15,0.0191,nan,nan,2.3022,0.1044,2.3192,0.2333,2.3022,0.1044
22310,P,32009,26362,0.1683,0.1323,0.173,0.0994,0.4077,-0.15,0.0183,nan,nan,nan,nan,-0.8678,1.0002,nan,nan
22311,P,32021,26917,0.1706,0.1255,0.1674,0.1015,0.4091,-0.15,0.0206,nan,nan,nan,nan,-1.7919,0.1407,nan,nan
22322,P,31938,26547,0.1631,0.1191,0.1587,0.099,0.4081,-0.15,0.0131,nan,nan,nan,nan,nan,nan,nan,nan
22323,P,32066,25777,0.1671,0.1264,0.1599,0.0984,0.4066,-0.15,0.0171,-3.2108,1.9873,nan,nan,nan,nan,nan,nan
22324,P,31828,25474,0.1611,0.1336,0.1471,0.1026,0.41,-0.15,0.0111,nan,nan,-0.4074,4.1666,nan,nan,-0.4074,4.1666
22325,P,32016,24577,0.1634,0.1346,0.1668,0.0997,0.4074,-0.15,0.0134,nan,nan,nan,nan,nan,nan,nan,nan
22326,P,32067,24677,0.1656,0.1243,0.1678,0.0997,0.4095,-0.15,0.0156,3.202,0.1811,1.085,0.2002,0.9198,0.1929,1.085,0.2002
22327,P,31951,23882,0.1705,0.1477,0.169,0.1007,0.4116,-0.15,0.0205,nan,nan,nan,nan,nan,nan,nan,nan
22328,P,31819,23925,0.1464,0.1301,0.1461,0.1002,0.409,-0.15,-0.0036,nan,nan,nan,nan,nan,nan,nan,nan
22329,P,32116,24733,0.1664,0.138,0.1678,0.0977,0.4071,-0.15,0.0164,nan,nan,-0.4165,0.0504,nan,nan,-0.4165,0.0504
22330,P,31982,24521,0.1634,0.131,0.1624,0.0997,0.4109,-0.15,0.0134,nan,nan,nan,nan,-2.7887,0.1072,nan,nan
22331,P,32132,24320,0.1577,0.1175,0.1497,0.0988,0.4142,-0.15,0.0077,nan,nan,nan,nan,nan,nan,nan,nan
22332,P,31865,24242,0.1536,0.1272,0.1578,0.0954,0.4071,-0.15,0.0036,nan,nan,nan,nan,nan,nan,nan,nan
22333,P,42540,32099,0.1537,0.1192,0.1488,0.1001,0.4091,-0.15,0.0037,nan,nan,nan,nan,nan,nan,nan,nan
22334,P,52698,40704,0.1508,0.118,0.1505,0.1007,0.4049,-0.15,0.0008,nan,nan,nan,nan,nan,nan,nan,nan
22335,P,31914,24653,0.1519,0.1288,0.1517,0.0985,0.4069,-0.15,0.0019,nan,nan,nan,nan,nan,nan,nan,nan
22336,P,31805,24353,0.1383,0.1004,0.1361,0.0995,0.4093,-0.15,-0.0117,-0.4155,0.136,3.3587,0.3016,0.9723,0.1567,3.3587,0.3016
22338,P,32451,30123,0.1479,0.1114,0.146,0.1004,0.4075,-0.15,-0.0021,nan,nan,nan,nan,nan,nan,nan,nan
22339,P,127619,114566,0.1391,0.1012,0.1405,0.0985,0.409,-0.15,-0.0109,nan,nan,nan,nan,1.3278,0.097,nan,nan
22341,P,32542,29437,0.1552,0.1177,0.1572,0.0995,0.4061,-0.15,0.0052,nan,nan,nan,nan,nan,nan,nan,nan
22343,P,32491,28645,0.1378,0.1083,0.1371,0.0974,0.4052,-0.15,-0.0122,3.8043,0.3851,-0.0823,0.2583,0.2485,0.0816,-0.0823,0.2583
22344,P,32072,27300,0.1389,0.1059,0.1346,0.0985,0.4098,-0.15,-0.0111,nan,nan,2.2143,0.0474,nan,nan,2.2143,0.0474
22345,P,32366,27864,0.1293,0.0921,0.1275,0.1018,0.4081,-0.15,-0.0207,nan,nan,nan,nan,nan,nan,nan,nan
22346,P,32177,27112,0.14,0.1081,0.1396,0.0948,0.4056,-0.15,-0.01,1.869,0.4176,nan,nan,2.568,0.0504,nan,nan
22347,P,32336,27371,0.1347,0.1034,0.1262,0.0988,0.403,-0.15,-0.0153,nan,nan,-0.2612,0.057,nan,nan,-0.2612,0.057
22348,P,32352,27487,0.1362,0.1039,0.1398,0.1006,0.4117,-0.15,-0.0138,0.2015,0.5579,nan,nan,nan,nan,nan,nan
22350,P,32223,26306,0.1364,0.1008,0.1377,0.0977,0.4066,-0.15,-0.0136,nan,nan,nan,nan,nan,nan,nan,nan
22351,P,20470,16288,0.1334,0.1078,0.1302,0.1007,0.4064,-0.15,-0.0166,nan,nan,nan,nan,nan,nan,nan,nan
22352,P,31885,24992,0.1376,0.114,0.1418,0.1003,0.4086,-0.15,-0.0124,nan,nan,nan,nan,nan,nan,nan,nan
22353,P,32009,25526,0.1395,0.0968,0.1315,0.094,0.4045,-0.15,-0.0105,nan,nan,nan,nan,nan,nan,nan,nan
22354,P,32184,25426,0.1456,0.108,0.1451,0.1008,0.4081,-0.15,-0.0044,1.4251,0.0578,1.3387,0.0906,nan,nan,1.3387,0.0906
22360,P,2254,0,0.1049,0.0745,0.108,0.121,0.3887,-0.15,-0.0451,nan,nan,nan,nan,nan,nan,nan,nan
22361,P,982,0,0.1432,0.041,0.1034,0.0817,0.41,-0.15,-0.0068,nan,nan,nan,nan,nan,nan,nan,nan
22362,P,34085,0,0.1259,0.0718,0.1242,0.0945,0.3954,-0.15,-0.0241,nan,nan,nan,nan,nan,nan,nan,nan
22363,P,13845,0,0.125,0.076,0.1196,0.0954,0.3923,-0.15,-0.025,nan,nan,nan,nan,nan,nan,nan,nan
22364,P,32425,25816,0.1348,0.0954,0.1317,0.1029,0.4095,-0.15,-0.0152,nan,nan,nan,nan,nan,nan,nan,nan
22365,P,32242,25396,0.1392,0.1004,0.1353,0.1037,0.4116,-0.15,-0.0108,-0.6828,0.9561,nan,nan,nan,nan,nan,nan
22367,P,874,659,0.1499,3.2879,0.137,0.1046,0.3976,-0.15,-0.0001,1.3669,0.5841,-0.7549,0.4556,-0.8117,0.4662,-0.755,0.4557
22372,P,22511,0,0.158,0.1059,0.1477,0.0963,0.3966,-0.15,0.008,nan,nan,nan,nan,nan,nan,nan,nan
22373,P,14225,0,0.161,0.1053,0.1629,0.0937,0.3914,-0.15,0.011,nan,nan,nan,nan,nan,nan,nan,nan
22374,P,6976,0,0.158,0.1024,0.1583,0.0961,0.3886,-0.15,0.008,nan,nan,nan,nan,nan,nan,nan,nan
22375,P,32418,27517,0.1697,0.1342,0.1807,0.1002,0.4091,-0.15,0.0197,-0.2806,0.7513,nan,nan,nan,nan,nan,nan
22376,P,1164,938,0.1214,0.075,0.0805,0.1493,0.4176,-0.15,-0.0286,nan,nan,nan,nan,nan,nan,nan,nan
22377,P,32171,26319,0.151,0.1214,0.1524,0.0986,0.4061,-0.15,0.001,-0.0215,1.4805,nan,nan,nan,nan,nan,nan
22378,P,32465,26565,0.1646,0.1258,0.1629,0.0988,0.4076,-0.15,0.0146,nan,nan,-1.4107,0.2241,nan,nan,-1.4107,0.2241
22379,P,32041,25241,0.1488,0.1272,0.1454,0.1007,0.4107,-0.15,-0.0012,nan,nan,nan,nan,nan,nan,nan,nan
22380,P,32145,25191,0.1526,0.1277,0.1558,0.1001,0.4089,-0.15,0.0026,nan,nan,nan,nan,nan,nan,nan,nan
22381,P,32088,25051,0.1542,0.1271,0.1535,0.1003,0.4088,-0.15,0.0042,0.7162,0.0393,-1.5616,0.1768,nan,nan,-1.5616,0.1768
22382,P,32167,24888,0.1559,0.1282,0.1533,0.0992,0.4109,-0.15,0.0059,-0.5661,0.6499,nan,nan,3.0476,0.0992,nan,nan
22383,P,31983,24749,0.1571,0.1251,0.1617,0.1,0.408,-0.15,0.0071,nan,nan,nan,nan,1.4963,0.0279,nan,nan
22384,P,32398,24758,0.156,0.1297,0.1517,0.0964,0.4106,-0.15,0.006,nan,nan,nan,nan,1.3045,0.8527,nan,nan
22386,P,32019,24254,0.1515,0.1168,0.1504,0.104,0.4102,-0.15,0.0015,nan,nan,nan,nan,nan,nan,nan,nan
22387,P,32116,24762,0.1514,0.1275,0.1492,0.1004,0.409,-0.15,0.0014,-3.9869,0.983,nan,nan,nan,nan,nan,nan
22388,P,32304,24287,0.1461,0.112,0.1417,0.1055,0.4085,-0.15,-0.0039,-2.4295,0.5884,nan,nan,nan,nan,nan,nan
22389,P,31931,24137,0.1464,0.1094,0.1417,0.1031,0.4089,-0.15,-0.0036,nan,nan,-3.1818,0.1877,-3.1819,0.1875,-3.1818,0.1877
22390,P,32136,24365,0.1498,0.1118,0.1604,0.0976,0.4036,-0.15,-0.0002,0.8879,0.0824,nan,nan,3.4261,0.0628,nan,nan
22391,P,32048,24742,0.1608,0.1306,0.153,0.0993,0.4074,-0.15,0.0108,2.5952,1.1071,nan,nan,2.6852,0.1077,nan,nan
22392,P,32476,29275,0.1574,0.1175,0.1653,0.0993,0.4107,-0.15,0.0074,nan,nan,nan,nan,nan,nan,nan,nan
22393,P,32577,28883,0.1821,0.1679,0.1851,0.1012,0.4074,-0.15,0.0321,-1.5469,1.3821,nan,nan,nan,nan,nan,nan
22395,P,32082,29296,0.1829,0.1494,0.1782,0.0971,0.4036,-0.15,0.0329,nan,nan,nan,nan,nan,nan,nan,nan
22396,P,99972,73839,0.2095,0.1759,0.2102,0.0942,0.4894,-0.15,0.0595,nan,nan,nan,nan,nan,nan,nan,nan
22397,P,126720,114329,0.1781,0.1352,0.1794,0.0961,0.4074,-0.15,0.0281,nan,nan,nan,nan,0.0048,0.1901,nan,nan
22399,P,32145,28744,0.1815,0.1425,0.1799,0.094,0.4086,-0.15,0.0315,-1.886,0.9358,-1.45,0.4766,nan,nan,-1.4497,0.4769
22400,P,32324,26597,0.1767,0.1546,0.175,0.0982,0.4118,-0.15,0.0267,nan,nan,nan,nan,nan,nan,nan,nan
22401,P,32208,27163,0.161,0.1151,0.1684,0.0969,0.4066,-0.15,0.011,nan,nan,nan,nan,nan,nan,nan,nan
22402,P,32137,27006,0.1578,0.1184,0.1628,0.1019,0.4104,-0.15,0.0078,nan,nan,nan,nan,nan,nan,nan,nan
22404,P,32133,26398,0.1613,0.1297,0.1571,0.0987,0.4112,-0.15,0.0113,nan,nan,nan,nan,0.6313,0.22,nan,nan
22405,P,32155,26805,0.1536,0.1211,0.1553,0.1026,0.4024,-0.15,0.0036,nan,nan,-1.078,0.3424,nan,nan,-1.078,0.3424
22406,P,32148,26544,0.1555,0.1142,0.1462,0.097,0.4082,-0.15,0.0055,nan,nan,nan,nan,nan,nan,nan,nan
22407,P,32349,26411,0.151,0.1269,0.1454,0.1004,0.4074,-0.15,0.001,nan,nan,nan,nan,nan,nan,nan,nan
22408,P,32205,26067,0.1542,0.1152,0.1505,0.1002,0.408,-0.15,0.0042,nan,nan,nan,nan,nan,nan,nan,nan
22409,P,32127,26130,0.1539,0.1125,0.1508,0.0972,0.405,-0.15,0.0039,nan,nan,2.0827,0.1143,nan,nan,2.0827,0.1143
22410,P,32122,26287,0.1531,0.1065,0.1514,0.0981,0.4086,-0.15,0.0031,nan,nan,2.0303,2.15,nan,nan,2.0303,2.15
22411,P,32186,26088,0.1488,0.1205,0.1456,0.0988,0.4081,-0.15,-0.0012,-2.2611,0.1378,nan,nan,-1.1937,0.061,nan,nan
22412,P,32231,25444,0.1534,0.1232,0.1513,0.1011,0.4125,-0.15,0.0034,nan,nan,nan,nan,nan,nan,nan,nan
22413,P,32289,25064,0.1541,0.1203,0.152,0.0962,0.4101,-0.15,0.0041,nan,nan,nan,nan,nan,nan,nan,nan
22414,P,31976,24884,0.1502,0.1234,0.1494,0.1013,0.4079,-0.15,0.0002,nan,nan,nan,nan,nan,nan,nan,nan
22417,P,32218,24163,0.1516,0.1068,0.155,0.0986,0.4062,-0.15,0.0016,nan,nan,nan,nan,nan,nan,nan,nan
22419,P,32017,24492,0.1498,0.1186,0.1544,0.107,0.4119,-0.15,-0.0002,nan,nan,1.5347,0.0331,nan,nan,1.5347,0.0331
22420,P,32401,25324,0.1501,0.1207,0.1561,0.0994,0.4078,-0.15,0.0001,nan,nan,nan,nan,nan,nan,nan,nan
22421,P,32144,25052,0.1559,0.1135,0.1519,0.0967,0.4115,-0.15,0.0059,nan,nan,nan,nan,-3.6088,0.0264,nan,nan
22422,P,31853,24884,0.1573,0.13,0.1482,0.0972,0.4046,-0.15,0.0073,nan,nan,nan,nan,nan,nan,nan,nan
22424,P,32304,25005,0.1528,0.1302,0.1526,0.1018,0.4101,-0.15,0.0028,nan,nan,nan,nan,nan,nan,nan,nan
22425,P,31972,25166,0.1566,0.1191,0.1548,0.1002,0.4101,-0.15,0.0066,nan,nan,nan,nan,nan,nan,nan,nan
22426,P,32299,25303,0.1574,0.1156,0.1593,0.0994,0.4106,-0.15,0.0074,nan,nan,nan,nan,nan,nan,nan,nan
22427,P,32216,25851,0.1606,0.1337,0.1551,0.0966,0.4056,-0.15,0.0106,nan,nan,nan,nan,nan,nan,nan,nan
22428,P,127651,98443,0.1589,0.1211,0.1606,0.099,0.4092,-0.15,0.0089,nan,nan,nan,nan,nan,nan,nan,nan
22430,P,32229,25160,0.1568,0.1319,0.1534,0.0979,0.4068,-0.15,0.0068,-1.3053,0.4821,nan,nan,nan,nan,nan,nan
22431,P,32361,24702,0.1585,0.1248,0.148,0.0944,0.4069,-0.15,0.0085,1.5456,0.6272,nan,nan,nan,nan,nan,nan
22432,P,32074,24686,0.162,0.1236,0.1622,0.0998,0.4079,-0.15,0.012,nan,nan,0.9339,0.5478,0.446,0.4743,0.9344,0.5481
22433,P,32203,24324,0.1674,0.1305,0.1661,0.1005,0.4089,-0.15,0.0174,nan,nan,nan,nan,nan,nan,nan,nan
22434,P,32507,24570,0.1708,0.132,0.1669,0.0995,0.4086,-0.15,0.0208,nan,nan,nan,nan,nan,nan,nan,nan
22435,P,32579,25444,0.1939,0.1604,0.1968,0.0973,0.4083,-0.15,0.0439,nan,nan,nan,nan,nan,nan,nan,nan
22436,P,32266,25231,0.1727,0.1447,0.1727,0.0949,0.4069,-0.15,0.0227,-2.0257,1.4305,nan,nan,nan,nan,nan,nan
22437,P,32467,26002,0.1719,0.1343,0.166,0.0977,0.4106,-0.15,0.0219,2.6829,0.2903,2.9851,0.2811,2.98,0.3601,2.9851,0.2811
22438,P,32302,25311,0.1724,0.1349,0.1714,0.098,0.4046,-0.15,0.0224,nan,nan,nan,nan,nan,nan,nan,nan
22440,P,32489,25692,0.1711,0.1637,0.1664,0.1013,0.4071,-0.15,0.0211,nan,nan,nan,nan,nan,nan,nan,nan
22441,P,32493,25699,0.1777,0.1364,0.1723,0.1023,0.4132,-0.15,0.0277,-1.758,0.4595,0.6812,0.4103,0.7131,0.5255,0.6809,0.4105
22442,P,32250,24720,0.1573,0.1208,0.1559,0.1004,0.4074,-0.15,0.0073,nan,nan,nan,nan,nan,nan,nan,nan
22444,P,32303,24510,0.1668,0.1212,0.1615,0.0971,0.4047,-0.15,0.0168,nan,nan,nan,nan,nan,nan,nan,nan
22445,P,32343,24483,0.1655,0.1177,0.1566,0.0983,0.4084,-0.15,0.0155,nan,nan,nan,nan,-0.4723,0.7028,nan,nan
22446,P,32160,24224,0.1642,0.137,0.166,0.0984,0.4063,-0.15,0.0142,nan,nan,2.1648,0.0824,nan,nan,2.1648,0.0824
22447,P,32494,24335,0.161,0.126,0.1596,0.1011,0.4126,-0.15,0.011,nan,nan,nan,nan,nan,nan,nan,nan
22448,P,32520,24706,0.1652,0.1381,0.1677,0.0983,0.4067,-0.15,0.0152,2.9345,1.9713,nan,nan,nan,nan,nan,nan
22449,P,32308,24400,0.1689,0.1315,0.1699,0.0984,0.4081,-0.15,0.0189,nan,nan,nan,nan,-1.2667,0.1296,nan,nan
22450,P,32128,23424,0.1651,0.1262,0.1675,0.0983,0.4034,-0.15,0.0151,nan,nan,nan,nan,-2.1848,0.0903,nan,nan
22452,P,31974,22845,0.1672,0.1342,0.1613,0.0995,0.4051,-0.15,0.0172,nan,nan,nan,nan,nan,nan,nan,nan
22453,P,32193,23447,0.1636,0.1367,0.1644,0.0998,0.4073,-0.15,0.0136,nan,nan,nan,nan,nan,nan,nan,nan
22454,P,32626,23561,0.1656,0.1263,0.1579,0.1011,0.4039,-0.15,0.0156,-1.8494,0.5745,nan,nan,nan,nan,nan,nan
22455,P,100498,57436,0.2005,0.1725,0.1995,0.0957,0.4889,-0.15,0.0505,nan,nan,nan,nan,nan,nan,nan,nan
22459,P,32101,21513,0.1699,0.1473,0.1671,0.0985,0.408,-0.15,0.0199,nan,nan,nan,nan,nan,nan,nan,nan
22463,P,32167,21196,0.169,0.1324,0.1703,0.0925,0.4074,-0.15,0.019,nan,nan,1.9664,0.1584,1.8728,0.0913,1.9664,0.1584
22464,P,32078,20806,0.1693,0.1248,0.1733,0.0971,0.4051,-0.15,0.0193,-2.2769,1.6917,-2.5349,0.0728,-2.6235,0.0273,-2.5347,0.0727
22465,P,32261,21461,0.165,0.1345,0.1646,0.1018,0.4081,-0.15,0.015,-0.7295,0.5226,-0.7357,0.5417,nan,nan,-0.7357,0.542
22466,P,31974,21153,0.1655,0.1418,0.1655,0.1013,0.4063,-0.15,0.0155,nan,nan,nan,nan,nan,nan,nan,nan
22467,P,32295,22000,0.1698,0.1422,0.1704,0.0964,0.4117,-0.15,0.0198,nan,nan,2.3599,0.1384,nan,nan,2.3599,0.1384
22470,P,31919,22119,0.164,0.1256,0.1524,0.1004,0.4074,-0.15,0.014,nan,nan,nan,nan,nan,nan,nan,nan
22471,P,32003,22252,0.1646,0.131,0.1604,0.0932,0.404,-0.15,0.0146,1.2621,0.6924,nan,nan,nan,nan,nan,nan
22472,P,32147,22416,0.1576,0.1281,0.1566,0.0955,0.4099,-0.15,0.0076,-2.4949,0.4736,nan,nan,1.2614,0.3112,nan,nan
22473,P,32323,22215,0.1626,0.1394,0.1599,0.099,0.4104,-0.15,0.0126,nan,nan,nan,nan,nan,nan,nan,nan
22474,P,32276,24108,0.1612,0.1196,0.1541,0.1003,0.4087,-0.15,0.0112,nan,nan,nan,nan,1.7207,0.2271,nan,nan
22475,P,32482,23325,0.161,0.1236,0.1649,0.099,0.4071,-0.15,0.011,-0.1112,0.7998,nan,nan,1.6043,0.5536,nan,nan
22476,P,32099,22835,0.1588,0.1357,0.1542,0.1012,0.4061,-0.15,0.0088,nan,nan,nan,nan,nan,nan,nan,nan
22477,P,32316,22530,0.1589,0.1238,0.1603,0.0976,0.4048,-0.15,0.0089,nan,nan,nan,nan,nan,nan,nan,nan
22478,P,32421,23360,0.1621,0.14,0.1653,0.0981,0.4062,-0.15,0.0121,nan,nan,2.4402,0.0481,nan,nan,2.4402,0.0481
22480,P,32119,22605,0.1596,0.1264,0.1561,0.0995,0.4064,-0.15,0.0096,nan,nan,nan,nan,nan,nan,nan,nan
22560,P,67581,0,0.3751,0.3165,0.373,0.0945,0.4661,-0.34,0.0351,nan,nan,nan,nan,nan,nan,nan,nan
22561,P,130046,0,0.3757,0.3136,0.3781,0.0924,0.4662,-0.34,0.0357,nan,nan,nan,nan,nan,nan,nan,nan
22562,P,8950,2803,0.3394,0.295,0.3414,0.0908,0.387,-0.34,-0.0006,0.1701,0.9064,0.6532,0.1178,nan,nan,0.6532,0.1178
22563,P,45822,13310,0.3457,0.3102,0.3453,0.0912,0.4029,-0.34,0.0057,1.3728,0.1304,1.7028,0.2807,1.5913,0.1626,1.7028,0.2807
22564,P,47762,13679,0.3409,0.2761,0.3399,0.0968,0.3918,-0.34,0.0009,1.4676,0.167,1.1101,0.1588,1.2806,0.1892,1.1101,0.1588
22565,P,47772,13537,0.3477,0.3315,0.3493,0.0842,0.4181,-0.34,0.0077,1.2835,0.1342,1.4695,0.2023,1.4873,0.4238,1.4695,0.2023
22566,P,48524,13622,0.3504,0.3073,0.35,0.0939,0.3912,-0.34,0.0104,1.1779,0.1625,1.1948,0.2588,1.147,0.247,1.1948,0.2588
22567,P,47756,13645,0.3405,0.2942,0.3419,0.085,0.4015,-0.34,0.0005,1.3132,0.1749,1.2404,0.136,1.2889,0.1335,1.2404,0.136
22568,P,49352,14561,0.3369,0.3043,0.3379,0.0917,0.3984,-0.34,-0.0031,1.6921,0.2502,1.2811,0.2438,1.3683,0.2795,1.2811,0.2438
22570,P,125216,565454,0.3413,0.3008,0.3368,0.0975,0.3975,-0.34,0.0013,1.1823,0.7799,0.1699,0.1496,0.2504,0.1906,0.1699,0.1496
22572,P,127800,344330,0.345,0.3014,0.3438,0.0931,0.4011,-0.34,0.005,1.6076,0.338,1.1669,0.1273,1.1536,0.1255,1.1669,0.1273
22573,P,129735,163037,0.3462,0.3075,0.3504,0.0946,0.4088,-0.34,0.0062,1.1635,0.1381,1.0496,0.1683,1.0798,0.1701,1.0496,0.1683
22574,P,87794,21613,0.3425,0.3014,0.34,0.0934,0.3943,-0.34,0.0025,1.8333,0.3992,1.0601,0.2344,1.0331,0.2034,1.0601,0.2344
22586,P,118206,28837,0.3408,0.2944,0.3403,0.0916,0.3848,-0.34,0.0008,2.0821,0.2019,1.6107,0.2104,1.5965,0.3267,1.6107,0.2104
22587,P,5938,1417,0.3405,0.2796,0.3402,0.0921,0.3813,-0.34,0.0005,nan,nan,1.3693,0.1246,1.0237,0.0837,1.3693,0.1246
22590,P,126056,0,0.3481,0.3198,0.3502,0.0953,0.3922,-0.34,0.0081,nan,nan,nan,nan,nan,nan,nan,nan
22591,P,125557,440547,0.3544,0.3241,0.3635,0.0942,0.3914,-0.34,0.0144,nan,nan,nan,nan,2.6794,0.8484,nan,nan
22593,P,126722,380416,0.3414,0.3065,0.3418,0.0961,0.3958,-0.34,0.0014,nan,nan,0.7047,0.2375,0.6312,0.2114,0.7047,0.2375
22594,P,5552,15489,0.3506,0.3057,0.3522,0.0892,0.4273,-0.34,0.0106,0.3887,0.2004,nan,nan,nan,nan,nan,nan
22597,P,2333,0,0.3263,0.278,0.3177,0.095,0.3903,-0.34,-0.0137,nan,nan,nan,nan,nan,nan,nan,nan
22598,P,4781,0,0.3231,0.2779,0.3181,0.1048,0.3885,-0.34,-0.0169,nan,nan,nan,nan,nan,nan,nan,nan
22599,P,1460,0,0.3329,0.2886,0.3152,0.0962,0.3815,-0.34,-0.0071,nan,nan,nan,nan,nan,nan,nan,nan
22600,P,30760,183555,0.332,0.2968,0.3298,0.099,0.3992,-0.34,-0.008,1.2175,0.3622,1.2385,0.0391,1.236,0.0399,1.2385,0.0391
22601,P,31049,124689,0.3401,0.3089,0.3391,0.0991,0.4011,-0.34,0.0001,2.1679,0.3009,-1.7986,0.218,1.4838,0.2149,-1.7986,0.218
22602,P,31184,170957,0.3372,0.3076,0.3359,0.0954,0.3995,-0.34,-0.0028,1.4104,0.3964,0.9239,0.1081,0.9296,0.1071,0.9239,0.1081
22603,P,30935,173154,0.3337,0.3076,0.3428,0.0997,0.4017,-0.34,-0.0063,2.4341,0.5523,nan,nan,0.288,0.0479,nan,nan
22604,P,30875,175405,0.3401,0.3014,0.3393,0.0923,0.3936,-0.34,0.0001,nan,nan,-1.779,0.1208,-1.779,0.1208,-1.779,0.1208
22605,P,30586,178075,0.3359,0.3169,0.338,0.0967,0.4001,-0.34,-0.0041,0.7585,0.1955,nan,nan,nan,nan,nan,nan
22606,P,30782,180699,0.3329,0.2885,0.3375,0.1038,0.4004,-0.34,-0.0071,0.3884,0.1909,0.149,0.0598,0.2336,0.5934,0.149,0.0598
22607,P,30828,178232,0.3331,0.2963,0.3243,0.0993,0.4015,-0.34,-0.0069,nan,nan,-0.0118,0.4558,0.1484,0.9894,-0.0118,0.4558
22608,P,30918,172069,0.3319,0.308,0.3363,0.1002,0.3952,-0.34,-0.0081,1.5893,0.0436,0.4508,0.1822,0.4652,0.1752,0.4508,0.1822
22609,P,31315,95591,0.3351,0.2932,0.33,0.0959,0.3943,-0.34,-0.0049,0.247,0.7086,-1.3806,0.092,-1.3795,0.0956,-1.3806,0.092
22610,P,31328,98340,0.3276,0.2873,0.3303,0.0993,0.3974,-0.34,-0.0124,1.218,0.3343,1.2379,0.6746,1.0885,0.4398,1.2379,0.6746
22611,P,31077,98626,0.3249,0.285,0.3173,0.1002,0.3887,-0.34,-0.0151,1.118,0.4455,1.2092,0.5142,nan,nan,1.2092,0.5142
22613,P,31484,94123,0.3344,0.2941,0.3332,0.1035,0.3947,-0.34,-0.0056,0.7364,0.2543,0.4098,0.1802,0.4354,0.1859,0.4098,0.1802
22614,P,31600,90768,0.3478,0.3002,0.3494,0.0925,0.3918,-0.34,0.0078,1.1732,0.7922,0.4384,0.4398,-3.0419,11.7195,0.4384,0.4398
22615,P,31502,91970,0.3449,0.3067,0.3395,0.0971,0.3928,-0.34,0.0049,1.092,0.1847,0.4088,0.26,2.27,5.3848,0.4088,0.26
22616,P,31287,162431,0.3497,0.3224,0.3558,0.098,0.3987,-0.34,0.0097,nan,nan,nan,nan,nan,nan,nan,nan
22617,P,30749,174382,0.354,0.3244,0.3503,0.0961,0.4009,-0.34,0.014,nan,nan,1.9262,0.1892,1.9261,0.2041,1.9262,0.1892
22618,P,31370,172039,0.351,0.3123,0.3532,0.1003,0.3956,-0.34,0.011,nan,nan,nan,nan,nan,nan,nan,nan
22619,P,31171,176429,0.3531,0.3237,0.3542,0.0993,0.4031,-0.34,0.0131,0.0896,0.2903,nan,nan,2.6994,0.0933,nan,nan
22620,P,30959,172910,0.3472,0.3158,0.3491,0.1025,0.401,-0.34,0.0072,nan,nan,0.3413,0.0787,0.2568,0.0861,0.3413,0.0787
22621,P,30892,173648,0.3417,0.3192,0.342,0.0979,0.3969,-0.34,0.0017,2.0841,1.2241,nan,nan,0.6634,0.3909,nan,nan
22622,P,30828,167417,0.359,0.3403,0.364,0.097,0.4033,-0.34,0.019,nan,nan,0.2254,0.0952,0.1621,0.2054,0.2254,0.0952
22623,P,31010,154472,0.3558,0.323,0.3508,0.0963,0.3976,-0.34,0.0158,1.0356,0.234,1.1545,0.4403,1.2209,0.5572,1.1545,0.4403
22624,P,30507,168835,0.3468,0.3351,0.3514,0.0968,0.4005,-0.34,0.0068,-0.5642,0.0991,-0.2088,0.1635,-0.1766,0.1538,-0.2088,0.1635
22625,P,30691,168298,0.3534,0.3177,0.3485,0.0963,0.4006,-0.34,0.0134,nan,nan,nan,nan,nan,nan,nan,nan
22630,P,30919,164060,0.3346,0.308,0.3263,0.0991,0.4014,-0.34,-0.0054,nan,nan,nan,nan,nan,nan,nan,nan
22631,P,30757,165524,0.3365,0.2941,0.3306,0.0985,0.4011,-0.34,-0.0035,2.4666,0.6628,nan,nan,nan,nan,nan,nan
22632,P,30652,160101,0.3335,0.3128,0.3261,0.09,0.3964,-0.34,-0.0065,0.1712,0.0429,0.5044,0.1566,0.5016,0.1591,0.5044,0.1566
22633,P,30683,174479,0.3437,0.3139,0.3506,0.1018,0.4019,-0.34,0.0037,nan,nan,nan,nan,nan,nan,nan,nan
22634,P,30936,171569,0.3464,0.3016,0.3344,0.0969,0.3996,-0.34,0.0064,nan,nan,2.7127,1.0052,2.4544,0.4758,2.7127,1.0052
22635,P,30869,170716,0.3464,0.3133,0.3418,0.0992,0.4032,-0.34,0.0064,0.216,0.2004,0.4125,0.2311,0.4208,0.2199,0.4125,0.2311
22636,P,30573,168966,0.3432,0.3155,0.3417,0.1009,0.398,-0.34,0.0032,0.7814,0.2977,0.0284,0.135,-0.0285,0.1231,0.0284,0.135
22637,P,30978,166867,0.3533,0.3182,0.3556,0.0911,0.3967,-0.34,0.0133,nan,nan,0.0508,0.8721,nan,nan,0.0508,0.8721
22638,P,30704,175846,0.3478,0.3214,0.3482,0.0999,0.3949,-0.34,0.0078,2.5615,0.5137,nan,nan,nan,nan,nan,nan
22639,P,30828,159882,0.3392,0.2983,0.3412,0.0966,0.3981,-0.34,-0.0008,2.6577,0.5249,nan,nan,nan,nan,nan,nan
22640,P,30916,162789,0.3497,0.3256,0.3571,0.0986,0.3972,-0.34,0.0097,nan,nan,nan,nan,1.721,0.2996,nan,nan
22641,P,30976,153248,0.3509,0.3296,0.3509,0.0925,0.4013,-0.34,0.0109,2.0579,0.2677,1.9565,0.1931,1.9545,0.1904,1.9565,0.1931
22642,P,30793,149289,0.3518,0.3061,0.3558,0.0995,0.401,-0.34,0.0118,nan,nan,0.2851,0.1622,nan,nan,0.2851,0.1622
22643,P,30953,169219,0.3601,0.3142,0.3632,0.0935,0.3982,-0.34,0.0201,1.2762,0.2592,nan,nan,nan,nan,nan,nan
22644,P,30774,171213,0.3475,0.326,0.3409,0.0985,0.4019,-0.34,0.0075,-0.6074,0.0831,1.9279,0.4746,1.8959,0.392,1.9279,0.4746
22646,P,31039,167094,0.3539,0.3195,0.349,0.0947,0.3988,-0.34,0.0139,nan,nan,0.8631,0.1342,0.8235,0.115,0.8631,0.1342
22647,P,30930,167575,0.3578,0.3214,0.3601,0.0955,0.399,-0.34,0.0178,nan,nan,nan,nan,0.433,0.071,nan,nan
22648,P,31073,175048,0.3512,0.3353,0.353,0.0943,0.3964,-0.34,0.0112,2.0741,0.0514,nan,nan,nan,nan,nan,nan
22649,P,31009,173657,0.3489,0.3084,0.355,0.0936,0.3978,-0.34,0.0089,nan,nan,nan,nan,nan,nan,nan,nan
22650,P,31079,156092,0.3533,0.3197,0.3546,0.0993,0.3977,-0.34,0.0133,0.741,0.5041,0.8916,0.3122,0.9556,0.3044,0.8916,0.3122
22651,P,30590,152025,0.3478,0.322,0.351,0.0955,0.3987,-0.34,0.0078,-0.4117,0.733,1.2337,0.5105,1.2497,0.0566,1.2337,0.5105
22652,P,30889,149976,0.351,0.323,0.3551,0.1007,0.3972,-0.34,0.011,nan,nan,0.7546,0.2016,0.7404,0.2313,0.7546,0.2016
22654,P,30663,168721,0.3421,0.3111,0.3436,0.1017,0.4015,-0.34,0.0021,-2.5179,0.178,-3.8059,0.1341,nan,nan,-3.8059,0.1341
22656,P,31019,178383,0.348,0.3115,0.346,0.0949,0.3999,-0.34,0.008,nan,nan,1.7171,0.0637,1.6611,0.0348,1.7171,0.0637
22658,P,30957,163395,0.3542,0.329,0.3568,0.0991,0.3994,-0.34,0.0142,1.1901,0.5119,1.0991,0.32,1.0502,0.34,1.0991,0.32
22659,P,30718,163424,0.3571,0.3355,0.3601,0.0948,0.4,-0.34,0.0171,-0.1151,0.3192,-0.2062,0.1235,-0.253,0.1159,-0.2062,0.1235
22660,P,31108,164671,0.3483,0.3271,0.3545,0.1,0.3992,-0.34,0.0083,0.2865,0.4358,0.1866,0.2397,0.18,0.2871,0.1866,0.2397
22661,P,30608,160380,2.3624,2.3241,2.3578,0.0979,0.3961,-2.36,0.0024,nan,nan,0.5314,0.1552,0.5282,0.1533,0.5314,0.1552
22662,P,30903,157802,2.3657,2.3446,2.3587,0.1003,0.4023,-2.36,0.0057,1.0714,0.7326,nan,nan,nan,nan,nan,nan
22663,P,31077,152021,2.3527,2.3248,2.3539,0.1027,0.4047,-2.36,-0.0073,-0.0244,0.4428,0.207,0.2838,0.1842,0.3613,0.207,0.2838
22664,P,30963,149935,2.3641,2.3428,2.3595,0.0977,0.4019,-2.36,0.0041,1.7406,0.1512,nan,nan,1.8478,0.1795,1.8664,0.1788
22665,P,30865,157612,2.3493,2.3129,2.3437,0.1003,0.4021,-2.36,-0.0107,nan,nan,-0.1528,0.0841,-0.1536,0.084,-0.1528,0.0841
22666,P,30785,152666,2.3692,2.3349,2.3654,0.099,0.3986,-2.36,0.0092,2.1238,0.1615,2.3912,0.1882,2.3829,0.1892,2.3912,0.1882
22667,P,30800,150617,2.3547,2.3288,2.3511,0.1037,0.4033,-2.36,-0.0053,nan,nan,2.4601,0.1221,2.4676,0.1373,2.4601,0.1221
22668,P,30892,150587,2.3663,2.342,2.3655,0.1028,0.3968,-2.36,0.0063,nan,nan,1.4432,2.259,nan,nan,1.4432,2.259
22669,P,30717,149698,2.3593,2.3391,2.357,0.1006,0.401,-2.36,-0.0007,nan,nan,nan,nan,nan,nan,nan,nan
22670,P,25338,123169,2.3614,2.3098,2.3548,0.0965,0.3928,-2.36,0.0014,-0.6868,0.4189,-0.8507,0.3749,nan,nan,-0.8507,0.3749
22671,P,30796,150083,2.3582,2.3354,2.3588,0.1027,0.4028,-2.36,-0.0018,nan,nan,1.338,0.0988,1.3381,0.0988,1.338,0.0988
22672,P,30777,149263,2.3712,2.3411,2.3699,0.0994,0.3972,-2.36,0.0112,nan,nan,2.8302,0.3404,2.768,0.7201,2.8302,0.3404
22673,P,30937,150404,2.3434,2.3076,2.3417,0.0986,0.4004,-2.36,-0.0166,nan,nan,1.2518,0.2732,1.2737,0.2644,1.2518,0.2732
22674,P,30885,157405,2.3654,2.3455,2.3613,0.1017,0.4014,-2.36,0.0054,nan,nan,nan,nan,nan,nan,nan,nan
22675,P,30787,158491,2.3654,2.3149,2.364,0.0968,0.4004,-2.36,0.0054,2.2212,0.9592,nan,nan,nan,nan,nan,nan
22676,P,30647,154448,2.3696,2.3297,2.365,0.1013,0.4043,-2.36,0.0096,1.7687,0.5402,nan,nan,nan,nan,nan,nan
22678,P,107223,531918,2.3662,2.3375,2.3656,0.0991,0.3996,-2.36,0.0062,1.9533,0.4223,1.6073,0.236,1.5245,0.1889,1.6073,0.236
22680,P,30992,155145,2.3616,2.3503,2.3659,0.0983,0.3983,-2.36,0.0016,1.3229,0.4344,0.4341,0.7322,0.435,0.4078,0.4341,0.7322
22681,P,30881,158092,2.3693,2.3487,2.3666,0.0975,0.4017,-2.36,0.0093,1.2421,0.4042,nan,nan,nan,nan,nan,nan
22682,P,30812,176209,2.3623,2.3285,2.3613,0.0969,0.4014,-2.36,0.0023,nan,nan,0.6365,0.0748,0.6362,0.0749,0.6365,0.0748
22683,P,30889,177438,2.3774,2.3331,2.3796,0.0996,0.4015,-2.36,0.0174,2.1229,0.2124,-0.1188,0.1747,nan,nan,-0.1188,0.1747
22689,P,27209,162623,2.3702,2.3301,2.3714,0.1008,0.4016,-2.36,0.0102,nan,nan,2.5916,0.2574,2.615,0.2233,2.5916,0.2574
22691,P,30809,176884,2.3688,2.3348,2.364,0.0996,0.3966,-2.36,0.0088,1.9836,0.4841,nan,nan,nan,nan,nan,nan
22693,P,30708,183785,2.3707,2.3226,2.3625,0.0919,0.3975,-2.36,0.0107,nan,nan,nan,nan,3.0372,0.1721,nan,nan
22694,P,30951,176027,2.3642,2.3164,2.368,0.096,0.3966,-2.36,0.0042,2.3432,0.8665,nan,nan,0.6527,0.2299,nan,nan
22696,P,30527,159970,2.3718,2.3361,2.3659,0.1042,0.4041,-2.36,0.0118,-0.6229,0.4242,0.7222,0.1375,nan,nan,0.7222,0.1375
22697,P,30780,152732,2.3823,2.3574,2.3858,0.0984,0.3999,-2.36,0.0223,nan,nan,2.992,0.3013,3.036,0.2035,2.992,0.3013
22698,P,30182,203759,2.3424,2.3125,2.3478,0.0998,0.4017,-2.36,-0.0176,nan,nan,0.1418,0.1596,0.143,0.1716,0.1418,0.1596
22699,P,30237,196771,2.3396,2.3064,2.3364,0.0982,0.3973,-2.36,-0.0204,nan,nan,nan,nan,0.8761,0.0753,nan,nan
22700,P,30668,230295,2.3548,2.3207,2.3433,0.0999,0.4004,-2.36,-0.0052,1.2256,0.1875,nan,nan,nan,nan,nan,nan
22701,P,30435,229146,2.3554,2.3399,2.3576,0.1,0.3993,-2.36,-0.0046,nan,nan,nan,nan,nan,nan,nan,nan
22702,P,30630,212232,2.3602,2.3244,2.3633,0.0955,0.3972,-2.36,0.0002,0.8157,0.1156,-0.4028,0.107,nan,nan,-0.4028,0.107
22703,P,30133,214151,2.3489,2.3273,2.3484,0.1027,0.3988,-2.36,-0.0111,0.2854,0.851,-0.0868,0.2133,-0.0886,0.2304,-0.0868,0.2133
22704,P,30152,210753,2.3686,2.3407,2.3629,0.0992,0.3988,-2.36,0.0086,nan,nan,-1.4784,0.2662,-1.4589,0.3041,-1.4784,0.2662
22707,P,30264,204195,2.3701,2.3359,2.3672,0.0978,0.3971,-2.36,0.0101,0.5005,0.1929,nan,nan,0.5224,0.1582,nan,nan
22708,P,9406,66910,2.365,2.3328,2.3685,0.1015,0.3972,-2.36,0.005,nan,nan,2.0153,0.393,nan,nan,2.0146,0.3923
22709,P,19428,136616,2.3716,2.3277,2.3766,0.095,0.3994,-2.36,0.0116,0.7995,0.5362,nan,nan,0.0142,0.1827,nan,nan
22710,P,30559,213959,2.3558,2.3184,2.3568,0.1005,0.4011,-2.36,-0.0042,1.6151,0.4136,0.8966,0.2378,0.9032,0.2341,0.8966,0.2378
22711,P,30546,205906,2.3659,2.3444,2.3571,0.0989,0.3985,-2.36,0.0059,-1.2765,3.0014,0.573,0.0866,0.5607,0.0806,0.573,0.0866
22745,P,35564,257396,0.3497,0.3225,0.3531,0.0954,0.4258,-0.34,0.0097,2.3665,2.6456,1.1876,0.2554,1.1703,0.3611,1.1876,0.2554
22746,P,34866,247439,0.3631,0.3189,0.3681,0.0945,0.4215,-0.34,0.0231,0.6821,0.0724,0.4327,0.168,0.3495,0.1699,0.4327,0.168
22747,P,36292,261061,0.3626,0.3374,0.3596,0.0947,0.4207,-0.34,0.0226,nan,nan,0.1399,0.6965,nan,nan,0.1399,0.6965
22748,P,35983,261448,0.3651,0.3444,0.3566,0.0986,0.4235,-0.34,0.0251,nan,nan,nan,nan,0.605,0.1442,nan,nan
22750,P,38590,272937,0.3477,0.3203,0.3462,0.1005,0.424,-0.34,0.0077,nan,nan,-0.6446,0.2627,-0.6813,0.2596,-0.6446,0.2627
22751,P,38666,274236,0.3633,0.3369,0.3594,0.0991,0.4256,-0.34,0.0233,nan,nan,nan,nan,0.2652,0.0927,nan,nan
22752,P,38999,280342,0.363,0.3369,0.3629,0.0998,0.4229,-0.34,0.023,nan,nan,0.5441,0.2367,0.5181,0.2659,0.5441,0.2367
22753,P,123023,710366,0.4266,0.3994,0.4225,0.0826,0.5871,-0.34,0.0866,2.3332,0.3274,2.1891,0.2529,2.0803,0.2487,2.1891,0.2529
22754,P,158332,1101444,0.3622,0.3252,0.3561,0.0972,0.4259,-0.34,0.0222,0.8084,0.5664,0.2415,0.1773,0.2112,0.1702,0.2415,0.1773
22755,P,38781,271173,0.3723,0.3444,0.3694,0.0962,0.4226,-0.34,0.0323,-1.1999,0.0591,-1.1828,0.0806,-1.1917,0.055,-1.1828,0.0806
22756,P,38966,271105,0.3478,0.3103,0.3476,0.1035,0.4271,-0.34,0.0078,nan,nan,0.1054,0.0431,nan,nan,0.1054,0.0431
22757,P,38537,270132,0.3439,0.308,0.3422,0.1002,0.4229,-0.34,0.0039,nan,nan,nan,nan,1.0235,0.4152,nan,nan
22758,P,38967,275932,0.3521,0.3116,0.3556,0.0961,0.4236,-0.34,0.0121,nan,nan,0.0027,0.1504,-0.0352,0.1657,0.0027,0.1504
22759,P,38952,256061,0.3615,0.3414,0.3603,0.1006,0.4259,-0.34,0.0215,0.1227,1.1304,0.2788,0.2923,0.8333,1.6964,0.2788,0.2923
22760,P,39099,273627,0.3627,0.3359,0.3654,0.0966,0.4271,-0.34,0.0227,3.2266,0.3291,3.2849,0.1488,3.2677,0.153,3.2849,0.1488
22761,P,38956,263120,0.3598,0.3321,0.3514,0.1005,0.4239,-0.34,0.0198,nan,nan,nan,nan,nan,nan,nan,nan
22762,P,38967,271190,0.3584,0.3313,0.3543,0.1018,0.4303,-0.34,0.0184,0.8424,0.3374,0.4933,0.2394,0.5122,0.2159,0.4933,0.2394
22763,P,39069,268856,0.3583,0.3368,0.3505,0.1014,0.4254,-0.34,0.0183,nan,nan,0.6187,0.2106,0.7121,0.3098,0.6187,0.2106
22764,P,38815,262948,0.3499,0.3287,0.3455,0.1001,0.4254,-0.34,0.0099,-0.0542,0.1987,nan,nan,0.2826,0.107,nan,nan
22765,P,38722,263059,0.3587,0.3424,0.3571,0.0989,0.424,-0.34,0.0187,0.909,0.4724,0.6827,0.1234,0.6302,0.0727,0.6827,0.1234
22766,P,38956,261013,0.3611,0.3239,0.3588,0.0981,0.4269,-0.34,0.0211,nan,nan,1.3285,0.3043,1.2509,0.2678,1.3285,0.3043
22767,P,38794,262249,0.3586,0.3353,0.3573,0.0976,0.4216,-0.34,0.0186,-1.6153,0.2265,nan,nan,-1.5589,0.2332,nan,nan
22768,P,39011,263543,0.3582,0.32,0.3624,0.1,0.4237,-0.34,0.0182,nan,nan,-0.7878,0.2434,-0.8175,0.2264,-0.7878,0.2434
22769,P,38858,266189,0.3538,0.3162,0.3575,0.1008,0.4269,-0.34,0.0138,nan,nan,-1.0904,0.3643,nan,nan,-1.0904,0.3643
22770,P,38557,257744,0.3571,0.3174,0.3536,0.1009,0.4271,-0.34,0.0171,1.8566,1.6552,0.8461,0.0513,0.814,0.054,0.8461,0.0513
22771,P,39224,264512,0.3562,0.3297,0.3545,0.0995,0.4223,-0.34,0.0162,nan,nan,0.4362,0.1846,0.3385,0.0493,0.4362,0.1846
22772,P,39337,264238,0.3588,0.3412,0.3607,0.101,0.4256,-0.34,0.0188,nan,nan,0.4617,0.3062,0.3919,0.2967,0.4617,0.3062
22773,P,39065,259992,0.3521,0.3175,0.3552,0.1008,0.4241,-0.34,0.0121,nan,nan,nan,nan,nan,nan,nan,nan
22774,P,38890,264635,0.3413,0.3193,0.3393,0.1003,0.4287,-0.34,0.0013,2.7803,0.2032,3.056,0.4624,nan,nan,3.056,0.4624
22775,P,38842,263787,0.3391,0.3104,0.3433,0.0978,0.4251,-0.34,-0.0009,1.5714,0.5546,-0.1483,0.1927,-0.1398,0.1849,-0.1483,0.1927
22776,P,38792,263343,0.3486,0.32,0.3462,0.101,0.427,-0.34,0.0086,1.0253,0.2682,1.1925,0.4491,0.9341,0.215,1.1925,0.4491
22777,P,39059,257051,0.3642,0.3395,0.3581,0.0997,0.4323,-0.34,0.0242,-1.2857,0.3075,-1.0629,0.1398,-1.1286,0.127,-1.0629,0.1398
22778,P,38505,257780,0.3725,0.34,0.371,0.0979,0.4266,-0.34,0.0325,0.0227,0.0784,0.204,0.1073,0.1139,0.1286,0.204,0.1073
22779,P,38775,255925,0.3609,0.3417,0.3664,0.1033,0.4228,-0.34,0.0209,-1.3771,0.1078,-1.3021,0.0363,nan,nan,-1.3021,0.0363
22783,P,38931,256067,0.3284,0.3054,0.3302,0.1025,0.4135,-0.34,-0.0116,nan,nan,0.9015,0.1187,0.9092,0.117,0.9015,0.1187
22784,P,38815,254393,0.354,0.3268,0.3557,0.0976,0.4091,-0.34,0.014,0.6269,0.6574,0.6038,0.2928,0.6189,0.5849,0.6038,0.2928
22785,P,35751,236259,0.3258,0.3226,0.3189,0.1032,0.4216,-0.34,-0.0142,nan,nan,-1.6968,0.2647,-1.7071,0.2718,-1.6968,0.2647
22786,P,38786,254995,0.3386,0.3185,0.3303,0.1003,0.4131,-0.34,-0.0014,nan,nan,nan,nan,nan,nan,nan,nan
22787,P,38687,254835,0.3493,0.3231,0.345,0.0979,0.4093,-0.34,0.0093,nan,nan,0.9405,0.2557,nan,nan,0.9405,0.2557
22788,P,38818,251356,0.3233,0.3016,0.3265,0.0995,0.4084,-0.34,-0.0167,0.2955,0.1335,0.2435,0.1229,0.252,0.1149,0.2435,0.1229
22789,P,39228,250302,0.338,0.3212,0.3435,0.0971,0.4066,-0.34,-0.002,2.2226,0.6231,1.3848,0.1026,1.3893,0.1027,1.3848,0.1026
22790,P,38859,253641,0.3418,0.316,0.339,0.1007,0.4112,-0.34,0.0018,nan,nan,nan,nan,-0.8496,0.249,nan,nan
22791,P,38965,252753,0.3348,0.3071,0.3351,0.1009,0.4086,-0.34,-0.0052,0.9507,0.2774,0.4991,0.1333,0.5467,0.1949,0.4991,0.1333
22792,P,39251,257223,0.3637,0.3333,0.3638,0.0966,0.407,-0.34,0.0237,-0.4218,0.3896,nan,nan,-0.6346,0.6474,nan,nan
22793,P,38645,243547,0.3264,0.293,0.3279,0.1021,0.4125,-0.34,-0.0136,1.0016,0.8166,0.1824,0.1227,0.1641,0.1222,0.1824,0.1227
22794,P,38779,235497,0.3137,0.2831,0.3101,0.1043,0.4121,-0.34,-0.0263,0.5385,1.2171,nan,nan,nan,nan,nan,nan
22795,P,39242,263454,0.3308,0.2965,0.3311,0.103,0.4104,-0.34,-0.0092,nan,nan,nan,nan,0.2093,0.0789,nan,nan
22796,P,39019,257637,0.3309,0.2944,0.3386,0.0995,0.4095,-0.34,-0.0091,0.1027,0.41,nan,nan,-0.1942,0.2305,nan,nan
22797,P,38810,255359,0.3377,0.318,0.3266,0.0998,0.4133,-0.34,-0.0023,nan,nan,-0.915,0.1135,nan,nan,-0.915,0.1135
22798,P,38650,250489,0.3291,0.3021,0.3266,0.0969,0.4076,-0.34,-0.0109,nan,nan,2.6308,0.1095,2.6171,0.1033,2.6308,0.1095
22799,P,38915,296914,0.3261,0.279,0.3229,0.0993,0.4086,-0.34,-0.0139,0.7751,0.3089,0.3771,0.2552,0.3683,0.2571,0.3781,0.2539
22800,P,39284,280822,0.3388,0.3052,0.3301,0.1023,0.4093,-0.34,-0.0012,nan,nan,-0.0851,0.1414,-0.0753,0.1364,-0.0851,0.1414
22811,P,30756,208934,0.3355,0.3022,0.3331,0.1011,0.4112,-0.34,-0.0045,nan,nan,nan,nan,nan,nan,nan,nan
22812,P,24433,15371,0.3314,0.267,0.3332,0.0969,0.4025,-0.34,-0.0086,-0.026,0.4908,0.4027,0.1377,0.4393,0.14,0.4027,0.1377
22845,P,30573,220216,0.3153,0.278,0.3068,0.0961,0.4067,-0.34,-0.0247,nan,nan,-0.5642,0.1185,nan,nan,-0.5642,0.1185
22846,P,30677,215036,0.3221,0.291,0.3206,0.0997,0.4093,-0.34,-0.0179,-0.3208,0.71,0.4058,0.1487,0.4396,0.1601,0.4058,0.1487
22847,P,30697,209601,0.3222,0.2833,0.3275,0.0957,0.4091,-0.34,-0.0178,nan,nan,nan,nan,nan,nan,nan,nan
22848,P,31489,95876,0.3213,0.2994,0.3167,0.0978,0.4095,-0.34,-0.0187,0.9265,0.4833,1.0097,0.0387,1.0238,0.0401,1.0097,0.0387
22849,P,30697,177878,0.3269,0.3049,0.326,0.0981,0.4062,-0.34,-0.0131,-0.5777,0.2255,-0.2018,0.2259,-0.2119,0.2198,-0.2018,0.2259
22850,P,30590,209928,0.3253,0.2937,0.3225,0.0986,0.4115,-0.34,-0.0147,nan,nan,0.4234,0.1813,0.4227,0.1809,0.4234,0.1813
22851,P,30707,209934,0.3313,0.2955,0.3292,0.097,0.4096,-0.34,-0.0087,nan,nan,0.3685,0.1,0.3747,0.0935,0.3685,0.1
22852,P,30887,209613,0.3281,0.3127,0.2985,0.1052,0.408,-0.34,-0.0119,0.1823,0.5518,nan,nan,nan,nan,nan,nan
22853,P,30773,209476,0.3388,0.3114,0.3321,0.0984,0.41,-0.34,-0.0012,-0.1042,0.1548,-0.055,0.117,-0.0524,0.1268,-0.055,0.117
22854,P,30418,205370,0.3337,0.3137,0.334,0.0982,0.411,-0.34,-0.0063,0.0659,0.4922,0.5329,0.1913,0.5674,0.212,0.5329,0.1913
22855,P,30870,206526,0.3302,0.2901,0.325,0.1055,0.4064,-0.34,-0.0098,-1.6301,0.163,0.5424,0.1287,0.5328,0.135,0.5424,0.1287
22856,P,30622,206015,0.3259,0.2772,0.3094,0.0973,0.4113,-0.34,-0.0141,nan,nan,1.5772,0.0828,1.5577,0.1052,1.5772,0.0863
22857,P,30853,211289,0.3303,0.2887,0.3322,0.098,0.4085,-0.34,-0.0097,1.8613,0.1754,2.0636,0.1425,2.0603,0.1474,2.0636,0.1425
22858,P,30753,205427,0.3276,0.2942,0.3358,0.1017,0.4116,-0.34,-0.0124,0.3794,0.2892,0.6453,0.1939,0.6228,0.1667,0.6453,0.1939
22859,P,30675,209223,0.3309,0.3136,0.3225,0.0986,0.4087,-0.34,-0.0091,0.5932,0.079,0.1885,0.0961,0.2022,0.0931,0.1885,0.0961
22860,P,30689,211081,0.3308,0.3044,0.3291,0.0949,0.4095,-0.34,-0.0092,0.2149,0.4221,-0.4067,0.1934,-0.3227,0.2322,-0.4067,0.1934
22861,P,31156,208189,0.3403,0.2964,0.3329,0.0968,0.4061,-0.34,0.0003,nan,nan,-0.7517,0.2254,-0.7855,0.2239,-0.7517,0.2254
22862,P,30919,212169,0.3435,0.3126,0.3396,0.0963,0.408,-0.34,0.0035,2.8629,0.5868,2.344,4.9876,1.8314,0.0394,2.344,4.9876
22863,P,30327,200520,0.3213,0.3091,0.3291,0.1029,0.4087,-0.34,-0.0187,nan,nan,0.6727,0.2285,0.7084,0.2531,0.6727,0.2285
22864,P,30741,204357,0.318,0.2742,0.3213,0.0976,0.4096,-0.34,-0.022,0.1608,1.6924,2.0919,0.096,nan,nan,2.0919,0.096
22865,P,30508,202026,0.3207,0.2856,0.3206,0.0993,0.4063,-0.34,-0.0193,-0.6146,0.2645,-0.2361,0.1807,-0.3203,0.2911,-0.2361,0.1807
22866,P,30585,200330,0.3186,0.2719,0.3201,0.0986,0.4078,-0.34,-0.0214,nan,nan,nan,nan,nan,nan,nan,nan
22867,P,30441,209906,0.3194,0.2837,0.3099,0.1015,0.4079,-0.34,-0.0206,nan,nan,nan,nan,nan,nan,nan,nan
22868,P,31010,215121,0.3263,0.3043,0.3229,0.1,0.4077,-0.34,-0.0137,-0.4992,0.2407,-0.0305,0.3764,0.2202,1.297,0.1594,0.8724
22869,P,30323,197554,0.3208,0.2801,0.3241,0.0974,0.4115,-0.34,-0.0192,-0.3055,0.4516,-0.7148,0.1343,-0.6641,0.2005,-0.7148,0.1343
22870,P,30689,194705,0.3308,0.2988,0.3299,0.096,0.4091,-0.34,-0.0092,nan,nan,-2.7532,0.1,nan,nan,-2.7532,0.1
22871,P,30603,201887,0.3211,0.2905,0.3204,0.0999,0.4059,-0.34,-0.0189,0.0783,0.5898,nan,nan,nan,nan,nan,nan
22873,P,30511,196920,0.3312,0.3194,0.3302,0.0978,0.4067,-0.34,-0.0088,0.3355,0.4329,-0.2949,0.1321,0.4255,0.4919,-0.2949,0.1321
22874,P,30472,197191,0.3317,0.3019,0.3291,0.0967,0.4103,-0.34,-0.0083,2.8533,0.4721,nan,nan,nan,nan,nan,nan
22875,P,30589,194617,0.3322,0.3015,0.3271,0.1028,0.4107,-0.34,-0.0078,2.5783,0.1778,3.0122,0.0625,3.0228,0.0561,3.0122,0.0625
22877,P,30613,193880,0.3262,0.298,0.3311,0.1009,0.4092,-0.34,-0.0138,nan,nan,nan,nan,0.0594,0.0545,nan,nan
22878,P,30732,188502,0.3311,0.3115,0.3218,0.1036,0.4109,-0.34,-0.0089,nan,nan,nan,nan,nan,nan,nan,nan
22879,P,33572,208369,0.3242,0.2849,0.3295,0.0968,0.4089,-0.34,-0.0158,-0.2726,2.1471,-2.3982,0.095,-2.4061,0.0984,-2.3982,0.095
22880,P,3498,21727,0.3301,0.3206,0.333,0.0908,0.401,-0.34,-0.0099,-3.748,0.5351,nan,nan,nan,nan,nan,nan
22881,P,5975,36249,0.3255,0.3029,0.324,0.091,0.4023,-0.34,-0.0145,nan,nan,nan,nan,nan,nan,nan,nan
22882,P,30590,189921,0.321,0.2942,0.3274,0.0959,0.4026,-0.34,-0.019,nan,nan,0.7075,0.0292,nan,nan,0.7075,0.0292
22883,P,30719,190972,0.3283,0.2898,0.3271,0.1023,0.4085,-0.34,-0.0117,-0.343,0.2892,-0.1115,0.3048,nan,nan,-0.1115,0.3048
22884,P,30869,189217,0.3322,0.3034,0.3355,0.1003,0.4042,-0.34,-0.0078,-0.1284,0.3252,0.4929,0.068,0.4976,0.0676,0.4929,0.068
22885,P,30633,197951,0.334,0.299,0.3288,0.0979,0.408,-0.34,-0.006,0.7739,0.5478,0.4977,0.064,0.5017,0.0605,0.4977,0.064
22886,P,30650,196618,0.3193,0.286,0.3138,0.0977,0.407,-0.34,-0.0207,nan,nan,nan,nan,nan,nan,nan,nan
22887,P,30934,200139,0.3337,0.2901,0.3273,0.096,0.4065,-0.34,-0.0063,nan,nan,0.3512,0.1142,nan,nan,0.3512,0.1142
22888,P,30783,190704,0.3291,0.306,0.3251,0.1007,0.4109,-0.34,-0.0109,1.2796,0.4095,1.2188,1.7181,0.8965,0.3249,1.2188,1.7181
22889,P,30696,194733,0.324,0.2766,0.3208,0.0994,0.4097,-0.34,-0.016,-0.4572,0.5886,2.5036,0.0493,2.5075,0.0547,2.5036,0.0493
22890,P,30506,194081,0.3243,0.2945,0.3277,0.1008,0.4125,-0.34,-0.0157,nan,nan,0.4587,0.3829,0.423,0.2766,0.4587,0.3829
22892,P,30885,168843,0.3295,0.2944,0.3224,0.0983,0.4071,-0.34,-0.0105,nan,nan,0.801,0.165,nan,nan,0.801,0.165
22893,P,30618,174521,0.3217,0.302,0.3215,0.098,0.4079,-0.34,-0.0183,0.0585,0.3573,0.568,1.0873,0.0413,0.5822,0.568,1.0873
22894,P,30681,173734,0.3381,0.2951,0.3394,0.0987,0.4059,-0.34,-0.0019,nan,nan,nan,nan,0.3939,0.0465,nan,nan
22895,P,30640,170780,0.328,0.3001,0.329,0.0986,0.4093,-0.34,-0.012,0.8283,0.052,-0.6641,0.0881,-0.6611,0.0966,-0.6641,0.0881
22896,P,30868,170110,0.3349,0.3119,0.3393,0.1003,0.4123,-0.34,-0.0051,-0.9763,0.5008,-1.0246,0.0435,0.2568,0.0526,-1.0246,0.0435
22897,P,30599,179749,0.3136,0.2845,0.3072,0.1015,0.4088,-0.34,-0.0264,0.9379,0.271,nan,nan,-0.2523,0.4253,nan,nan
22898,P,30756,174615,0.3348,0.3098,0.3334,0.1014,0.408,-0.34,-0.0052,nan,nan,-2.8188,0.091,-2.8094,0.0959,-2.8188,0.091
22900,P,30759,172769,0.3324,0.2873,0.3311,0.0933,0.4067,-0.34,-0.0076,nan,nan,-1.7651,0.118,nan,nan,-1.7651,0.118
22902,P,30608,191331,0.3368,0.2992,0.3351,0.0985,0.4066,-0.34,-0.0032,-0.1002,0.0455,-0.4077,0.2714,-0.1134,0.2451,-0.4077,0.2714
22903,P,30920,193628,0.3296,0.2924,0.3103,0.0995,0.4112,-0.34,-0.0104,3.1402,1.2372,0.4934,0.215,nan,nan,0.4934,0.215
22905,P,30940,193241,0.3297,0.2931,0.3147,0.0949,0.4076,-0.34,-0.0103,nan,nan,nan,nan,-1.0264,1.1555,nan,nan
22907,P,30970,191101,0.3318,0.3085,0.3399,0.0955,0.4108,-0.34,-0.0082,-0.1784,0.1481,-0.0206,0.2416,-0.042,0.2341,-0.0206,0.2416
22912,P,30708,186361,0.3265,0.289,0.3252,0.0996,0.4121,-0.34,-0.0135,0.2675,0.3101,0.5395,0.1844,0.5586,0.1834,0.5395,0.1844
22915,P,30811,187783,0.337,0.3069,0.3351,0.1011,0.4087,-0.34,-0.003,nan,nan,-0.4088,0.3181,-0.4174,0.3034,-0.4088,0.3181
22916,P,30496,189805,0.3153,0.2889,0.3193,0.0978,0.4072,-0.34,-0.0247,nan,nan,0.6979,0.1272,0.6802,0.1285,0.6979,0.1272
22917,P,30511,188180,0.3215,0.2935,0.3186,0.0936,0.4067,-0.34,-0.0185,nan,nan,-0.0291,0.1816,-0.0548,0.1914,-0.0291,0.1816
22918,P,30626,182501,0.3104,0.2836,0.3113,0.1033,0.4144,-0.34,-0.0296,-1.1956,0.1112,nan,nan,nan,nan,nan,nan
22919,P,30799,185036,0.3261,0.3073,0.3319,0.098,0.41,-0.34,-0.0139,nan,nan,0.1553,0.1288,0.16,0.1261,0.1553,0.1288
22920,P,30602,187865,0.3209,0.2858,0.3213,0.0998,0.4072,-0.34,-0.0191,0.2976,0.211,0.1614,0.2937,0.1767,0.252,0.1614,0.2937
22921,P,30519,188755,0.3291,0.2957,0.3264,0.0969,0.4055,-0.34,-0.0109,-0.0691,0.5656,0.2016,0.6452,0.206,0.5752,0.2016,0.6452
22922,P,30601,183010,0.3316,0.2887,0.3387,0.0933,0.4068,-0.34,-0.0084,-1.0452,0.363,1.5786,0.2231,nan,nan,1.5786,0.2231
22923,P,30477,188067,0.3305,0.2949,0.3319,0.0956,0.408,-0.34,-0.0095,3.2836,0.9692,2.2255,0.0598,2.2358,0.0726,2.2255,0.0598
22924,P,30947,183399,0.328,0.2954,0.3288,0.099,0.4057,-0.34,-0.012,nan,nan,0.7747,0.1271,0.7743,0.1345,0.7747,0.1271
22925,P,30773,187319,0.3183,0.2743,0.3184,0.1001,0.4078,-0.34,-0.0217,1.9345,0.2726,1.4241,0.2647,nan,nan,1.4241,0.2647
22927,P,30565,184850,0.3316,0.2951,0.3281,0.0958,0.4104,-0.34,-0.0084,nan,nan,-2.0608,0.0856,-1.9325,0.1613,-2.0608,0.0856
22928,P,30937,187974,0.3314,0.2907,0.331,0.0955,0.4086,-0.34,-0.0086,0.763,0.0359,-1.8726,0.1389,-1.8651,0.1517,-1.8726,0.1389
22930,P,30790,184194,0.3284,0.3104,0.3312,0.1027,0.4097,-0.34,-0.0116,nan,nan,nan,nan,nan,nan,nan,nan
22931,P,30717,182767,0.3429,0.2975,0.3366,0.0961,0.4065,-0.34,0.0029,nan,nan,nan,nan,nan,nan,nan,nan
22933,P,30826,183541,0.3266,0.2843,0.316,0.0993,0.4075,-0.34,-0.0134,0.8699,0.7203,-0.1965,0.6105,-0.3217,0.7274,-0.1965,0.6105
22934,P,30929,195251,0.3307,0.3043,0.331,0.1041,0.4083,-0.34,-0.0093,nan,nan,nan,nan,nan,nan,nan,nan
22936,P,30625,195483,0.3295,0.2839,0.3343,0.0953,0.4083,-0.34,-0.0105,-0.0808,0.4663,nan,nan,0.1359,0.9055,nan,nan
22939,P,39772,0,0.3106,0.2562,0.3034,0.0965,0.3976,-0.34,-0.0294,nan,nan,nan,nan,nan,nan,nan,nan
22940,P,39810,0,0.3142,0.2594,0.3096,0.0935,0.3953,-0.34,-0.0258,nan,nan,nan,nan,nan,nan,nan,nan
22941,P,31265,198210,0.3236,0.2907,0.3287,0.0964,0.4076,-0.34,-0.0164,nan,nan,-2.4324,0.0657,nan,nan,-2.4324,0.0657
22943,P,31081,198872,0.3308,0.2864,0.3314,0.0959,0.4056,-0.34,-0.0092,0.6529,0.6066,0.153,0.1169,0.165,0.1155,0.153,0.1169
22944,P,30747,197736,0.3238,0.2983,0.3012,0.1021,0.4119,-0.34,-0.0162,nan,nan,-1.2274,0.1468,-1.2308,0.1402,-1.2274,0.1468
22945,P,123775,800712,0.3245,0.283,0.3271,0.0966,0.4085,-0.34,-0.0155,nan,nan,-1.6809,0.1095,-1.6783,0.104,-1.6809,0.1095
22947,P,30766,196746,0.3219,0.2898,0.3188,0.1036,0.4081,-0.34,-0.0181,0.1968,0.2698,nan,nan,nan,nan,nan,nan
22948,P,30724,195765,0.3239,0.2833,0.3221,0.0981,0.4129,-0.34,-0.0161,nan,nan,nan,nan,nan,nan,nan,nan
22949,P,30522,195938,0.3182,0.2786,0.3173,0.0945,0.4084,-0.34,-0.0218,nan,nan,-0.1197,0.1598,-0.062,0.1737,-0.1197,0.1598
22950,P,30745,198152,0.3285,0.2928,0.3216,0.0976,0.4111,-0.34,-0.0115,nan,nan,nan,nan,nan,nan,nan,nan
22951,P,30758,199519,0.3231,0.288,0.3234,0.0992,0.4056,-0.34,-0.0169,nan,nan,-2.2161,0.0755,nan,nan,-2.2161,0.0755
22952,P,31006,194837,0.3193,0.2851,0.318,0.1008,0.4095,-0.34,-0.0207,-0.6122,0.06,nan,nan,nan,nan,nan,nan
22953,P,30672,191881,0.327,0.2945,0.3314,0.101,0.4083,-0.34,-0.013,nan,nan,1.0751,0.1354,nan,nan,1.0751,0.1354
22954,P,30827,191023,0.3219,0.2858,0.3196,0.0952,0.4115,-0.34,-0.0181,nan,nan,0.8338,0.17,0.8223,0.1632,0.8338,0.17
22955,P,30897,192474,0.3135,0.276,0.3161,0.1016,0.4057,-0.34,-0.0265,nan,nan,nan,nan,-2.2152,0.1617,nan,nan
22956,P,30721,189795,0.3268,0.2852,0.3189,0.0978,0.4117,-0.34,-0.0132,2.0126,3.0665,nan,nan,-0.828,0.0998,nan,nan
22957,P,31058,187737,0.3165,0.2789,0.3078,0.1039,0.4105,-0.34,-0.0235,0.4001,0.1336,0.26,0.0491,nan,nan,0.26,0.0491
22958,P,30866,188021,0.322,0.2809,0.3252,0.105,0.4112,-0.34,-0.018,2.622,0.6509,0.1493,0.0667,2.7858,0.4891,0.1493,0.0667
22959,P,18210,108447,0.317,0.2686,0.3167,0.1001,0.4071,-0.34,-0.023,nan,nan,0.367,0.2146,nan,nan,0.367,0.2146
22960,P,109714,667358,0.3277,0.2984,0.3295,0.0978,0.4073,-0.34,-0.0123,0.1636,0.4609,0.2539,0.459,0.2535,0.2674,0.2539,0.459
22961,P,30894,186471,0.326,0.3009,0.3199,0.0948,0.4095,-0.34,-0.014,nan,nan,0.7569,0.2116,nan,nan,0.7569,0.2116
22962,P,30948,180752,0.3137,0.287,0.3187,0.0961,0.4079,-0.34,-0.0263,3.4612,0.3853,-1.7402,0.31,nan,nan,-1.7401,0.3093
22963,P,30648,182581,0.331,0.2957,0.3281,0.0965,0.4084,-0.34,-0.009,0.2878,0.3333,0.273,0.0333,0.2897,0.05,0.273,0.0333
22964,P,12087,0,0.3319,0.2596,0.3303,0.094,0.4778,-0.34,-0.0081,nan,nan,nan,nan,nan,nan,nan,nan
22965,P,97850,541693,0.3547,0.3209,0.3515,0.0951,0.4911,-0.34,0.0147,nan,nan,0.1733,0.1381,0.161,0.1235,0.1733,0.1381
22967,P,31173,202114,0.3203,0.2992,0.3047,0.1048,0.4134,-0.34,-0.0197,-2.0645,0.0526,0.0348,0.2121,0.2851,0.2643,0.0348,0.2121
22968,P,30829,191603,0.3235,0.2893,0.3237,0.1011,0.4137,-0.34,-0.0165,nan,nan,0.2725,0.4682,0.1486,0.2755,0.2725,0.4682
22969,P,30675,191649,0.3345,0.2897,0.3478,0.0978,0.4115,-0.34,-0.0055,0.5233,0.1519,0.565,0.2145,0.5571,0.2226,0.565,0.2145
22970,P,30704,187921,0.3502,0.3318,0.3407,0.0957,0.4176,-0.34,0.0102,nan,nan,0.4441,0.048,nan,nan,0.4441,0.048
22971,P,30460,189059,0.3402,0.299,0.3404,0.1001,0.4174,-0.34,0.0002,2.3115,0.1251,nan,nan,2.5791,0.3754,nan,nan
22972,P,30737,172960,0.3504,0.3263,0.3533,0.0979,0.4141,-0.34,0.0104,0.9151,0.0925,nan,nan,nan,nan,nan,nan
22973,P,31090,181411,0.3535,0.3284,0.3427,0.0991,0.416,-0.34,0.0135,0.5331,0.5352,0.214,0.4047,nan,nan,0.214,0.4047
22974,P,31009,175657,0.3494,0.3072,0.345,0.0962,0.4134,-0.34,0.0094,nan,nan,2.8674,0.4339,2.9485,0.2042,2.8674,0.4339
22975,P,30751,187862,0.3461,0.3194,0.3387,0.1008,0.4109,-0.34,0.0061,nan,nan,0.3068,0.0623,0.2616,0.0253,0.3068,0.0623
22976,P,30904,192746,0.3505,0.3253,0.3508,0.0964,0.4142,-0.34,0.0105,-0.4717,0.2798,-0.1855,0.1934,-0.7197,0.8128,-0.1855,0.1934
22977,P,30633,186638,0.3396,0.3172,0.3363,0.0965,0.4104,-0.34,-0.0004,0.0283,0.4556,nan,nan,-1.1861,0.2022,nan,nan
22978,P,31216,184428,0.3475,0.3077,0.3456,0.0927,0.411,-0.34,0.0075,-0.2138,0.4641,-0.4015,0.1367,-0.3669,0.1475,-0.4015,0.1367
22979,P,30859,182659,0.3444,0.3093,0.3303,0.0941,0.4118,-0.34,0.0044,-0.8237,0.6372,-0.3977,0.1125,-0.4188,0.1065,-0.3977,0.1125
22980,P,30770,183182,0.3379,0.2983,nan,0.0959,0.4109,-0.34,-0.0021,nan,nan,-3.3042,0.2821,-3.4159,0.1462,-3.3042,0.2821
22981,P,30708,181537,0.3467,0.3075,0.3469,0.0967,0.415,-0.34,0.0067,nan,nan,-1.0358,0.5991,-0.9893,0.2641,-1.0358,0.5991
22982,P,30509,182917,0.3445,0.3151,0.3429,0.0985,0.4084,-0.34,0.0045,2.4681,0.9161,-0.1078,0.2034,nan,nan,-0.1078,0.2034
22983,P,30906,188485,0.3423,0.3066,0.3429,0.0967,0.4135,-0.34,0.0023,-0.9475,0.4337,-0.8658,0.344,-0.929,0.2975,-0.8658,0.344
22984,P,30596,185842,0.3392,0.3098,0.3405,0.0961,0.4115,-0.34,-0.0008,2.7511,0.0501,0.1354,0.171,0.1416,0.17,0.1354,0.171
22985,P,30931,186112,0.3438,0.3027,0.3402,0.0947,0.4082,-0.34,0.0038,1.9667,6.9829,0.1554,0.6029,0.2541,0.58,0.1554,0.6029
22986,P,30843,188747,0.3425,0.3127,0.3431,0.0978,0.4116,-0.34,0.0025,nan,nan,nan,nan,nan,nan,nan,nan
22987,P,30639,185792,0.3386,0.2971,0.3358,0.0928,0.4136,-0.34,-0.0014,0.1392,0.4572,nan,nan,0.0623,0.2153,nan,nan
22988,P,30715,188669,0.3146,0.282,0.3047,0.0926,0.4098,-0.34,-0.0254,0.7225,0.4005,-0.1836,0.2414,-0.1066,0.254,-0.1836,0.2414
22990,P,124498,762173,0.3295,0.2999,0.3259,0.0975,0.4119,-0.34,-0.0105,nan,nan,nan,nan,nan,nan,nan,nan
22994,P,30745,191729,0.334,0.286,0.3257,0.0927,0.4103,-0.34,-0.006,0.4097,0.5283,nan,nan,nan,nan,nan,nan
22996,P,30878,188497,0.3284,0.281,0.3267,0.0991,0.4131,-0.34,-0.0116,nan,nan,nan,nan,0.233,0.0952,nan,nan
22997,P,30702,189184,0.3387,0.3163,0.3405,0.0934,0.4056,-0.34,-0.0013,0.3836,0.2113,0.2788,0.122,0.2794,0.134,0.2788,0.122
22998,P,30804,190150,0.3369,0.3042,0.3289,0.0947,0.4127,-0.34,-0.0031,nan,nan,0.3654,0.1918,0.3122,0.1134,0.3652,0.1912
22999,P,30634,182467,0.3362,0.3068,0.342,0.0962,0.4125,-0.34,-0.0038,nan,nan,-2.2782,0.2187,-2.3012,0.2447,-2.2782,0.2187
23000,P,30338,185700,0.3383,0.3066,0.3375,0.0945,0.4147,-0.34,-0.0017,2.1238,0.4741,1.1287,0.1259,1.1227,0.1158,1.1287,0.1259
23001,P,30633,178886,0.3175,0.2924,0.3129,0.1014,0.4124,-0.34,-0.0225,nan,nan,0.2936,0.0282,0.2454,0.1122,0.2936,0.0282
23002,P,30777,183371,0.3318,0.3077,0.3235,0.0962,0.4137,-0.34,-0.0082,0.7088,0.2403,nan,nan,1.0503,0.1247,nan,nan
23003,P,30364,179520,0.3326,0.2879,0.3327,0.0969,0.412,-0.34,-0.0074,nan,nan,nan,nan,nan,nan,nan,nan
23004,P,30711,182967,0.3365,0.3007,0.3267,0.0986,0.4122,-0.34,-0.0035,1.3497,0.5178,0.5266,0.1459,0.5421,0.141,0.5266,0.1459
23005,P,30606,175803,0.332,0.3046,0.3339,0.1001,0.4125,-0.34,-0.008,nan,nan,nan,nan,-1.254,31.344,nan,nan
23006,P,30768,185446,0.3357,0.3003,0.3362,0.0988,0.4151,-0.34,-0.0043,2.6702,2.4997,1.5325,0.0508,1.5446,0.0524,1.5325,0.0508
23007,P,31099,181057,0.3398,0.3037,0.331,0.0937,0.411,-0.34,-0.0002,0.2203,0.3415,0.4063,0.1906,0.3955,0.1944,0.4063,0.1906
23008,P,30647,177959,0.3287,0.285,0.3397,0.0981,0.4131,-0.34,-0.0113,0.3643,0.4741,0.4821,0.1271,0.4786,0.1244,0.4821,0.1271
23009,P,30552,178109,0.3363,0.3126,0.3325,0.1038,0.4153,-0.34,-0.0037,nan,nan,0.8018,0.0941,0.8012,0.0935,0.8018,0.0941
23010,P,30534,180969,0.3294,0.3066,0.3287,0.0968,0.4127,-0.34,-0.0106,3.5708,0.59,3.5291,0.3313,nan,nan,3.5291,0.3313
23011,P,30683,179255,0.3406,0.3168,0.3402,0.0969,0.4107,-0.34,0.0006,1.8125,0.4445,1.9097,0.1796,nan,nan,1.9097,0.1796
23012,P,30623,183261,0.3394,0.321,0.3351,0.0981,0.4159,-0.34,-0.0006,nan,nan,nan,nan,nan,nan,nan,nan
23014,P,46628,0,0.3461,0.2798,0.336,0.0976,0.4736,-0.34,0.0061,nan,nan,nan,nan,nan,nan,nan,nan
23015,P,1012,352,0.2958,0.0759,0.433,0.111,0.3888,-0.34,-0.0442,-0.5418,2.524,0.5718,0.1198,0.4736,0.1216,0.5718,0.1198
23016,P,23574,7693,0.3205,0.2411,0.318,0.0905,0.4033,-0.34,-0.0195,nan,nan,0.5739,0.1693,0.8633,0.4612,0.5739,0.1693
23017,P,98060,508887,0.35,0.3259,0.3456,0.0927,0.4938,-0.34,0.01,nan,nan,nan,nan,nan,nan,nan,nan
23019,P,75092,439465,0.3308,0.3005,0.3239,0.0975,0.4124,-0.34,-0.0092,0.3129,0.2212,0.4221,0.2558,0.4663,0.2385,0.4221,0.2558
23020,P,75148,440129,0.3277,0.2874,0.3299,0.0983,0.4109,-0.34,-0.0123,2.0992,0.6438,0.1832,0.0951,0.1734,0.0949,0.1832,0.0951
23021,P,75059,442061,0.3245,0.29,0.3215,0.0992,0.4103,-0.34,-0.0155,-1.26,0.0855,nan,nan,nan,nan,nan,nan
23022,P,75246,443867,0.3242,0.2856,0.3299,0.0982,0.4136,-0.34,-0.0158,nan,nan,-2.5673,0.1397,-2.5693,0.1468,-2.5673,0.1397
23023,P,75546,435062,0.3256,0.2966,0.3219,0.0986,0.4124,-0.34,-0.0144,0.0143,0.2258,-0.4487,0.7505,-0.2803,0.9649,-0.4487,0.7505
23024,P,75215,428555,0.3266,0.2949,0.3226,0.0992,0.4138,-0.34,-0.0134,nan,nan,nan,nan,0.5198,0.0626,nan,nan
23025,P,75483,422218,0.3352,0.3019,0.3333,0.0959,0.4105,-0.34,-0.0048,2.7013,1.2534,2.6127,0.2676,2.5954,0.276,2.6127,0.2676
23026,P,75025,424590,0.3203,0.2941,0.3239,0.0997,0.4137,-0.34,-0.0197,0.6832,0.3197,0.5447,0.1499,0.5492,0.138,0.5447,0.1499
23027,P,75387,421542,0.3375,0.3111,0.332,0.0964,0.4147,-0.34,-0.0025,nan,nan,0.4746,0.0791,0.4738,0.0835,0.4746,0.0791
23030,P,75110,407158,0.3239,0.2867,0.3197,0.0956,0.412,-0.34,-0.0161,-0.0348,0.2348,0.3005,0.1018,0.2919,0.1138,0.3005,0.1018
23031,P,75417,421265,0.3396,0.3047,0.3445,0.095,0.411,-0.34,-0.0004,nan,nan,nan,nan,nan,nan,nan,nan
23032,P,75510,421860,0.3228,0.2925,0.3232,0.1006,0.4123,-0.34,-0.0172,0.2424,0.1806,0.4178,0.2072,0.4928,0.2491,0.4178,0.2072
23033,P,75383,418233,0.3294,0.2902,0.3348,0.0949,0.4093,-0.34,-0.0106,nan,nan,0.403,0.1266,0.4015,0.1224,0.403,0.1266
23034,P,75045,417326,0.3299,0.3028,0.3308,0.0957,0.4118,-0.34,-0.0101,0.2018,0.1718,0.3465,0.1716,0.3557,0.1586,0.3465,0.1716
23035,P,75347,416006,0.333,0.2922,0.3314,0.0958,0.4091,-0.34,-0.007,nan,nan,-0.7285,0.0752,-0.7517,0.0362,-0.7285,0.0752
23036,P,75244,403974,0.3252,0.2878,0.3294,0.0953,0.4111,-0.34,-0.0148,0.1876,0.1752,0.1823,0.1406,0.1831,0.1448,0.1823,0.1406
23037,P,73475,227936,0.3235,0.2735,0.3188,0.0925,0.4054,-0.34,-0.0165,0.2225,0.249,0.3609,0.1721,0.3085,0.1358,0.3609,0.1721
23038,P,75384,445372,0.328,0.2925,0.3231,0.0998,0.4108,-0.34,-0.012,-0.822,0.6821,0.4569,0.8039,-3.2075,19.8147,0.4569,0.8039
23039,P,75094,439546,0.332,0.2978,0.3305,0.0968,0.413,-0.34,-0.008,0.0221,0.5001,-0.3762,3.0014,-0.2654,3.5401,-0.3762,3.0014
23040,P,98193,499022,0.36,0.3269,0.3623,0.0945,0.4931,-0.34,0.02,0.592,0.1245,0.4674,0.151,0.4534,0.1468,0.4674,0.151
23042,P,74831,443799,0.3254,0.2953,0.3212,0.1013,0.4111,-0.34,-0.0146,1.1749,0.4896,nan,nan,1.6157,0.298,nan,nan
23043,P,75325,453100,0.3302,0.2837,0.331,0.0974,0.4127,-0.34,-0.0098,-0.2354,0.3505,0.1828,0.2141,0.1773,0.2572,0.1828,0.2141
23044,P,75322,450597,0.3315,0.2925,0.3301,0.0994,0.4137,-0.34,-0.0085,1.1009,0.2739,0.1018,0.05,0.0997,0.051,0.1018,0.05
23045,P,75078,435398,0.3264,0.2895,0.3227,0.0967,0.4125,-0.34,-0.0136,2.6482,1.4262,0.377,0.1835,0.3559,0.1984,0.3664,0.1955
23046,P,75144,429380,0.3381,0.309,0.3329,0.0988,0.4122,-0.34,-0.0019,nan,nan,0.2754,0.3351,0.7036,0.7339,0.2754,0.3351
23047,P,75196,471390,0.3293,0.3043,0.3351,0.1008,0.4145,-0.34,-0.0107,-0.3562,0.443,-0.1796,0.2549,0.0681,0.3597,-0.1796,0.2549
23048,P,75429,453787,0.3272,0.303,0.3229,0.1008,0.4139,-0.34,-0.0128,0.1386,0.3683,0.2379,0.4461,0.1502,0.4016,0.2379,0.4461
23049,P,75154,450416,0.3392,0.3058,0.334,0.0953,0.4139,-0.34,-0.0008,-0.5701,0.4185,nan,nan,nan,nan,nan,nan
23050,P,75165,442820,0.3347,0.2985,0.3296,0.095,0.4122,-0.34,-0.0053,-0.2004,0.3011,-0.3266,0.2272,-0.3192,0.2385,-0.3266,0.2272
23051,P,74636,482044,0.3292,0.3031,0.3304,0.0939,0.4146,-0.34,-0.0108,0.3444,0.2532,0.0981,0.2583,0.3263,0.2997,0.0981,0.2583
23053,P,74894,473384,0.3262,0.2884,0.3218,0.0964,0.4116,-0.34,-0.0138,-1.3273,0.1238,-1.2252,0.1345,-1.2264,0.1316,-1.2252,0.1345
23054,P,34336,200853,0.3394,0.2993,0.3435,0.0986,0.4144,-0.34,-0.0006,0.5102,0.8971,1.0502,0.1928,-0.5964,0.1951,1.0502,0.1928
23055,P,75190,435202,0.3374,0.3042,0.3364,0.0957,0.4107,-0.34,-0.0026,1.0898,0.2458,0.9081,0.2207,0.8254,0.1702,0.9081,0.2207
23056,P,75252,407356,0.3381,0.3023,0.3396,0.0967,0.4124,-0.34,-0.0019,0.2599,0.7973,0.992,0.3395,1.2122,1.7347,0.992,0.3395
23057,P,75551,391875,0.3309,0.2959,0.3385,0.0984,0.4109,-0.34,-0.0091,1.837,0.3218,0.8385,0.2205,0.9922,0.2523,0.8385,0.2205
23058,P,75253,397675,0.3181,0.2778,0.3137,0.0997,0.4136,-0.34,-0.0219,nan,nan,nan,nan,0.4745,0.5196,nan,nan
23059,P,75175,396992,0.3401,0.3064,0.3427,0.0969,0.4143,-0.34,0.0001,1.1619,0.3306,0.84,0.2453,0.7507,0.3521,0.84,0.2453
23060,P,75623,397694,0.3342,0.3028,0.3308,0.0978,0.4133,-0.34,-0.0058,nan,nan,-0.0295,0.1694,-0.0457,0.161,-0.0295,0.1694
23061,P,75846,394019,0.3352,0.2995,0.3383,0.0963,0.4114,-0.34,-0.0048,nan,nan,0.2806,0.2385,0.5636,0.4298,0.2806,0.2385
23062,P,75551,396544,0.335,0.302,0.334,0.0948,0.4112,-0.34,-0.005,nan,nan,nan,nan,nan,nan,nan,nan
23063,P,75625,393393,0.332,0.301,0.3299,0.0972,0.4124,-0.34,-0.008,0.2896,0.0599,0.2562,0.1049,0.2528,0.1061,0.2562,0.1049
23064,P,107706,533805,0.3183,0.2832,0.3218,0.0962,0.4117,-0.34,-0.0217,3.4939,0.5572,nan,nan,nan,nan,nan,nan
23066,P,75470,375656,0.319,0.2808,0.318,0.0955,0.4098,-0.34,-0.021,0.1759,0.1754,0.2155,0.2511,0.2889,0.1932,0.2155,0.2511
23067,P,75486,380494,0.3372,0.3001,0.3359,0.0956,0.4118,-0.34,-0.0028,0.3248,0.5095,nan,nan,0.6826,0.4853,nan,nan
23068,P,75273,388565,0.3223,0.2896,0.3199,0.0989,0.413,-0.34,-0.0177,0.5912,0.6134,1.6447,0.1704,1.6163,0.4614,1.6447,0.1704
23069,P,75795,394273,0.3273,0.2968,0.3233,0.0977,0.4124,-0.34,-0.0127,nan,nan,0.7193,0.4615,0.7732,0.4782,0.7193,0.4615
23070,P,75615,431608,0.3377,0.3056,0.3396,0.0955,0.4116,-0.34,-0.0023,-0.1784,2.1621,0.1163,0.2831,0.0697,0.2657,0.1163,0.2831
23071,P,75554,400695,0.326,0.2844,0.326,0.0955,0.4089,-0.34,-0.014,1.0629,0.8573,0.6939,0.168,0.7167,0.1682,0.6939,0.168
23072,P,75361,445390,0.3249,0.2895,0.3221,0.0977,0.4123,-0.34,-0.0151,2.8913,0.6246,nan,nan,nan,nan,nan,nan
23073,P,75072,431473,0.3334,0.3029,0.3354,0.0993,0.4131,-0.34,-0.0066,nan,nan,nan,nan,0.5352,0.138,nan,nan
23074,P,75023,417872,0.3293,0.2862,0.3334,0.096,0.412,-0.34,-0.0107,-0.7325,0.108,nan,nan,nan,nan,nan,nan
23076,P,75450,410705,0.3373,0.3086,0.3401,0.0995,0.414,-0.34,-0.0027,nan,nan,1.1615,0.1552,1.1706,0.1538,1.1615,0.1552
23077,P,75627,411584,0.3411,0.3076,0.3438,0.0966,0.4116,-0.34,0.0011,0.8503,6.712,nan,nan,-0.2881,4.3848,nan,nan
23078,P,75292,436750,0.3336,0.2968,0.332,0.0945,0.4121,-0.34,-0.0064,1.7951,0.7903,nan,nan,nan,nan,nan,nan
23079,P,75173,423392,0.3315,0.2996,0.3295,0.0982,0.4121,-0.34,-0.0085,0.9311,0.5362,0.2702,0.3295,0.276,0.3038,0.2702,0.3295
23080,P,74981,416924,0.3341,0.3084,0.3355,0.1008,0.4122,-0.34,-0.0059,nan,nan,nan,nan,-1.2792,0.3301,nan,nan
23081,P,75340,406203,0.3301,0.2938,0.324,0.0969,0.4139,-0.34,-0.0099,-0.6964,0.3184,3.2454,0.2584,0.1879,5.701,3.2454,0.2584
23082,P,75383,403958,0.3136,0.2827,0.3105,0.0989,0.4114,-0.34,-0.0264,nan,nan,nan,nan,nan,nan,nan,nan
23083,P,75220,388158,0.333,0.3055,0.328,0.1,0.4102,-0.34,-0.007,0.3054,0.2818,0.3775,0.3404,0.3787,0.3377,0.3775,0.3404
23084,P,99053,435298,0.3719,0.3399,0.377,0.0936,0.4928,-0.34,0.0319,nan,nan,0.5272,0.0354,0.142,0.21,0.5272,0.0354
23089,P,75783,430127,0.3306,0.3019,0.3302,0.1004,0.4109,-0.34,-0.0094,nan,nan,nan,nan,0.1308,0.7592,nan,nan
23090,P,75541,413562,0.3407,0.2999,0.3383,0.0963,0.4125,-0.34,0.0007,nan,nan,nan,nan,nan,nan,nan,nan
23091,P,75135,407784,0.33,0.294,0.3276,0.1007,0.414,-0.34,-0.01,2.0927,0.687,0.6014,0.1578,0.5969,0.17,0.6014,0.1578
23092,P,75362,401244,0.3204,0.2808,0.3158,0.0941,0.4084,-0.34,-0.0196,0.0233,0.4029,-3.6625,0.3335,0.9941,2.2904,-3.6625,0.3335
23093,P,74899,391009,0.3101,0.2811,0.3096,0.0977,0.413,-0.34,-0.0299,nan,nan,2.354,0.1534,0.3713,0.1292,2.354,0.1534
23094,P,75716,392480,0.3032,0.2688,0.3045,0.0975,0.4111,-0.34,-0.0368,nan,nan,0.1452,0.3126,0.2117,0.3469,0.1452,0.3126
23095,P,75727,382453,0.2915,0.2678,0.2924,0.1,0.4106,-0.34,-0.0485,-0.3834,0.8241,nan,nan,0.2207,0.2769,nan,nan
23096,P,75254,423214,0.2904,0.2619,0.2854,0.1036,0.4124,-0.34,-0.0496,-0.3847,0.1742,0.0009,0.1426,0.0276,0.1451,0.0009,0.1426
23097,P,74788,424547,0.2925,0.2526,0.2981,0.0953,0.4101,-0.34,-0.0475,3.6673,1.062,nan,nan,2.9367,0.2635,nan,nan
23098,P,75100,454317,0.2914,0.2611,0.2835,0.0953,0.4095,-0.34,-0.0486,nan,nan,nan,nan,2.8804,0.3049,nan,nan
23099,P,74905,439928,0.2943,0.2614,0.2906,0.0966,0.4103,-0.34,-0.0457,-0.1358,0.33,0.2101,0.2686,0.2485,0.2953,0.2101,0.2686
23100,P,75149,450704,0.2899,0.2559,0.2891,0.0996,0.4113,-0.34,-0.0501,1.2072,0.2523,1.1283,0.3661,1.1698,0.4925,1.1283,0.3661
23101,P,75439,444626,0.2891,0.2483,0.2911,0.0969,0.4121,-0.34,-0.0509,nan,nan,0.6095,0.351,0.5832,0.2361,0.6095,0.351
23102,P,97916,485238,0.33,0.3007,0.3315,0.0929,0.4927,-0.34,-0.01,nan,nan,0.3799,0.0525,0.3865,0.0511,0.3799,0.0525
23104,P,75237,437438,0.2926,0.2505,0.2944,0.0961,0.4123,-0.34,-0.0474,nan,nan,0.6361,0.2117,nan,nan,0.6361,0.2117
23105,P,74583,212794,0.2835,0.2415,0.2786,0.0943,0.4046,-0.34,-0.0565,0.2586,0.3364,0.0086,0.2381,-0.0011,0.2719,0.0086,0.2381
23106,P,74899,210110,0.2859,0.2394,0.2887,0.0951,0.4029,-0.34,-0.0541,0.0133,0.1738,0.217,0.1785,0.2865,0.2321,0.217,0.1785
23107,P,74920,217812,0.3314,0.2864,0.319,0.0939,0.4032,-0.34,-0.0086,0.4316,0.3992,0.2819,0.1178,0.2035,0.1689,0.2819,0.1178
23108,P,74729,216359,0.3485,0.3047,0.3432,0.0958,0.4055,-0.34,0.0085,0.3964,0.2034,0.2404,0.3134,0.1057,0.389,0.2404,0.3134
23109,P,74768,214864,0.3411,0.2967,0.3435,0.0955,0.4063,-0.34,0.0011,0.7401,0.4378,0.3913,0.1392,0.2282,0.2145,0.3913,0.1392
23110,P,76544,293411,0.3528,0.314,0.3496,0.1001,0.4148,-0.34,0.0128,0.8215,0.4505,2.0501,12.1486,nan,nan,2.0501,12.1486
23111,P,75412,442919,0.3497,0.3012,0.3504,0.0959,0.4125,-0.34,0.0097,0.0419,0.2527,0.3098,0.1921,0.3326,0.2186,0.3098,0.1921
23113,P,44116,254733,0.3518,0.3255,0.3507,0.095,0.411,-0.34,0.0118,nan,nan,nan,nan,nan,nan,nan,nan
23116,P,125164,717654,0.3474,0.3199,0.3489,0.099,0.4127,-0.34,0.0074,-0.1769,0.4117,0.3172,0.5036,0.1892,0.4158,0.3172,0.5036
23117,P,124663,732786,0.3562,0.3234,nan,0.0965,0.4113,-0.34,0.0162,0.4916,0.2653,0.8113,0.1313,0.8067,0.1241,0.8113,0.1313
23119,P,125197,724504,0.3521,0.3102,0.353,0.0951,0.4119,-0.34,0.0121,1.4621,0.2656,-2.6237,0.0997,-2.6136,0.0845,-2.6237,0.0997
23120,P,125319,723515,0.3579,0.3224,0.3593,0.0981,0.4137,-0.34,0.0179,-1.2212,0.3389,nan,nan,-0.6901,0.6685,nan,nan
23122,P,124847,718155,0.3495,0.3121,0.3509,0.0979,0.4128,-0.34,0.0095,nan,nan,-0.2904,0.3212,nan,nan,-0.2904,0.3212
23125,P,10662,0,0.3565,0.2908,0.361,0.0846,0.4202,-0.34,0.0165,nan,nan,nan,nan,nan,nan,nan,nan
23126,P,9568,0,0.3318,0.2801,0.3343,0.1026,0.4039,-0.34,-0.0082,nan,nan,nan,nan,nan,nan,nan,nan
23127,P,9914,0,0.2835,0.2221,0.2758,0.0918,0.3907,-0.34,-0.0565,nan,nan,nan,nan,nan,nan,nan,nan
23128,P,75133,426591,0.2968,0.2635,0.2982,0.0955,0.4117,-0.34,-0.0432,-0.4553,0.3611,-1.073,0.7248,nan,nan,-1.073,0.7248
23129,P,75135,423601,0.288,0.2632,0.2817,0.0988,0.4118,-0.34,-0.052,1.4738,0.9647,0.5523,0.2435,0.6253,0.3238,0.5523,0.2435
23131,P,15865,0,0.2837,0.2346,0.2844,0.098,0.4024,-0.34,-0.0563,nan,nan,nan,nan,nan,nan,nan,nan
23133,P,75187,364503,0.2916,0.2597,0.2892,0.0975,0.4126,-0.34,-0.0484,nan,nan,nan,nan,0.851,0.2278,nan,nan
23135,P,75866,359159,0.3488,0.3133,0.3484,0.0988,0.4088,-0.34,0.0088,0.5878,0.1852,0.6091,0.2849,0.7307,0.3769,0.6091,0.2849
23136,P,75262,406176,0.3582,0.3226,0.3567,0.094,0.4089,-0.34,0.0182,nan,nan,nan,nan,0.6337,0.2873,nan,nan
23137,P,98408,462797,0.393,0.3651,0.3923,0.0913,0.4933,-0.34,0.053,0.6821,0.2357,0.8016,0.1753,0.7374,0.1617,0.8016,0.1753
23139,P,75545,417084,0.3606,0.3273,0.3599,0.0953,0.4112,-0.34,0.0206,nan,nan,2.3831,0.2457,2.5273,0.3347,2.3769,0.2843
23140,P,75440,410669,0.3557,0.3257,0.3513,0.0994,0.41,-0.34,0.0157,nan,nan,0.8505,0.4543,0.7648,0.3868,0.8505,0.4543
23141,P,75431,397307,0.3566,0.3254,0.354,0.0971,0.41,-0.34,0.0166,nan,nan,1.5076,0.3543,1.2502,0.3256,1.5076,0.3543
23142,P,75364,394631,0.3588,0.3239,0.3552,0.0997,0.4128,-0.34,0.0188,0.6019,1.2984,nan,nan,1.5665,1.4089,nan,nan
23143,P,75717,394516,0.3582,0.315,0.3559,0.0954,0.4117,-0.34,0.0182,nan,nan,nan,nan,nan,nan,nan,nan
23144,P,75788,390558,0.3629,0.329,0.3648,0.093,0.4105,-0.34,0.0229,1.166,0.4006,1.298,0.3992,1.3291,0.3835,1.298,0.3992
23145,P,75417,383654,0.3583,0.3234,0.3551,0.0969,0.4108,-0.34,0.0183,0.6996,0.2118,0.3599,0.1353,0.4403,0.2217,0.3599,0.1353
23146,P,75669,382798,0.3578,0.328,0.3508,0.0904,0.4291,-0.34,0.0178,2.0726,0.7962,1.7358,7.3984,1.1121,0.6983,1.7358,7.3984
23147,P,75521,384797,0.3595,0.3369,0.3577,0.0962,0.4078,-0.34,0.0195,-0.8792,0.3095,nan,nan,nan,nan,nan,nan
23148,P,75270,386209,0.3537,0.3227,0.3482,0.0995,0.4131,-0.34,0.0137,0.4356,0.5495,0.0734,0.1267,0.052,0.141,0.0734,0.1267
23149,P,75040,382774,0.3585,0.3125,0.3616,0.0961,0.4131,-0.34,0.0185,2.9379,1.3153,nan,nan,0.6381,0.3865,nan,nan
23150,P,75488,382459,0.3636,0.3327,0.3618,0.0962,0.4135,-0.34,0.0236,-0.4948,0.6247,nan,nan,nan,nan,nan,nan
23151,P,75593,383236,0.3657,0.3372,0.3692,0.0949,0.4109,-0.34,0.0257,1.1406,0.7195,0.2415,0.1786,0.2413,0.1933,0.2415,0.1786
23152,P,75519,422701,0.3448,0.3173,0.3658,0.0941,0.434,-0.34,0.0048,0.6113,0.3676,0.2776,0.5481,0.2353,2.9574,0.2776,0.5481
23153,P,75457,410596,0.2906,0.2546,0.2907,0.0988,0.4152,-0.34,-0.0494,0.4751,0.8329,nan,nan,nan,nan,nan,nan
23154,P,75361,419377,0.2946,0.2638,0.294,0.0944,0.4163,-0.34,-0.0454,-0.4411,0.7389,0.0429,0.3497,0.1806,0.3999,0.0429,0.3497
23155,P,75621,416034,0.2983,0.2868,0.3042,0.0997,0.4098,-0.34,-0.0417,-0.3378,0.3477,-0.9533,0.2749,-0.7681,0.2703,-0.9533,0.2749
23156,P,75146,400873,0.3071,0.2784,0.3082,0.0953,0.4086,-0.34,-0.0329,2.5511,0.6003,2.7507,0.255,2.8343,0.2453,2.7507,0.255
23157,P,75399,409773,0.3027,0.2642,0.3037,0.0957,0.4139,-0.34,-0.0373,-0.1914,0.4205,0.5021,0.1303,0.515,0.1296,0.5021,0.1303
23158,P,75630,407188,0.2982,0.2615,0.2994,0.0986,0.411,-0.34,-0.0418,0.79,0.7124,0.1865,0.4474,0.102,0.3385,0.1865,0.4474
23159,P,75740,408037,0.298,0.2706,0.2966,0.0991,0.4107,-0.34,-0.042,0.3118,0.4507,nan,nan,nan,nan,nan,nan
23160,P,75619,411750,0.304,0.274,0.298,0.0973,0.411,-0.34,-0.036,-0.6,0.116,-2.3951,0.1254,-2.3347,0.1312,-2.3951,0.1254
23161,P,75502,398985,0.3026,0.2739,0.302,0.099,0.4133,-0.34,-0.0374,nan,nan,-0.5884,0.3693,3.0063,0.2386,-0.5884,0.3693
23162,P,119858,633945,0.3049,0.2731,0.3042,0.0965,0.4104,-0.34,-0.0351,1.9099,1.1812,nan,nan,nan,nan,nan,nan
23164,P,75405,395413,0.3071,0.2778,0.3028,0.099,0.4135,-0.34,-0.0329,nan,nan,2.7622,0.0825,2.6556,0.1536,2.7623,0.0825
23166,P,75284,396938,0.31,0.2737,0.3107,0.0977,0.4113,-0.34,-0.03,0.5058,0.4503,0.4766,0.289,0.4806,0.2148,0.4766,0.289
23167,P,75559,407206,0.3087,0.2713,0.3043,0.0951,0.4107,-0.34,-0.0313,0.4153,0.2702,0.3961,0.2563,0.4256,0.2415,0.3961,0.2563
23168,P,75618,408000,0.3079,0.2681,0.3056,0.0956,0.4097,-0.34,-0.0321,-0.5211,1.1636,nan,nan,nan,nan,nan,nan
23169,P,75495,388530,0.3045,0.2706,0.3025,0.0982,0.4113,-0.34,-0.0355,-0.2582,0.3794,nan,nan,3.1098,0.2395,nan,nan
23170,P,75571,387757,0.3024,0.2676,0.3028,0.0979,0.4086,-0.34,-0.0376,nan,nan,-0.8266,0.1518,-0.7408,0.152,-0.8266,0.1518
23171,P,75219,401671,0.3095,0.2791,0.3072,0.0955,0.4099,-0.34,-0.0305,0.6069,1.1578,0.0774,0.1698,0.1564,0.1605,0.0765,0.1715
23172,P,75435,405734,0.3044,0.2671,0.3035,0.0975,0.4109,-0.34,-0.0356,2.6416,0.8913,nan,nan,0.4451,0.5077,nan,nan
23173,P,75484,404642,0.3018,0.2634,0.2999,0.0951,0.4093,-0.34,-0.0382,-0.827,0.8457,nan,nan,nan,nan,nan,nan
23174,P,75498,382201,0.3111,0.2763,0.3103,0.0963,0.407,-0.34,-0.0289,0.6306,0.4975,0.4674,0.2714,0.4802,0.297,0.4674,0.2714
23175,P,75403,420794,0.3037,0.2704,0.3073,0.0965,0.4113,-0.34,-0.0363,-3.1727,0.5372,-0.0562,0.1658,nan,nan,-0.0562,0.1658
23176,P,75472,410595,0.3121,0.2775,0.3114,0.0973,0.4117,-0.34,-0.0279,0.2351,0.2034,0.3656,0.1992,0.3579,0.2015,0.3656,0.1992
23177,P,75328,409382,0.3055,0.2734,0.3077,0.0951,0.4095,-0.34,-0.0345,0.7817,0.2401,1.0732,0.6028,0.8697,0.3468,1.0732,0.6028
23178,P,75521,399833,0.311,0.2785,0.3102,0.0965,0.4127,-0.34,-0.029,nan,nan,nan,nan,nan,nan,nan,nan
23179,P,75397,400548,0.3061,0.2778,0.309,0.098,0.4103,-0.34,-0.0339,nan,nan,nan,nan,nan,nan,nan,nan
23180,P,75222,410068,0.305,0.2683,0.3002,0.0958,0.4085,-0.34,-0.035,-0.1835,0.4402,0.2335,0.1996,0.232,0.1671,0.2335,0.1996
23181,P,75489,400526,0.304,0.2748,0.3026,0.0964,0.4095,-0.34,-0.036,2.5889,0.7798,0.1237,0.0807,0.1256,0.0835,0.1237,0.0807
23182,P,75696,396113,0.3036,0.2747,0.3096,0.098,0.4106,-0.34,-0.0364,0.1228,0.5981,nan,nan,0.0991,0.5324,nan,nan
23183,P,75515,410306,0.309,0.277,0.3044,0.0948,0.4105,-0.34,-0.031,1.1382,1.0935,0.4401,0.1641,0.4978,0.1504,0.4401,0.1641
23184,P,75537,386135,0.3065,0.2757,0.3065,0.0947,0.406,-0.34,-0.0335,0.5336,0.8332,0.3553,0.2167,0.3845,0.2068,0.3553,0.2167
23185,P,75421,398831,0.3082,0.2847,0.3062,0.0978,0.41,-0.34,-0.0318,nan,nan,1.2535,0.0268,1.2446,0.0293,1.2535,0.0268
23186,P,75418,402127,0.3076,0.2702,0.3046,0.0965,0.4098,-0.34,-0.0324,1.5317,0.6241,0.3171,0.1748,0.3012,0.1819,0.3171,0.1748
23187,P,75681,388707,0.3051,0.2648,0.3056,0.0954,0.4079,-0.34,-0.0349,0.769,0.3257,0.9093,0.2527,0.9204,0.3667,0.9093,0.2527
23188,P,75669,398996,0.3031,0.2723,0.2993,0.0956,0.4127,-0.34,-0.0369,0.7208,1.224,0.7153,0.1852,0.735,0.2099,0.7153,0.1852
23189,P,75251,404020,0.3124,0.2755,0.3131,0.0967,0.4105,-0.34,-0.0276,2.3182,5.0998,0.5688,0.4203,1.1424,2.752,0.5688,0.4203
23190,P,75421,391087,0.3025,0.2679,0.298,0.0975,0.409,-0.34,-0.0375,1.8641,2.5053,0.4815,0.2579,0.4715,0.2888,0.4704,0.27
23191,P,98581,429377,0.3945,0.3584,0.3941,0.0948,0.4953,-0.34,0.0545,0.8838,0.177,0.9507,0.1702,0.853,0.1667,0.9507,0.1702
23193,P,75649,399545,0.3569,0.3131,0.3482,0.0956,0.4138,-0.34,0.0169,0.6006,0.185,0.5679,0.1176,0.5464,0.1192,0.5679,0.1176
23194,P,75691,405008,0.357,0.318,0.3525,0.0975,0.4087,-0.34,0.017,0.7992,0.5853,nan,nan,0.441,0.8817,nan,nan
23195,P,75287,392671,0.3606,0.3336,0.3595,0.0973,0.4085,-0.34,0.0206,0.7435,0.743,0.4406,0.0786,0.4132,0.0806,0.4406,0.0786
23196,P,75394,385488,0.3645,0.3233,0.3602,0.0951,0.4111,-0.34,0.0245,nan,nan,3.4068,0.5725,nan,nan,3.4068,0.5725
23197,P,75397,382896,0.3558,0.3274,0.3555,0.0969,0.4145,-0.34,0.0158,-0.2354,0.4112,1.3864,23.3297,nan,nan,1.3864,23.3297
23198,P,75574,385970,0.366,0.3245,0.3631,0.0985,0.4117,-0.34,0.026,0.4148,0.6531,0.9963,0.5868,nan,nan,0.9963,0.5868
23199,P,75600,381825,0.3563,0.3231,0.3549,0.0998,0.4117,-0.34,0.0163,1.6364,0.3769,0.7871,0.1747,0.7557,0.1703,0.7871,0.1747
23200,P,75361,417763,0.3667,0.3317,0.3676,0.1,0.4105,-0.34,0.0267,0.5841,0.3501,nan,nan,0.652,0.1976,nan,nan
23201,P,75263,416644,0.3616,0.3276,0.363,0.0957,0.4108,-0.34,0.0216,-0.0778,0.2417,0.0087,0.2934,-0.1123,0.3508,0.0087,0.2934
23202,P,58683,325261,0.3658,0.3352,0.3636,0.0925,0.4181,-0.34,0.0258,-2.0738,0.2765,nan,nan,nan,nan,nan,nan
23203,P,75336,418539,0.369,0.3382,0.3788,0.0941,0.4144,-0.34,0.029,nan,nan,0.377,0.0769,0.3093,0.0833,0.377,0.0769
23204,P,75606,410839,0.3712,0.3337,0.3624,0.0949,0.4137,-0.34,0.0312,nan,nan,0.0954,0.3156,0.2,0.4313,0.0954,0.3156
23205,P,75476,414092,0.3589,0.3155,0.3578,0.0979,0.4122,-0.34,0.0189,-0.1888,0.5356,nan,nan,nan,nan,nan,nan
23206,P,123862,697598,0.3673,0.3261,0.3671,0.0962,0.412,-0.34,0.0273,0.9434,0.6907,0.2494,0.2437,0.4207,0.3499,0.2494,0.2437
23207,P,75664,431877,0.3121,0.2847,0.3114,0.0966,0.4113,-0.34,-0.0279,0.8725,0.0801,0.7555,0.1656,0.7353,0.2008,0.7555,0.1656
23208,P,75473,433183,0.3106,0.277,0.3085,0.0949,0.4092,-0.34,-0.0294,nan,nan,0.0875,1.2394,-0.0181,0.6151,0.0875,1.2394
23209,P,75516,428240,0.3107,0.2849,0.3114,0.1008,0.4081,-0.34,-0.0293,0.7116,3.477,0.2564,0.188,0.2527,0.1812,0.2564,0.188
23210,P,75352,423113,0.3139,0.2865,0.309,0.0938,0.4085,-0.34,-0.0261,-0.4535,0.9462,-0.4928,0.2526,-3.0961,0.5204,-0.4928,0.2526
23211,P,75615,413671,0.3127,0.2795,0.3122,0.0962,0.4098,-0.34,-0.0273,nan,nan,nan,nan,1.7704,3.8066,nan,nan
23212,P,75620,413388,0.316,0.2923,0.311,0.096,0.4096,-0.34,-0.024,-0.0895,0.2262,-0.1975,0.1113,-0.1929,0.1074,-0.1975,0.1113
23213,P,125400,699858,0.3078,0.2737,0.3055,0.0964,0.4115,-0.34,-0.0322,2.0437,0.423,nan,nan,nan,nan,nan,nan
23216,P,75173,417949,0.3187,0.2768,0.3108,0.0934,0.4086,-0.34,-0.0213,-0.6746,0.5923,0.1955,0.2061,0.1592,0.29,0.1955,0.2061
23217,P,75517,417372,0.3063,0.2743,0.3092,0.0977,0.4109,-0.34,-0.0337,nan,nan,1.8447,13.8963,nan,nan,nan,nan
23218,P,75282,414614,0.3152,0.2909,0.3161,0.0987,0.4085,-0.34,-0.0248,1.6621,0.8303,1.6896,0.3425,1.6337,0.2336,1.6896,0.3425
23219,P,75808,420570,0.3073,0.2686,0.3077,0.0989,0.4148,-0.34,-0.0327,nan,nan,0.2012,0.0625,0.2133,0.0448,0.2012,0.0625
23220,P,75258,412464,0.3174,0.2796,0.3183,0.0952,0.4078,-0.34,-0.0226,1.0179,0.4333,0.2603,0.1045,0.2959,0.1115,0.2603,0.1045
23221,P,75223,405161,0.308,0.2706,0.3043,0.0936,0.4088,-0.34,-0.032,0.9838,2.3552,0.3763,0.0715,0.4048,0.0929,0.3763,0.0715
23222,P,75731,411774,0.3412,0.3004,0.3333,0.0973,0.4078,-0.34,0.0012,nan,nan,2.887,0.0373,2.8536,0.0281,2.887,0.0373
23223,P,75134,403133,0.3576,0.3313,0.3589,0.0942,0.4104,-0.34,0.0176,2.3961,0.5792,nan,nan,2.2983,0.2886,nan,nan
23224,P,75522,401087,0.371,0.3371,0.367,0.0948,0.4126,-0.34,0.031,1.3301,0.5682,1.1937,0.2063,1.1352,0.3065,1.1937,0.2063
23225,P,75768,411447,0.3587,0.3282,0.3583,0.0984,0.4116,-0.34,0.0187,0.0114,0.4344,0.6999,1.2676,nan,nan,0.6999,1.2676
23227,P,44058,15261,0.3491,0.2797,0.3475,0.0957,0.4037,-0.34,0.0091,1.2725,0.3421,0.4182,0.2185,nan,nan,0.4182,0.2185
23228,P,75668,381169,0.3707,0.3348,0.3693,0.0944,0.411,-0.34,0.0307,1.0638,0.6256,nan,nan,nan,nan,nan,nan
23229,P,75630,363153,0.3605,0.323,0.3641,0.0963,0.4119,-0.34,0.0205,-1.5406,0.4536,nan,nan,nan,nan,nan,nan
23230,P,75678,355559,0.3663,0.3352,0.3652,0.0978,0.4117,-0.34,0.0263,nan,nan,nan,nan,2.5979,0.1964,nan,nan
23231,P,75735,370562,0.3599,0.3249,0.3601,0.0968,0.4177,-0.34,0.0199,nan,nan,nan,nan,0.8264,0.4586,nan,nan
23232,P,75832,367558,0.3692,0.3338,0.3662,0.096,0.4115,-0.34,0.0292,nan,nan,0.3884,0.5725,-1.6161,0.0732,0.3884,0.5725
23233,P,75817,369126,0.3624,0.3244,0.3661,0.0972,0.414,-0.34,0.0224,1.1699,1.2366,nan,nan,0.4652,0.2018,nan,nan
23234,P,99100,420609,0.4039,0.3724,0.4014,0.0907,0.4939,-0.34,0.0639,-0.1684,0.8597,0.4411,1.3439,0.0743,0.383,0.4411,1.3439
23236,P,75884,372404,0.3694,0.3338,0.3686,0.0958,0.4103,-0.34,0.0294,0.183,0.3424,-0.0232,0.1963,-0.0194,0.2387,-0.0232,0.1963
23237,P,75783,369810,0.3575,0.333,0.3589,0.0969,0.4114,-0.34,0.0175,nan,nan,0.2482,0.0603,0.2579,0.1924,0.2482,0.0603
23238,P,75454,376596,0.3615,0.3401,0.3643,0.0969,0.4275,-0.34,0.0215,-0.0622,0.4046,0.2437,0.2264,0.2511,0.2247,0.2437,0.2264
23239,P,75702,364481,0.361,0.3365,0.3568,0.0975,0.41,-0.34,0.021,0.0093,0.1574,0.2094,0.2628,0.0734,0.1987,0.2094,0.2628
23240,P,76024,376893,0.3611,0.3288,0.3629,0.0981,0.4133,-0.34,0.0211,0.7367,0.387,0.6671,0.1262,0.6298,0.1267,0.6671,0.1262
23241,P,75388,369256,0.3628,0.3246,0.3599,0.0936,0.4104,-0.34,0.0228,-0.0899,0.206,0.1535,0.2223,0.0633,0.2159,0.1535,0.2223
23242,P,75703,374624,0.3627,0.3306,0.3618,0.099,0.4115,-0.34,0.0227,0.9035,0.4462,0.4845,0.5721,nan,nan,0.4845,0.5721
23243,P,75890,370396,0.3248,0.2868,0.3248,0.1011,0.4101,-0.34,-0.0152,0.1301,0.9317,0.3455,0.1619,0.3486,0.1863,0.3455,0.1619
23244,P,75594,364370,0.3124,0.2783,0.3187,0.0949,0.4196,-0.34,-0.0276,1.8615,0.5871,0.9769,0.5259,nan,nan,0.9769,0.5259
23245,P,75796,374544,0.317,0.2864,0.3111,0.0961,0.4092,-0.34,-0.023,2.7872,1.4576,2.7325,0.7013,2.7498,0.8393,2.7325,0.7013
23246,P,75811,371060,0.3068,0.2709,0.3084,0.0955,0.4113,-0.34,-0.0332,-0.133,0.3866,0.3752,0.4411,0.4053,0.3565,0.3752,0.4411
23247,P,75483,366458,0.3085,0.2806,0.3069,0.1002,0.4117,-0.34,-0.0315,nan,nan,nan,nan,nan,nan,nan,nan
23252,P,77161,0,0.2929,0.2405,0.2941,0.0943,0.4019,-0.34,-0.0471,nan,nan,nan,nan,nan,nan,nan,nan
23253,P,9582,0,0.2741,0.228,0.2726,0.0962,0.3921,-0.34,-0.0659,nan,nan,nan,nan,nan,nan,nan,nan
23255,P,75470,393725,0.3013,0.274,0.3028,0.1007,0.4141,-0.34,-0.0387,-0.1928,2.6572,nan,nan,-0.0419,0.2943,nan,nan
23256,P,75885,379740,0.3053,0.2706,0.303,0.0974,0.4109,-0.34,-0.0347,-0.5368,0.4446,0.0011,0.5135,nan,nan,0.0011,0.5135
23257,P,75520,363541,0.3052,0.2732,0.3083,0.0933,0.41,-0.34,-0.0348,0.1218,0.4729,-0.3375,1.7116,0.0675,0.5071,-0.3375,1.7116
23258,P,75907,356667,0.3063,0.2761,0.3075,0.0971,0.4103,-0.34,-0.0337,nan,nan,-0.2407,0.0866,nan,nan,-0.2407,0.0866
23259,P,75403,453736,0.3026,0.2659,0.3025,0.0989,0.4099,-0.34,-0.0374,1.9496,2.2296,0.2304,0.2384,0.2958,0.1923,0.2304,0.2384
23261,P,75056,444716,0.3063,0.279,0.3053,0.0965,0.4104,-0.34,-0.0337,2.8198,0.6781,1.2571,0.2721,1.2935,0.2797,1.2571,0.2721
23262,P,75403,436021,0.3043,0.2702,0.3032,0.0989,0.4115,-0.34,-0.0357,1.4244,0.5284,nan,nan,nan,nan,nan,nan
23263,P,75520,434608,0.3069,0.2761,0.3047,0.0966,0.4091,-0.34,-0.0331,1.7098,4.1016,nan,nan,2.0371,0.7768,nan,nan
23264,P,75180,434206,0.3044,0.2746,0.3035,0.0991,0.4056,-0.34,-0.0356,0.4161,0.2629,0.4036,0.1032,0.4016,0.0886,0.4036,0.1032
23265,P,75396,430141,0.3073,0.2743,0.3074,0.0976,0.4096,-0.34,-0.0327,-1.5728,0.3993,nan,nan,nan,nan,nan,nan
23266,P,14098,79019,0.3061,0.2687,0.3053,0.0964,0.409,-0.34,-0.0339,nan,nan,-0.4668,0.1917,-0.477,0.1685,-0.4668,0.1917
23267,P,121420,699332,0.3632,0.327,0.3599,0.0963,0.4122,-0.34,0.0232,1.6702,0.5709,nan,nan,nan,nan,nan,nan
23269,P,75274,431721,0.3642,0.3334,0.3618,0.0958,0.411,-0.34,0.0242,-0.6212,0.3928,-1.2318,0.0946,-1.2607,0.1084,-1.2318,0.0946
23270,P,75974,430349,0.3656,0.3248,0.367,0.0946,0.4106,-0.34,0.0256,-0.5435,0.2176,0.0591,0.0756,0.0195,0.0785,0.0591,0.0756
23271,P,75698,386310,0.3637,0.3247,0.3646,0.097,0.411,-0.34,0.0237,-0.221,0.5915,nan,nan,nan,nan,nan,nan
23272,P,75491,378720,0.3583,0.3312,0.3616,0.0957,0.4114,-0.34,0.0183,nan,nan,0.1721,0.0834,0.1735,0.0833,0.1721,0.0834
23273,P,75801,381404,0.3704,0.3383,0.3805,0.094,0.4104,-0.34,0.0304,nan,nan,0.6887,0.256,nan,nan,0.6887,0.256
23274,P,75758,381557,0.3621,0.3241,0.363,0.0933,0.4119,-0.34,0.0221,nan,nan,0.3523,0.3265,0.258,0.3977,0.3523,0.3265
23275,P,75312,375938,0.3628,0.335,0.3568,0.0958,0.4121,-0.34,0.0228,0.3408,0.193,0.2171,0.2837,0.1259,0.3544,0.2171,0.2837
23276,P,75100,427242,0.3644,0.3236,0.3648,0.0956,0.411,-0.34,0.0244,3.1374,0.3622,nan,nan,nan,nan,nan,nan
23277,P,75504,395516,0.3599,0.3186,0.3569,0.096,0.4114,-0.34,0.0199,1.6564,0.4139,nan,nan,1.4889,0.3472,nan,nan
23278,P,75453,390532,0.3686,0.333,0.3718,0.0979,0.4115,-0.34,0.0286,1.3153,0.2838,0.9986,0.1618,0.9334,0.16,0.9986,0.1618
23279,P,75602,385223,0.3641,0.3263,0.3647,0.097,0.4119,-0.34,0.0241,-0.0573,0.2575,0.2441,0.1781,0.1761,0.1773,0.2441,0.1781
23280,P,75828,387373,0.3624,0.3342,0.3641,0.0957,0.4106,-0.34,0.0224,-0.302,0.2688,-0.0349,0.1867,0.503,1.1385,0.0667,0.3736
23281,P,75639,374633,0.3628,0.3253,0.3607,0.0939,0.4101,-0.34,0.0228,-0.0075,0.3432,0.0933,0.3514,0.0985,0.4339,0.0933,0.3514
23282,P,98906,418316,0.3965,0.3649,0.3981,0.095,0.4933,-0.34,0.0565,nan,nan,0.6807,0.1823,0.6906,0.1997,0.6807,0.1823
23284,P,75861,381828,0.3619,0.3246,0.3599,0.0951,0.4096,-0.34,0.0219,nan,nan,0.4452,0.2408,0.41,0.263,0.4452,0.2408
23285,P,75426,367744,0.364,0.3293,0.3637,0.0973,0.4115,-0.34,0.024,1.1621,0.4898,0.1544,0.1665,0.2065,0.1954,0.1544,0.1665
23286,P,75976,373804,0.3627,0.3272,0.3592,0.0984,0.4116,-0.34,0.0227,0.5653,0.4719,0.1051,0.8883,0.1936,1.0326,0.1051,0.8883
23287,P,75559,100,0.3659,0.335,0.3628,0.0966,0.4092,-0.34,0.0259,nan,nan,nan,nan,nan,nan,nan,nan
23288,P,75767,378597,0.365,0.3335,0.3598,0.0981,0.4116,-0.34,0.025,-0.3647,0.3852,nan,nan,nan,nan,nan,nan
23289,P,75767,377732,0.3634,0.3297,0.3681,0.0952,0.4129,-0.34,0.0234,-1.8594,0.0985,1.0383,0.2746,0.9856,0.233,1.0383,0.2746
23290,P,75411,369859,0.3616,0.323,0.3631,0.0978,0.4125,-0.34,0.0216,nan,nan,nan,nan,nan,nan,nan,nan
23291,P,75492,365721,0.3654,0.3293,0.3627,0.0957,0.4097,-0.34,0.0254,0.7503,0.7029,0.3918,0.9416,1.5921,8.7241,0.3918,0.9416
23292,P,75834,371720,0.3622,0.3245,0.3632,0.0977,0.4125,-0.34,0.0222,0.2215,0.2076,0.2116,0.1345,0.1902,0.127,0.2116,0.1345
23293,P,75381,373932,0.3661,0.3362,0.3667,0.0977,0.4102,-0.34,0.0261,-0.2314,0.1126,-0.2573,0.2947,-0.3172,0.2615,-0.2573,0.2947
23294,P,75296,373206,0.3699,0.3332,0.3676,0.0968,0.4122,-0.34,0.0299,nan,nan,0.7854,0.06,0.763,0.0735,0.7854,0.06
23295,P,75605,365909,0.3647,0.3356,0.3673,0.097,0.4111,-0.34,0.0247,-0.6722,0.3727,-0.7505,0.3566,-0.5361,0.2638,-0.7505,0.3566
23296,P,75869,359339,0.37,0.3374,0.371,0.0968,0.4123,-0.34,0.03,0.6634,0.1062,0.587,0.1774,0.6398,0.2473,0.587,0.1774
23297,P,76222,357250,0.3711,0.3428,0.3698,0.0944,0.4147,-0.34,0.0311,nan,nan,nan,nan,nan,nan,nan,nan
23298,P,75774,353076,0.3724,0.3406,0.3677,0.0976,0.4128,-0.34,0.0324,nan,nan,-1.4529,0.2114,0.6658,0.1548,-1.4529,0.2114
23299,P,75724,353335,0.3637,0.3257,0.361,0.0946,0.4113,-0.34,0.0237,0.5139,0.4793,0.0874,0.0352,0.1792,0.1645,0.0874,0.0352
23300,P,75889,353436,0.3677,0.3442,0.373,0.1008,0.4122,-0.34,0.0277,1.4472,1.3024,0.3036,0.3407,0.253,0.3329,0.3036,0.3407
23301,P,75992,365495,0.3605,0.3288,0.3557,0.0989,0.4113,-0.34,0.0205,0.2239,0.523,-0.0053,0.3391,0.0163,0.306,-0.0053,0.3391
23302,P,75893,361731,0.3705,0.3356,0.3733,0.0984,0.4108,-0.34,0.0305,nan,nan,0.5846,0.0947,0.5869,0.1155,0.5846,0.0947
23303,P,75649,384782,0.3626,0.3343,0.3594,0.0911,0.4202,-0.34,0.0226,0.7865,0.7075,0.3584,0.1005,0.3348,0.1026,0.3584,0.1005
23304,P,75880,386663,0.3621,0.3274,0.3649,0.0948,0.411,-0.34,0.0221,nan,nan,0.6652,0.9419,nan,nan,0.6652,0.9419
23305,P,76000,384279,0.3642,0.3217,0.3628,0.0947,0.412,-0.34,0.0242,0.2668,0.3892,0.1798,0.6162,0.2377,0.2405,0.1798,0.6162
23306,P,75581,380865,0.3585,0.3321,0.3613,0.0978,0.4144,-0.34,0.0185,0.7662,0.3103,0.913,0.5633,0.75,0.2849,0.913,0.5633
23308,P,75046,405084,0.3116,0.2848,0.3157,0.097,0.4101,-0.34,-0.0284,-0.073,0.1895,0.3744,0.2497,0.3766,0.2261,0.3744,0.2497
23309,P,75928,347735,0.3144,0.2899,0.3155,0.0944,0.4099,-0.34,-0.0256,0.6727,0.2046,0.6464,0.2118,0.7105,0.2259,0.6464,0.2118
23310,P,121674,540374,0.3086,0.2799,0.3102,0.0979,0.4108,-0.34,-0.0314,nan,nan,nan,nan,0.1683,0.2769,nan,nan
23312,P,75715,345923,0.3076,0.2826,0.3064,0.0969,0.4111,-0.34,-0.0324,nan,nan,0.0519,0.4189,0.2301,0.4243,0.0519,0.4189
23313,P,75753,342155,0.305,0.2667,0.3048,0.0987,0.4111,-0.34,-0.035,nan,nan,0.4449,0.2004,nan,nan,0.4449,0.2004
23314,P,76050,338423,0.3163,0.2808,0.3175,0.0956,0.4106,-0.34,-0.0237,nan,nan,0.2909,0.2679,nan,nan,0.2909,0.2679
23315,P,75624,342737,0.3164,0.2862,0.3127,0.0972,0.411,-0.34,-0.0236,nan,nan,0.3446,0.1722,0.3875,0.1881,0.3446,0.1722
23317,P,75906,335873,0.3103,0.2834,0.3132,0.1015,0.4123,-0.34,-0.0297,-0.4281,0.2287,nan,nan,-0.2499,0.3075,nan,nan
23318,P,75905,342708,0.3199,0.2787,0.3144,0.0972,0.4094,-0.34,-0.0201,1.5609,0.9971,2.7998,0.0851,2.8221,0.081,2.7998,0.0851
23319,P,75858,339452,0.3151,0.2775,0.3149,0.0971,0.411,-0.34,-0.0249,2.6161,2.5674,nan,nan,0.2787,0.3776,nan,nan
23320,P,75674,335982,0.3155,0.2843,0.3142,0.0966,0.4111,-0.34,-0.0245,1.8612,2.0827,-1.7293,0.0638,nan,nan,-1.7293,0.0638
23321,P,75925,375633,0.3117,0.2776,0.3188,0.0966,0.4196,-0.34,-0.0283,nan,nan,0.0245,0.9274,-0.6339,0.0419,0.0245,0.9274
23322,P,75980,388370,0.3196,0.2903,0.3175,0.098,0.4097,-0.34,-0.0204,0.6196,0.4381,1.0821,1.2975,nan,nan,1.0821,1.2975
23323,P,75767,391112,0.3226,0.2853,0.313,0.0957,0.4124,-0.34,-0.0174,-2.5515,0.1749,1.1557,0.5094,0.8373,0.2522,1.1557,0.5094
23324,P,75625,379211,0.3152,0.2788,0.2993,0.1002,0.4103,-0.34,-0.0248,1.316,1.0247,0.271,0.0888,0.2747,0.0739,0.271,0.0888
23325,P,75616,392248,0.3682,0.3326,0.3677,0.0956,0.4132,-0.34,0.0282,1.198,1.1154,nan,nan,nan,nan,nan,nan
23326,P,75808,370108,0.3609,0.3288,0.3645,0.1011,0.4124,-0.34,0.0209,nan,nan,0.2014,0.537,nan,nan,0.2014,0.537
23327,P,75773,370639,0.3728,0.3393,0.3703,0.0964,0.4105,-0.34,0.0328,1.3687,0.5018,nan,nan,1.1516,0.4476,nan,nan
23328,P,75935,368998,0.3738,0.3352,0.3782,0.0931,0.4107,-0.34,0.0338,1.2314,1.2941,0.3489,0.1641,0.3397,0.1656,0.3489,0.1641
23329,P,76286,377800,0.3668,0.333,0.3628,0.0953,0.4102,-0.34,0.0268,2.5287,0.4111,2.4322,0.1653,2.4207,0.1848,2.4322,0.1653
23330,P,76009,372517,0.363,0.3319,0.3647,0.0982,0.4151,-0.34,0.023,-1.1428,0.9161,-0.136,0.2302,-0.1946,0.2207,-0.136,0.2302
23331,P,75863,368298,0.3654,0.3304,0.3641,0.098,0.4145,-0.34,0.0254,3.3872,0.5306,-1.3118,0.6828,-2.8332,0.4929,-1.3118,0.6828
23332,P,75748,365916,0.3627,0.3437,0.3609,0.1008,0.4126,-0.34,0.0227,1.0037,0.7028,1.0384,0.1734,0.9945,0.1454,1.0384,0.1734
23333,P,75818,360788,0.3687,0.3306,0.3733,0.0938,0.4102,-0.34,0.0287,1.1948,0.4931,0.3154,0.6302,nan,nan,0.3154,0.6302
23334,P,75554,357407,0.3681,0.335,0.3613,0.0963,0.4145,-0.34,0.0281,nan,nan,0.4677,0.2286,0.4844,0.195,0.4677,0.2286
23335,P,75794,360021,0.3626,0.3331,0.3647,0.1026,0.412,-0.34,0.0226,nan,nan,0.3515,0.0813,0.3064,0.1252,0.3515,0.0813
23336,P,99037,398931,0.4066,0.3648,0.4106,0.0928,0.4933,-0.34,0.0666,nan,nan,1.1095,0.4405,nan,nan,1.1095,0.4405
23338,P,75766,360813,0.3718,0.3349,0.3741,0.0965,0.4124,-0.34,0.0318,1.552,0.7212,1.7322,0.4515,1.7223,0.3142,1.7322,0.4515
23339,P,75877,356349,0.3697,0.3323,0.363,0.0966,0.4103,-0.34,0.0297,nan,nan,0.7408,0.1975,0.6726,0.2331,0.7408,0.1975
23340,P,75798,356350,0.3691,0.3319,0.3742,0.0989,0.4124,-0.34,0.0291,2.1502,0.8237,0.9338,1.1213,nan,nan,0.9338,1.1213
23341,P,76334,364878,0.3654,0.3337,0.3641,0.1003,0.4152,-0.34,0.0254,nan,nan,nan,nan,-0.1033,0.5122,nan,nan
23342,P,76057,355485,0.3622,0.3227,0.3562,0.0957,0.4103,-0.34,0.0222,0.1633,0.0507,nan,nan,nan,nan,nan,nan
23343,P,75923,357606,0.3706,0.3404,0.3773,0.096,0.4099,-0.34,0.0306,0.4979,0.3914,nan,nan,0.6874,0.1671,nan,nan
23344,P,75836,356111,0.3704,0.3395,0.3689,0.0942,0.4118,-0.34,0.0304,-0.3783,0.3174,-0.3479,0.5736,-0.4337,0.5345,-0.3479,0.5736
23345,P,75728,351499,0.3635,0.3334,0.3625,0.0991,0.4138,-0.34,0.0235,2.1636,0.7208,0.3028,0.106,0.2672,0.1264,0.3028,0.106
23346,P,76103,359005,0.3685,0.3237,0.3678,0.0988,0.4095,-0.34,0.0285,1.1821,0.3405,0.9714,0.1634,0.982,0.1847,0.9714,0.1634
23348,P,75928,356762,0.3653,0.3318,0.3666,0.0954,0.4108,-0.34,0.0253,-0.0567,0.9079,0.242,0.2189,0.2313,0.284,0.242,0.2189
23349,P,75953,352519,0.3736,0.3438,0.3744,0.0972,0.4136,-0.34,0.0336,1.1583,1.265,0.7857,0.1519,0.7884,0.1762,0.7857,0.1519
23350,P,75864,357796,0.3673,0.3289,0.3638,0.0952,0.4122,-0.34,0.0273,0.0581,0.5013,nan,nan,nan,nan,nan,nan
23351,P,76125,360658,0.3721,0.334,0.3675,0.0993,0.4114,-0.34,0.0321,0.929,0.5435,0.3017,0.1649,0.2569,0.1973,0.3017,0.1649
23352,P,76113,374064,0.3669,0.3329,0.3584,0.0967,0.4116,-0.34,0.0269,0.002,0.4627,nan,nan,nan,nan,nan,nan
23353,P,75829,370180,0.3723,0.3407,0.379,0.1005,0.4147,-0.34,0.0323,2.5416,0.2038,nan,nan,2.8073,0.3336,nan,nan
23354,P,75818,373336,0.3647,0.3338,0.3593,0.0961,0.4143,-0.34,0.0247,0.6878,0.3001,nan,nan,0.5152,0.3985,nan,nan
23355,P,75872,368004,0.3676,0.3323,0.3613,0.0984,0.4126,-0.34,0.0276,0.1543,0.2499,0.4095,0.097,0.4214,0.0981,0.4095,0.097
23356,P,33408,172996,0.3678,0.3368,0.3714,0.0997,0.4117,-0.34,0.0278,1.1122,0.424,0.8137,1.7105,0.9628,0.0558,0.8137,1.7105
23357,P,75810,385450,0.3667,0.3309,0.3675,0.0967,0.4121,-0.34,0.0267,nan,nan,0.5588,0.1646,1.0416,0.2744,0.5588,0.1646
23358,P,75692,380531,0.3154,0.2792,0.3193,0.0976,0.4093,-0.34,-0.0246,1.2595,0.4275,0.178,0.1356,0.2129,0.1315,0.178,0.1356
23359,P,75640,372833,0.3202,0.2902,0.32,0.0979,0.4109,-0.34,-0.0198,-0.1584,0.4287,3.7293,0.2203,nan,nan,3.7293,0.2203
23360,P,75549,352264,0.3209,0.2912,0.3182,0.0963,0.4124,-0.34,-0.0191,2.7741,0.3283,nan,nan,nan,nan,nan,nan
23361,P,123674,601694,0.3201,0.2908,0.3229,0.0973,0.4129,-0.34,-0.0199,2.5702,0.5518,nan,nan,-1.0624,0.3877,nan,nan
23363,P,76039,363478,0.3167,0.2896,0.3152,0.0988,0.4106,-0.34,-0.0233,nan,nan,0.3561,0.3218,0.2992,0.2712,0.3561,0.3218
23364,P,75575,366654,0.3193,0.2893,0.3196,0.0961,0.4108,-0.34,-0.0207,0.8925,0.186,1.3308,0.6456,1.0129,0.7685,1.3308,0.6456
23365,P,75807,352637,0.3203,0.2891,0.3163,0.0952,0.412,-0.34,-0.0197,2.482,0.8113,nan,nan,nan,nan,nan,nan
23366,P,75948,352878,0.3187,0.2787,0.3176,0.0947,0.4105,-0.34,-0.0213,1.9597,0.5005,2.88,0.0556,2.7399,0.2935,2.88,0.0556
23367,P,75937,360274,0.3175,0.2948,0.3162,0.0961,0.4099,-0.34,-0.0225,nan,nan,2.8292,0.1708,2.914,0.2114,2.8292,0.1708
23368,P,76042,350466,0.3172,0.2819,0.3169,0.0979,0.4095,-0.34,-0.0228,-1.162,0.3652,nan,nan,2.2453,0.0885,nan,nan
23369,P,76404,362941,0.3102,0.2777,0.3117,0.0979,0.4095,-0.34,-0.0298,1.7319,0.9169,nan,nan,nan,nan,nan,nan
23370,P,76076,364978,0.3195,0.2881,0.3249,0.0952,0.4104,-0.34,-0.0205,-2.2974,0.0719,0.6213,0.1012,0.6491,0.1145,0.6213,0.1012
23371,P,75791,359658,0.32,0.2871,0.3157,0.0955,0.4104,-0.34,-0.02,1.7267,0.7414,nan,nan,nan,nan,nan,nan
23372,P,75756,350069,0.3233,0.2835,0.3214,0.0969,0.4105,-0.34,-0.0167,0.2047,0.4058,-0.0732,0.2266,-0.0896,0.182,-0.0732,0.2266
23373,P,75745,379097,0.3174,0.2845,0.3212,0.0977,0.4132,-0.34,-0.0226,nan,nan,nan,nan,1.08,0.5353,nan,nan
23374,P,76091,368387,0.3164,0.2961,0.3147,0.0954,0.4113,-0.34,-0.0236,3.2376,3.2761,1.4755,1.7793,1.2254,0.3039,1.4755,1.7793
23375,P,75759,357515,0.363,0.3281,0.3579,0.0996,0.4132,-0.34,0.023,3.1442,0.5289,2.6951,0.2483,2.7523,0.3669,2.6951,0.2483
23376,P,76032,363547,0.3704,0.3385,0.3688,0.0934,0.4128,-0.34,0.0304,0.9907,1.0661,nan,nan,nan,nan,nan,nan
23378,P,76099,363631,0.3678,0.3283,nan,0.0949,0.4116,-0.34,0.0278,nan,nan,-0.6527,0.1348,nan,nan,-0.6527,0.1348
23381,P,75819,392951,0.3671,0.334,0.3701,0.0979,0.4093,-0.34,0.0271,0.8692,0.3989,0.8284,0.6074,0.8169,0.33,0.8284,0.6074
23382,P,75564,375984,0.3664,0.3434,0.3673,0.0976,0.4112,-0.34,0.0264,0.3922,0.4939,0.6065,0.175,0.4897,0.2999,0.6065,0.175
23383,P,75598,371839,0.3679,0.3467,0.3693,0.1006,0.4103,-0.34,0.0279,0.7871,0.5381,1.2482,0.2179,1.2313,0.224,1.2482,0.2179
23385,P,75584,362512,0.3702,0.3295,0.367,0.0965,0.4131,-0.34,0.0302,nan,nan,nan,nan,nan,nan,nan,nan
23386,P,76149,373317,0.3691,0.3343,0.3661,0.0987,0.4102,-0.34,0.0291,-1.0299,0.4172,2.5109,0.2577,2.3618,0.3242,2.5109,0.2577
23387,P,75753,358854,0.3669,0.3289,0.362,0.0986,0.4106,-0.34,0.0269,-0.0966,0.2305,nan,nan,0.1682,0.3113,nan,nan
23388,P,99283,397720,0.4017,0.3706,0.3967,0.0945,0.4921,-0.34,0.0617,1.619,0.493,0.3002,0.1379,0.5256,0.2487,0.3002,0.1379
23390,P,75425,357134,0.3698,0.3493,0.3723,0.099,0.4133,-0.34,0.0298,0.6906,0.739,0.213,0.3207,0.1687,0.1951,0.213,0.3207
23392,P,75522,363038,0.3712,0.3407,0.3654,0.0921,0.4082,-0.34,0.0312,-0.02,0.4189,nan,nan,nan,nan,nan,nan
23393,P,75557,359529,0.3679,0.3383,0.3689,0.0965,0.4107,-0.34,0.0279,0.5561,0.4298,0.5165,0.1552,0.5177,0.1719,0.5165,0.1552
23396,P,75914,363683,0.3686,0.337,0.3713,0.096,0.4105,-0.34,0.0286,1.574,0.6195,nan,nan,1.9094,1.4441,nan,nan
23397,P,75887,362036,0.3659,0.3262,0.3669,0.0958,0.4152,-0.34,0.0259,1.2271,1.2489,1.608,1.3715,1.7712,1.9191,1.608,1.3715
23398,P,75692,355972,0.3666,0.3437,0.3649,0.0971,0.4121,-0.34,0.0266,1.5635,0.2716,0.9673,0.1954,0.9355,0.1858,0.9673,0.1954
23399,P,75846,356860,0.3667,0.3393,0.3669,0.0954,0.4096,-0.34,0.0267,0.799,0.4382,-0.1642,0.1497,-0.2212,0.1581,-0.1642,0.1497
23400,P,76020,356371,0.3637,0.3293,0.3624,0.099,0.4121,-0.34,0.0237,1.3075,0.4119,nan,nan,nan,nan,nan,nan
23401,P,75810,358178,0.3653,0.3371,0.368,0.0995,0.414,-0.34,0.0253,-0.055,0.2924,nan,nan,0.4581,0.3393,nan,nan
23402,P,75812,360920,0.37,0.3402,0.3704,0.0971,0.4094,-0.34,0.03,0.1333,0.3546,-0.0774,0.1127,-0.1512,0.1279,-0.0774,0.1127
23403,P,79820,153983,0.3598,0.1088,0.3569,0.0967,0.4022,-0.34,0.0198,0.5481,0.2199,0.6118,0.1882,0.5886,0.1618,0.6118,0.1882
23404,P,49269,15423,0.3618,0.3031,0.3608,0.0932,0.4036,-0.34,0.0218,1.505,0.354,0.4829,0.1538,0.382,0.1671,0.4829,0.1538
23405,P,46701,14758,0.3614,0.2991,0.3638,0.0943,0.399,-0.34,0.0214,0.5783,0.145,0.3162,0.1392,0.3881,0.1354,0.3162,0.1392
23406,P,56806,17628,0.3623,0.2965,0.3629,0.0922,0.3992,-0.34,0.0223,0.6155,0.2151,nan,nan,0.6856,0.5097,nan,nan
23407,P,47530,14587,0.3664,0.3085,0.3668,0.0901,0.4018,-0.34,0.0264,0.4334,0.1563,0.5707,0.2571,0.3722,0.1427,0.5707,0.2571
23408,P,25804,5845,0.36,0.312,0.3543,0.0939,0.3999,-0.34,0.02,1.6062,0.2065,1.7074,4.9665,0.1922,0.2724,1.7074,4.9665
23409,P,26649,5923,0.3634,0.3123,0.3607,0.0906,0.3983,-0.34,0.0234,1.5033,0.167,nan,nan,0.5621,0.1629,nan,nan
23410,P,30141,6574,0.3605,0.306,0.3602,0.0958,0.4015,-0.34,0.0205,0.9778,0.243,1.1566,0.2494,0.8873,0.1525,1.1566,0.2494
23411,P,29159,6560,0.3605,0.3154,0.3577,0.0932,0.3999,-0.34,0.0205,-0.4115,0.177,0.1774,0.1695,0.1916,0.1227,0.1006,0.1494
23412,P,10047,2398,0.3579,0.3156,0.3551,0.0962,0.395,-0.34,0.0179,0.6877,0.09,0.9015,0.12,0.8429,0.1188,0.9015,0.12
23413,P,80081,152688,0.3604,0.1149,0.3586,0.0941,0.4021,-0.34,0.0204,0.2996,0.2561,0.3851,0.099,0.3252,0.1195,0.3851,0.099
23414,P,43680,13542,0.3547,0.3119,0.3548,0.0926,0.4045,-0.34,0.0147,1.3038,0.3506,0.4092,0.6108,0.7609,0.2884,0.4092,0.6108
23415,P,71030,21798,0.2984,0.2533,0.2976,0.0915,0.4054,-0.34,-0.0416,0.328,0.1128,0.2581,0.1998,0.5757,0.2121,0.2581,0.1998
23416,P,38781,0,0.3375,0.2706,0.3385,0.1011,0.4772,-0.34,-0.0025,nan,nan,nan,nan,nan,nan,nan,nan
23417,P,76546,219910,0.3161,0.2828,0.3169,0.0974,0.4041,-0.34,-0.0239,nan,nan,nan,nan,nan,nan,nan,nan
23418,P,60638,209078,0.3137,0.2897,0.3137,0.096,0.4056,-0.34,-0.0263,1.9948,0.4036,0.7004,0.8244,nan,nan,0.7004,0.8244
23419,P,76021,311473,0.3134,0.275,0.3104,0.1017,0.409,-0.34,-0.0266,nan,nan,0.113,0.1694,0.124,0.5095,0.113,0.1694
23420,P,75995,308996,0.3152,0.2772,0.3128,0.0977,0.406,-0.34,-0.0248,0.4241,0.381,0.217,0.1922,0.1346,0.1928,0.217,0.1922
23421,P,76273,301423,0.3239,0.2833,0.3108,0.0948,0.4067,-0.34,-0.0161,nan,nan,nan,nan,0.7401,1.4095,nan,nan
23422,P,76387,298883,0.3681,0.3345,0.3712,0.0961,0.4083,-0.34,0.0281,-0.3394,0.5959,0.201,0.1222,0.1996,0.1741,0.201,0.1222
23423,P,76354,292622,0.3724,0.3414,0.3716,0.097,0.4084,-0.34,0.0324,nan,nan,nan,nan,nan,nan,nan,nan
23424,P,76414,285464,0.3716,0.3414,0.373,0.0939,0.4056,-0.34,0.0316,nan,nan,2.5405,0.1121,nan,nan,2.5405,0.1121
23425,P,77306,170368,0.3709,0.3461,0.3627,0.0969,0.4098,-0.34,0.0309,0.4759,0.2054,0.7114,0.1925,0.722,0.2522,0.7114,0.1925
23431,P,41614,0,0.3656,0.3133,0.3657,0.1102,0.4235,-0.34,0.0256,nan,nan,nan,nan,nan,nan,nan,nan
23432,P,77347,182331,0.3804,0.357,0.3831,0.1081,0.425,-0.34,0.0404,1.0664,1.0116,-1.3519,0.0737,-1.4228,0.0672,-1.3519,0.0737
23433,P,76233,340641,0.3498,0.3317,0.3469,0.1079,0.4282,-0.34,0.0098,nan,nan,0.4639,0.5501,-0.0914,14.4174,0.4639,0.5501
23434,P,76366,333723,0.336,0.3156,0.3373,0.1093,0.4284,-0.34,-0.004,nan,nan,0.2335,0.1412,0.2355,0.1425,0.2335,0.1412
23435,P,76094,336973,0.3377,0.3136,0.3299,0.1079,0.4293,-0.34,-0.0023,1.4721,0.503,1.3046,0.308,nan,nan,1.3046,0.308
23436,P,76334,328860,0.3409,0.3209,0.3336,0.1093,0.4326,-0.34,0.0009,0.8924,0.3394,nan,nan,1.1658,1.1808,nan,nan
23437,P,76448,327651,0.3423,0.3195,0.3435,0.1085,0.4304,-0.34,0.0023,0.9927,0.579,0.1483,0.141,0.1002,0.1522,0.1483,0.141
23438,P,76181,326544,0.3384,0.3234,0.3356,0.1104,0.4309,-0.34,-0.0016,-0.8256,0.4178,-0.2903,0.3989,-0.2448,0.2869,-0.2903,0.3989
23439,P,77661,187808,0.3671,0.3456,0.3645,0.1094,0.429,-0.34,0.0271,nan,nan,0.4254,1.0513,nan,nan,0.4254,1.0513
23440,P,77581,184697,0.3746,0.3497,0.3722,0.1055,0.4296,-0.34,0.0346,0.3777,0.3808,0.5408,0.2093,nan,nan,0.5408,0.2093
23441,P,77454,186816,0.3589,0.3485,0.3621,0.1099,0.4292,-0.34,0.0189,0.9457,0.4822,0.6156,0.126,0.5771,0.129,0.6156,0.126
23442,P,77562,195988,0.3484,0.3329,0.347,0.1083,0.4274,-0.34,0.0084,1.0415,0.3273,0.4389,0.2036,0.3613,0.172,0.4389,0.2036
23443,P,77978,190619,0.3418,0.3274,0.3343,0.1088,0.4325,-0.34,0.0018,nan,nan,nan,nan,nan,nan,nan,nan
23444,P,77389,188927,0.3498,0.324,0.3496,0.1064,0.4312,-0.34,0.0098,nan,nan,0.1907,0.2529,0.1583,0.2176,0.1907,0.2529
23445,P,77459,178732,0.345,0.3346,0.3331,0.1095,0.4287,-0.34,0.005,1.4813,0.4102,2.5236,0.4582,nan,nan,2.5236,0.4582
23446,P,77705,197244,0.3572,0.3398,0.3521,0.1093,0.4324,-0.34,0.0172,0.2192,0.4669,0.1874,0.2001,0.149,0.1552,0.1874,0.2001
23447,P,81155,22014,0.3466,0.3299,0.3471,0.108,0.4252,-0.34,0.0066,0.7532,0.1485,0.3896,0.0756,0.4166,0.0895,0.3896,0.0756
23448,P,80121,131816,0.35,0.4428,0.3497,0.1058,0.4273,-0.34,0.01,1.1868,0.5555,0.2391,0.1584,0.2219,0.1773,0.2391,0.1584
23449,P,80963,117541,0.3526,0.4873,0.354,0.1063,0.422,-0.34,0.0126,0.1197,0.2196,0.373,0.1353,0.3245,0.125,0.373,0.1353
23462,P,29242,0,0.3482,0.2978,0.3487,0.1147,0.4249,-0.34,0.0082,nan,nan,nan,nan,nan,nan,nan,nan
23463,P,117735,39480,0.3524,0.3371,0.3564,0.1092,0.4253,-0.34,0.0124,0.6363,0.099,0.5827,0.1024,0.5416,0.1142,0.5827,0.1024
23464,P,116956,37831,0.3433,0.3084,0.3421,0.1092,0.4269,-0.34,0.0033,0.6211,0.1018,0.3649,0.0822,0.3743,0.0762,0.3649,0.0822
23465,P,117317,38036,0.3392,0.3154,0.3467,0.1092,0.427,-0.34,-0.0008,0.8738,0.1358,0.6729,0.1371,0.6752,0.1341,0.6729,0.1371
23466,P,117648,37397,0.3428,0.3397,0.3425,0.1099,0.4242,-0.34,0.0028,0.551,0.0974,0.2899,0.0703,0.2933,0.0782,0.2899,0.0703
23467,P,117724,36636,0.357,0.3282,0.3549,0.1067,0.4235,-0.34,0.017,0.7808,0.1127,0.5094,0.0992,0.4703,0.0831,0.5094,0.0992
23468,P,113557,26383,0.35,0.3145,0.3527,0.107,0.4217,-0.34,0.01,0.707,0.1496,0.4705,0.1252,0.4529,0.1121,0.4705,0.1252
23469,P,116787,26679,0.3453,0.3064,0.3552,0.1071,0.4231,-0.34,0.0053,0.548,0.1257,0.0776,0.0674,0.0272,0.0709,0.0776,0.0674
23470,P,116372,26164,0.3379,0.3031,0.3322,0.1111,0.4249,-0.34,-0.0021,0.6341,0.1074,0.4582,0.1504,0.4579,0.1323,0.4582,0.1504
23471,P,109943,594409,0.3519,0.3464,0.3521,0.1096,0.4308,-0.34,0.0119,0.2248,0.3927,0.0294,0.1858,-0.0043,0.1897,0.0294,0.1858
23472,P,109736,601914,0.3525,0.3301,0.3546,0.1067,0.4298,-0.34,0.0125,-0.0172,0.2281,0.0034,0.1222,-0.0225,0.1284,0.0034,0.1222
23473,P,109942,594834,0.3497,0.3302,0.3546,0.1076,0.4294,-0.34,0.0097,0.5617,0.272,0.9039,3.9186,0.3102,0.8796,0.9039,3.9186
23474,P,109618,598731,0.3641,0.3543,0.3658,0.1087,0.4322,-0.34,0.0241,-0.0299,0.3509,0.7288,0.3246,0.7272,0.3024,0.7288,0.3246
23475,P,110094,593342,0.3641,0.3487,0.3611,0.1119,0.4315,-0.34,0.0241,0.5307,0.2768,0.5335,0.2676,0.5438,0.2046,0.5335,0.2676
23476,P,109855,591860,0.365,0.336,0.3671,0.1079,0.4315,-0.34,0.025,-0.772,0.3174,nan,nan,-0.4599,0.2862,nan,nan
23477,P,109818,590155,0.3506,0.3363,0.3532,0.1093,0.4282,-0.34,0.0106,nan,nan,0.2291,0.4626,0.2466,0.4511,0.2291,0.4626
23478,P,110074,590570,0.36,0.3456,0.3591,0.1103,0.4332,-0.34,0.02,0.4722,0.9242,-0.2176,0.4625,-0.4319,1.1445,-0.2176,0.4625
23479,P,110230,591901,0.3543,0.336,0.3561,0.1077,0.4308,-0.34,0.0143,2.7435,1.3519,0.9308,0.6027,0.8252,0.4044,0.9308,0.6027
23480,P,110254,586105,0.3521,0.3405,0.3562,0.1133,0.4328,-0.34,0.0121,-0.875,0.8834,nan,nan,-0.5829,1.1957,nan,nan
23481,P,110363,587811,0.353,0.339,0.3549,0.1084,0.4298,-0.34,0.013,1.8967,0.3977,nan,nan,nan,nan,nan,nan
23482,P,110232,585925,0.3534,0.3379,0.3498,0.1071,0.4279,-0.34,0.0134,nan,nan,0.3612,0.3615,0.211,0.2202,0.3612,0.3615
23483,P,109923,579042,0.3649,0.3661,0.3658,0.1096,0.4307,-0.34,0.0249,nan,nan,0.6024,0.1959,0.581,0.2125,0.6024,0.1959
23484,P,126241,672125,0.3531,0.332,0.3528,0.1067,0.4285,-0.34,0.0131,-0.0044,0.4214,0.16,0.1438,0.2041,0.1583,0.16,0.1438
23486,P,110103,586863,0.3475,0.3363,0.3513,0.1107,0.4302,-0.34,0.0075,1.3628,0.4853,0.6872,0.1437,0.5442,0.2034,0.6872,0.1437
23487,P,110161,584118,0.3507,0.3344,0.3515,0.1075,0.4311,-0.34,0.0107,nan,nan,0.6783,0.2519,0.7472,0.3142,0.6783,0.2519
23488,P,110240,584454,0.3458,0.3271,0.346,0.1091,0.4297,-0.34,0.0058,-0.5462,0.2499,nan,nan,nan,nan,nan,nan
23489,P,110052,579631,0.3464,0.335,0.348,0.1109,0.4309,-0.34,0.0064,0.128,0.3847,2.6937,0.0689,nan,nan,2.6937,0.0689
23490,P,110085,587043,0.3449,0.3313,0.3419,0.1116,0.4307,-0.34,0.0049,0.0841,0.4727,0.0357,0.1904,-0.0099,0.1942,0.0357,0.1904
23491,P,109819,580974,0.3533,0.3314,0.3552,0.1098,0.4297,-0.34,0.0133,0.6386,0.3205,0.2497,1.7721,0.9461,0.7835,0.2497,1.7721
23492,P,110404,557307,0.3505,0.3392,0.3492,0.1099,0.4304,-0.34,0.0105,1.2352,0.758,1.0024,0.2077,0.9783,0.1887,1.0024,0.2077
23493,P,110599,569315,0.3414,0.3304,0.3385,0.1093,0.4305,-0.34,0.0014,nan,nan,0.1463,0.1833,0.107,0.1805,0.1463,0.1833
23494,P,110277,553127,0.3406,0.323,0.3399,0.1084,0.4297,-0.34,0.0006,nan,nan,0.6871,0.989,0.3983,0.3654,0.6871,0.989
23495,P,110762,538789,0.3575,0.3528,0.3551,0.1107,0.4321,-0.34,0.0175,nan,nan,0.2608,0.4599,nan,nan,0.2608,0.4599
23496,P,110723,531709,0.3595,0.3428,0.3599,0.1077,0.4307,-0.34,0.0195,-0.1836,0.4508,0.2211,0.2082,0.1846,0.1963,0.2211,0.2082
23497,P,110517,531334,0.3548,0.3413,0.3586,0.1063,0.4323,-0.34,0.0148,0.0004,0.1407,0.2235,0.1513,0.1911,0.1391,0.2235,0.1513
23498,P,110676,521353,0.3669,0.3553,0.3685,0.1103,0.4329,-0.34,0.0269,nan,nan,2.6827,0.2367,2.7461,0.2706,2.6827,0.2367
23499,P,110433,523085,0.3599,0.3461,0.362,0.108,0.4296,-0.34,0.0199,-0.4,0.5445,0.2523,0.1912,-1.5398,0.1587,0.2523,0.1912
23500,P,110696,521552,0.3486,0.3285,0.3489,0.1121,0.4316,-0.34,0.0086,0.7977,0.391,0.1344,0.1598,0.2486,0.2314,0.1344,0.1598
23501,P,110487,520034,0.3482,0.3312,0.3465,0.1102,0.433,-0.34,0.0082,0.0187,0.2695,0.3751,0.1376,0.2908,0.1812,0.3751,0.1376
23502,P,110898,547724,0.3471,0.3314,0.3498,0.11,0.4286,-0.34,0.0071,0.1367,0.4345,0.9578,0.165,nan,nan,0.9578,0.165
23503,P,110545,522751,0.3611,0.3444,0.3634,0.1106,0.4296,-0.34,0.0211,0.135,0.3135,-0.0643,0.1992,0.0146,0.2159,-0.0643,0.1992
23504,P,110646,511328,0.3581,0.347,0.3557,0.1116,0.4315,-0.34,0.0181,1.09,0.3676,0.6937,0.131,0.6813,0.1322,0.6937,0.131
23505,P,110726,513887,0.3534,0.3378,0.3511,0.1104,0.4321,-0.34,0.0134,-0.0295,0.4788,-0.2965,0.4762,-0.0373,0.5772,-0.2965,0.4762
23506,P,97738,449152,0.3656,0.3467,0.3651,0.108,0.4263,-0.34,0.0256,nan,nan,nan,nan,0.3316,0.4498,nan,nan
23507,P,110914,517947,0.3673,0.3507,0.3644,0.1082,0.4299,-0.34,0.0273,2.4656,1.8491,0.9487,14.2821,2.5913,0.3845,0.9487,14.2821
23508,P,110953,508517,0.3663,0.3519,0.3702,0.1092,0.4296,-0.34,0.0263,0.9241,0.5829,nan,nan,-0.0685,0.2535,nan,nan
23509,P,113961,494808,0.3805,0.3641,0.3814,0.0974,0.4446,-0.34,0.0405,0.4859,0.4483,0.4293,0.274,0.2517,0.5466,0.4293,0.274
23510,P,522,0,0.4059,0.3461,nan,0.0977,0.44,-0.34,0.0659,nan,nan,nan,nan,nan,nan,nan,nan
23511,P,110987,509200,0.3511,0.342,0.3482,0.1076,0.429,-0.34,0.0111,1.6223,1.1433,0.2055,0.188,0.1762,0.2103,0.2055,0.188
23512,P,110586,507919,0.3652,0.3484,0.3621,0.1098,0.4303,-0.34,0.0252,-0.3664,0.5549,nan,nan,0.9969,16.7057,nan,nan
23513,P,110884,516501,0.3647,0.3499,0.3666,0.1096,0.4314,-0.34,0.0247,2.3877,0.5733,nan,nan,1.2097,0.3404,nan,nan
23514,P,110956,502128,0.3656,0.3517,0.3636,0.1065,0.4309,-0.34,0.0256,0.4132,0.3526,0.1186,0.4369,0.0262,0.7662,0.1186,0.4369
23515,P,110361,569786,0.3678,0.3507,0.3645,0.1081,0.4307,-0.34,0.0278,1.1951,0.3427,0.2272,0.117,nan,nan,0.2272,0.117
23516,P,110324,568765,0.3636,0.3526,0.3672,0.1104,0.431,-0.34,0.0236,0.027,0.3975,0.1355,0.3308,nan,nan,0.1355,0.3308
23517,P,110002,569767,0.3649,0.3419,0.3702,0.1098,0.4313,-0.34,0.0249,nan,nan,-1.7937,0.0818,-1.7934,0.1212,-1.7937,0.0818
23518,P,110233,567128,0.3502,0.3366,0.3477,0.1085,0.429,-0.34,0.0102,-0.0736,0.2941,-0.1626,0.3813,-0.1022,0.3418,-0.1626,0.3813
23519,P,109959,571141,0.3649,0.3558,0.365,0.1106,0.4311,-0.34,0.0249,0.9922,0.4914,0.3828,0.1419,0.3352,0.1343,0.3828,0.1419
23520,P,110424,527874,0.3436,0.3285,0.3428,0.1119,0.4306,-0.34,0.0036,1.3533,0.5762,0.7162,0.2054,0.6447,0.1677,0.7162,0.2054
23521,P,110609,534610,0.3462,0.3325,0.3465,0.1104,0.4324,-0.34,0.0062,-0.4395,0.3946,nan,nan,nan,nan,nan,nan
23522,P,110440,529321,0.3503,0.3339,0.3485,0.1073,0.4304,-0.34,0.0103,0.5249,0.3528,0.3129,0.1076,0.3428,0.1584,0.3129,0.1076
23523,P,110707,519428,0.3532,0.3437,0.3505,0.1111,0.4301,-0.34,0.0132,1.2923,0.9795,1.0785,0.4424,0.6049,0.2574,1.0785,0.4424
23524,P,101280,489562,0.355,0.348,0.3546,0.1096,0.431,-0.34,0.015,2.4195,0.3723,2.2822,0.3177,2.3282,0.2369,2.2822,0.3177
23525,P,110399,534369,0.357,0.3381,0.3578,0.11,0.4305,-0.34,0.017,0.3545,0.801,nan,nan,0.0484,0.3414,nan,nan
23526,P,110745,535882,0.3581,0.3434,0.3563,0.1105,0.4333,-0.34,0.0181,0.5688,0.4368,0.4831,0.3576,0.3166,0.2285,0.4831,0.3576
23527,P,110929,533510,0.3625,0.3405,0.3618,0.1108,0.4312,-0.34,0.0225,-0.025,0.2852,-0.1447,0.3022,-0.2295,0.2407,-0.1447,0.3022
23528,P,111114,528056,0.3652,0.3537,0.3615,0.1114,0.433,-0.34,0.0252,nan,nan,2.3352,0.3029,2.398,0.972,2.3352,0.3029
23529,P,110757,518079,0.3521,0.3415,0.352,0.1105,0.4308,-0.34,0.0121,0.7281,0.8803,nan,nan,0.7397,0.3428,nan,nan
23530,P,110825,513921,0.366,0.347,0.3658,0.1078,0.4317,-0.34,0.026,0.5644,0.2638,0.931,0.1937,0.811,0.2074,0.931,0.1937
23531,P,111062,509611,0.3674,0.3486,0.3635,0.1087,0.4302,-0.34,0.0274,0.413,0.576,-0.1684,0.2546,nan,nan,-0.1684,0.2546
23533,P,110350,564237,0.353,0.3362,0.3504,0.1096,0.4317,-0.34,0.013,0.2354,0.6215,nan,nan,nan,nan,nan,nan
23534,P,110607,550838,0.3629,0.3503,0.3617,0.1081,0.43,-0.34,0.0229,0.4677,0.3721,0.4122,0.0668,0.3586,0.0669,0.4122,0.0668
23535,P,126924,616907,0.3547,0.3346,0.3539,0.1087,0.4309,-0.34,0.0147,0.6649,0.466,0.3493,0.1809,nan,nan,0.3493,0.1809
23537,P,110820,534415,0.3588,0.337,0.361,0.1091,0.4298,-0.34,0.0188,nan,nan,0.2554,0.1613,0.2516,0.182,0.2554,0.1613
23538,P,110412,530057,0.3597,0.3475,0.3581,0.1105,0.4302,-0.34,0.0197,0.7044,0.8811,0.3866,0.204,0.3625,0.227,0.3866,0.204
23539,P,110637,520652,0.3581,0.3464,0.3596,0.1102,0.4315,-0.34,0.0181,0.7473,0.5078,0.2619,0.1735,0.1833,0.1831,0.2619,0.1735
23541,P,110842,521261,0.3595,0.3492,0.3629,0.109,0.4286,-0.34,0.0195,nan,nan,nan,nan,-2.6789,19.7805,nan,nan
23542,P,110341,561479,0.3608,0.3458,0.3639,0.1107,0.4294,-0.34,0.0208,1.0402,1.2716,-0.4827,0.1567,-0.5483,0.1433,-0.4827,0.1567
23543,P,110252,562488,0.3466,0.3297,0.3483,0.1086,0.4308,-0.34,0.0066,0.5759,0.212,0.5372,0.1151,0.5582,0.1249,0.5372,0.1151
23544,P,109777,565927,0.3506,0.3344,0.3487,0.1081,0.4315,-0.34,0.0106,nan,nan,0.6071,0.0904,0.6132,0.0927,0.6071,0.0904
23545,P,110512,566221,0.3457,0.3296,0.3488,0.1085,0.4289,-0.34,0.0057,-0.0585,0.2885,0.1301,0.2467,0.0566,0.2312,0.1301,0.2467
23546,P,109998,558815,0.3493,0.3338,0.3531,0.1086,0.4311,-0.34,0.0093,0.4195,0.9311,0.7876,0.9513,0.5295,0.2555,0.7876,0.9513
23547,P,111078,529144,0.3617,0.3453,0.3621,0.1067,0.4292,-0.34,0.0217,0.2312,0.2405,0.6021,1.545,0.3742,0.4249,0.6021,1.545
23548,P,110884,496823,0.3627,0.3473,0.3635,0.1086,0.4309,-0.34,0.0227,0.8323,0.6058,0.6312,1.1673,0.7444,1.4116,0.6312,1.1673
23549,P,110757,509391,0.3625,0.3496,0.3605,0.108,0.4319,-0.34,0.0225,0.3323,0.3153,0.2723,0.1917,0.4344,0.3202,0.2771,0.1847
23550,P,111001,503913,0.3598,0.3484,0.3567,0.1102,0.4312,-0.34,0.0198,1.6754,0.8046,0.652,0.4557,0.6255,0.5043,0.652,0.4557
23551,P,110619,536518,0.3613,0.3395,0.3591,0.109,0.4316,-0.34,0.0213,nan,nan,0.2448,0.424,0.0855,0.5487,0.2448,0.424
23552,P,110689,526122,0.3607,0.3501,0.3576,0.1068,0.4287,-0.34,0.0207,nan,nan,1.693,0.3686,1.1263,0.6144,1.693,0.3686
23553,P,111019,513910,0.3593,0.3464,0.3576,0.1088,0.4314,-0.34,0.0193,nan,nan,-1.3782,0.9106,nan,nan,-1.3782,0.9106
23554,P,110406,529747,0.3589,0.3433,0.3548,0.109,0.4306,-0.34,0.0189,nan,nan,-0.1584,0.2135,-0.1345,0.3541,-0.1584,0.2135
23555,P,110947,517727,0.3641,0.3467,0.3634,0.1096,0.4313,-0.34,0.0241,nan,nan,0.7005,0.5987,1.5841,5.2698,0.7005,0.5987
23556,P,110696,503716,0.3597,0.3396,0.3635,0.11,0.4285,-0.34,0.0197,-1.1714,0.6645,nan,nan,nan,nan,nan,nan
23557,P,111017,493258,0.3564,0.3394,0.3589,0.1102,0.4302,-0.34,0.0164,0.4918,0.3865,0.2637,0.2182,0.2042,0.2163,0.2637,0.2182
23558,P,111052,486126,0.3577,0.3411,0.3575,0.11,0.4318,-0.34,0.0177,1.5486,0.5555,0.7049,0.2201,0.6975,0.2684,0.7049,0.2201
23559,P,114141,471346,0.3829,0.3744,0.3842,0.0983,0.4457,-0.34,0.0429,-1.3984,0.7374,nan,nan,nan,nan,nan,nan
23560,P,515,0,0.3727,0.2872,nan,0.1028,0.4162,-0.34,0.0327,nan,nan,nan,nan,nan,nan,nan,nan
23561,P,110366,528939,0.3622,0.3436,0.3555,0.1091,0.4327,-0.34,0.0222,nan,nan,0.9918,0.3898,nan,nan,0.9918,0.3898
23563,P,110956,530695,0.3447,0.3297,0.3446,0.109,0.4321,-0.34,0.0047,0.2381,0.2686,0.5653,0.7093,0.3014,0.3081,0.7049,1.0362
23564,P,110830,507340,0.3454,0.3302,0.3468,0.1106,0.4312,-0.34,0.0054,2.9267,0.4086,nan,nan,-2.8078,20.8779,nan,nan
23565,P,110743,501855,0.3414,0.3261,0.3414,0.1109,0.4306,-0.34,0.0014,-0.3899,0.4483,0.3472,0.2644,0.2957,0.2886,0.3472,0.2644
23566,P,111232,494920,0.3511,0.3372,0.3528,0.1109,0.4314,-0.34,0.0111,0.4842,0.8574,nan,nan,nan,nan,nan,nan
23567,P,110917,498855,0.3569,0.3415,0.3627,0.1086,0.4324,-0.34,0.0169,nan,nan,-0.1247,0.1806,-0.1686,0.2409,-0.1247,0.1806
23574,P,23017,0,0.3449,0.2995,0.3438,0.112,0.4292,-0.34,0.0049,nan,nan,nan,nan,nan,nan,nan,nan
23575,P,127644,640689,0.3546,0.3468,0.3578,0.1108,0.431,-0.34,0.0146,1.7675,1.0631,nan,nan,-1.4924,11.7305,nan,nan
23577,P,111137,536567,0.3613,0.3363,0.361,0.1071,0.4314,-0.34,0.0213,-1.7886,19.2099,0.4145,0.3214,0.6329,0.6024,0.4145,0.3214
23579,P,111392,533808,0.3589,0.349,0.3574,0.1099,0.4343,-0.34,0.0189,-0.1219,0.4348,0.5115,0.3364,nan,nan,0.5115,0.3364
23580,P,111598,513267,0.3643,0.3497,0.3662,0.1086,0.4315,-0.34,0.0243,-0.0867,0.4064,-0.2875,0.1866,-0.229,0.2463,-0.2875,0.1866
23581,P,111540,492138,0.3483,0.3378,0.3538,0.1107,0.4289,-0.34,0.0083,nan,nan,0.2496,0.2542,0.2373,0.2921,0.2496,0.2542
23583,P,111853,479994,0.3564,0.3378,nan,0.109,0.4307,-0.34,0.0164,1.3378,0.3704,0.4967,0.2254,0.4043,0.175,0.4967,0.2254
23584,P,111416,483878,0.3632,0.3473,0.3583,0.1096,0.4317,-0.34,0.0232,nan,nan,-2.0613,0.2251,nan,nan,-2.0613,0.2251
23585,P,12318,0,0.3321,0.2837,0.3285,0.1122,0.4179,-0.34,-0.0079,nan,nan,nan,nan,nan,nan,nan,nan
23586,P,110916,570710,0.3495,0.3288,0.348,0.1115,0.4303,-0.34,0.0095,-0.1348,0.494,nan,nan,nan,nan,nan,nan
23587,P,111261,528408,0.3572,0.3369,0.3558,0.1085,0.4315,-0.34,0.0172,1.0726,0.3967,nan,nan,nan,nan,nan,nan
23588,P,111507,530190,0.3493,0.3349,0.3468,0.1114,0.4315,-0.34,0.0093,0.5762,0.2282,0.7951,0.2721,0.7413,0.2428,0.7951,0.2721
23592,P,114905,484945,0.3856,0.3784,0.3854,0.0971,0.4475,-0.34,0.0456,-0.2462,0.2088,0.1996,0.1954,0.363,0.4713,0.1996,0.1954
23593,P,111689,468566,0.354,0.3399,0.3563,0.1099,0.4327,-0.34,0.014,nan,nan,2.0589,0.2521,2.0312,0.2519,2.0589,0.2521
23597,P,111128,562802,2.3764,2.3606,2.3784,0.1088,0.4335,-2.38,-0.0036,0.2313,0.3007,0.073,0.2183,0.073,0.2183,0.073,0.2183
23598,P,111475,547437,2.3759,2.3621,2.3765,0.1081,0.4329,-2.38,-0.0041,nan,nan,0.0963,0.2453,0.102,0.2393,0.0963,0.2453
23600,P,111511,526366,2.3721,2.3544,2.3739,0.1093,0.4297,-2.38,-0.0079,0.329,0.252,0.1807,0.1694,0.2213,0.1781,0.1807,0.1694
23601,P,111691,507858,2.3822,2.3756,2.3799,0.1076,0.4318,-2.38,0.0022,nan,nan,-0.8415,0.296,-0.5871,0.4137,-0.8415,0.296
23602,P,111509,498072,2.3754,2.3545,2.3765,0.108,0.4293,-2.38,-0.0046,1.645,0.3648,nan,nan,1.8023,0.6896,nan,nan
23603,P,111563,507973,2.3781,2.364,2.3789,0.1083,0.4405,-2.38,-0.0019,1.4061,2.2359,0.7162,1.1594,0.3694,0.2414,0.7162,1.1594
23604,P,111698,499888,2.3794,2.3685,2.3772,0.1078,0.4301,-2.38,-0.0006,0.9891,0.3401,0.0869,0.4961,0.2342,0.2539,0.0869,0.4961
23605,P,110893,563760,2.3757,2.3599,2.3729,0.1086,0.4326,-2.38,-0.0043,nan,nan,0.1335,0.1921,0.133,0.1918,0.1335,0.1921
23606,P,111514,524909,2.3768,2.3618,2.3779,0.106,0.4312,-2.38,-0.0032,0.2087,0.2821,0.1208,0.56,0.0161,0.3754,0.1208,0.56
23607,P,111211,508644,2.3707,2.3514,2.3701,0.1083,0.4317,-2.38,-0.0093,0.1788,0.3793,0.4152,0.229,0.4053,0.2391,0.4152,0.229
23608,P,111703,506464,2.3757,2.3641,2.3714,0.1089,0.4308,-2.38,-0.0043,0.9663,0.4471,0.414,0.0984,0.4276,0.1099,0.414,0.0984
23609,P,111575,513417,2.3715,2.3652,2.3679,0.1089,0.4317,-2.38,-0.0085,0.379,0.5627,nan,nan,0.8316,0.3329,nan,nan
23610,P,111684,517227,2.3745,2.3573,2.3675,0.1076,0.4315,-2.38,-0.0055,0.7982,0.6757,0.2968,0.196,0.2929,0.1976,0.2968,0.196
23611,P,111528,498156,2.3726,2.3658,2.3696,0.1095,0.4316,-2.38,-0.0074,nan,nan,0.5135,0.6638,0.4067,0.3363,0.5135,0.6638
23612,P,128302,573640,2.3777,2.3668,2.3766,0.1065,0.4293,-2.38,-0.0023,0.4826,0.2387,0.5322,0.1816,0.5945,0.2038,0.5322,0.1816
23614,P,111777,487972,2.3804,2.3816,2.3785,0.1118,0.4316,-2.38,0.0004,0.8781,0.4049,0.4227,0.1459,0.3695,0.1344,0.4227,0.1459
23615,P,111870,501375,2.3793,2.3547,2.3794,0.107,0.4317,-2.38,-0.0007,0.0766,0.2549,0.5405,0.6452,0.2951,0.2511,0.5405,0.6452
23616,P,111599,486513,2.3782,2.3605,2.3761,0.1055,0.4297,-2.38,-0.0018,3.0537,7.6782,nan,nan,nan,nan,nan,nan
23617,P,111601,480295,2.3786,2.3699,2.3802,0.1104,0.4324,-2.38,-0.0014,nan,nan,0.6759,0.6229,0.5371,0.3591,0.6759,0.6229
23618,P,111882,479429,2.3782,2.3607,2.3813,0.1083,0.4322,-2.38,-0.0018,-1.2056,21.7359,2.1037,2.4059,2.1061,2.4786,2.1037,2.4059
23619,P,111824,488287,2.3808,2.3568,2.3806,0.1061,0.4326,-2.38,0.0008,nan,nan,nan,nan,0.5109,0.3329,nan,nan
23620,P,111741,494885,2.3776,2.362,2.3758,0.1062,0.4313,-2.38,-0.0024,0.8874,0.4497,0.491,0.1988,0.4027,0.2492,0.491,0.1988
23621,P,111695,490739,2.3861,2.3852,2.3877,0.1019,0.4486,-2.38,0.0061,1.0608,0.5806,nan,nan,0.3625,0.2801,nan,nan
23622,P,111783,483933,2.3803,2.3689,2.3785,0.1091,0.4306,-2.38,0.0003,2.0092,0.7844,nan,nan,nan,nan,nan,nan
23623,P,111556,486953,2.3821,2.3675,2.3817,0.1082,0.4318,-2.38,0.0021,-0.2183,0.2277,0.2018,0.1726,0.1187,0.1279,0.2018,0.1726
23624,P,111998,483951,2.3897,2.37,2.3893,0.1093,0.431,-2.38,0.0097,0.8105,0.3292,0.4612,0.1719,0.4891,0.1577,0.4612,0.1719
23625,P,111607,535912,2.378,2.36,2.3712,0.1094,0.4304,-2.38,-0.002,0.551,0.2388,0.3232,0.1355,0.3418,0.1435,0.3232,0.1355
23626,P,111207,534305,2.3871,2.3745,2.3864,0.1067,0.4421,-2.38,0.0071,-0.1083,0.595,-0.0481,0.1793,-0.1022,0.1791,-0.0481,0.1793
23627,P,111694,524148,2.3803,2.3734,2.3793,0.1088,0.432,-2.38,0.0003,1.55,1.2654,0.4372,0.4571,0.3178,0.358,0.4372,0.4571
23628,P,111384,531534,2.3837,2.3722,2.3777,0.1093,0.4306,-2.38,0.0037,1.3156,0.361,nan,nan,1.0283,0.9443,nan,nan
23629,P,111487,528858,2.3787,2.3589,2.3681,0.1071,0.4324,-2.38,-0.0013,-0.2958,0.5749,0.2438,0.4586,0.3845,0.4073,0.2438,0.4586
23630,P,111576,517586,2.3727,2.3636,2.376,0.1085,0.4301,-2.38,-0.0073,1.2787,0.7697,nan,nan,0.357,0.284,nan,nan
23631,P,111672,516782,2.3784,2.3631,2.3768,0.1099,0.4333,-2.38,-0.0016,nan,nan,0.2622,0.2489,0.4011,0.3577,0.2622,0.2489
23632,P,111823,517687,2.3726,2.3528,2.3673,0.1068,0.4322,-2.38,-0.0074,nan,nan,nan,nan,0.0811,0.2104,nan,nan
23633,P,111658,514241,2.3794,2.3676,2.3793,0.1079,0.4326,-2.38,-0.0006,1.051,1.6469,0.0712,0.4167,0.0598,0.4573,0.0712,0.4167
23634,P,111772,508111,2.3673,2.3556,2.3688,0.1082,0.4321,-2.38,-0.0127,0.1278,0.4509,0.1576,0.1259,-0.1015,1.422,0.1576,0.1259
23635,P,111746,511532,2.3803,2.3641,2.3831,0.1085,0.4309,-2.38,0.0003,nan,nan,-0.7894,0.2777,-0.6141,0.5388,-0.7894,0.2777
23636,P,111103,525754,2.3706,2.3587,2.3692,0.1114,0.4344,-2.38,-0.0094,nan,nan,0.575,0.52,nan,nan,0.575,0.52
23637,P,114897,489760,2.4124,2.4033,2.4118,0.0951,0.4453,-2.38,0.0324,1.7478,0.4437,2.4922,0.3338,2.3147,0.4345,2.4922,0.3338
23638,P,548,0,2.4234,2.4007,nan,0.1148,0.4754,-2.38,0.0434,nan,nan,nan,nan,nan,nan,nan,nan
23639,P,111527,514793,2.384,2.3702,2.3807,0.1076,0.4307,-2.38,0.004,nan,nan,nan,nan,nan,nan,nan,nan
23640,P,111282,507347,2.3915,2.3811,2.3898,0.1066,0.4307,-2.38,0.0115,0.1498,0.2057,0.1804,0.1815,0.241,0.3851,0.1804,0.1815
23641,P,111033,518847,2.376,2.3608,2.3788,0.1097,0.4336,-2.38,-0.004,nan,nan,0.3905,0.2087,0.367,0.2432,0.3905,0.2087
23642,P,111519,512118,2.3861,2.3684,2.3855,0.1087,0.4335,-2.38,0.0061,nan,nan,0.255,0.3472,0.6004,1.0765,0.255,0.3472
23643,P,111293,503973,2.3907,2.3706,2.3916,0.1059,0.4322,-2.38,0.0107,1.1713,0.3178,1.129,0.5633,0.8219,0.5793,1.129,0.5633
23644,P,111521,502918,2.3766,2.3582,2.3739,0.1082,0.4288,-2.38,-0.0034,0.1781,0.4714,-0.0723,0.2288,-0.105,0.245,-0.0723,0.2288
23645,P,111292,529118,2.382,2.3679,2.3817,0.1078,0.4297,-2.38,0.002,nan,nan,nan,nan,nan,nan,nan,nan
23646,P,111656,520573,2.3919,2.3784,2.3921,0.1053,0.432,-2.38,0.0119,0.4732,0.3571,0.4573,0.0951,0.4478,0.1084,0.4573,0.0951
23647,P,111733,522782,2.3785,2.353,2.3745,0.1074,0.434,-2.38,-0.0015,0.4401,0.4614,0.0598,0.1791,0.0301,0.1542,0.0598,0.1791
23648,P,111353,540586,2.3766,2.365,2.3818,0.1066,0.4317,-2.38,-0.0034,-0.0087,0.6347,nan,nan,0.5012,0.2677,nan,nan
23650,P,111360,546321,2.3796,2.3651,2.377,0.1114,0.4324,-2.38,-0.0004,0.2652,0.2139,0.4527,0.0866,0.4539,0.0963,0.4527,0.0866
23651,P,110975,575786,2.377,2.3643,2.3781,0.105,0.4299,-2.38,-0.003,0.485,0.5551,-0.9612,0.1732,-0.9563,0.1724,-0.9612,0.1732
23652,P,111165,565856,2.3829,2.3653,2.3874,0.1093,0.4322,-2.38,0.0029,nan,nan,1.8654,0.0321,1.8652,0.0318,1.8654,0.0321
23653,P,111301,563040,2.3741,2.3546,2.3789,0.108,0.4291,-2.38,-0.0059,1.5531,0.3142,nan,nan,nan,nan,nan,nan
23654,P,111210,552100,2.3829,2.3675,2.3851,0.1085,0.4324,-2.38,0.0029,0.644,1.1072,nan,nan,nan,nan,nan,nan
23655,P,111391,555564,2.3788,2.3649,2.3766,0.1098,0.4314,-2.38,-0.0012,0.0793,0.3835,0.7144,0.3169,0.7621,0.4929,0.7144,0.3169
23656,P,111135,550651,2.3745,2.3578,nan,0.1096,0.4308,-2.38,-0.0055,-0.4819,1.1234,nan,nan,-0.1534,0.2102,nan,nan
23657,P,111448,549186,2.3819,2.3743,2.3807,0.1101,0.4326,-2.38,0.0019,nan,nan,nan,nan,nan,nan,nan,nan
23658,P,111049,548221,2.3799,2.3606,2.3831,0.11,0.4309,-2.38,-0.0001,nan,nan,nan,nan,0.3736,0.9791,nan,nan
23659,P,111350,548269,2.3771,2.367,2.3752,0.1079,0.4305,-2.38,-0.0029,0.6807,0.252,0.4829,0.1412,0.6463,0.2162,0.4829,0.1412
23660,P,111408,560621,2.3793,2.3605,2.3791,0.1068,0.4297,-2.38,-0.0007,nan,nan,0.2538,0.2317,0.2502,0.2451,0.2538,0.2317
23661,P,127967,629100,2.3831,2.3702,2.3831,0.1079,0.4328,-2.38,0.0031,0.9022,0.3829,0.4415,0.193,0.3925,0.1776,0.4415,0.193
23663,P,111289,550435,2.379,2.3616,2.3797,0.1054,0.4304,-2.38,-0.001,nan,nan,nan,nan,nan,nan,nan,nan
23664,P,111276,550366,2.3845,2.3646,2.3822,0.1052,0.4307,-2.38,0.0045,1.4591,0.6513,0.3556,0.2078,0.3205,0.1679,0.3556,0.2078
23665,P,111415,558011,2.3859,2.3656,2.3885,0.1109,0.4338,-2.38,0.0059,1.0523,0.429,-1.1215,14.2968,nan,nan,-1.1215,14.2968
23666,P,110914,549969,2.3823,2.3697,2.381,0.1058,0.4306,-2.38,0.0023,nan,nan,0.1986,0.4735,1.024,0.9474,0.1986,0.4735
23667,P,111308,546509,2.3869,2.3673,2.3891,0.1072,0.4307,-2.38,0.0069,nan,nan,0.1304,0.2096,0.0867,0.2024,0.1304,0.2096
23668,P,111468,550206,2.3871,2.3675,2.3879,0.1066,0.4301,-2.38,0.0071,2.1486,0.8821,0.6701,0.1825,0.7638,0.1971,0.6701,0.1825
23669,P,111532,543726,2.3841,2.3649,2.3841,0.1084,0.4319,-2.38,0.0041,nan,nan,0.2833,0.1221,0.277,0.1248,0.2833,0.1221
23670,P,111207,546226,2.3728,2.3513,2.369,0.1108,0.4325,-2.38,-0.0072,0.9252,0.3146,0.3956,0.2074,0.3792,0.2157,0.3956,0.2074
23671,P,111278,537983,2.387,2.3688,2.3864,0.1084,0.4313,-2.38,0.007,2.0319,0.8114,2.8168,0.2825,2.7067,0.2367,2.8168,0.2825
23672,P,111511,538319,2.3694,2.3552,2.3691,0.1064,0.43,-2.38,-0.0106,nan,nan,nan,nan,1.9992,2.074,nan,nan
23673,P,111070,552426,2.3707,2.3501,2.3719,0.1078,0.4328,-2.38,-0.0093,nan,nan,1.4739,1.9884,0.8909,0.4261,1.4739,1.9884
23674,P,110835,551197,2.381,2.36,2.3864,0.1056,0.4309,-2.38,0.001,nan,nan,0.0121,0.3444,-0.0129,0.3021,0.0121,0.3444
23675,P,111490,555347,2.3658,2.3505,2.3703,0.1104,0.4324,-2.38,-0.0142,-0.12,0.1841,-0.3829,0.1417,-0.2945,0.1742,-0.3829,0.1417
23676,P,111467,559940,2.3726,2.3557,2.3727,0.1082,0.428,-2.38,-0.0074,0.6034,0.3337,0.242,0.1467,0.2342,0.154,0.242,0.1467
23677,P,111251,567571,2.3673,2.3519,2.3645,0.1099,0.4276,-2.38,-0.0127,-0.0951,0.1372,0.0154,0.1807,-0.0047,0.1762,0.0154,0.1807
23678,P,111334,558149,2.3834,2.3653,2.3834,0.1089,0.4307,-2.38,0.0034,0.6173,0.4059,0.3136,0.2768,0.3273,0.2348,0.3136,0.2768
23679,P,111070,556992,2.3773,2.3632,2.3756,0.1071,0.4299,-2.38,-0.0027,1.4941,0.8362,2.2518,0.439,2.3765,0.5264,2.2518,0.439
23680,P,111302,553066,2.376,2.3594,2.3746,0.1083,0.4323,-2.38,-0.004,0.3012,0.5317,-0.025,0.3282,nan,nan,-0.025,0.3282
23681,P,111080,557719,2.377,2.3635,2.3801,0.1095,0.4302,-2.38,-0.003,nan,nan,nan,nan,-0.2609,0.1724,nan,nan
23682,P,111118,555380,2.3788,2.3598,2.3805,0.1086,0.4325,-2.38,-0.0012,nan,nan,0.5095,0.1698,0.5152,0.1634,0.5095,0.1698
23683,P,111420,547679,2.3787,2.3698,2.3746,0.1108,0.4323,-2.38,-0.0013,-0.0021,0.29,0.0144,0.2448,-0.0189,0.5211,0.0144,0.2448
23684,P,111525,545689,2.3738,2.3573,2.371,0.1096,0.4331,-2.38,-0.0062,0.1561,0.5674,0.1511,0.1523,0.1308,0.1547,0.1511,0.1523
23685,P,114524,518214,2.4006,2.388,2.3982,0.0958,0.4472,-2.38,0.0206,nan,nan,-0.7397,0.531,nan,nan,-0.7397,0.531
23686,P,525,0,2.3679,2.4058,nan,0.1566,0.493,-2.38,-0.0121,nan,nan,nan,nan,nan,nan,nan,nan
23687,P,111594,546439,2.374,2.3483,2.3762,0.1078,0.4335,-2.38,-0.006,nan,nan,0.3845,0.1807,0.3122,0.275,0.3845,0.1807
23688,P,111350,543285,2.3749,2.3669,2.3783,0.11,0.4308,-2.38,-0.0051,0.5333,0.4662,0.6958,0.2652,0.7119,0.2434,0.6958,0.2652
23689,P,111532,553561,2.3833,2.3593,2.386,0.108,0.4306,-2.38,0.0033,0.6955,0.4466,0.6403,0.1639,0.6702,0.1727,0.6403,0.1639
23690,P,111431,545509,2.3841,2.3588,2.3854,0.1083,0.4343,-2.38,0.0041,0.175,0.3775,-0.222,0.1993,-0.2836,0.1819,-0.222,0.1993
23691,P,111137,537371,2.3824,2.3623,2.3737,0.1122,0.4341,-2.38,0.0024,nan,nan,0.4064,0.1683,0.428,0.172,0.4064,0.1683
23692,P,111459,542237,2.374,2.3559,2.3693,0.1089,0.4341,-2.38,-0.006,0.3033,0.436,0.6443,0.5126,0.7336,0.5993,0.6443,0.5126
23693,P,111149,541795,2.3787,2.3625,2.3769,0.1082,0.431,-2.38,-0.0013,0.66,0.5484,-1.1466,0.4279,1.1663,0.325,-1.1466,0.4279
23694,P,111475,544818,2.369,2.3567,2.3656,0.1098,0.4315,-2.38,-0.011,nan,nan,0.533,0.1389,0.5376,0.143,0.533,0.1389
23695,P,111276,542354,2.3739,2.3582,2.3739,0.105,0.4313,-2.38,-0.0061,2.7794,20.8364,nan,nan,-0.0022,0.5642,nan,nan
23696,P,111366,546394,2.369,2.3543,2.3717,0.1096,0.4302,-2.38,-0.011,1.3431,0.9739,0.4431,0.2557,0.4194,0.2704,0.4233,0.2763
23697,P,111727,496399,2.3857,2.3727,2.3854,0.1092,0.432,-2.38,0.0057,0.1709,0.3049,1.8775,5.1739,nan,nan,1.8775,5.1739
23698,P,111856,481535,2.3811,2.3595,2.3817,0.1083,0.4315,-2.38,0.0011,-0.2162,0.4719,-0.0889,0.2226,-0.0651,0.2337,-0.0889,0.2226
23699,P,111701,488192,2.368,2.3501,2.3684,0.1073,0.4262,-2.38,-0.012,0.858,0.5093,0.8076,0.2439,0.7853,0.2743,0.8076,0.2439
23700,P,111720,479732,2.3712,2.3568,2.3735,0.1077,0.4301,-2.38,-0.0088,1.3589,1.0111,0.2838,0.2768,0.2602,0.3547,0.2838,0.2768
23701,P,111818,473353,2.3786,2.3569,2.3763,0.1097,0.4322,-2.38,-0.0014,1.6108,0.5136,2.8864,1.1373,nan,nan,2.8864,1.1373
23702,P,111797,480776,2.3706,2.3548,2.3724,0.1111,0.4305,-2.38,-0.0094,nan,nan,0.0152,0.242,0.0425,0.2124,0.0152,0.242
23703,P,113627,316439,2.3768,2.3689,2.3732,0.1094,0.4323,-2.38,-0.0032,-0.1089,0.3935,-1.0103,0.2023,-0.7078,0.4082,-1.0103,0.2023
23704,P,111717,495419,2.3765,2.3666,2.3806,0.1097,0.431,-2.38,-0.0035,nan,nan,-3.1528,0.321,0.9347,0.6905,-3.1528,0.321
23705,P,111938,487591,2.3701,2.3555,2.3705,0.1107,0.4313,-2.38,-0.0099,0.5685,0.1774,0.2865,0.0915,0.2866,0.0898,0.2865,0.0915
23706,P,111843,473927,2.3698,2.3559,2.3755,0.1113,0.4305,-2.38,-0.0102,0.2302,0.9057,nan,nan,nan,nan,nan,nan
23707,P,111858,479548,2.3732,2.3551,2.3731,0.1089,0.4292,-2.38,-0.0068,0.277,0.3437,0.4837,0.5228,0.3312,1.2633,0.4837,0.5228
23708,P,111780,475015,2.3751,2.3639,2.3787,0.1092,0.4339,-2.38,-0.0049,-0.2148,0.5339,nan,nan,nan,nan,nan,nan
23709,P,128677,542788,2.3795,2.3607,2.376,0.1067,0.4302,-2.38,-0.0005,nan,nan,0.4213,0.1834,0.4452,0.1987,0.4213,0.1834
23711,P,111967,468854,2.3747,2.3585,2.377,0.105,0.4287,-2.38,-0.0053,0.568,0.3436,0.7495,0.167,0.7319,0.1914,0.7495,0.167
23712,P,111779,469656,2.3714,2.3593,2.3713,0.1056,0.4306,-2.38,-0.0086,0.5783,0.356,0.1998,0.2457,0.1959,0.2773,0.1998,0.2457
23713,P,111664,531028,2.3712,2.3526,2.3683,0.1053,0.4305,-2.38,-0.0088,1.9772,1.1899,nan,nan,nan,nan,nan,nan
23714,P,111554,532208,2.3815,2.3622,2.3808,0.1082,0.4327,-2.38,0.0015,0.7873,0.4691,0.6834,0.1452,0.5487,0.1971,0.6834,0.1452
23715,P,111412,531579,2.3782,2.3575,2.3783,0.1095,0.4343,-2.38,-0.0018,0.5963,0.9627,nan,nan,nan,nan,nan,nan
23716,P,112132,514318,2.3761,2.3655,2.3749,0.1067,0.4297,-2.38,-0.0039,-0.5003,0.4303,-0.7588,0.2463,-0.0012,1.4144,-0.7588,0.2463
23717,P,112161,396782,2.3729,2.3516,2.375,0.1118,0.4329,-2.38,-0.0071,1.73,2.2639,-0.3546,0.2042,-0.3076,0.2475,-0.3064,0.2519
23724,P,31615,2671,2.3653,2.3153,2.3638,0.1109,0.4211,-2.38,-0.0147,nan,nan,0.1405,0.075,0.1138,0.0747,0.1405,0.075
23726,P,116680,160094,2.3711,2.4626,2.369,0.1051,0.4212,-2.38,-0.0089,0.6343,0.2412,0.2164,0.5066,0.2389,0.3942,0.2164,0.5066
23727,P,115849,192416,2.3737,2.4913,2.3765,0.1073,0.4243,-2.38,-0.0063,0.176,0.1332,0.1924,0.092,0.2425,0.1117,0.1924,0.092
23728,P,116256,192337,2.3728,2.5,2.3722,0.1084,0.4219,-2.38,-0.0072,0.7996,0.2047,0.3597,0.1283,0.2557,0.1025,0.3597,0.1283
23729,P,115772,209403,2.3622,2.4787,2.3616,0.1053,0.4202,-2.38,-0.0178,0.5279,0.1948,0.278,0.159,0.2968,0.142,0.278,0.159
23730,P,116090,206091,2.3635,2.5003,2.3665,0.1064,0.4205,-2.38,-0.0165,0.2512,0.1325,0.8605,0.4227,0.598,0.4019,0.8605,0.4227
23731,P,115925,202903,2.3741,2.4942,2.3708,0.1045,0.4205,-2.38,-0.0059,0.7341,0.2496,0.3641,0.15,0.3814,0.1445,0.3641,0.15
23732,P,116632,204171,2.3654,2.4882,2.3684,0.0909,0.4409,-2.38,-0.0146,0.2416,0.1496,0.5026,0.1247,0.5313,0.1436,0.5026,0.1247
23733,P,116096,201927,2.3679,2.5054,2.366,0.1052,0.4229,-2.38,-0.0121,0.9997,0.3314,0.1926,0.1121,0.2539,0.1245,0.1926,0.1121
23734,P,115787,191577,2.3708,2.5192,2.3671,0.0914,0.4462,-2.38,-0.0092,0.7365,0.1576,0.5232,0.1317,0.5216,0.1233,0.5232,0.1317
23736,P,116433,201023,2.3586,2.4639,2.3618,0.1033,0.4252,-2.38,-0.0214,0.2672,0.1564,nan,nan,0.3809,0.1422,nan,nan
23738,P,80247,140932,2.3683,2.4986,2.3633,0.1044,0.4198,-2.38,-0.0117,0.3909,0.2299,0.2133,0.1869,0.2706,0.2153,0.2133,0.1869
23740,P,80614,137827,2.3533,2.4944,2.3551,0.1037,0.425,-2.38,-0.0267,0.8694,0.2076,0.2417,0.131,0.4909,0.1487,0.2417,0.131
23742,P,80992,132899,2.3649,2.4917,2.3678,0.1053,0.4366,-2.38,-0.0151,0.3408,0.317,0.328,0.0855,0.3285,0.0911,0.328,0.0855
23743,P,80439,134949,2.3687,2.4918,2.3738,0.1037,0.4259,-2.38,-0.0113,0.7378,0.2361,0.5849,0.1892,0.7256,0.3332,0.5849,0.1892
23744,P,80629,135727,2.3674,2.4922,2.3691,0.0948,0.4435,-2.38,-0.0126,0.8086,1.1175,0.3085,0.2284,0.3226,0.2748,0.3085,0.2284
23745,P,80617,133940,2.3695,2.5001,2.3738,0.0917,0.4426,-2.38,-0.0105,1.4008,0.3787,0.5211,0.1754,0.5164,0.1835,0.5211,0.1754
23746,P,80462,133417,2.3654,2.4858,2.3632,0.1002,0.4281,-2.38,-0.0146,0.5538,0.1845,0.4911,0.1274,nan,nan,0.4911,0.1274
23747,P,80721,131772,2.375,2.5233,2.3731,0.0953,0.4469,-2.38,-0.005,0.8744,0.225,0.4439,0.1222,0.4603,0.1199,0.4439,0.1222
23750,P,80615,130966,2.3779,2.4903,2.382,0.1051,0.4239,-2.38,-0.0021,0.4695,0.1836,0.3727,0.186,0.3727,0.186,0.3727,0.186
23756,P,77953,147399,2.3789,2.3608,2.3766,0.0977,0.452,-2.38,-0.0011,0.3798,0.3582,0.4297,0.2829,0.295,0.0748,0.4297,0.2829
23757,P,76702,313628,2.3733,2.3566,2.3722,0.1004,0.452,-2.38,-0.0067,2.4474,0.7617,nan,nan,0.1281,0.1229,nan,nan
23758,P,76712,285893,2.3759,2.3574,2.3738,0.099,0.4512,-2.38,-0.0041,-1.5409,0.381,1.7045,0.0943,1.7043,0.0945,1.7045,0.0943
23759,P,77416,240096,2.3834,2.3654,2.3881,0.0968,0.4463,-2.38,0.0034,-2.0717,0.484,0.5801,0.2939,nan,nan,0.5801,0.2939
23760,P,64088,211222,2.3743,2.3525,2.3731,0.0948,0.4505,-2.38,-0.0057,nan,nan,nan,nan,nan,nan,nan,nan
23761,P,77491,252702,2.3895,2.3734,2.3894,0.0951,0.4524,-2.38,0.0095,-0.054,0.4531,0.3933,0.142,0.397,0.1372,0.3933,0.142
23762,P,77090,246847,2.3721,2.3613,2.3688,0.0975,0.4485,-2.38,-0.0079,2.5129,0.5893,1.0625,0.6797,nan,nan,1.0625,0.6797
23763,P,77120,254579,2.377,2.3635,2.3751,0.0978,0.4496,-2.38,-0.003,-0.1773,0.2946,nan,nan,nan,nan,nan,nan
23764,P,76895,254926,2.3741,2.3594,2.3716,0.1,0.452,-2.38,-0.0059,0.0573,0.3845,-0.1781,0.2184,-0.2232,0.1938,-0.1781,0.2184
23766,P,128711,425502,2.3827,2.3689,2.3831,0.099,0.4492,-2.38,0.0027,nan,nan,0.1954,0.0862,0.0232,0.2424,0.1954,0.0862
23768,P,77460,254186,2.3726,2.36,2.3748,0.0979,0.4503,-2.38,-0.0074,0.2122,0.1363,0.2614,0.0988,0.262,0.0997,0.2614,0.0988
23769,P,112221,365216,2.3789,2.3703,2.3832,0.1098,0.4295,-2.38,-0.0011,0.9784,0.4087,nan,nan,nan,nan,nan,nan
23770,P,111817,358896,2.3805,2.3611,2.3792,0.1084,0.4303,-2.38,0.0005,nan,nan,3.4339,0.2593,0.9687,3.6726,3.4339,0.2593
23771,P,112105,363386,2.3726,2.3526,2.3735,0.1085,0.4279,-2.38,-0.0074,nan,nan,0.3279,0.2104,0.4424,0.2954,0.3279,0.2104
23772,P,111802,365760,2.3734,2.3518,2.3781,0.1073,0.428,-2.38,-0.0066,0.7729,0.3286,nan,nan,0.0251,3.774,nan,nan
23773,P,111713,370282,2.3816,2.3553,2.3769,0.1076,0.4276,-2.38,0.0016,1.2688,0.7421,nan,nan,0.6074,0.3423,nan,nan
23774,P,111801,367713,2.3824,2.3564,2.3827,0.105,0.4286,-2.38,0.0024,1.7302,0.9179,0.6809,0.2199,0.691,0.2039,0.6809,0.2199
23775,P,111876,349042,2.3803,2.3575,2.3841,0.1048,0.4293,-2.38,0.0003,nan,nan,-0.6366,0.3622,-0.6975,0.2902,-0.6366,0.3622
23776,P,111613,363666,2.3766,2.354,2.3753,0.1069,0.4284,-2.38,-0.0034,0.3085,0.8385,0.3949,0.1169,0.3945,0.1177,0.3949,0.1169
23777,P,111994,363827,2.3781,2.3592,2.377,0.1063,0.4287,-2.38,-0.0019,0.5923,0.5885,0.0447,0.1605,0.0117,0.1479,0.0447,0.1605
23778,P,111698,369787,2.3803,2.3671,2.3744,0.1055,0.4274,-2.38,0.0003,1.8369,0.4578,nan,nan,2.8818,0.1967,nan,nan
23779,P,111988,347395,2.3738,2.3604,2.3751,0.1061,0.4269,-2.38,-0.0062,0.7287,0.3501,nan,nan,1.0997,0.5561,nan,nan
23780,P,129522,395799,2.3834,2.358,2.3838,0.1048,0.4291,-2.38,0.0034,nan,nan,nan,nan,2.7352,0.8255,nan,nan
23782,P,111966,373290,2.3728,2.3488,2.368,0.105,0.4294,-2.38,-0.0072,0.1557,0.1769,0.137,0.1408,0.1391,0.135,0.137,0.1408
23783,P,112296,350815,2.3721,2.3556,2.3703,0.1055,0.4249,-2.38,-0.0079,0.1704,0.658,0.2732,0.1258,0.2732,0.1258,0.2732,0.1258
23784,P,112066,358205,2.3828,2.3595,2.3829,0.1064,0.4262,-2.38,0.0028,0.6775,0.6968,nan,nan,nan,nan,nan,nan
23785,P,112073,367745,2.3864,2.3614,2.3923,0.1068,0.43,-2.38,0.0064,nan,nan,0.8296,2.9317,0.1489,0.3891,0.8296,2.9317
23786,P,112433,392834,2.3807,2.3641,2.3746,0.1076,0.4305,-2.38,0.0007,nan,nan,nan,nan,nan,nan,nan,nan
23787,P,112068,366158,2.3839,2.3656,2.3927,0.1064,0.4268,-2.38,0.0039,3.6248,29.2636,0.0429,1.7316,-0.006,1.1284,0.0429,1.7316
23788,P,111937,356006,2.3784,2.3591,2.3749,0.1071,0.4276,-2.38,-0.0016,-1.2134,0.3022,2.6772,0.0675,2.6772,0.0675,2.6772,0.0675
23789,P,88631,284041,2.3699,2.348,2.3683,0.1056,0.4269,-2.38,-0.0101,0.1764,0.3467,0.1874,0.2398,0.2389,0.233,0.1874,0.2398
23790,P,111766,361617,2.3878,2.3692,2.3864,0.1057,0.4265,-2.38,0.0078,1.3921,5.3416,nan,nan,1.5236,0.3934,nan,nan
23791,P,112240,361724,2.3906,2.3684,2.389,0.1065,0.4292,-2.38,0.0106,0.2945,0.4105,0.2473,0.3953,0.3818,0.4543,0.2473,0.3953
23792,P,112001,358745,2.3807,2.3619,2.3861,0.1092,0.4271,-2.38,0.0007,0.8432,0.4022,0.2959,0.3072,0.2934,0.314,0.2959,0.3072
23793,P,112016,351670,2.3886,2.3643,2.3937,0.1072,0.4261,-2.38,0.0086,-0.0124,27.0386,3.5643,0.3004,nan,nan,3.5643,0.3004
23794,P,111917,362513,2.3769,2.3546,2.3794,0.1076,0.4293,-2.38,-0.0031,0.022,0.2708,0.0402,0.1389,0.0673,0.1399,0.0402,0.1389
23795,P,111821,340383,2.39,2.371,2.3872,0.1059,0.4262,-2.38,0.01,3.5985,1.8608,nan,nan,0.9837,0.316,nan,nan
22013,H,3147,0,3.9571,3.9643,nan,0.0124,0.269,-3.65,0.3071,nan,nan,nan,nan,nan,nan,nan,nan
22023,H,66470,0,3.9767,3.9625,nan,0.0006,0.2761,-3.65,0.3267,nan,nan,nan,nan,nan,nan,nan,nan
22024,H,65091,0,3.9823,3.9715,nan,0.0044,0.2744,-3.65,0.3323,nan,nan,nan,nan,nan,nan,nan,nan
22025,H,58545,0,3.9841,3.9736,nan,-0.0007,0.2706,-3.65,0.3341,nan,nan,nan,nan,nan,nan,nan,nan
22026,H,47156,0,3.9553,3.9556,nan,-0.0003,0.2615,-3.65,0.3053,nan,nan,nan,nan,nan,nan,nan,nan
22027,H,72007,0,3.9462,3.9534,nan,-0.0021,0.26,-3.65,0.2962,nan,nan,nan,nan,nan,nan,nan,nan
22028,H,33375,0,3.9378,3.9418,nan,-0.0022,0.2566,-3.65,0.2878,nan,nan,nan,nan,nan,nan,nan,nan
22029,H,52244,0,3.9309,3.9434,nan,0.0022,0.2561,-3.65,0.2809,nan,nan,nan,nan,nan,nan,nan,nan
22030,H,41164,0,3.9303,3.9393,nan,-0.0022,0.2576,-3.65,0.2803,nan,nan,nan,nan,nan,nan,nan,nan
22031,H,19514,0,3.9276,3.9346,nan,-0.0005,0.2612,-3.65,0.2776,nan,nan,nan,nan,nan,nan,nan,nan
22032,H,70920,0,3.9346,3.9561,nan,-0.0027,0.2574,-3.65,0.2846,nan,nan,nan,nan,nan,nan,nan,nan
22033,H,60256,0,3.9474,3.9636,nan,-0.0014,0.2598,-3.65,0.2974,nan,nan,nan,nan,nan,nan,nan,nan
22034,H,70997,1388,3.9384,3.9512,nan,-0.0022,0.2563,-3.65,0.2884,nan,nan,nan,nan,nan,nan,nan,nan
22035,H,70309,52587,3.9544,3.9698,nan,-0.0025,0.2558,-3.65,0.3044,3.0161,0.2878,3.1425,0.3011,2.7617,0.3098,2.8551,0.2919
22036,H,59310,19821,3.9676,3.9809,nan,-0.0028,0.2557,-3.65,0.3176,nan,nan,nan,nan,3.1897,0.1395,1.4892,0.7675
22037,H,83795,0,3.9252,3.9428,nan,-0.0106,0.2289,-3.65,0.2752,nan,nan,nan,nan,nan,nan,nan,nan
22038,H,84069,140961,3.9002,3.9191,nan,-0.0106,0.2263,-3.65,0.2502,nan,nan,nan,nan,0.2909,0.1939,0.2909,0.1939
22039,H,83475,0,3.9373,3.9534,nan,-0.0095,0.2283,-3.65,0.2873,nan,nan,nan,nan,nan,nan,nan,nan
22040,H,83683,0,3.9071,3.9242,nan,-0.0085,0.2273,-3.65,0.2571,nan,nan,nan,nan,nan,nan,nan,nan
22041,H,84321,0,3.9069,3.9236,nan,-0.0107,0.2261,-3.65,0.2569,nan,nan,nan,nan,nan,nan,nan,nan
22042,H,83591,0,3.9239,3.9414,nan,-0.007,0.2286,-3.65,0.2739,nan,nan,nan,nan,nan,nan,nan,nan
22043,H,83801,115858,3.9314,3.9473,nan,-0.0095,0.2295,-3.65,0.2814,nan,nan,3.611,0.3099,3.1967,0.3632,3.3483,0.3834
22044,H,65131,0,3.9522,3.969,nan,0.0116,0.2936,-3.65,0.3022,nan,nan,nan,nan,nan,nan,nan,nan
22045,H,65976,0,3.9219,3.9546,nan,0.0085,0.2903,-3.65,0.2719,nan,nan,nan,nan,nan,nan,nan,nan
22046,H,66124,0,3.9217,3.9303,nan,0.0066,0.2846,-3.65,0.2717,nan,nan,nan,nan,nan,nan,nan,nan
22047,H,41175,0,3.9037,3.911,nan,0.0098,0.285,-3.65,0.2537,nan,nan,nan,nan,nan,nan,nan,nan
22048,H,10948,0,3.9187,3.9404,nan,0.0072,0.2905,-3.65,0.2687,nan,nan,nan,nan,nan,nan,nan,nan
22049,H,2292,0,3.7927,3.7514,nan,0.0091,0.2688,-3.65,0.1427,nan,nan,nan,nan,nan,nan,nan,nan
22050,H,1860,0,3.8566,3.8032,nan,-0.0061,0.2701,-3.65,0.2066,nan,nan,nan,nan,nan,nan,nan,nan
22062,H,82070,27942,3.8767,3.8758,nan,-0.0113,0.2291,-3.65,0.2267,3.1468,0.2577,3.5799,0.2569,nan,nan,-1.5636,0.1201
22064,H,28174,9692,3.8743,3.8761,nan,-0.011,0.2279,-3.65,0.2243,-3.2478,0.5832,nan,nan,-3.8182,0.3929,nan,nan
22065,H,81940,28056,3.875,3.8725,nan,-0.0123,0.2313,-3.65,0.225,nan,nan,nan,nan,nan,nan,nan,nan
22066,H,82082,28484,3.8753,3.8734,nan,-0.0119,0.2294,-3.65,0.2253,nan,nan,nan,nan,nan,nan,nan,nan
22067,H,93129,40224,3.8765,3.8762,nan,-0.0106,0.2306,-3.65,0.2265,nan,nan,nan,nan,nan,nan,nan,nan
22068,H,87327,780,3.8795,3.8785,nan,-0.0108,0.2279,-3.65,0.2295,nan,nan,nan,nan,nan,nan,nan,nan
22069,H,131122,48760,3.8796,3.8809,nan,-0.0109,0.2288,-3.65,0.2296,nan,nan,nan,nan,nan,nan,3.5422,0.3819
22070,H,108470,46475,3.8812,3.8815,nan,-0.0103,0.2316,-3.65,0.2312,nan,nan,nan,nan,nan,nan,nan,nan
22071,H,130800,56005,3.8858,3.8848,nan,-0.0106,0.2289,-3.65,0.2358,-0.2979,3.2858,nan,nan,0.7855,0.0847,nan,nan
22072,H,131125,54568,3.885,3.8843,nan,-0.0106,0.2273,-3.65,0.235,nan,nan,nan,nan,nan,nan,nan,nan
22073,H,130813,54606,3.8896,3.8897,nan,-0.0106,0.2293,-3.65,0.2396,nan,nan,-0.3032,0.0263,nan,nan,nan,nan
22079,H,47285,5650,3.9014,3.8888,nan,-0.0107,0.231,-3.65,0.2514,nan,nan,-2.9646,0.0387,nan,nan,nan,nan
22080,H,25313,3107,3.9041,3.8932,nan,-0.0138,0.2294,-3.65,0.2541,nan,nan,nan,nan,nan,nan,nan,nan
22081,H,81976,9575,3.8964,3.8845,nan,-0.0094,0.2311,-3.65,0.2464,nan,nan,nan,nan,nan,nan,nan,nan
22083,H,42774,1092,3.8821,3.8683,nan,-0.0124,0.2288,-3.65,0.2321,nan,nan,0.1241,1.4586,-1.1676,1.5696,nan,nan
22084,H,41629,4809,3.8597,3.848,nan,-0.0086,0.2303,-3.65,0.2097,nan,nan,nan,nan,nan,nan,nan,nan
22086,H,64680,2782,3.8608,3.8298,nan,-0.0126,0.2291,-3.65,0.2108,nan,nan,nan,nan,-0.8991,0.5034,nan,nan
22087,H,113540,4745,3.872,3.8416,nan,-0.0109,0.2293,-3.65,0.222,nan,nan,nan,nan,nan,nan,nan,nan
22088,H,28345,1249,3.8928,3.8639,nan,-0.0085,0.228,-3.65,0.2428,nan,nan,nan,nan,nan,nan,nan,nan
22089,H,30740,1329,3.9063,3.8802,nan,-0.0109,0.2306,-3.65,0.2563,nan,nan,nan,nan,nan,nan,nan,nan
22090,H,34333,1477,3.92,3.8895,nan,-0.0137,0.2288,-3.65,0.27,nan,nan,-2.8673,1.4154,nan,nan,-0.8931,0.6027
22091,H,39370,750,3.941,3.8976,nan,-0.0079,0.2319,-3.65,0.291,nan,nan,nan,nan,-2.3599,8.87,-2.2092,0.0526
22092,H,32413,611,3.9435,3.8989,nan,-0.0103,0.2293,-3.65,0.2935,nan,nan,nan,nan,-0.0593,31.23,nan,nan
22093,H,19165,383,3.9355,3.8924,nan,-0.0112,0.2296,-3.65,0.2855,nan,nan,nan,nan,nan,nan,nan,nan
22094,H,15401,0,3.9212,3.8774,nan,-0.0121,0.2335,-3.65,0.2712,nan,nan,nan,nan,nan,nan,nan,nan
22095,H,45677,7,3.9058,3.8671,nan,-0.0094,0.2295,-3.65,0.2558,nan,nan,nan,nan,nan,nan,nan,nan
22096,H,42719,657,3.8842,3.8391,nan,-0.0082,0.2319,-3.65,0.2342,nan,nan,nan,nan,nan,nan,nan,nan
22097,H,15668,10044,3.8977,3.8893,nan,-0.0066,0.2313,-3.65,0.2477,nan,nan,nan,nan,nan,nan,nan,nan
22099,H,1647,0,3.8858,3.8439,nan,-0.0101,0.2497,-3.65,0.2358,nan,nan,nan,nan,nan,nan,nan,nan
22100,H,7005,0,3.8891,3.8672,nan,-0.0209,0.2464,-3.65,0.2391,nan,nan,nan,nan,nan,nan,nan,nan
22101,H,11622,0,3.8927,3.8755,nan,-0.0136,0.2435,-3.65,0.2427,nan,nan,nan,nan,nan,nan,nan,nan
22102,H,103461,0,3.9137,3.8943,nan,-0.0084,0.3112,-3.65,0.2637,nan,nan,nan,nan,nan,nan,nan,nan
22105,H,10724,0,3.8781,3.7949,nan,-0.007,0.2479,-3.65,0.2281,nan,nan,nan,nan,nan,nan,nan,nan
22106,H,18305,0,3.8929,3.8762,nan,-0.0093,0.2293,-3.65,0.2429,nan,nan,nan,nan,nan,nan,nan,nan
22107,H,18377,0,3.8712,3.8557,nan,-0.0139,0.2346,-3.65,0.2212,nan,nan,nan,nan,nan,nan,nan,nan
22108,H,28990,0,3.9024,3.8923,nan,-0.0113,0.2301,-3.65,0.2524,nan,nan,nan,nan,nan,nan,nan,nan
22109,H,43299,0,3.9003,3.8893,nan,-0.0107,0.2244,-3.65,0.2503,nan,nan,nan,nan,nan,nan,nan,nan
22110,H,40103,0,3.8674,3.8557,nan,-0.0121,0.2254,-3.65,0.2174,nan,nan,nan,nan,nan,nan,nan,nan
22112,H,119535,112225,3.8332,3.9589,nan,0.0024,0.3163,-3.65,0.1832,2.5203,0.6403,2.5887,0.5759,2.3176,0.5879,nan,nan
22113,H,14877,934,3.8112,3.8218,nan,-0.0035,0.2538,-3.65,0.1612,nan,nan,nan,nan,nan,nan,nan,nan
22114,H,8346,351,3.9036,3.8078,nan,0.0044,0.2549,-3.65,0.2536,3.7486,0.3735,nan,nan,nan,nan,nan,nan
22115,H,73680,18827,3.8616,3.8268,nan,-0.0063,0.2334,-3.65,0.2116,nan,nan,nan,nan,nan,nan,nan,nan
22116,H,74012,38579,3.8541,3.8283,nan,-0.011,0.2322,-3.65,0.2041,nan,nan,nan,nan,nan,nan,nan,nan
22117,H,18686,1099,3.8952,3.8355,nan,-0.0095,0.226,-3.65,0.2452,3.801,0.1525,nan,nan,nan,nan,nan,nan
22118,H,10215,424,3.8963,3.8336,nan,-0.0082,0.2304,-3.65,0.2463,nan,nan,nan,nan,nan,nan,nan,nan
22119,H,22453,2776,3.8771,3.8117,nan,-0.0082,0.2273,-3.65,0.2271,nan,nan,nan,nan,nan,nan,nan,nan
22120,H,21976,2792,3.8536,3.7869,nan,-0.0113,0.2322,-3.65,0.2036,nan,nan,nan,nan,nan,nan,nan,nan
22124,H,4312,310,3.9087,3.84,nan,-0.0176,0.2347,-3.65,0.2587,2.7919,44.1847,nan,nan,-0.9896,9.8754,nan,nan
22126,H,1662,119,3.9145,3.8615,nan,-0.0199,0.2395,-3.65,0.2645,nan,nan,nan,nan,nan,nan,nan,nan
22127,H,3633,276,3.9025,3.8217,nan,-0.0164,0.233,-3.65,0.2525,nan,nan,nan,nan,nan,nan,nan,nan
22133,H,7394,730,3.8697,3.7126,nan,-0.0096,0.2292,-3.65,0.2197,nan,nan,-0.8892,16.0065,nan,nan,nan,nan
22134,H,9107,842,3.8675,3.7013,nan,-0.0127,0.2372,-3.65,0.2175,nan,nan,nan,nan,nan,nan,nan,nan
22136,H,7979,843,3.8601,3.7097,nan,-0.0077,0.2289,-3.65,0.2101,nan,nan,nan,nan,nan,nan,nan,nan
22138,H,57782,123625,3.8521,3.793,nan,-0.0091,0.2333,-3.65,0.2021,nan,nan,nan,nan,nan,nan,nan,nan
22144,H,57702,118592,3.8561,3.7971,nan,-0.0095,0.2303,-3.65,0.2061,3.4925,0.068,2.1581,0.7739,nan,nan,nan,nan
22146,H,57854,122578,3.8777,3.8165,nan,-0.0106,0.234,-3.65,0.2277,nan,nan,1.7888,0.1795,1.5083,0.1437,nan,nan
22148,H,59720,56798,3.9009,3.8334,nan,-0.009,0.2339,-3.65,0.2509,nan,nan,-2.7189,0.0481,nan,nan,nan,nan
22150,H,59673,29164,3.8694,3.7909,nan,-0.0085,0.2378,-3.65,0.2194,nan,nan,nan,nan,nan,nan,nan,nan
22151,H,57682,113474,3.8646,3.8029,nan,-0.0125,0.2331,-3.65,0.2146,nan,nan,nan,nan,nan,nan,-1.7722,2.3156
22152,H,67281,6372,3.8935,3.7176,nan,-0.0104,0.2333,-3.65,0.2435,2.7118,0.232,nan,nan,2.282,0.2887,2.282,0.2887
22153,H,49581,3443,3.8459,3.7827,nan,-0.0118,0.2299,-3.65,0.1959,3.9078,0.1997,nan,nan,nan,nan,nan,nan
22154,H,58110,109692,3.8636,3.8085,nan,-0.0109,0.2332,-3.65,0.2136,nan,nan,-2.7565,2.6622,nan,nan,nan,nan
22155,H,59231,60898,3.8984,3.8326,nan,-0.0089,0.2352,-3.65,0.2484,nan,nan,1.8767,0.1778,1.5995,0.2551,1.5995,0.2551
22178,H,66335,0,3.6776,3.6868,3.681,-0.0034,0.2568,-3.65,0.0276,nan,nan,nan,nan,nan,nan,nan,nan
22179,H,69968,0,3.6578,3.6739,3.6595,-0.0029,0.2567,-3.65,0.0078,nan,nan,nan,nan,nan,nan,nan,nan
22180,H,25817,0,3.6599,3.6681,2.1041,0.004,0.2808,-3.65,0.0099,nan,nan,nan,nan,nan,nan,nan,nan
22181,H,70095,180407,3.6552,3.6616,3.6546,0.003,0.2771,-3.65,0.0052,nan,nan,nan,nan,nan,nan,nan,nan
22182,H,105773,265805,3.6557,3.6614,3.6566,0.0034,0.277,-3.65,0.0057,nan,nan,-0.4397,0.2044,-0.4386,0.2035,-0.4398,0.2044
22183,H,105451,265466,3.6558,3.6597,3.6594,0.0023,0.2767,-3.65,0.0058,nan,nan,nan,nan,nan,nan,nan,nan
22184,H,105761,270858,3.6592,3.6645,3.6589,0.0015,0.2775,-3.65,0.0092,nan,nan,nan,nan,nan,nan,nan,nan
22185,H,105502,269323,3.6547,3.659,3.6549,0.0017,0.2782,-3.65,0.0047,nan,nan,1.9437,0.6569,2.027,0.9204,2.0267,0.9293
22186,H,105644,264233,3.6566,3.6634,3.6618,0.0028,0.277,-3.65,0.0066,2.6037,0.5199,2.451,0.5161,2.4871,0.6225,2.4961,0.6359
22187,H,63768,160946,3.6569,3.6586,3.6584,-0.0004,0.2782,-3.65,0.0069,2.797,0.4867,2.9913,0.5997,2.8013,0.5026,2.7992,0.5021
22188,H,105645,265013,3.6574,3.6624,3.6548,0.0023,0.2766,-3.65,0.0074,nan,nan,nan,nan,3.9039,0.8409,3.9058,0.8469
22189,H,104764,305596,3.6569,3.6613,3.657,-0.0001,0.277,-3.65,0.0069,nan,nan,nan,nan,nan,nan,nan,nan
22190,H,108309,109773,3.6514,3.6568,3.6506,0.0038,0.2791,-3.65,0.0014,-2.4483,0.1259,nan,nan,nan,nan,nan,nan
22191,H,108669,107800,3.6535,3.6593,nan,0.0033,0.2784,-3.65,0.0035,nan,nan,1.1599,1.0823,nan,nan,nan,nan
22192,H,106844,154881,3.654,3.6528,3.654,0.0026,0.2765,-3.65,0.004,nan,nan,nan,nan,nan,nan,nan,nan
22193,H,107072,155434,3.6546,3.658,3.6545,0.0046,0.2775,-3.65,0.0046,nan,nan,nan,nan,3.5484,0.4262,3.5513,0.4271
22195,H,107161,141901,3.6576,3.6518,3.6536,0.0015,0.2776,-3.65,0.0076,nan,nan,nan,nan,nan,nan,nan,nan
22196,H,106597,140259,3.6551,3.6517,3.657,0.0025,0.2782,-3.65,0.0051,nan,nan,2.2916,0.4306,2.1571,0.4018,2.1619,0.4025
22199,H,30352,826,3.693,3.7007,3.6943,0.0025,0.2916,-3.65,0.043,nan,nan,nan,nan,nan,nan,2.7675,8.8594
22200,H,88180,1058,3.6926,3.6897,3.6947,0.0032,0.2919,-3.65,0.0426,nan,nan,-1.6874,2.5008,-0.7353,1.9079,nan,nan
22201,H,9194,90,3.6931,3.6963,3.696,0.004,0.292,-3.65,0.0431,nan,nan,nan,nan,nan,nan,nan,nan
22202,H,106770,238474,3.6491,3.6547,3.6492,0.0037,0.2795,-3.65,-0.0009,nan,nan,2.7193,0.6473,nan,nan,nan,nan
22203,H,87819,101608,3.6494,3.6511,3.6483,0.0037,0.278,-3.65,-0.0006,nan,nan,nan,nan,nan,nan,nan,nan
22205,H,106250,135280,3.6531,3.656,3.6528,0.0005,0.2772,-3.65,0.0031,nan,nan,2.3526,0.7841,1.8983,0.5507,1.9045,0.5559
22206,H,107235,131864,3.6477,3.6525,1.5476,0.0052,0.2801,-3.65,-0.0023,2.5067,0.4731,2.5536,0.5405,2.3212,0.339,2.2914,0.3416
22207,H,108530,125325,3.6468,3.6587,3.6508,0.003,0.2777,-3.65,-0.0032,1.5469,0.9607,0.515,0.4494,0.4043,0.5241,0.4923,0.4277
22208,H,108428,121802,3.6481,3.6501,3.6498,0.0019,0.2772,-3.65,-0.0019,nan,nan,nan,nan,3.7933,0.4057,3.8846,0.4198
22209,H,108152,114320,3.6443,3.6431,3.6457,0.0031,0.2778,-3.65,-0.0057,nan,nan,nan,nan,nan,nan,nan,nan
22210,H,108907,115194,3.6456,3.6464,3.6449,0.0044,0.2777,-3.65,-0.0044,nan,nan,nan,nan,nan,nan,nan,nan
22216,H,67786,71714,3.6441,3.6453,3.6454,0.0031,0.2781,-3.65,-0.0059,nan,nan,1.8661,0.2234,1.0729,0.1227,nan,nan
22218,H,108403,114674,3.6433,3.6391,3.6432,0.0026,0.2795,-3.65,-0.0067,nan,nan,nan,nan,nan,nan,nan,nan
22219,H,108598,113495,3.6402,3.6332,3.6423,0.0033,0.2775,-3.65,-0.0098,nan,nan,nan,nan,3.7983,0.5319,nan,nan
22221,H,11197,11274,3.6355,3.6179,3.6376,0.0098,0.2766,-3.65,-0.0145,nan,nan,nan,nan,nan,nan,nan,nan
22222,H,132068,138038,3.6428,3.6405,3.6439,0.0033,0.2774,-3.65,-0.0072,nan,nan,0.5043,0.0559,0.5385,0.0648,nan,nan
22223,H,133088,136352,3.6393,3.6345,3.6375,0.0034,0.2782,-3.65,-0.0107,nan,nan,nan,nan,nan,nan,nan,nan
22224,H,131255,133339,3.6402,3.6319,3.6402,0.003,0.2767,-3.65,-0.0098,nan,nan,nan,nan,nan,nan,nan,nan
22225,H,133173,135569,3.6403,3.6317,3.6411,0.0024,0.277,-3.65,-0.0097,nan,nan,nan,nan,nan,nan,nan,nan
22227,H,103795,0,3.7205,3.7281,3.7272,-0.0032,0.2579,-3.65,0.0705,nan,nan,nan,nan,nan,nan,nan,nan
22229,H,108681,132859,3.7076,3.7138,3.7077,0.0029,0.2767,-3.65,0.0576,nan,nan,nan,nan,nan,nan,nan,nan
22235,H,108436,122257,3.6856,3.6873,3.6861,0.0023,0.2762,-3.65,0.0356,-2.786,0.1668,-2.8525,0.4126,-2.7321,0.0514,-2.7205,0.0477
22236,H,108810,121477,3.731,3.7285,3.7332,0.002,0.2776,-3.65,0.081,3.8487,0.199,3.8806,0.2059,3.7581,0.2014,nan,nan
22237,H,107788,117853,3.6985,3.698,1.7497,0.0015,0.2775,-3.65,0.0485,nan,nan,nan,nan,nan,nan,nan,nan
22238,H,108937,126533,3.6779,3.6712,3.6839,0.0006,0.2781,-3.65,0.0279,nan,nan,nan,nan,nan,nan,nan,nan
22240,H,108162,124908,3.7231,3.7243,3.7269,0.0037,0.279,-3.65,0.0731,nan,nan,1.2478,0.7671,3.8603,5.4636,nan,nan
22241,H,108762,122874,3.6833,3.6784,3.6899,0.0036,0.2757,-3.65,0.0333,nan,nan,nan,nan,nan,nan,nan,nan
22242,H,108566,119766,3.6687,3.6701,3.671,0.0026,0.2786,-3.65,0.0187,nan,nan,2.8835,0.531,2.962,0.3427,2.9229,0.6552
22243,H,108745,119787,3.6683,3.665,3.6704,0.0021,0.2773,-3.65,0.0183,2.0307,0.5023,2.3348,1.0187,1.9441,0.0807,1.9678,0.0587
22244,H,108191,116927,3.6684,3.6694,2.0684,0.004,0.2781,-3.65,0.0184,nan,nan,nan,nan,3.2091,0.6843,3.3433,0.6686
22246,H,109392,0,3.642,3.6511,3.6471,-0.0047,0.2573,-3.65,-0.008,nan,nan,nan,nan,nan,nan,nan,nan
22247,H,108883,125108,3.6499,3.6556,3.6495,0.0042,0.2765,-3.65,-0.0001,nan,nan,nan,nan,nan,nan,nan,nan
22250,H,145296,154822,3.6682,3.6656,3.668,0.0021,0.2761,-3.65,0.0182,nan,nan,-1.052,0.5399,-1.0646,0.4944,-1.1811,0.1233
22251,H,109160,114061,3.6657,3.668,3.6645,0.0035,0.2791,-3.65,0.0157,nan,nan,nan,nan,3.6793,1.1088,3.6847,1.046
22252,H,108650,112755,3.6642,3.6619,3.6642,0.0031,0.2754,-3.65,0.0142,3.517,0.9003,nan,nan,3.3993,0.7812,3.2027,0.6301
22253,H,107447,111695,3.665,3.6633,3.6658,0.0014,0.2779,-3.65,0.015,nan,nan,nan,nan,-2.2147,0.2221,nan,nan
22255,H,105594,108223,3.6675,3.668,3.6694,0.0031,0.2753,-3.65,0.0175,nan,nan,nan,nan,nan,nan,nan,nan
22256,H,107559,111184,3.6498,3.6482,3.6534,0.0041,0.2769,-3.65,-0.0002,nan,nan,nan,nan,nan,nan,nan,nan
22257,H,109169,111818,3.663,3.6631,3.6622,0.0023,0.2768,-3.65,0.013,nan,nan,nan,nan,nan,nan,nan,nan
22258,H,109074,109884,3.6664,3.6614,3.6634,0.0029,0.2753,-3.65,0.0164,nan,nan,nan,nan,3.5335,0.5129,3.4655,0.4741
22259,H,109412,108847,3.665,3.6618,3.6667,0.0034,0.2769,-3.65,0.015,nan,nan,nan,nan,nan,nan,nan,nan
22260,H,108839,106275,3.6475,3.6503,3.6439,0.0035,0.276,-3.65,-0.0025,3.5492,0.3202,3.6337,0.4491,nan,nan,nan,nan
22261,H,109174,107933,3.6628,3.6626,3.6647,0.0022,0.2758,-3.65,0.0128,nan,nan,1.5837,0.798,nan,nan,nan,nan
22262,H,109235,106633,3.6486,3.6479,3.6548,0.0029,0.2765,-3.65,-0.0014,nan,nan,1.7728,0.1928,1.7723,0.1979,1.7728,0.1928
22265,H,48005,46742,3.6489,3.6447,3.6498,0.002,0.2791,-3.65,-0.0011,0.1762,0.0689,nan,nan,-2.6163,1.4108,0.1419,0.1688
22266,H,109149,108771,3.648,3.6464,3.6497,0.0057,0.2766,-3.65,-0.002,nan,nan,nan,nan,nan,nan,nan,nan
22267,H,108709,108407,3.6505,3.6533,3.6503,0.0036,0.2753,-3.65,0.0005,2.4443,0.4651,2.519,0.4032,2.5366,0.4097,2.5366,0.4097
22268,H,108881,108257,3.6517,3.6495,3.654,0.0008,0.2758,-3.65,0.0017,nan,nan,nan,nan,nan,nan,nan,nan
22269,H,109318,105747,3.6516,3.6552,3.6508,0.0021,0.2769,-3.65,0.0016,nan,nan,nan,nan,nan,nan,nan,nan
22270,H,109140,104516,3.6474,3.6437,3.6463,0.0024,0.2783,-3.65,-0.0026,nan,nan,3.1557,0.5844,2.9304,0.4793,2.9895,0.4745
22272,H,145345,138550,3.6466,3.6439,3.6472,0.004,0.2765,-3.65,-0.0034,nan,nan,nan,nan,nan,nan,nan,nan
22273,H,109505,105004,3.6483,3.6463,3.6457,0.0044,0.2751,-3.65,-0.0017,nan,nan,nan,nan,nan,nan,nan,nan
22274,H,109562,103229,3.6495,3.6502,3.648,0.0031,0.276,-3.65,-0.0005,nan,nan,nan,nan,0.5361,0.1365,0.5358,0.1367
22275,H,109493,102613,3.6476,3.642,3.648,0.0039,0.2774,-3.65,-0.0024,nan,nan,nan,nan,2.5878,0.1717,nan,nan
22276,H,109227,102792,3.6503,3.6505,3.6496,0.0015,0.2778,-3.65,0.0003,nan,nan,3.6835,0.1437,nan,nan,nan,nan
22277,H,109413,103565,3.6491,3.644,3.6524,0.0025,0.2751,-3.65,-0.0009,nan,nan,nan,nan,nan,nan,nan,nan
22278,H,109449,110354,3.648,3.6465,3.6537,0.0011,0.2769,-3.65,-0.002,nan,nan,nan,nan,nan,nan,nan,nan
22279,H,109266,100267,3.6469,3.644,3.6468,0.0025,0.2776,-3.65,-0.0031,nan,nan,nan,nan,2.4592,0.1521,2.4192,0.1438
22281,H,19457,1108,3.634,3.5973,3.6311,-0.0022,0.2583,-3.65,-0.016,nan,nan,nan,nan,nan,nan,nan,nan
22282,H,79348,4646,3.6295,3.582,3.6257,-0.0006,0.2607,-3.65,-0.0205,nan,nan,nan,nan,3.3637,0.2134,nan,nan
22286,H,44190,2604,3.6378,3.5758,3.6345,-0.0027,0.2621,-3.65,-0.0122,nan,nan,nan,nan,nan,nan,nan,nan
22287,H,109074,103245,3.6482,3.6548,3.6465,0.0038,0.2769,-3.65,-0.0018,nan,nan,nan,nan,-2.3873,0.0931,-2.3869,0.093
22288,H,109436,103036,3.6526,3.6506,3.6522,0.0043,0.2765,-3.65,0.0026,1.0849,0.7951,1.2657,1.5227,0.3852,0.0835,0.3856,0.0834
22289,H,108813,101661,3.6521,3.6453,3.6526,0.0017,0.276,-3.65,0.0021,2.7534,0.6157,2.8903,0.8918,2.8481,0.8532,2.8057,0.8869
22290,H,109362,100099,3.6497,3.6432,3.6488,0.004,0.2783,-3.65,-0.0003,nan,nan,nan,nan,nan,nan,nan,nan
22291,H,109048,101536,3.6629,3.6632,3.6687,0.0031,0.2766,-3.65,0.0129,nan,nan,nan,nan,nan,nan,nan,nan
22292,H,109533,101454,3.6527,3.6439,3.6531,0.0033,0.2752,-3.65,0.0027,nan,nan,nan,nan,3.9112,1.2222,3.9084,1.2119
22293,H,105358,99335,3.6518,3.6535,1.7837,0.0043,0.2779,-3.65,0.0018,3.2282,0.5232,3.033,0.4963,2.7296,0.4121,2.7322,0.4139
22295,H,109487,102687,3.6512,3.6515,3.6527,0.0031,0.2772,-3.65,0.0012,nan,nan,nan,nan,-0.3445,0.2362,-0.3442,0.2346
22296,H,109266,98832,3.6491,3.647,3.6525,0.0028,0.278,-3.65,-0.0009,nan,nan,2.4217,0.9598,2.3999,1.1445,2.3371,0.9794
22297,H,68948,63685,3.6474,3.647,3.6486,0.0045,0.2776,-3.65,-0.0026,nan,nan,nan,nan,nan,nan,nan,nan
22298,H,109313,102059,3.6494,3.6566,3.6497,0.0032,0.2772,-3.65,-0.0006,nan,nan,nan,nan,nan,nan,nan,nan
22299,H,109427,101989,3.6492,3.6482,3.648,0.0013,0.2777,-3.65,-0.0008,nan,nan,3.09,1.5961,2.675,0.9144,2.6763,0.9149
22300,H,109360,96268,3.6499,3.6476,3.6507,0.003,0.2772,-3.65,-0.0001,nan,nan,3.3551,2.1662,nan,nan,nan,nan
22301,H,99506,89605,3.644,3.6431,3.6421,0.0044,0.2774,-3.65,-0.006,nan,nan,nan,nan,nan,nan,nan,nan
22302,H,109166,110965,3.6461,3.651,3.6469,0.0019,0.2765,-3.65,-0.0039,3.0658,0.1416,-0.7497,0.2405,-0.8756,0.1248,-0.7498,0.2401
22305,H,135981,132149,3.7263,3.7441,3.7284,0.0047,0.3039,-3.65,0.0763,nan,nan,nan,nan,nan,nan,nan,nan
22306,H,109088,109173,3.664,3.6607,3.6619,0.0032,0.2772,-3.65,0.014,nan,nan,nan,nan,-1.3433,0.5311,nan,nan
22307,H,109057,114380,3.6618,3.6603,3.6618,0.0018,0.2756,-3.65,0.0118,nan,nan,nan,nan,nan,nan,nan,nan
22308,H,108927,104908,3.661,3.6635,3.6613,0.0021,0.2763,-3.65,0.011,-1.0249,0.2043,0.4541,0.953,0.8431,1.5183,0.8647,1.5342
22309,H,108994,103954,3.6595,3.6579,3.6611,0.0027,0.2764,-3.65,0.0095,nan,nan,nan,nan,nan,nan,nan,nan
22310,H,109017,103249,3.6617,3.6643,3.6623,0.0007,0.2776,-3.65,0.0117,nan,nan,-0.6645,0.139,-0.6585,0.1367,-0.6645,0.139
22311,H,108842,105703,3.6643,3.6564,3.6632,0.0001,0.2774,-3.65,0.0143,nan,nan,nan,nan,nan,nan,nan,nan
22322,H,108862,102662,3.6547,3.6523,3.6532,0.0019,0.2768,-3.65,0.0047,nan,nan,nan,nan,-2.2274,0.1028,-2.2282,0.1026
22323,H,109289,98690,3.6581,3.6528,3.661,0.0023,0.277,-3.65,0.0081,nan,nan,-0.1653,0.0992,-0.1701,0.1013,-0.1653,0.0992
22324,H,108658,97946,3.6577,3.6474,3.6589,0.0002,0.278,-3.65,0.0077,2.5345,0.0754,2.5327,0.0466,2.5327,0.0466,2.5327,0.0466
22325,H,109297,96684,3.653,3.6526,3.6525,0.0041,0.2774,-3.65,0.003,nan,nan,nan,nan,nan,nan,nan,nan
22326,H,108974,95560,3.655,3.6529,3.6547,0.0021,0.277,-3.65,0.005,3.75,0.6439,3.4189,0.4775,3.4183,0.4576,3.4189,0.4579
22327,H,108890,94341,3.699,3.6961,3.702,0.0008,0.2789,-3.65,0.049,nan,nan,3.1508,0.4981,3.1327,0.3211,3.0927,0.3777
22328,H,109279,94565,3.7023,3.696,3.7035,0.0038,0.2761,-3.65,0.0523,nan,nan,nan,nan,nan,nan,nan,nan
22329,H,109221,95650,3.6873,3.6858,3.6902,0.0037,0.2765,-3.65,0.0373,nan,nan,nan,nan,nan,nan,nan,nan
22330,H,109231,94956,3.6768,3.6691,3.6796,0.0012,0.2773,-3.65,0.0268,nan,nan,nan,nan,nan,nan,nan,nan
22331,H,108947,93755,3.7187,3.7139,3.7159,0.0018,0.2778,-3.65,0.0687,3.2503,0.054,2.5577,0.5934,2.4249,0.5257,2.6587,0.9214
22332,H,108595,94450,3.7212,3.7151,3.7294,0.0015,0.2772,-3.65,0.0712,3.5141,0.3213,3.4935,0.2812,3.453,0.2581,3.4866,0.2794
22333,H,54971,30923,3.6166,3.7025,3.6125,0.0048,0.3962,-3.65,-0.0334,3.0199,0.1769,nan,nan,nan,nan,2.7724,0.1331
22334,H,68391,39237,3.6407,3.7025,3.6386,-0.0026,0.3933,-3.65,-0.0093,2.7799,0.0695,nan,nan,-2.2753,0.0896,nan,nan
22335,H,108426,95680,3.712,3.7126,3.7158,0.0037,0.2776,-3.65,0.062,nan,nan,nan,nan,nan,nan,3.245,2.5914
22336,H,109408,95252,3.7073,3.7068,3.7139,0.0028,0.2763,-3.65,0.0573,1.8659,0.2159,2.1632,0.3208,nan,nan,2.1614,0.3193
22338,H,109625,117347,3.6781,3.6767,3.6779,0.003,0.2782,-3.65,0.0281,nan,nan,nan,nan,nan,nan,nan,nan
22340,H,147143,160360,3.6378,3.6393,3.6372,0.0012,0.2778,-3.65,-0.0122,nan,nan,nan,nan,nan,nan,3.1579,0.1551
22341,H,109650,112444,3.651,3.6483,3.6518,0.0036,0.2766,-3.65,0.001,nan,nan,nan,nan,nan,nan,nan,nan
22343,H,110061,109263,3.6392,3.6319,3.6412,-0.0002,0.276,-3.65,-0.0108,2.3415,0.5788,2.1767,0.4215,2.1954,0.4296,2.3128,0.4866
22344,H,110304,106887,3.6356,3.6386,3.6377,0.0004,0.2751,-3.65,-0.0144,nan,nan,nan,nan,-1.5574,1.8139,nan,nan
22345,H,110257,108104,3.6402,3.6421,3.6437,0.0022,0.2764,-3.65,-0.0098,nan,nan,nan,nan,nan,nan,nan,nan
22346,H,110660,106139,3.6412,3.6381,3.6434,0.0014,0.2771,-3.65,-0.0088,nan,nan,nan,nan,0.265,0.1758,nan,nan
22347,H,110407,105321,3.6431,3.6404,3.6463,0.0027,0.2755,-3.65,-0.0069,nan,nan,nan,nan,nan,nan,nan,nan
22348,H,110540,107012,3.6464,3.6434,3.6448,0.0013,0.2782,-3.65,-0.0036,nan,nan,nan,nan,nan,nan,nan,nan
22350,H,110372,102120,3.6488,3.6439,3.6512,0.002,0.2777,-3.65,-0.0012,nan,nan,3.3006,0.892,3.2547,0.8572,3.2563,0.8561
22351,H,54077,45091,3.6412,3.6537,3.6532,-0.0014,0.3073,-3.65,-0.0088,nan,nan,nan,nan,nan,nan,-3.1461,1.685
22352,H,110707,100080,3.6487,3.653,3.6542,0.0044,0.2791,-3.65,-0.0013,2.7915,0.3072,2.7221,0.3645,2.7073,0.9449,2.7358,0.3717
22353,H,110546,101306,3.6517,3.6552,3.6558,0.002,0.2762,-3.65,0.0017,nan,nan,nan,nan,nan,nan,nan,nan
22354,H,110585,99098,3.6657,3.6659,3.6635,0.0007,0.2759,-3.65,0.0157,nan,nan,nan,nan,nan,nan,nan,nan
22360,H,7799,0,3.6461,3.6545,3.647,0.0047,0.2695,-3.65,-0.0039,nan,nan,nan,nan,nan,nan,nan,nan
22361,H,3239,0,3.6517,3.6604,3.6478,0.0008,0.2513,-3.65,0.0017,nan,nan,nan,nan,nan,nan,nan,nan
22362,H,117010,0,3.6467,3.6561,3.6479,-0.002,0.262,-3.65,-0.0033,nan,nan,nan,nan,nan,nan,nan,nan
22363,H,47601,0,3.6435,3.6544,3.6426,-0.0031,0.2628,-3.65,-0.0065,nan,nan,nan,nan,nan,nan,nan,nan
22364,H,109881,99773,3.6569,3.6627,3.6598,0.0039,0.2832,-3.65,0.0069,nan,nan,nan,nan,2.0902,0.6086,2.0924,0.6134
22365,H,110070,99590,3.654,3.6528,3.655,0.0035,0.2824,-3.65,0.004,nan,nan,nan,nan,nan,nan,nan,nan
22367,H,3098,2816,3.663,3.6815,3.6631,-0.0027,0.285,-3.65,0.013,nan,nan,nan,nan,nan,nan,nan,nan
22372,H,76329,0,3.6616,3.6712,3.6628,-0.0049,0.2671,-3.65,0.0116,nan,nan,nan,nan,nan,nan,nan,nan
22373,H,47971,0,3.6553,3.6665,3.6558,0.0003,0.2639,-3.65,0.0053,nan,nan,nan,nan,nan,nan,nan,nan
22374,H,23239,0,3.6639,3.6756,3.6619,-0.0017,0.2641,-3.65,0.0139,nan,nan,nan,nan,nan,nan,nan,nan
22375,H,109834,107728,3.6799,3.6837,3.6752,0.0018,0.2765,-3.65,0.0299,nan,nan,nan,nan,nan,nan,nan,nan
22376,H,3736,3554,3.6038,3.65,3.6045,0.0114,0.2759,-3.65,-0.0462,nan,nan,nan,nan,nan,nan,nan,nan
22377,H,110136,103378,3.6085,3.6122,3.6105,0.007,0.2738,-3.65,-0.0415,3.7537,0.9147,2.9145,0.6162,3.028,0.5255,3.0406,0.0351
22378,H,109862,101274,3.6293,3.62,3.6283,0.0062,0.2732,-3.65,-0.0207,nan,nan,nan,nan,nan,nan,nan,nan
22379,H,110412,100682,3.6129,3.6107,3.611,0.0058,0.2726,-3.65,-0.0371,nan,nan,nan,nan,nan,nan,nan,nan
22380,H,110366,99980,3.6132,3.6108,3.6134,0.006,0.2749,-3.65,-0.0368,nan,nan,nan,nan,nan,nan,nan,nan
22381,H,110558,98310,3.6123,3.6099,3.6136,0.0064,0.2754,-3.65,-0.0377,nan,nan,nan,nan,nan,nan,nan,nan
22382,H,110238,97714,3.6164,3.6148,3.6143,0.005,0.2738,-3.65,-0.0336,nan,nan,nan,nan,nan,nan,nan,nan
22383,H,110453,96802,3.617,3.6119,3.6214,0.0068,0.2743,-3.65,-0.033,3.6794,0.7022,nan,nan,nan,nan,nan,nan
22384,H,110166,96840,3.6109,3.6042,3.6125,0.0064,0.2751,-3.65,-0.0391,nan,nan,nan,nan,2.215,0.2335,nan,nan
22386,H,110315,94411,3.6123,3.6067,3.6116,0.0064,0.2737,-3.65,-0.0377,nan,nan,nan,nan,-2.7415,0.0349,nan,nan
22387,H,110289,95982,3.6106,3.608,3.611,0.0073,0.274,-3.65,-0.0394,nan,nan,nan,nan,-0.7759,0.0575,nan,nan
22388,H,110221,95966,3.6141,3.6091,3.6148,0.0062,0.2761,-3.65,-0.0359,nan,nan,nan,nan,nan,nan,nan,nan
22389,H,110637,96101,3.6144,3.6123,3.6144,0.0055,0.2752,-3.65,-0.0356,nan,nan,3.2121,0.3865,3.2287,0.3907,3.2085,0.378
22390,H,110463,95553,3.6129,3.6161,3.6178,0.007,0.2753,-3.65,-0.0371,nan,nan,nan,nan,2.7576,0.4486,3.1247,1.687
22391,H,110597,97634,3.6194,3.6183,3.6165,0.006,0.2741,-3.65,-0.0306,nan,nan,nan,nan,nan,nan,nan,nan
22392,H,109675,113269,3.6187,3.6179,3.615,0.0054,0.275,-3.65,-0.0313,nan,nan,nan,nan,nan,nan,nan,nan
22393,H,109498,111719,3.6318,3.6343,3.6346,0.0062,0.2759,-3.65,-0.0182,nan,nan,nan,nan,nan,nan,nan,nan
22395,H,109664,113395,3.6356,3.6464,3.6389,0.0071,0.2746,-3.65,-0.0144,nan,nan,nan,nan,nan,nan,nan,nan
22398,H,137214,136065,3.6935,3.714,3.6942,0.009,0.3053,-3.65,0.0435,nan,nan,nan,nan,nan,nan,1.1786,0.1853
22399,H,109650,111442,3.6277,3.6298,3.6267,0.0055,0.2728,-3.65,-0.0223,nan,nan,3.317,0.67,3.1575,0.5578,2.9512,0.5106
22400,H,109596,104124,3.6253,3.6313,3.6223,0.0064,0.2747,-3.65,-0.0247,nan,nan,nan,nan,nan,nan,nan,nan
22401,H,109975,106370,3.6077,3.6104,3.6021,0.0068,0.2734,-3.65,-0.0423,nan,nan,nan,nan,nan,nan,nan,nan
22402,H,110404,105282,3.6003,3.6029,3.601,0.007,0.2753,-3.65,-0.0497,nan,nan,3.7986,0.111,3.8232,0.1104,-0.0955,0.4932
22404,H,110412,103699,3.6082,3.6107,3.6092,0.0059,0.2742,-3.65,-0.0418,nan,nan,nan,nan,nan,nan,nan,nan
22405,H,110284,103652,3.6,3.6042,3.6037,0.0072,0.2735,-3.65,-0.05,nan,nan,3.076,1.2708,2.0751,0.1414,1.9435,0.154
22406,H,110110,103207,3.6002,3.6006,3.6014,0.0058,0.2746,-3.65,-0.0498,nan,nan,nan,nan,3.4854,0.2264,3.4217,0.2114
22407,H,110123,102176,3.5984,3.597,3.5949,0.0065,0.2746,-3.65,-0.0516,nan,nan,nan,nan,nan,nan,3.6145,1.0968
22408,H,110329,100766,3.5999,3.6028,3.5969,0.0083,0.2745,-3.65,-0.0501,nan,nan,nan,nan,3.6424,0.7318,nan,nan
22409,H,110537,103217,3.5996,3.602,3.5995,0.0083,0.2744,-3.65,-0.0504,nan,nan,nan,nan,nan,nan,nan,nan
22410,H,110098,101655,3.5991,3.606,3.5985,0.0057,0.2753,-3.65,-0.0509,nan,nan,nan,nan,nan,nan,nan,nan
22411,H,110220,101567,3.6009,3.6029,3.6003,0.0068,0.2755,-3.65,-0.0491,2.0519,0.6179,1.485,0.6531,1.2475,0.5694,1.5356,0.5886
22412,H,110349,99533,3.6035,3.6018,3.6039,0.0062,0.2765,-3.65,-0.0465,nan,nan,nan,nan,nan,nan,nan,nan
22413,H,110510,98304,3.6021,3.605,3.6068,0.0056,0.2735,-3.65,-0.0479,-1.8852,0.0342,3.8421,0.3302,nan,nan,3.8284,0.3216
22414,H,110721,97977,3.5963,3.5989,3.597,0.008,0.2738,-3.65,-0.0537,nan,nan,2.3608,0.323,nan,nan,2.3585,0.3157
22417,H,110400,95440,3.6009,3.5997,3.6008,0.007,0.2758,-3.65,-0.0491,nan,nan,nan,nan,nan,nan,nan,nan
22419,H,110382,97054,3.6015,3.6042,3.6045,0.0081,0.2733,-3.65,-0.0485,nan,nan,2.9637,0.237,nan,nan,nan,nan
22420,H,110050,97856,3.5992,3.5962,3.6009,0.0065,0.2755,-3.65,-0.0508,2.9846,2.4549,nan,nan,nan,nan,nan,nan
22421,H,110471,98724,3.5991,3.6036,3.5983,0.0054,0.2742,-3.65,-0.0509,nan,nan,nan,nan,3.2621,0.1995,3.1889,0.238
22422,H,110769,98276,3.5967,3.5967,3.596,0.0079,0.2754,-3.65,-0.0533,nan,nan,nan,nan,nan,nan,nan,nan
22424,H,110290,97665,3.5949,3.5996,3.5951,0.0062,0.274,-3.65,-0.0551,nan,nan,nan,nan,nan,nan,nan,nan
22425,H,110623,100046,3.5943,3.5964,3.5994,0.0051,0.2734,-3.65,-0.0557,nan,nan,nan,nan,nan,nan,nan,nan
22426,H,110000,99589,3.5919,3.5925,3.5914,0.0063,0.274,-3.65,-0.0581,nan,nan,nan,nan,nan,nan,nan,nan
22427,H,110133,101492,3.5915,3.5934,3.5925,0.0066,0.2745,-3.65,-0.0585,nan,nan,nan,nan,-1.8119,0.1218,3.0492,0.1018
22429,H,147241,129697,3.5913,3.5909,3.592,0.0062,0.2752,-3.65,-0.0587,nan,nan,-1.2424,0.6859,-1.7618,0.0348,-1.1462,0.7771
22430,H,110308,98128,3.589,3.5935,3.5893,0.0066,0.2755,-3.65,-0.061,nan,nan,3.2935,0.3826,3.4044,0.3621,3.281,0.3741
22431,H,110407,97348,3.5882,3.5855,3.5866,0.0049,0.2745,-3.65,-0.0618,nan,nan,nan,nan,nan,nan,nan,nan
22432,H,110403,96358,3.5974,3.603,3.6023,0.0068,0.2754,-3.65,-0.0526,nan,nan,1.0843,0.1047,1.7391,0.5062,1.641,0.5933
22433,H,110185,95303,3.6082,3.6096,3.6081,0.0062,0.2746,-3.65,-0.0418,2.2908,0.1512,2.3853,0.2043,2.3833,0.1628,2.3852,0.2042
22434,H,109805,95379,3.6092,3.6096,3.6102,0.0049,0.2786,-3.65,-0.0408,3.5622,0.3078,3.5272,0.3035,3.5187,0.3177,3.5217,0.2976
22435,H,109776,99064,3.6294,3.6385,3.6275,0.0081,0.2734,-3.65,-0.0206,nan,nan,nan,nan,nan,nan,nan,nan
22436,H,110036,98725,3.6372,3.6427,3.636,0.0094,0.2744,-3.65,-0.0128,nan,nan,3.4425,0.1502,3.4608,0.1497,3.4426,0.1501
22437,H,109793,99387,3.6591,3.664,3.6607,0.007,0.275,-3.65,0.0091,nan,nan,nan,nan,nan,nan,nan,nan
22438,H,109743,97516,3.6658,3.6658,3.6693,0.0057,0.2768,-3.65,0.0158,nan,nan,nan,nan,nan,nan,nan,nan
22440,H,109814,99764,3.6769,3.6826,3.6762,0.0082,0.2768,-3.65,0.0269,nan,nan,nan,nan,nan,nan,nan,nan
22441,H,109717,98684,3.6855,3.6919,3.6862,0.0079,0.2726,-3.65,0.0355,nan,nan,nan,nan,nan,nan,nan,nan
22442,H,110140,96021,3.6368,3.6415,3.6389,0.0063,0.273,-3.65,-0.0132,nan,nan,nan,nan,nan,nan,nan,nan
22444,H,110122,95663,3.6555,3.65,3.6527,0.007,0.276,-3.65,0.0055,3.6643,0.8045,nan,nan,nan,nan,nan,nan
22445,H,110302,96211,3.6617,3.6679,3.6593,0.0075,0.2742,-3.65,0.0117,3.284,1.2017,nan,nan,0.4487,0.0406,nan,nan
22446,H,110037,94324,3.6683,3.6657,3.6687,0.0056,0.2741,-3.65,0.0183,nan,nan,-2.829,0.159,nan,nan,nan,nan
22447,H,109923,93726,3.6712,3.6724,3.6728,0.0059,0.2729,-3.65,0.0212,nan,nan,-3.8721,0.1023,nan,nan,-3.872,0.1023
22448,H,109708,95420,3.6792,3.6775,3.679,0.0091,0.2755,-3.65,0.0292,nan,nan,nan,nan,nan,nan,nan,nan
22449,H,110239,94696,3.6447,3.6438,3.6418,0.0073,0.2745,-3.65,-0.0053,-1.6786,0.091,nan,nan,nan,nan,nan,nan
22450,H,110545,92523,3.6377,3.6364,3.6323,0.0067,0.2745,-3.65,-0.0123,nan,nan,nan,nan,nan,nan,nan,nan
22452,H,110499,89191,3.6698,3.6721,3.6699,0.0063,0.2739,-3.65,0.0198,nan,nan,nan,nan,nan,nan,nan,nan
22453,H,110535,91279,3.673,3.6748,3.6775,0.007,0.2757,-3.65,0.023,nan,nan,nan,nan,3.0785,0.832,nan,nan
22454,H,109741,89949,3.6706,3.6714,3.672,0.0065,0.2744,-3.65,0.0206,0.8024,38.3807,-3.4068,0.4233,nan,nan,-3.4071,0.4234
22457,H,137688,104097,3.7343,3.7471,3.7318,0.0075,0.304,-3.65,0.0843,nan,nan,nan,nan,nan,nan,nan,nan
22459,H,110766,85280,3.6672,3.666,3.6705,0.0072,0.2758,-3.65,0.0172,3.6287,0.5567,nan,nan,3.5193,0.4485,3.6108,0.4708
22463,H,110678,84129,3.6706,3.6719,3.6718,0.0072,0.2736,-3.65,0.0206,2.4838,0.476,2.8462,0.6523,2.572,0.4803,2.7096,0.594
22464,H,110630,82884,3.6733,3.6725,3.6744,0.0059,0.2753,-3.65,0.0233,nan,nan,nan,nan,nan,nan,nan,nan
22465,H,110420,84249,3.6744,3.6706,3.6748,0.0048,0.2736,-3.65,0.0244,nan,nan,nan,nan,nan,nan,nan,nan
22466,H,110582,82959,3.6747,3.6722,3.6762,0.0077,0.2741,-3.65,0.0247,nan,nan,nan,nan,3.5922,0.2054,1.8357,0.085
22467,H,110377,86925,3.6827,3.6848,3.6846,0.007,0.2766,-3.65,0.0327,3.578,0.492,nan,nan,nan,nan,nan,nan
22470,H,110678,87735,3.6758,3.674,3.6761,0.0063,0.2754,-3.65,0.0258,nan,nan,nan,nan,nan,nan,nan,nan
22471,H,110542,87436,3.6429,3.6424,3.6424,0.0071,0.2774,-3.65,-0.0071,nan,nan,nan,nan,3.6339,0.7553,nan,nan
22472,H,110922,87446,3.6012,3.597,3.6085,0.0059,0.2744,-3.65,-0.0488,nan,nan,3.4634,1.2259,nan,nan,nan,nan
22473,H,110419,87148,3.6078,3.6036,3.6071,0.0046,0.2766,-3.65,-0.0422,nan,nan,nan,nan,nan,nan,nan,nan
22474,H,110275,94114,3.6255,3.6203,3.6268,0.0032,0.2789,-3.65,-0.0245,nan,nan,0.523,0.1884,nan,nan,0.5232,0.1889
22475,H,110393,90893,3.6267,3.6191,3.627,0.0036,0.2793,-3.65,-0.0233,3.3033,0.7445,nan,nan,3.1118,1.0907,3.3538,0.5468
22476,H,110811,90800,3.6251,3.6205,3.6287,0.0046,0.2778,-3.65,-0.0249,3.9512,0.3428,nan,nan,3.8298,0.2705,3.851,0.3325
22477,H,110451,88623,3.6233,3.6219,3.6251,0.0043,0.2776,-3.65,-0.0267,2.8321,0.7764,2.6113,0.631,nan,nan,2.6669,0.602
22478,H,110310,90733,3.6264,3.6254,3.6271,0.0035,0.2779,-3.65,-0.0236,-0.8156,0.4643,nan,nan,-0.9543,0.7221,nan,nan
22480,H,110587,89317,3.6276,3.6185,3.6288,0.0035,0.2795,-3.65,-0.0224,nan,nan,nan,nan,nan,nan,nan,nan
22590,H,8568,0,0.3535,0.4071,nan,-0.0527,1.0206,-3.84,0.5215,nan,nan,nan,nan,nan,nan,nan,nan
22591,H,9057,0,0.2935,0.2565,nan,0.0331,1.0038,-3.84,0.4615,nan,nan,nan,nan,nan,nan,nan,nan
22593,H,8018,0,0.2115,0.26,nan,0.0505,1.0176,-3.84,0.3795,nan,nan,nan,nan,nan,nan,nan,nan
22597,H,7821,0,3.8231,3.8165,3.8193,-0.0023,0.2572,-3.84,-0.0169,nan,nan,nan,nan,nan,nan,nan,nan
22598,H,16338,0,3.8251,3.8219,3.8272,-0.0022,0.2547,-3.84,-0.0149,nan,nan,nan,nan,nan,nan,nan,nan
22599,H,4990,0,3.8227,3.8164,3.8294,0.0026,0.2569,-3.84,-0.0173,nan,nan,nan,nan,nan,nan,nan,nan
22600,H,105695,677126,3.8527,3.8461,3.8578,0.0056,0.2778,-3.84,0.0127,2.5258,0.6978,0.8691,0.2386,0.746,0.2327,0.7885,0.2312
22601,H,106759,468054,3.8367,3.831,3.834,0.0036,0.2777,-3.84,-0.0033,2.5456,0.4805,nan,nan,2.2438,0.719,2.25,0.7279
22602,H,105609,624038,3.8061,3.8033,3.8081,0.0047,0.276,-3.84,-0.0339,1.6212,0.3168,1.5521,0.4796,1.0043,0.279,1.1799,0.3136
22603,H,105690,635339,3.8472,3.8406,3.8486,0.0067,0.2787,-3.84,0.0072,2.4282,0.3931,2.4526,0.8696,2.0874,0.7144,2.2157,0.8634
22604,H,105915,649726,3.8191,3.8165,3.8193,0.0067,0.2782,-3.84,-0.0209,2.4564,0.4855,nan,nan,2.9326,0.8467,nan,nan
22605,H,105966,663128,3.8334,3.8288,3.8316,0.0048,0.2786,-3.84,-0.0066,2.2538,0.4696,1.5495,0.4877,0.6831,0.1831,0.6801,0.1807
22606,H,106132,673644,3.8412,3.8349,3.8416,0.0053,0.2774,-3.84,0.0012,nan,nan,2.4225,0.4153,nan,nan,nan,nan
22607,H,105752,661025,3.8107,3.8032,3.8107,0.0028,0.279,-3.84,-0.0293,1.7771,0.4768,1.7892,0.4545,1.6688,0.3177,1.6827,0.2973
22608,H,106009,633398,3.8471,3.8422,3.8465,0.0046,0.2763,-3.84,0.0071,1.6681,0.3385,1.5063,0.5097,1.4418,0.7228,1.402,0.6751
22609,H,109666,360941,3.8145,3.8208,3.8091,0.0018,0.266,-3.84,-0.0255,1.6313,0.166,1.0809,0.1266,0.9896,0.1153,0.9404,0.1168
22610,H,109221,368950,3.8335,3.8399,3.8306,0.0027,0.2672,-3.84,-0.0065,1.8788,0.2194,1.031,0.1255,0.9157,0.117,0.9166,0.1176
22611,H,109696,370896,3.8421,3.8495,3.8422,0.0023,0.2674,-3.84,0.0021,1.5192,0.1856,1.0386,0.1578,0.7324,0.1322,0.7324,0.1322
22613,H,109123,347928,3.8347,3.8398,3.8336,0.0049,0.2681,-3.84,-0.0053,1.5276,0.1938,1.2967,0.1801,1.0328,0.1457,1.0342,0.1446
22614,H,109493,338357,3.8515,3.86,3.8515,0.0045,0.2669,-3.84,0.0115,1.8635,0.1807,1.5688,0.1904,1.3592,0.2026,1.3365,0.1878
22615,H,109259,340756,3.8609,3.8692,3.8612,0.0023,0.2666,-3.84,0.0209,2.0358,0.2176,1.2467,0.1463,1.1827,0.1403,1.1699,0.1347
22616,H,105685,589315,3.8572,3.8496,3.8595,0.0057,0.2779,-3.84,0.0172,2.9072,0.3206,3.1494,0.4389,3.0987,0.6071,3.0874,0.475
22617,H,106151,645730,3.8391,3.8277,3.8397,0.0061,0.2798,-3.84,-0.0009,2.796,0.6365,1.1273,0.3192,0.9724,0.2769,0.9724,0.2769
22618,H,105624,623264,3.8576,3.8515,3.8598,0.0055,0.2804,-3.84,0.0176,1.2293,0.315,0.8372,0.2632,0.8007,0.2428,0.7881,0.2398
22619,H,105732,647174,3.8572,3.8538,3.8592,0.006,0.277,-3.84,0.0172,2.4232,0.6596,nan,nan,0.7287,0.4958,2.0794,1.6083
22620,H,105776,641094,3.8611,3.853,3.8601,0.0044,0.278,-3.84,0.0211,3.1873,0.5607,1.3525,0.3209,1.101,0.2534,1.1256,0.2561
22621,H,106177,642164,3.8259,3.8236,3.8266,0.0044,0.2775,-3.84,-0.0141,2.6326,0.4529,2.1524,0.2976,2.2919,0.3217,2.247,0.3076
22622,H,105974,625684,3.8624,3.8587,3.8631,0.0066,0.2779,-3.84,0.0224,1.2507,0.4902,1.3504,0.4385,1.0224,0.3815,1.0212,0.3765
22623,H,106149,571356,3.857,3.8511,3.8573,0.0052,0.2773,-3.84,0.017,2.2686,0.3102,2.0151,0.2796,1.8541,0.2462,1.8861,0.2532
22624,H,106672,636213,3.829,3.8236,3.8293,0.0052,0.28,-3.84,-0.011,2.4728,0.5778,2.2539,0.5215,nan,nan,nan,nan
22625,H,106146,623308,3.8646,3.8639,3.8614,0.0062,0.2801,-3.84,0.0246,1.3246,0.3033,0.956,0.2432,0.9873,0.2524,0.93,0.2237
22630,H,106557,603715,3.8427,3.8314,3.842,0.0041,0.2782,-3.84,0.0027,2.4935,0.273,2.4271,0.2469,2.2828,0.3359,2.2828,0.3359
22631,H,106499,616255,3.8157,3.8081,3.8173,0.0041,0.2801,-3.84,-0.0243,2.7275,0.6153,nan,nan,nan,nan,nan,nan
22632,H,106818,604366,3.8215,3.8193,3.8245,0.0055,0.2793,-3.84,-0.0185,2.8163,0.5664,2.0104,0.2883,1.8043,0.263,1.8203,0.254
22633,H,106026,652233,3.8607,3.8555,3.8655,0.0067,0.2802,-3.84,0.0207,2.2665,0.3789,1.2775,0.254,1.2241,0.2586,1.2192,0.227
22634,H,106279,633258,3.8199,3.8126,3.8218,0.0051,0.2803,-3.84,-0.0201,2.4618,0.3517,1.7553,0.2461,1.4383,0.1946,1.4701,0.1981
22635,H,106507,636421,3.8618,3.8543,3.8626,0.006,0.2769,-3.84,0.0218,1.7668,0.3329,2.0269,0.3834,2.5691,0.6239,2.4611,0.4828
22636,H,106546,634194,3.8226,3.8151,3.8222,0.0069,0.2773,-3.84,-0.0174,2.4189,0.2952,2.5474,0.387,2.9617,1.0497,2.4119,0.6458
22637,H,106259,616723,3.8581,3.8572,3.8601,0.0052,0.2792,-3.84,0.0181,1.6582,0.2458,1.7034,0.2878,1.4558,0.2446,1.4278,0.2367
22638,H,106313,656947,3.8657,3.8621,3.8674,0.0048,0.28,-3.84,0.0257,2.7502,0.3218,3.1001,0.5112,3.1435,0.9451,3.1561,1.0557
22639,H,106587,595525,3.8191,3.8154,3.8217,0.0051,0.2777,-3.84,-0.0209,3.4601,0.8383,1.3867,0.315,0.9961,0.1734,0.9733,0.1764
22640,H,106371,602922,3.8676,3.862,3.868,0.006,0.2791,-3.84,0.0276,3.1744,0.5475,2.2005,0.3015,2.2111,0.3898,2.1061,0.3257
22641,H,106731,568702,3.8318,3.819,3.8296,0.0045,0.2796,-3.84,-0.0082,2.7646,0.5198,2.9177,0.4755,2.1634,0.2998,2.1198,0.2722
22642,H,106897,564031,3.858,3.8461,3.8648,0.0054,0.2792,-3.84,0.018,2.2209,0.3253,2.058,0.2571,1.9902,0.3783,1.9707,0.3473
22643,H,106369,627971,3.844,3.8405,3.8466,0.0055,0.2805,-3.84,0.004,2.0747,0.2443,1.8848,0.2772,1.7044,0.2362,1.7042,0.236
22644,H,106099,640629,3.8424,3.8325,3.8445,0.0069,0.2801,-3.84,0.0024,2.0402,0.3658,nan,nan,1.6432,0.5039,1.6432,0.5039
22646,H,106360,619872,3.8285,3.8217,3.8288,0.005,0.2804,-3.84,-0.0115,2.2238,0.3757,1.7896,0.306,1.5866,0.2825,1.6759,0.3156
22647,H,106066,618703,3.8695,3.8655,3.8743,0.0066,0.2776,-3.84,0.0295,2.5095,0.421,2.1064,0.4959,1.3795,0.2914,1.3536,0.2675
22648,H,105888,645069,3.861,3.8541,3.8649,0.0037,0.2794,-3.84,0.021,2.6209,0.4709,2.2962,0.3932,1.8167,0.3469,1.9834,0.418
22649,H,105964,645255,3.8428,3.8389,3.8457,0.0068,0.2763,-3.84,0.0028,3.1197,0.3321,3.0521,0.3672,3.24,0.4288,3.24,0.4288
22650,H,106669,578260,3.8699,3.8603,3.8712,0.0049,0.2784,-3.84,0.0299,3.2508,0.5014,3.5167,0.861,2.7286,0.5566,2.7817,0.6516
22651,H,107193,571690,3.8251,3.8135,3.825,0.0042,0.2803,-3.84,-0.0149,2.2892,0.3384,1.9776,0.3893,2.1906,0.6725,2.0362,0.535
22652,H,107052,557939,3.8664,3.8592,3.8657,0.0056,0.2803,-3.84,0.0264,1.2549,0.2763,1.4151,0.3089,1.297,0.2615,1.2924,0.2461
22654,H,106592,632851,3.8403,3.8293,3.8412,0.0038,0.2789,-3.84,0.0003,2.0637,0.3966,1.8125,0.3348,1.8272,0.4172,1.8272,0.4172
22656,H,105690,656180,3.846,3.8438,3.8482,0.0059,0.2817,-3.84,0.006,2.5551,0.3775,2.0994,0.2886,2.2118,0.3414,2.2127,0.341
22658,H,106545,605925,3.8467,3.8414,3.8447,0.0065,0.2801,-3.84,0.0067,1.6875,0.3348,1.5505,0.2982,1.2952,0.2506,1.2988,0.2524
22659,H,106420,614830,3.858,3.8515,3.8541,0.007,0.2791,-3.84,0.018,2.2542,0.3688,2.2408,0.4453,1.4435,0.2959,1.5053,0.3027
22660,H,106283,611382,3.8644,3.8576,3.8631,0.007,0.2776,-3.84,0.0244,2.6152,0.2892,nan,nan,nan,nan,nan,nan
22661,H,106854,607020,1.8734,1.872,1.8705,0.0068,0.271,-1.89,-0.0166,1.9405,0.2935,1.821,0.462,2.4986,1.3514,2.3149,1.1183
22662,H,106492,589893,1.911,1.9047,1.9076,0.0051,0.2725,-1.89,0.021,1.612,0.2902,1.6844,0.2645,1.4531,0.228,1.5115,0.2271
22663,H,106289,562560,1.8853,1.8789,1.8833,0.0054,0.2728,-1.89,-0.0047,2.3335,0.4957,1.9849,0.4601,1.8382,0.4242,1.8477,0.4302
22664,H,107027,558109,1.9122,1.8998,1.9131,0.0062,0.2729,-1.89,0.0222,3.0494,0.3737,nan,nan,nan,nan,nan,nan
22665,H,106718,585673,1.863,1.8578,1.865,0.005,0.2749,-1.89,-0.027,2.0982,0.6233,1.2728,0.516,1.1063,0.5848,1.0742,0.5237
22666,H,106962,573812,1.9147,1.9104,1.914,0.007,0.2732,-1.89,0.0247,2.1184,0.3393,1.7312,0.3174,1.1609,0.2175,1.1673,0.2052
22667,H,107300,563869,1.8615,1.852,1.8644,0.0068,0.2732,-1.89,-0.0285,2.4382,0.4368,1.4208,0.3869,1.6396,0.6223,1.491,0.372
22668,H,106850,561390,1.9165,1.9115,1.9174,0.0075,0.274,-1.89,0.0265,2.6142,0.4448,1.6625,0.2262,1.5269,0.228,1.551,0.2286
22669,H,107067,563983,1.8823,1.8751,1.8814,0.0067,0.273,-1.89,-0.0077,2.5561,0.3203,2.7439,0.4906,2.6039,0.576,2.2632,0.3968
22670,H,87796,459537,1.872,1.8689,1.8735,0.0054,0.2743,-1.89,-0.018,1.9475,0.406,1.3985,0.3423,1.1484,0.2595,1.1217,0.2596
22671,H,106916,564291,1.8686,1.8659,1.8667,0.006,0.2727,-1.89,-0.0214,2.2008,0.495,1.636,0.6848,1.423,0.5978,1.2365,0.4865
22672,H,106965,558316,1.9145,1.9051,1.9122,0.0062,0.272,-1.89,0.0245,2.1445,0.5615,1.2761,0.3708,1.2892,0.3595,0.9212,0.3238
22673,H,106927,562127,1.8301,1.8248,1.8335,0.0046,0.2731,-1.89,-0.0599,2.2092,0.5666,1.2864,0.4519,2.0644,0.5697,1.2819,0.318
22674,H,106661,586457,1.8942,1.8856,1.8892,0.0037,0.2721,-1.89,0.0042,2.8961,0.5069,1.7689,0.403,1.1459,0.2482,1.1459,0.2482
22675,H,106354,589996,1.9022,1.891,1.9042,0.0045,0.2721,-1.89,0.0122,2.2517,0.4872,1.5536,0.3666,nan,nan,nan,nan
22676,H,106838,584106,1.9008,1.8948,1.9051,0.0067,0.2719,-1.89,0.0108,2.2677,0.3456,nan,nan,nan,nan,nan,nan
22679,H,141817,758616,1.9156,1.9116,1.9184,0.0068,0.2739,-1.89,0.0256,2.697,0.392,2.2588,0.4618,1.1813,0.1979,1.2193,0.203
22680,H,106786,578248,1.9161,1.8984,1.9158,0.0052,0.2732,-1.89,0.0261,3.1371,0.47,2.7615,0.5115,2.3644,0.4261,2.3528,0.4289
22681,H,106524,585883,1.8906,1.8797,1.8914,0.0045,0.2711,-1.89,0.0006,2.4491,0.2812,2.7321,0.4557,2.5204,0.3624,2.5204,0.3624
22682,H,105915,653457,1.9211,1.9133,1.923,0.0062,0.2716,-1.89,0.0311,2.3937,0.3249,1.9796,0.2578,2.0662,0.3459,1.9331,0.3111
22683,H,105822,661721,1.8954,1.8954,1.8991,0.0048,0.2712,-1.89,0.0054,2.596,0.4481,nan,nan,nan,nan,nan,nan
22689,H,93708,604221,1.9152,1.91,1.9146,0.006,0.2738,-1.89,0.0252,2.2937,0.4037,1.8485,0.2793,1.8638,0.3338,1.8508,0.3254
22691,H,106098,661048,1.9231,1.9214,1.924,0.0045,0.2728,-1.89,0.0331,nan,nan,nan,nan,0.9325,0.2665,0.7625,0.2387
22693,H,105839,682583,1.8834,1.8857,1.8816,0.0043,0.2712,-1.89,-0.0066,2.6705,0.4835,2.7354,0.4836,2.5203,0.5752,3.1055,1.0222
22694,H,105889,650670,1.9148,1.9112,1.9127,0.0059,0.2731,-1.89,0.0248,2.2868,0.3645,1.9196,0.3827,1.6958,0.3451,1.56,0.3294
22696,H,105168,594308,1.8888,1.8828,1.8842,0.0058,0.2731,-1.89,-0.0012,0.1806,0.3519,0.0216,0.2563,0.1197,0.3647,0.1197,0.3647
22697,H,105903,568630,1.9094,1.9022,1.9123,0.0049,0.2719,-1.89,0.0194,0.9658,0.5743,-0.0491,0.367,-0.0979,0.348,-0.156,0.3101
22698,H,104859,761444,1.8919,1.8854,1.8911,0.005,0.2722,-1.89,0.0019,-0.0423,0.4318,-0.6775,0.4345,-0.4744,0.2415,-0.4744,0.2415
22699,H,105143,741758,1.8642,1.8567,1.8648,0.0049,0.2711,-1.89,-0.0258,1.8585,0.4192,0.9727,0.3036,0.673,0.2802,0.6333,0.263
22700,H,104267,848018,1.8985,1.894,1.8936,0.0044,0.2747,-1.89,0.0085,nan,nan,2.4625,0.7238,2.266,0.8671,nan,nan
22701,H,104401,843900,1.8732,1.8719,1.872,0.0057,0.272,-1.89,-0.0168,1.2393,0.4177,1.083,0.6328,1.0104,0.6624,0.9686,0.5369
22702,H,104756,783418,1.91,1.9091,1.909,0.0082,0.2721,-1.89,0.02,2.6554,0.563,nan,nan,nan,nan,nan,nan
22703,H,104988,809252,1.8674,1.8651,1.869,0.0035,0.2738,-1.89,-0.0226,1.3222,0.5233,0.8272,0.359,0.8586,0.3712,0.7627,0.3357
22704,H,104924,791222,1.8904,1.8802,1.8932,0.0064,0.2737,-1.89,0.0004,0.9157,0.2299,0.7518,0.2214,0.7449,0.2489,0.7449,0.2489
22707,H,105322,768603,1.9123,1.9006,1.9145,0.0049,0.2734,-1.89,0.0223,1.4637,0.3535,1.0617,0.3623,0.7476,0.2463,0.775,0.2898
22708,H,32248,246261,1.9227,1.9109,1.9233,0.0056,0.2711,-1.89,0.0327,3.0123,1.4243,3.3238,5.6017,2.5962,1.4463,2.3512,1.0148
22709,H,66451,504392,1.9228,1.9173,1.9244,0.0047,0.271,-1.89,0.0328,1.1288,0.3384,1.0369,0.3334,0.7501,0.2907,0.7992,0.2975
22710,H,104814,792706,1.8976,1.8927,1.8951,0.0062,0.2725,-1.89,0.0076,1.587,0.3405,1.1351,0.2958,0.8344,0.2359,0.8291,0.2344
22711,H,105031,765932,1.8797,1.8767,1.8782,0.0059,0.2739,-1.89,-0.0103,1.9266,0.2571,2.0891,0.3895,1.7805,0.3349,1.6873,0.3128
22720,H,65251,0,3.8329,3.8245,3.8343,0.0076,0.2976,-1.89,1.9429,nan,nan,nan,nan,nan,nan,nan,nan
22721,H,21344,0,3.7688,3.7265,3.7662,0.0018,0.2614,-1.89,1.8788,nan,nan,nan,nan,nan,nan,nan,nan
22722,H,105410,866480,3.8013,3.8031,3.805,0.0041,0.2792,-1.89,1.9113,2.262,0.5713,nan,nan,2.6847,1.2093,2.0244,0.6068
22723,H,106032,871422,3.8095,3.8086,3.8088,0.0056,0.2788,-1.89,1.9195,0.7815,0.2732,2.997,0.7398,0.4522,0.2456,0.4616,0.2466
22724,H,106059,857015,3.7848,3.7842,3.7844,0.0046,0.2793,-1.89,1.8948,1.9601,0.2355,nan,nan,2.1412,0.3325,2.109,0.3443
22725,H,106023,853542,3.8069,3.8045,3.8063,0.0037,0.2789,-1.89,1.9169,1.7482,0.4295,nan,nan,2.2064,0.7536,2.2317,1.2478
22726,H,131294,1030532,3.8714,3.8855,3.8679,0.0057,0.3056,-1.89,1.9814,1.4592,0.3351,1.397,0.7915,0.694,0.2333,0.7701,0.2385
22727,H,140649,1144058,3.7844,3.7814,3.7868,0.0054,0.2789,-1.89,1.8944,2.0499,0.2755,nan,nan,1.8056,0.264,1.7959,0.3066
22728,H,106461,732960,3.7822,3.7791,3.7816,0.0047,0.2782,-1.89,1.8922,2.639,0.5227,3.0003,0.4386,nan,nan,nan,nan
22730,H,106213,856667,3.789,3.7866,3.792,0.0038,0.2776,-1.89,1.899,1.9138,0.4092,1.644,0.6167,1.7626,0.5148,1.7665,0.5141
22732,H,106559,843103,3.7896,3.788,3.7872,0.0037,0.2796,-1.89,1.8996,1.2892,0.4699,nan,nan,1.0483,0.3276,1.0479,0.3276
22733,H,106470,843455,3.7855,3.7816,3.7853,0.0052,0.28,-1.89,1.8955,1.9296,0.365,3.407,0.6279,1.4308,0.3717,1.549,0.441
22735,H,106590,848701,3.7959,3.7897,3.8011,0.004,0.2784,-1.89,1.9059,0.8555,0.3607,nan,nan,0.7505,0.2275,0.7461,0.2263
22737,H,106579,861771,3.788,3.785,3.7853,0.0049,0.2788,-1.89,1.898,2.1176,0.6426,nan,nan,0.6862,0.3338,0.6684,0.3344
22739,H,106268,836001,3.7874,3.7831,3.7904,0.0042,0.2771,-1.89,1.8974,2.0063,0.5481,nan,nan,1.0061,0.322,1.0109,0.3425
22740,H,105909,835592,3.7867,3.7873,3.7887,0.0053,0.2789,-1.89,1.8967,1.7613,0.4385,nan,nan,0.7395,0.2674,0.7256,0.2693
22741,H,106164,850422,3.7839,3.7853,3.7896,0.0048,0.2783,-1.89,1.8939,1.1826,0.4789,nan,nan,0.5119,0.2544,0.4662,0.2735
22743,H,135579,1062446,3.785,3.7813,3.7846,0.0042,0.28,-1.89,1.895,1.798,0.3972,nan,nan,1.2698,0.3585,1.2548,0.349
22744,H,135225,1058512,3.7948,3.7965,3.8058,0.0043,0.279,-1.89,1.9048,1.7053,0.2502,3.1763,0.5537,1.2672,0.2255,1.268,0.2258
22745,H,135034,1064947,3.7996,3.8024,3.8034,0.004,0.2796,-3.82,-0.0204,2.0939,0.3842,1.3077,0.4251,0.551,0.2228,0.524,0.2282
22746,H,135475,1049980,3.8016,3.8023,3.8083,0.0062,0.2798,-3.82,-0.0184,1.6021,0.4473,1.5611,0.7272,0.7984,0.5238,0.5563,0.4066
22747,H,135012,1050338,3.8004,3.8007,3.8006,0.007,0.2795,-3.82,-0.0196,1.2357,0.266,0.6327,0.2197,0.5756,0.2331,0.4823,0.2284
22748,H,135185,1064902,3.802,3.8027,3.8015,0.004,0.2813,-3.82,-0.018,2.3515,0.4137,2.3373,0.7363,1.5565,0.6011,nan,nan
22750,H,135948,1041566,3.791,3.7858,3.7881,0.0047,0.2793,-3.82,-0.029,2.399,0.6217,1.1727,0.3412,1.2311,0.3262,1.1851,0.2879
22751,H,135451,1037352,3.806,3.8057,3.8025,0.0036,0.2813,-3.82,-0.014,1.966,0.391,1.0653,0.2765,0.8618,0.2553,0.8605,0.2597
22752,H,135223,1066110,3.8047,3.8023,3.8041,0.005,0.2791,-3.82,-0.0153,2.0309,0.8772,0.7901,0.6024,-0.0271,0.4128,0.0555,0.3198
22754,H,599,0,3.8569,3.902,nan,0.051,0.5281,-3.82,0.0369,nan,nan,nan,nan,nan,nan,nan,nan
22755,H,135461,1033501,3.8005,3.7984,3.8007,0.0067,0.2803,-3.82,-0.0195,2.1666,0.3065,2.1259,0.4678,3.394,3.1864,2.1213,0.406
22756,H,135419,1027608,3.7861,3.7807,3.7906,0.0034,0.2807,-3.82,-0.0339,1.8691,0.2824,2.6242,1.1318,1.3,0.3828,1.3354,0.4235
22757,H,135931,1043039,3.7817,3.7781,3.7851,0.0042,0.2814,-3.82,-0.0383,3.1004,1.3542,nan,nan,nan,nan,nan,nan
22758,H,135276,1034762,3.7879,3.783,3.7942,0.0063,0.2814,-3.82,-0.0321,1.6289,0.4619,0.6432,0.3502,0.7292,0.2991,0.7728,0.3695
22759,H,135351,970703,3.7995,3.7962,3.8,0.0031,0.2833,-3.82,-0.0205,2.3264,0.4079,nan,nan,nan,nan,nan,nan
22760,H,135478,1036114,3.7929,3.7859,3.7937,0.0039,0.2815,-3.82,-0.0271,2.6238,0.5528,2.3198,0.3785,2.2968,0.5701,2.0188,0.4467
22761,H,135256,995846,3.7924,3.7865,3.791,0.005,0.2839,-3.82,-0.0276,1.5342,0.2868,1.1799,0.3215,0.6261,0.1952,0.6175,0.1954
22762,H,135515,1027140,3.7917,3.7863,3.7952,0.0062,0.2815,-3.82,-0.0283,1.7626,0.4169,2.5265,1.0091,2.0116,0.5341,2.0341,0.5077
22763,H,135375,1015958,3.7962,3.7942,3.7961,0.0051,0.2824,-3.82,-0.0238,2.2484,0.3445,2.2922,0.5077,3.4703,1.7413,2.137,0.6437
22764,H,135635,996007,3.7861,3.7863,3.7835,0.005,0.2824,-3.82,-0.0339,1.578,0.3228,1.3456,0.2396,1.3837,0.2521,1.2397,0.2357
22765,H,135824,994374,3.7959,3.7889,3.7986,0.005,0.2805,-3.82,-0.0241,2.1287,0.421,1.2206,0.2816,1.3386,0.3506,1.3835,0.3884
22766,H,135371,984014,3.791,3.787,3.7904,0.0062,0.2836,-3.82,-0.029,2.5857,0.4055,2.6748,0.657,1.9149,0.5708,1.499,0.3424
22767,H,135606,991038,3.7962,3.7935,3.8009,0.0058,0.2831,-3.82,-0.0238,1.8207,0.3547,1.412,0.2865,1.3964,0.302,1.3359,0.281
22768,H,135192,992156,3.7967,3.793,3.7957,0.0056,0.2827,-3.82,-0.0233,1.9293,0.3167,1.1629,0.2079,1.1478,0.2087,1.1354,0.2175
22769,H,135578,1009297,3.7918,3.7883,3.7918,0.0057,0.2834,-3.82,-0.0282,1.9627,0.3245,1.2963,0.3116,0.8349,0.2378,0.8412,0.2465
22770,H,135971,981679,3.7915,3.7896,3.7927,0.0053,0.2835,-3.82,-0.0285,1.691,0.3613,1.6216,0.632,1.4019,1.244,1.256,0.8253
22771,H,135197,984946,3.7898,3.7889,3.7892,0.0047,0.2831,-3.82,-0.0302,2.1654,0.6246,0.7804,0.2988,0.9216,0.3693,0.9459,0.4183
22772,H,134996,986708,3.8493,3.8581,3.8481,0.0062,0.2859,-3.82,0.0293,2.5803,0.5212,2.3994,0.4544,nan,nan,3.2305,1.9126
22773,H,135510,976938,3.8239,3.8209,3.8275,0.0055,0.2827,-3.82,0.0039,1.4245,0.3204,1.7782,0.5806,0.9944,0.2682,0.9945,0.268
22774,H,135505,998537,3.8505,3.8503,3.8514,0.0046,0.2865,-3.82,0.0305,1.0624,0.2416,1.0406,0.2658,0.7627,0.2325,0.6974,0.2126
22775,H,135265,993974,3.7919,3.7931,3.7889,0.0067,0.2842,-3.82,-0.0281,1.694,0.4224,0.9807,0.2905,0.9273,0.2868,0.9263,0.2929
22776,H,135654,1001215,3.8459,3.8433,3.8558,0.0054,0.2861,-3.82,0.0259,2.2533,0.6298,nan,nan,nan,nan,nan,nan
22777,H,135200,966116,3.8237,3.8203,3.823,0.0054,0.2865,-3.82,0.0037,1.5336,0.2653,1.6971,0.3288,1.7248,0.3792,1.7248,0.3792
22778,H,135866,989123,3.8355,3.8368,3.8384,0.0082,0.2871,-3.82,0.0155,1.8075,0.3611,1.0153,0.2531,0.758,0.237,0.7226,0.2116
22779,H,135371,966860,3.8268,3.8247,3.8294,0.0064,0.2869,-3.82,0.0068,1.9861,0.5874,0.1887,0.1907,0.124,0.1738,0.1268,0.1749
22781,H,166479,1150562,3.8816,3.898,3.8847,0.0054,0.3138,-3.82,0.0616,2.2738,0.4158,1.6523,0.5582,1.2721,0.4591,1.5756,0.7052
22782,H,178949,1269850,3.7995,3.8008,3.8032,0.007,0.2871,-3.82,-0.0205,1.6247,0.337,2.9184,1.7017,0.385,0.2545,0.46,0.2652
22783,H,135312,959522,3.8125,3.8086,3.8085,0.0061,0.2877,-3.82,-0.0075,1.9649,0.29,2.1139,0.4401,1.4222,0.401,1.4203,0.3792
22784,H,135512,959419,3.8688,3.858,3.8714,0.0041,0.2873,-3.82,0.0488,2.2116,0.3918,1.6909,0.3954,1.4845,0.4987,1.5146,0.4706
22785,H,132160,948332,3.8055,3.8069,3.8025,0.0072,0.3137,-3.82,-0.0145,0.7376,0.2488,0.4774,0.2312,0.3265,0.1901,0.2519,0.1823
22786,H,135646,963986,3.8377,3.8294,3.8314,0.0034,0.2893,-3.82,0.0177,1.4155,0.2805,0.8869,0.2291,0.5472,0.2049,0.7031,0.2237
22787,H,135673,970696,3.838,3.8339,3.8391,0.0043,0.2893,-3.82,0.018,1.26,0.2542,0.9094,0.2053,0.8742,0.2118,0.8759,0.2118
22788,H,135588,949355,3.8304,3.8268,3.8315,0.0056,0.2911,-3.82,0.0104,2.3428,0.3623,2.1744,0.4138,2.6974,1.0999,2.4651,0.7552
22789,H,135059,940977,3.8148,3.8141,3.8141,0.0048,0.2901,-3.82,-0.0052,2.0823,0.3407,2.3421,0.5794,2.0102,0.7189,1.9952,0.7072
22790,H,135360,956344,3.8469,3.844,3.847,0.0048,0.2927,-3.82,0.0269,2.0424,0.5233,2.3679,0.782,1.4637,0.3957,1.5216,0.3924
22791,H,135315,949160,3.8078,3.8049,3.8078,0.0041,0.289,-3.82,-0.0122,1.5433,0.3948,1.2706,0.3822,1.1238,0.4271,1.0672,0.441
22792,H,135147,957583,3.8647,3.8613,3.8629,0.005,0.2913,-3.82,0.0447,2.277,0.4758,1.0866,0.3134,1.2795,0.4388,1.4209,0.4609
22793,H,135937,930191,3.8212,3.8161,3.8222,0.0061,0.2904,-3.82,0.0012,1.5529,0.3185,1.3002,0.4082,1.1141,0.4248,1.1141,0.4248
22794,H,135677,893448,3.8044,3.7963,3.8025,0.005,0.2892,-3.82,-0.0156,2.1722,0.4226,2.4245,0.6312,0.8976,2.1395,2.203,0.5862
22795,H,134780,984028,3.8203,3.8202,3.8239,0.0051,0.2893,-3.82,0.0003,1.435,0.3951,1.4699,0.4397,1.5241,0.6174,1.5241,0.6174
22796,H,135272,967937,3.8195,3.8201,3.8288,0.0037,0.2905,-3.82,-0.0005,1.8108,0.3468,1.1189,0.259,1.1372,0.2697,1.1287,0.2816
22797,H,135425,965509,3.7942,3.7912,3.7954,0.0077,0.2896,-3.82,-0.0258,2.0943,0.5215,1.4338,0.6459,0.2404,0.2762,0.2263,0.2809
22798,H,135685,957232,3.8277,3.8302,3.8292,0.0051,0.2919,-3.82,0.0077,2.3502,0.4294,2.2251,0.641,1.2221,0.3841,1.4309,0.467
22799,H,135412,1116205,3.7957,3.7991,3.8013,0.0044,0.2905,-3.82,-0.0243,1.613,0.2303,1.3899,0.2686,1.403,0.3156,1.2932,0.3076
22800,H,134713,1041560,3.8488,3.8517,3.8486,0.0038,0.2941,-3.82,0.0288,1.8559,0.5487,2.1213,1.8542,0.7948,0.6699,1.1276,0.9454
22811,H,106041,798294,3.811,3.8159,3.8082,0.0035,0.2972,-3.82,-0.009,3.4546,1.7454,nan,nan,2.1432,4.8694,2.1462,5.0112
22812,H,79387,56884,3.8133,3.7716,3.8076,-0.0017,0.2831,-3.82,-0.0067,1.9492,0.1364,1.647,0.16,1.7062,0.2899,1.7034,0.2891
22844,H,12336,5420,3.7606,3.7302,1.9566,-0.0116,0.314,-3.82,-0.0594,0.1652,0.1533,0.862,0.2022,0.6795,0.1697,0.7144,0.1722
22845,H,105732,824416,3.7996,3.782,3.8025,0.0,0.3056,-3.82,-0.0204,1.8889,0.4251,1.821,0.3449,nan,nan,3.0393,1.8695
22846,H,106051,803626,3.7845,3.7734,3.7899,0.0001,0.3032,-3.82,-0.0355,1.447,0.4491,0.8494,0.4983,0.4339,0.3344,0.7369,0.6182
22847,H,106154,785377,3.8024,3.7885,3.8044,0.0001,0.3033,-3.82,-0.0176,1.4081,0.4096,nan,nan,nan,nan,1.1756,0.2999
22848,H,110014,362264,3.8129,3.8014,3.8096,0.001,0.3081,-3.82,-0.0071,1.8414,0.2579,1.7149,0.2823,1.5707,0.2604,1.5684,0.2601
22849,H,107686,679120,3.7855,3.7796,3.7837,0.0037,0.3022,-3.82,-0.0345,2.7732,0.4899,2.3704,0.554,2.1665,0.7642,2.4961,0.9825
22850,H,106291,792893,3.8007,3.7848,3.8031,-0.0011,0.3067,-3.82,-0.0193,2.0463,0.403,0.8296,1.554,2.1151,1.4254,2.1324,1.3676
22851,H,105800,786385,3.8198,3.8019,3.8177,-0.0018,0.3059,-3.82,-0.0002,1.5102,0.5189,2.6693,2.251,nan,nan,nan,nan
22852,H,106044,780434,3.7792,3.773,3.7821,-0.0012,0.3038,-3.82,-0.0408,1.9329,0.4056,1.9633,0.7619,0.8558,0.2615,0.7452,0.2397
22853,H,106168,789100,3.8012,3.791,3.8004,0.0006,0.304,-3.82,-0.0188,2.6186,0.5995,nan,nan,1.4397,0.983,0.8886,0.8645
22854,H,106470,780351,3.8265,3.8105,3.8266,-0.0014,0.3078,-3.82,0.0065,1.5442,0.2699,1.4055,0.3016,1.2076,0.2945,1.2027,0.2908
22855,H,106321,777742,3.7884,3.7709,3.7935,-0.0029,0.3033,-3.82,-0.0316,1.0255,0.4212,0.9023,0.5429,0.8538,0.536,0.5977,0.5066
22856,H,106203,780898,3.7955,3.7846,3.7989,-0.0021,0.3058,-3.82,-0.0245,1.8147,0.3326,1.8968,0.2945,2.4754,0.485,2.0074,0.2857
22857,H,106077,785114,3.7646,3.7552,3.7671,0.0015,0.3012,-3.82,-0.0554,2.0912,0.3658,2.083,0.413,1.9748,0.4481,2.0208,0.6648
22858,H,105999,768665,3.8185,3.8122,3.8243,0.002,0.3017,-3.82,-0.0015,2.416,0.7134,1.6466,0.5429,0.8296,0.2825,0.8296,0.2825
22859,H,106141,779940,3.7738,3.7663,3.7755,0.0026,0.2993,-3.82,-0.0462,2.1,0.5234,3.883,4.7043,2.6027,4.2231,0.2139,0.2872
22860,H,105968,787155,3.8065,3.7963,3.8045,0.0014,0.3009,-3.82,-0.0135,1.9667,0.3253,1.83,0.3031,2.0405,0.3763,2.0582,0.4213
22861,H,106101,772421,3.7643,3.7526,3.7669,0.0018,0.2938,-3.82,-0.0557,2.0734,0.4983,1.7566,0.5298,1.2054,0.3721,1.197,0.3828
22862,H,105957,786398,3.767,3.7559,3.7678,0.0041,0.2931,-3.82,-0.053,2.4726,0.4745,2.663,0.785,2.7338,1.3681,2.7187,0.7565
22863,H,106894,766643,3.7536,3.7485,3.7563,0.0025,0.2909,-3.82,-0.0664,3.0232,1.4818,0.5083,0.2944,0.4632,0.1956,0.4197,0.2177
22864,H,106751,768421,3.7521,3.7467,3.7511,0.0039,0.2913,-3.82,-0.0679,1.8777,0.3744,1.8459,0.5805,1.9175,0.5174,1.7488,0.4031
22865,H,106775,769221,3.7569,3.7501,3.758,-0.0,0.2945,-3.82,-0.0631,2.2812,0.4429,1.2358,0.2801,1.0243,0.2233,0.9941,0.234
22866,H,106635,760887,3.7481,3.7421,3.7487,0.004,0.2952,-3.82,-0.0719,1.7701,0.3789,2.3381,0.8224,1.8366,0.4527,2.2322,0.8909
22867,H,106528,796565,3.7472,3.7364,3.747,0.0025,0.299,-3.82,-0.0728,1.4859,0.3041,1.2672,0.3156,1.3301,0.348,1.3202,0.3508
22868,H,105772,801645,3.7568,3.7456,3.7547,0.0036,0.3007,-3.82,-0.0632,1.6403,0.3283,1.0276,0.2416,1.0938,0.2833,1.1098,0.2963
22869,H,106831,761574,3.7368,3.7199,3.7421,0.0009,0.3036,-3.82,-0.0832,2.0262,0.4059,1.8241,0.3851,1.9523,0.6126,1.7507,0.5191
22870,H,106930,741013,3.7437,3.7314,3.7415,0.0005,0.3059,-3.82,-0.0763,1.6345,0.3273,1.6733,0.6039,1.5255,0.9122,1.5606,0.7466
22871,H,106639,763488,3.7379,3.7276,3.7442,-0.0003,0.3054,-3.82,-0.0821,2.1774,0.625,0.7406,0.1987,0.7672,0.1812,0.7094,0.19
22873,H,106968,750137,3.7457,3.7353,3.7491,-0.0011,0.3054,-3.82,-0.0743,2.0147,0.381,2.0776,0.5936,1.3524,0.3423,1.7187,0.7068
22874,H,107072,758371,3.7488,3.7363,3.7471,-0.0029,0.3052,-3.82,-0.0712,1.463,0.3277,1.5319,0.4531,2.2228,1.4079,1.956,0.8313
22875,H,106846,737546,3.7569,3.7461,3.7565,-0.0011,0.3053,-3.82,-0.0631,1.4442,0.3822,1.7708,0.4787,1.3194,0.3797,1.3301,0.4527
22877,H,107016,734394,3.7553,3.7404,3.7583,0.0001,0.3036,-3.82,-0.0647,2.6243,0.388,1.5301,0.3647,1.6279,0.5805,1.5959,0.5654
22878,H,107263,719552,3.7546,3.7434,3.7499,0.0009,0.3057,-3.82,-0.0654,2.3642,0.5804,nan,nan,1.7576,0.4958,2.3201,1.0709
22879,H,103287,690534,3.7374,3.7339,3.7386,0.001,0.3092,-3.82,-0.0826,3.2818,1.1072,3.896,6.4357,1.2283,0.5092,1.077,0.4932
22880,H,12046,80460,3.7428,3.7343,3.7401,-0.0051,0.3095,-3.82,-0.0772,nan,nan,nan,nan,nan,nan,nan,nan
22881,H,20701,139360,3.7427,3.7266,3.7463,-0.0041,0.3078,-3.82,-0.0773,2.318,1.1103,1.4753,0.6765,1.4811,0.9592,1.3733,0.8519
22882,H,107124,724704,3.7367,3.7312,3.7306,0.0025,0.3067,-3.82,-0.0833,1.2826,0.5103,1.265,0.72,0.5179,0.4605,0.433,0.4381
22883,H,107089,725439,3.7504,3.7358,3.7547,0.0016,0.3053,-3.82,-0.0696,1.4034,0.2744,1.0636,0.2838,0.9907,0.3585,1.0717,0.3651
22884,H,106897,717288,3.7551,3.7358,3.759,-0.0,0.3055,-3.82,-0.0649,2.4554,3.8554,-0.3017,0.396,-0.1515,0.4919,-0.1947,0.462
22885,H,106747,751667,3.7574,3.7532,3.7563,-0.0016,0.3045,-3.82,-0.0626,2.1117,0.8857,1.6285,1.4742,1.164,0.8863,nan,nan
22886,H,106872,746978,3.7397,3.7316,3.7406,-0.0005,0.3063,-3.82,-0.0803,2.1504,0.3452,2.2088,0.5052,2.5258,0.8395,1.5478,0.412
22887,H,106764,747638,3.7589,3.752,3.7559,0.0013,0.3061,-3.82,-0.0611,1.3819,0.3179,1.6251,0.4657,1.7847,0.6741,1.9101,1.0123
22888,H,106784,721684,3.8031,3.7847,3.8031,0.0016,0.3085,-3.82,-0.0169,1.9057,0.5941,1.9957,0.529,1.9079,0.4945,1.9949,0.5136
22889,H,106754,735137,3.8038,3.7879,3.8061,-0.0011,0.3095,-3.82,-0.0162,1.5127,0.2813,1.0805,0.2752,0.8751,0.291,0.9218,0.3063
22890,H,106944,740693,3.7734,3.7646,3.7694,0.0021,0.3072,-3.82,-0.0466,2.3097,0.3727,1.7268,0.7454,1.4581,0.6329,1.4149,0.7228
22892,H,107356,637117,3.8128,3.8014,3.8123,0.0026,0.3102,-3.82,-0.0072,1.8303,0.3506,2.8475,1.4918,1.9211,0.8475,3.7477,3.7871
22893,H,107544,665062,3.7596,3.7485,3.7673,0.0038,0.3055,-3.82,-0.0604,1.6884,0.4244,0.9892,0.3989,0.7428,0.2712,0.6725,0.2666
22894,H,107792,659388,3.8188,3.8035,3.8217,0.0018,0.3066,-3.82,-0.0012,1.911,0.4215,1.7299,0.4391,1.2256,0.3913,1.2256,0.3913
22895,H,107848,652867,3.7799,3.7692,3.7787,0.0025,0.3046,-3.82,-0.0401,3.4734,0.9698,1.5092,0.4552,1.0721,0.3484,1.2166,0.3938
22896,H,107734,643904,3.8223,3.8025,3.8226,0.0042,0.3059,-3.82,0.0023,1.4017,0.5929,0.2661,0.2526,0.1759,0.208,0.1691,0.211
22897,H,107902,688568,3.7662,3.7529,3.7692,0.0031,0.3035,-3.82,-0.0538,2.2245,0.4142,2.3034,0.3834,2.3553,0.4259,2.4253,0.4856
22898,H,107696,662367,3.8237,3.8094,3.8217,-0.0004,0.3067,-3.82,0.0037,0.8943,0.3814,0.7736,0.43,0.4176,0.3557,0.4176,0.3557
22900,H,107354,656875,3.8258,3.8106,3.8265,0.0014,0.3071,-3.82,0.0058,2.2261,0.4782,0.7224,0.259,0.4231,0.2158,0.4223,0.2098
22902,H,106947,729332,3.8048,3.7937,3.8043,0.0022,0.306,-3.82,-0.0152,2.5645,0.6267,2.8228,1.7524,1.5466,0.7756,2.5301,1.6133
22903,H,106709,719435,3.8148,3.8054,3.8127,0.0016,0.3069,-3.82,-0.0052,2.3131,0.487,2.3614,0.4237,2.4133,0.8325,2.4209,0.8302
22905,H,106684,721168,3.7893,3.7834,3.7941,-0.0008,0.3062,-3.82,-0.0307,1.95,0.3587,2.1178,0.6518,1.6663,0.6686,1.195,0.414
22907,H,106945,723117,3.7981,3.7908,3.797,-0.0003,0.308,-3.82,-0.0219,2.3191,0.5836,0.8368,0.3005,0.7036,0.3174,0.687,0.3149
22912,H,107049,708342,3.8083,3.7938,3.8136,-0.0009,0.31,-3.82,-0.0117,1.3756,0.5508,0.6713,0.2822,0.3535,0.1828,0.3544,0.1853
22915,H,107377,707662,3.8224,3.8103,3.8255,-0.0018,0.3073,-3.82,0.0024,1.7177,0.3501,1.985,0.5592,1.2834,0.677,1.2834,0.677
22916,H,107204,729923,3.761,3.7477,3.768,-0.0017,0.3052,-3.82,-0.059,2.4379,0.8398,nan,nan,0.9701,0.6067,1.0249,0.595
22917,H,107402,720832,3.8015,3.7867,3.7989,0.0019,0.3098,-3.82,-0.0185,1.311,0.3497,0.8814,0.3427,0.6163,0.2976,0.6496,0.3077
22918,H,107304,695439,3.7675,3.7625,3.773,0.0005,0.3045,-3.82,-0.0525,1.5517,0.2791,1.5796,0.3641,1.3995,0.3546,1.4621,0.4074
22919,H,107291,702026,3.8073,3.7947,3.8046,0.0049,0.3043,-3.82,-0.0127,1.6511,0.3475,1.2867,0.3247,0.9713,0.2973,1.2068,0.3715
22920,H,107061,712401,3.7948,3.7823,3.7946,0.0016,0.3066,-3.82,-0.0252,1.9802,0.4669,1.555,0.6297,0.8497,0.3366,0.7467,0.3317
22921,H,107295,715949,3.7744,3.7669,3.7697,0.0013,0.3044,-3.82,-0.0456,2.3608,0.4832,2.4551,0.5771,2.0198,0.6292,1.9065,0.5183
22922,H,107397,701716,3.8212,3.8086,3.8272,0.0028,0.306,-3.82,0.0012,1.6021,0.2928,1.4734,0.2755,1.568,0.333,1.568,0.3336
22923,H,107393,713986,3.7785,3.762,3.783,0.0037,0.3005,-3.82,-0.0415,1.4808,0.3817,1.0223,0.3292,0.882,0.3412,0.8275,0.3175
22924,H,107102,687763,3.7784,3.7608,3.778,0.0014,0.3005,-3.82,-0.0416,2.3953,0.4149,3.6755,2.3494,1.3318,0.4235,1.3191,0.4072
22925,H,107029,707902,3.8008,3.7918,3.8021,0.0046,0.2993,-3.82,-0.0192,2.1429,0.4841,1.1693,0.3673,0.6084,0.2584,0.6755,0.2748
22927,H,107369,701652,3.7796,3.7666,3.779,0.0023,0.2996,-3.82,-0.0404,2.0536,0.4261,1.1081,0.281,0.8628,0.2411,0.823,0.2306
22928,H,107093,702204,3.8165,3.8027,3.8157,0.002,0.3034,-3.82,-0.0035,1.9836,0.3735,1.817,0.5423,1.8836,0.6861,1.8784,0.6837
22930,H,107290,692976,3.7876,3.7704,3.7948,0.004,0.3014,-3.82,-0.0324,2.3005,0.9171,nan,nan,2.0929,0.7714,2.131,0.8129
22931,H,107272,693075,3.8315,3.8168,3.8327,0.0001,0.3028,-3.82,0.0115,2.3025,0.3597,2.2867,0.461,2.8225,1.2296,1.9276,1.0101
22933,H,107176,690461,3.7836,3.7625,3.7877,0.0039,0.305,-3.82,-0.0364,1.5969,0.473,1.5681,0.6264,0.9325,0.436,0.7773,0.3206
22934,H,106626,729718,3.8265,3.8122,3.8242,0.0002,0.305,-3.82,0.0065,2.4178,0.4401,1.9346,0.7424,nan,nan,nan,nan
22936,H,106775,739049,3.803,3.7964,3.8156,0.0004,0.3052,-3.82,-0.017,1.9202,0.3065,nan,nan,1.6748,0.4411,1.6136,0.4063
22939,H,135237,0,3.7898,3.7867,3.7949,-0.01,0.2927,-3.82,-0.0302,nan,nan,nan,nan,nan,nan,nan,nan
22940,H,135321,0,3.7973,3.8017,3.799,-0.0114,0.2937,-3.82,-0.0227,nan,nan,nan,nan,nan,nan,nan,nan
22941,H,106194,742349,3.8211,3.8115,3.8213,-0.0093,0.312,-3.82,0.0011,2.7088,0.3765,2.4107,0.4827,2.06,0.4868,2.06,0.4868
22943,H,106143,742290,3.8211,3.814,3.8276,-0.0058,0.3126,-3.82,0.0011,2.1596,0.3664,2.1096,0.5641,0.5551,5.2148,1.0663,2.088
22944,H,106514,746623,3.8213,3.8019,3.8213,-0.0078,0.3133,-3.82,0.0013,1.8851,0.3948,0.7873,0.2312,0.5137,0.2025,0.5137,0.2025
22946,H,141676,994233,3.8208,3.8103,3.8234,-0.0019,0.312,-3.82,0.0008,1.7331,0.2957,1.6211,0.3251,1.6891,0.5174,1.6891,0.5174
22947,H,106645,745569,3.8286,3.8162,3.8318,-0.0036,0.3107,-3.82,0.0086,1.6672,0.5639,1.8962,0.9238,1.737,1.5468,1.9756,1.7412
22948,H,106773,744745,3.8248,3.8125,3.8194,0.0,0.3098,-3.82,0.0048,2.3637,0.4756,nan,nan,2.9358,1.8756,2.9005,1.8079
22949,H,106899,746459,3.7704,3.7603,3.7756,0.0004,0.3048,-3.82,-0.0496,2.0081,0.7326,1.5821,0.532,1.7376,0.8675,1.5674,0.5681
22950,H,106802,746844,3.7964,3.7919,3.7963,0.001,0.306,-3.82,-0.0236,2.029,0.5378,2.3445,1.2029,1.099,0.3989,1.0487,0.3447
22951,H,106691,743412,3.8222,3.814,3.8251,0.0018,0.3049,-3.82,0.0022,2.0169,0.5231,nan,nan,0.8729,0.4501,0.8729,0.4501
22952,H,106594,727849,3.7941,3.7959,3.7976,0.0026,0.3051,-3.82,-0.0259,1.6011,0.7119,1.1346,0.4751,0.5679,0.3334,0.6258,0.3158
22953,H,106870,720723,3.8187,3.8121,3.8162,0.0026,0.305,-3.82,-0.0013,1.5056,0.3762,0.9484,0.2802,0.8565,0.3168,0.8565,0.3168
22954,H,106978,715225,3.7899,3.78,3.7925,-0.0006,0.3046,-3.82,-0.0301,2.443,0.396,1.6322,0.3306,1.5493,0.4758,1.5378,0.4233
22955,H,106852,729536,3.7807,3.7742,3.7777,0.004,0.3053,-3.82,-0.0393,2.3993,0.44,nan,nan,3.4249,3.3215,0.9076,0.3371
22956,H,107008,722632,3.8248,3.8155,3.8211,-0.0001,0.3062,-3.82,0.0048,1.7616,0.4316,1.8697,0.6024,1.1572,0.4413,1.1529,0.4394
22957,H,106750,705212,3.7898,3.7789,3.7869,0.0007,0.3075,-3.82,-0.0302,1.9803,0.3487,1.7178,0.5304,1.4806,0.3801,1.6463,0.4297
22958,H,106855,710718,3.818,3.814,3.8222,0.0,0.3063,-3.82,-0.002,1.5226,0.392,0.8109,0.2724,0.5004,0.2083,0.5004,0.2083
22959,H,63641,414011,3.7834,3.7751,3.7817,0.0019,0.3079,-3.82,-0.0366,0.997,0.3741,1.0005,0.4064,0.9788,0.4228,0.7283,0.3897
22960,H,14145,53048,3.9163,3.9459,3.834,-0.0004,0.4747,-3.82,0.0963,2.4582,0.1446,nan,nan,nan,nan,nan,nan
22961,H,107080,703090,3.8299,3.8185,3.8235,0.0006,0.3086,-3.82,0.0099,2.7116,0.8141,0.7713,0.3232,0.6805,0.336,0.7303,0.3488
22962,H,107344,686586,3.7785,3.7696,3.781,0.0012,0.3057,-3.82,-0.0415,1.4524,0.2892,1.4235,0.3859,1.4494,0.4329,1.3623,0.4338
22963,H,107148,690180,3.8212,3.8156,3.8206,0.0007,0.3077,-3.82,0.0012,2.631,0.5604,2.587,0.5505,2.7048,0.4157,2.7048,0.4157
22964,H,36342,0,3.9013,3.8944,3.9094,-0.0641,0.3689,-3.82,0.0813,nan,nan,nan,nan,nan,nan,nan,nan
22966,H,132215,917805,3.8973,3.8853,3.8909,-0.0559,0.3724,-3.82,0.0773,1.9653,0.4616,2.1504,0.5322,0.9493,0.3829,1.0175,0.3719
22967,H,106229,749697,3.8445,3.8102,3.8457,-0.0625,0.3509,-3.82,0.0245,1.7947,0.2689,1.7503,0.3384,1.6131,0.3714,1.7191,0.4294
22968,H,106881,730333,3.8272,3.7952,3.8289,-0.0593,0.353,-3.82,0.0072,1.7579,0.5513,0.8481,0.4745,0.966,0.4956,0.8962,0.4317
22969,H,106938,730660,3.8462,3.809,3.8374,-0.0586,0.3499,-3.82,0.0262,1.5193,0.5604,1.4158,0.4258,1.4025,0.518,1.4676,0.503
22970,H,107359,716933,3.8719,3.8377,3.8651,-0.0603,0.3498,-3.82,0.0519,1.533,0.47,1.5308,0.4203,1.3418,0.4283,2.0008,0.9026
22971,H,107465,726419,3.8178,3.7828,3.8157,-0.0555,0.3526,-3.82,-0.0022,1.9278,0.302,1.6056,0.2578,1.7263,0.3936,1.7263,0.3936
22972,H,107765,658120,3.8788,3.8358,3.8771,-0.0614,0.3514,-3.82,0.0588,2.3508,0.3739,2.042,0.4268,1.9669,0.5953,2.097,0.6318
22973,H,107304,681257,3.8553,3.8285,3.856,-0.0571,0.3509,-3.82,0.0353,2.7473,0.7072,2.9556,1.4791,1.3866,0.5223,1.3803,0.4375
22974,H,107430,660422,3.8749,3.8374,3.8727,-0.0598,0.352,-3.82,0.0549,2.2696,0.3562,2.16,0.476,1.2987,1.6386,2.7744,1.9988
22975,H,107409,718961,3.8346,3.803,3.8289,-0.0589,0.3508,-3.82,0.0146,2.001,0.6817,1.7205,0.6574,1.1559,0.6849,1.1338,0.5055
22976,H,107009,728958,3.8715,3.8353,3.8677,-0.0614,0.3527,-3.82,0.0515,1.5081,0.4176,1.8384,0.4851,2.382,0.9445,2.2092,0.6689
22977,H,107361,714955,3.8217,3.792,3.8193,-0.0586,0.3508,-3.82,0.0017,1.3034,0.3765,1.2477,0.5779,nan,nan,nan,nan
22978,H,106858,690274,3.8672,3.8432,3.8728,-0.0567,0.3526,-3.82,0.0472,1.9766,0.2614,2.1294,0.4411,1.8411,0.6126,3.0628,2.2354
22979,H,107271,696485,3.8249,3.7984,3.8218,-0.0603,0.352,-3.82,0.0049,1.4531,0.3649,0.7662,0.3277,0.742,0.3588,0.8804,0.459
22980,H,107358,702011,3.8372,3.7985,nan,-0.0622,0.3528,-3.82,0.0172,2.6616,0.6204,0.8628,0.2008,0.8275,0.2072,0.8574,0.2108
22981,H,107396,705043,3.8723,3.8364,3.876,-0.0665,0.3559,-3.82,0.0523,0.9553,0.4359,1.1588,0.5505,1.4114,0.7693,1.6522,0.9193
22982,H,107399,704371,3.8241,3.7849,3.8256,-0.0612,0.3542,-3.82,0.0041,2.314,0.5474,1.8273,0.6717,0.8873,0.2958,0.8884,0.2961
22983,H,106805,713523,3.8573,3.826,3.8582,-0.0609,0.3537,-3.82,0.0373,1.228,0.2527,0.9248,0.2409,0.902,0.2868,0.9304,0.3019
22984,H,107033,712402,3.8772,3.8466,3.8812,-0.065,0.3568,-3.82,0.0572,2.0911,0.5682,0.7338,0.2642,0.7432,0.2915,0.7462,0.2526
22985,H,106859,705289,3.8384,3.8002,3.8421,-0.0619,0.3508,-3.82,0.0184,2.3738,0.5367,2.4291,0.9061,2.0419,0.4761,1.9651,0.4781
22986,H,107029,710790,3.8548,3.8187,3.8543,-0.0584,0.3509,-3.82,0.0348,1.8522,0.3914,1.9138,0.4645,1.1664,0.4386,1.0985,0.3764
22987,H,107419,707831,3.8592,3.826,3.8543,-0.0612,0.3546,-3.82,0.0392,2.1684,0.6396,1.0751,0.3958,0.8794,0.3843,1.0733,0.4563
22988,H,107379,712228,3.8259,3.7938,3.8244,-0.0606,0.3515,-3.82,0.0059,0.6502,0.2777,0.492,0.2509,0.4063,0.2238,0.4042,0.2241
22991,H,142293,945087,3.8219,3.7862,3.8169,-0.0555,0.3493,-3.82,0.0019,2.076,0.4146,1.5806,0.3807,1.7533,0.6145,1.7533,0.6145
22994,H,106971,718042,3.8554,3.8184,3.8582,-0.0562,0.3504,-3.82,0.0354,2.3967,0.9935,0.7815,0.3359,0.8989,0.514,0.8241,0.4196
22996,H,107226,708801,3.8035,3.7672,3.7983,-0.0527,0.3484,-3.82,-0.0165,1.8793,0.409,1.5548,0.3756,nan,nan,1.589,0.3152
22997,H,107104,710946,3.8271,3.8004,3.8325,-0.0526,0.3476,-3.82,0.0071,0.3036,0.2945,0.4059,0.3128,0.376,0.3581,0.2631,0.3191
22998,H,107308,713604,3.8538,3.8209,3.8603,-0.0536,0.3509,-3.82,0.0338,2.0158,0.343,1.9845,0.5005,1.9421,0.5016,2.1168,0.6252
22999,H,107596,695685,3.8062,3.775,3.8046,-0.056,0.3477,-3.82,-0.0138,1.8325,0.3731,1.6937,0.4203,1.6668,0.8307,1.6959,0.4375
23000,H,107490,712873,3.8516,3.8169,3.8543,-0.0568,0.352,-3.82,0.0316,1.9345,0.2965,1.6891,0.3529,1.0464,0.2553,1.1154,0.2586
23001,H,107626,676203,3.7953,3.7591,3.7933,-0.0544,0.3492,-3.82,-0.0247,nan,nan,3.2162,0.5498,2.9791,0.6871,2.7538,0.4833
23002,H,107404,695213,3.8618,3.8294,3.8615,-0.0548,0.3506,-3.82,0.0418,3.0254,0.9587,1.6554,1.0051,0.3134,0.3537,0.1634,0.2968
23003,H,107540,686157,3.8039,3.7672,3.8084,-0.0539,0.3507,-3.82,-0.0161,1.3626,0.3194,1.2416,0.2598,1.4046,0.2892,1.3679,0.2908
23004,H,107191,693572,3.8613,3.8254,3.8626,-0.0553,0.3504,-3.82,0.0413,1.2066,0.5774,0.0273,0.3159,0.1219,0.3414,0.1412,0.3186
23005,H,107891,669639,3.8048,3.7749,3.798,-0.0491,0.3503,-3.82,-0.0152,2.2565,0.6346,1.4066,0.5375,0.7145,0.3455,0.8315,0.353
23006,H,107234,698040,3.85,3.8211,3.8599,-0.0497,0.3501,-3.82,0.03,2.2206,0.4771,1.7924,0.3293,1.6288,0.4676,2.1289,0.7158
23007,H,106999,673921,3.8625,3.8333,3.8636,-0.0556,0.3517,-3.82,0.0425,1.8008,0.427,1.5596,0.3753,nan,nan,1.2261,0.3168
23008,H,107734,676418,3.8362,3.8,3.8395,-0.0553,0.3504,-3.82,0.0162,nan,nan,1.5857,0.5172,1.8874,0.9646,1.7476,0.3657
23009,H,107610,675096,3.8424,3.8142,3.8481,-0.0574,0.3509,-3.82,0.0224,1.409,0.3227,1.2136,0.3532,1.2608,0.393,1.2985,0.4232
23010,H,107748,683992,3.8335,3.8066,3.8322,-0.058,0.3523,-3.82,0.0135,2.1275,0.4832,2.0754,0.3555,1.9685,0.4165,2.0384,0.4614
23011,H,107468,674315,3.8365,3.8014,3.8418,-0.0551,0.3495,-3.82,0.0165,1.8769,0.5747,1.6452,0.7357,1.7659,1.1136,0.9976,0.562
23012,H,107321,697738,3.8446,3.8208,3.8396,-0.0536,0.3509,-3.82,0.0246,0.6919,0.3108,0.635,0.3466,0.592,0.3106,1.0927,0.6701
23014,H,30852,0,3.8588,3.8631,3.8601,-0.0565,0.3618,-3.82,0.0388,nan,nan,nan,nan,nan,nan,nan,nan
23015,H,845,326,3.8514,0.3468,3.8374,-0.073,0.3378,-3.82,0.0314,nan,nan,nan,nan,-2.1192,0.0762,nan,nan
23016,H,18396,6998,3.818,3.7192,3.8265,-0.0683,0.3311,-3.82,-0.002,1.5868,0.1782,1.3223,0.2758,1.2319,0.2981,1.2319,0.2981
23018,H,124777,805750,3.8533,3.8254,3.8442,-0.0548,0.3729,-3.82,0.0333,nan,nan,2.2475,2.5246,1.0821,0.6538,nan,nan
23019,H,56230,361259,3.8104,3.7698,3.8095,-0.0628,0.3409,-3.82,-0.0096,1.7398,0.7794,0.3562,0.3419,0.1581,0.2299,0.1565,0.2299
23020,H,55999,359379,3.8163,3.7763,3.812,-0.0632,0.3368,-3.82,-0.0037,0.4549,0.4057,0.6649,0.4163,0.5338,0.2985,0.5263,0.2954
23021,H,56156,362657,3.7917,3.7435,3.7843,-0.0593,0.3381,-3.82,-0.0283,1.3199,0.3848,1.1599,0.4882,1.2345,0.467,1.172,0.3759
23022,H,55973,359862,3.8379,3.7891,3.839,-0.062,0.3378,-3.82,0.0179,2.5072,0.8644,2.4985,1.0031,nan,nan,2.2449,0.7887
23023,H,55970,351515,3.7841,3.7433,3.7794,-0.0603,0.3364,-3.82,-0.0359,0.9548,1.0562,0.2994,0.7216,0.5872,0.4842,0.4382,0.5347
23024,H,56178,349591,3.8353,3.7871,3.8437,-0.0592,0.3366,-3.82,0.0153,0.9338,0.4493,0.727,0.9683,0.1817,0.522,0.2566,0.6399
23025,H,56333,344678,3.8111,3.7571,3.8068,-0.0627,0.3398,-3.82,-0.0089,1.9041,0.3562,1.5441,0.3201,1.5264,0.4237,1.5261,0.4235
23026,H,56239,347869,3.8098,3.756,3.8178,-0.0664,0.3401,-3.82,-0.0102,2.381,0.5941,1.2801,0.7175,0.3404,0.3908,0.3334,0.3866
23027,H,56375,345627,3.8141,3.7687,3.8128,-0.058,0.3367,-3.82,-0.0059,nan,nan,2.5694,0.6972,nan,nan,nan,nan
23030,H,56561,336088,3.7898,3.7451,3.8066,-0.0597,0.3376,-3.82,-0.0302,2.1843,0.457,1.7979,0.6377,2.5809,2.1365,2.0807,1.0049
23031,H,56119,342808,3.8112,3.7672,3.8112,-0.0548,0.3377,-3.82,-0.0088,1.3996,0.4498,0.5011,0.2847,0.2875,0.2033,0.2883,0.2042
23032,H,56013,342826,3.8051,3.7541,3.802,-0.0635,0.3375,-3.82,-0.0149,3.0113,1.2788,nan,nan,nan,nan,2.5034,1.6619
23033,H,56226,341032,3.8259,3.7922,3.8329,-0.063,0.3378,-3.82,0.0059,2.7683,2.9369,nan,nan,nan,nan,nan,nan
23034,H,56493,344296,3.8057,3.76,3.8147,-0.0583,0.3383,-3.82,-0.0143,2.5543,0.7196,2.6509,0.5799,nan,nan,nan,nan
23035,H,56220,341501,3.8187,3.7706,3.8194,-0.0623,0.3394,-3.82,-0.0013,nan,nan,nan,nan,nan,nan,nan,nan
23036,H,56557,333237,3.8253,3.7787,3.824,-0.065,0.3407,-3.82,0.0053,2.3196,0.446,1.4972,0.376,nan,nan,0.8965,0.3221
23037,H,62869,212131,3.8099,3.8168,3.815,-0.0629,0.3356,-3.82,-0.0101,2.1264,0.3467,1.5042,0.4422,1.3667,0.4635,1.3666,0.4632
23038,H,55513,362808,3.8309,3.7769,3.8232,-0.0745,0.3447,-3.82,0.0109,3.2872,1.0462,2.7319,1.0168,2.1558,0.9553,2.1254,0.8733
23039,H,55815,362291,3.8254,3.769,3.8287,-0.0688,0.3404,-3.82,0.0054,2.0383,0.3959,1.8257,0.2844,nan,nan,2.3789,1.7018
23041,H,124547,799639,3.8792,3.844,3.8855,-0.0597,0.3717,-3.82,0.0592,2.8677,0.8763,2.6345,14.1456,nan,nan,nan,nan
23042,H,56018,364113,3.8194,3.7805,3.8229,-0.0619,0.3367,-3.82,-0.0006,1.8721,0.4299,0.396,0.2915,0.2592,0.2366,0.2592,0.2366
23043,H,55627,365360,3.8204,3.7828,3.824,-0.0581,0.3376,-3.82,0.0004,nan,nan,nan,nan,1.2795,0.882,1.2795,0.882
23044,H,56152,364417,3.8338,3.7879,3.8274,-0.0602,0.3374,-3.82,0.0138,2.5454,0.4787,1.9206,0.6567,1.76,0.8969,nan,nan
23045,H,56392,356756,3.7991,3.7592,3.7926,-0.0565,0.3364,-3.82,-0.0209,2.2221,0.7181,1.718,1.323,0.5822,0.3829,0.5573,0.4225
23046,H,55962,353033,3.8255,3.7897,3.8242,-0.0605,0.3398,-3.82,0.0055,3.0434,1.5737,nan,nan,nan,nan,nan,nan
23047,H,55567,382132,3.7991,3.7622,3.801,-0.0631,0.3402,-3.82,-0.0209,nan,nan,0.6664,0.7506,0.7926,0.651,0.7295,0.7608
23048,H,55583,368634,3.8156,3.7618,3.8237,-0.0682,0.3416,-3.82,-0.0044,2.6666,0.6925,2.4761,1.1935,1.4961,0.6442,1.495,0.6432
23049,H,55813,369035,3.8182,3.7784,3.8204,-0.0633,0.3404,-3.82,-0.0018,1.6545,0.6397,nan,nan,nan,nan,nan,nan
23050,H,56107,363564,3.7948,3.7556,3.8066,-0.0627,0.34,-3.82,-0.0252,3.2079,0.4123,nan,nan,nan,nan,nan,nan
23051,H,55616,393466,3.8357,3.7987,3.834,-0.0595,0.3426,-3.82,0.0157,2.4965,0.8845,nan,nan,nan,nan,1.4104,1.4766
23053,H,55810,389124,3.8116,3.753,3.8125,-0.0651,0.3411,-3.82,-0.0084,2.6015,1.2686,2.3265,1.4201,nan,nan,nan,nan
23054,H,25329,164340,3.809,3.7687,3.8116,-0.0658,0.3393,-3.82,-0.011,0.1977,0.6668,-0.73,0.3977,-0.7911,0.4714,-0.7677,0.468
23055,H,55783,356224,3.8335,3.7767,3.8399,-0.0684,0.3434,-3.82,0.0135,2.0044,0.6374,2.0129,0.8919,3.0228,4.8554,1.9052,0.7188
23056,H,56569,334137,3.7958,3.742,3.7899,-0.0621,0.3387,-3.82,-0.0242,3.1331,1.2522,2.0772,0.865,nan,nan,2.3142,1.3389
23057,H,56378,321420,3.8315,3.7898,3.8306,-0.0611,0.3411,-3.82,0.0115,nan,nan,nan,nan,2.9642,0.7635,nan,nan
23058,H,56301,326750,3.7963,3.7429,3.8041,-0.0637,0.341,-3.82,-0.0237,3.5522,0.7601,nan,nan,nan,nan,1.5605,0.8508
23059,H,56618,328479,3.8214,3.7836,3.8167,-0.0646,0.3421,-3.82,0.0014,1.2833,0.492,0.9051,0.3973,0.7169,0.3694,0.7169,0.3694
23060,H,56406,328770,3.8221,3.7859,3.8156,-0.0624,0.3423,-3.82,0.0021,nan,nan,nan,nan,nan,nan,nan,nan
23061,H,56150,321806,3.8225,3.7887,3.8275,-0.0598,0.3426,-3.82,0.0025,nan,nan,nan,nan,3.7232,2.5274,3.7232,2.5274
23062,H,55982,323526,3.827,3.7914,3.8239,-0.0632,0.3399,-3.82,0.007,2.1153,0.5415,1.5189,0.4702,1.1773,0.414,1.2074,0.4086
23063,H,56437,322793,3.8393,3.7972,3.8347,-0.0653,0.3408,-3.82,0.0193,1.2891,0.53,0.6695,0.3519,0.5781,0.4294,0.6134,0.3828
23065,H,84980,460420,3.7788,3.7336,3.7752,-0.065,0.3432,-3.82,-0.0412,2.2979,0.3826,3.181,1.537,nan,nan,nan,nan
23066,H,56740,310784,3.7658,3.7189,3.7703,-0.0638,0.3414,-3.82,-0.0542,2.4847,0.4624,nan,nan,2.3739,1.031,2.3501,0.8785
23067,H,56640,313411,3.8323,3.7799,3.8305,-0.0636,0.3409,-3.82,0.0123,2.7562,0.7749,nan,nan,1.5218,0.6744,nan,nan
23068,H,56767,319225,3.7914,3.7458,3.7943,-0.0588,0.341,-3.82,-0.0286,2.3685,0.407,2.3001,0.5605,1.3182,0.2698,1.2475,0.2551
23069,H,56291,320818,3.8216,3.7775,3.8111,-0.0617,0.3392,-3.82,0.0016,nan,nan,nan,nan,nan,nan,nan,nan
23070,H,56027,351029,3.8251,3.7915,3.8315,-0.0635,0.3368,-3.82,0.0051,2.5372,0.5453,2.5283,0.5051,2.5743,0.6427,2.5767,0.6445
23071,H,56211,326738,3.8024,3.7677,3.8098,-0.0608,0.3387,-3.82,-0.0176,nan,nan,1.2073,0.6493,1.1357,1.2831,1.0132,0.9773
23072,H,55689,359406,3.7917,3.7524,3.793,-0.0557,0.3379,-3.82,-0.0283,2.4265,0.5985,2.2993,0.6786,nan,nan,2.1537,0.7715
23073,H,56130,353496,3.8293,3.7824,3.8287,-0.0635,0.3377,-3.82,0.0093,nan,nan,2.5385,1.0317,nan,nan,nan,nan
23074,H,56263,342352,3.8097,3.7584,3.8085,-0.0637,0.3405,-3.82,-0.0103,nan,nan,nan,nan,1.4952,1.9518,nan,nan
23076,H,56207,334910,3.8292,3.779,3.83,-0.0612,0.3379,-3.82,0.0092,nan,nan,nan,nan,nan,nan,nan,nan
23077,H,56046,333879,3.8045,3.7542,3.8063,-0.0653,0.3421,-3.82,-0.0155,0.9454,0.9399,0.2666,0.5765,0.3991,0.4445,nan,nan
23078,H,55759,360194,3.8426,3.7891,3.8515,-0.0691,0.3429,-3.82,0.0226,1.2916,0.4478,0.6653,0.4458,0.6948,0.5059,0.7054,0.5331
23079,H,55940,351603,3.8383,3.7939,3.835,-0.0667,0.3428,-3.82,0.0183,2.9451,0.5846,nan,nan,3.2482,0.5616,nan,nan
23080,H,56292,343501,3.8386,3.7899,3.8359,-0.0647,0.3407,-3.82,0.0186,2.0909,0.3826,2.2667,0.4694,2.2102,0.6458,2.2629,0.7427
23081,H,56192,332290,3.8371,3.7844,3.8376,-0.0614,0.3358,-3.82,0.0171,1.9312,0.8341,3.7497,3.1218,nan,nan,1.6263,0.832
23082,H,56323,327507,3.7914,3.744,3.7957,-0.0619,0.3349,-3.82,-0.0286,nan,nan,3.1508,0.4107,2.832,0.3563,2.8647,0.3715
23083,H,56626,318786,3.8003,3.7482,3.7956,-0.0615,0.3346,-3.82,-0.0197,nan,nan,nan,nan,nan,nan,nan,nan
23087,H,116599,662496,3.8928,3.86,3.9112,-0.0566,0.37,-3.82,0.0728,nan,nan,0.7168,0.3807,0.4688,0.4407,0.3488,0.3487
23089,H,55536,346971,3.8142,3.7751,3.8024,-0.0647,0.3399,-3.82,-0.0058,2.2777,0.5597,1.7108,0.7293,1.0325,0.523,1.0325,0.523
23090,H,55984,340712,3.8217,3.7762,3.8186,-0.0597,0.3392,-3.82,0.0017,3.7406,2.3779,2.1751,1.0887,2.0502,0.6852,2.0502,0.6852
23091,H,56109,337739,3.8129,3.7764,3.8118,-0.0634,0.3413,-3.82,-0.0071,3.4287,0.8714,nan,nan,nan,nan,nan,nan
23092,H,56659,332076,3.8147,3.751,3.8016,-0.0669,0.3447,-3.82,-0.0053,nan,nan,nan,nan,-0.172,0.8754,-0.172,0.8754
23093,H,56891,331064,3.802,3.7554,3.8112,-0.0661,0.3441,-3.82,-0.018,3.0729,0.4273,nan,nan,3.121,0.4948,nan,nan
23094,H,56609,325347,3.8119,3.7621,3.8204,-0.0668,0.3422,-3.82,-0.0081,1.2753,0.3402,1.5995,0.5682,1.5852,0.6193,1.6563,0.7284
23095,H,56673,317893,3.7742,3.7302,3.776,-0.0641,0.3423,-3.82,-0.0458,1.1396,0.4276,0.6606,0.2838,0.7526,0.3288,0.623,0.3316
23096,H,56167,350274,3.8076,3.7625,3.8011,-0.0706,0.344,-3.82,-0.0124,3.0134,1.9274,0.4759,0.6445,-0.1841,0.4253,-0.1143,0.5014
23097,H,56646,355250,3.7789,3.7342,3.78,-0.0681,0.3399,-3.82,-0.0411,2.6239,0.692,3.0632,1.1724,2.4882,1.0693,2.2731,0.7258
23098,H,55939,376872,3.7792,3.7417,3.781,-0.0712,0.3412,-3.82,-0.0408,1.5936,0.5987,2.0636,0.5137,1.4569,0.706,1.4594,0.6373
23099,H,56364,373804,3.808,3.7631,3.8121,-0.0731,0.3452,-3.82,-0.012,1.5562,0.4688,0.7497,0.3448,0.6776,0.3055,0.6235,0.2921
23100,H,56072,369875,3.8152,3.7637,3.8189,-0.0731,0.3462,-3.82,-0.0048,2.7672,0.5472,2.2156,0.9761,2.6862,1.2741,nan,nan
23101,H,55798,367094,3.8029,3.7468,3.8046,-0.0708,0.3462,-3.82,-0.0171,1.6625,0.4978,1.8616,0.5838,1.5984,0.5431,1.565,0.5162
23103,H,125129,799107,3.8687,3.8427,3.8714,-0.0619,0.3782,-3.82,0.0487,2.6727,0.3555,2.4282,0.3156,2.4988,0.4393,2.5511,0.4428
23104,H,56136,362581,3.8121,3.7663,3.8174,-0.0706,0.3428,-3.82,-0.0079,2.7148,0.5545,nan,nan,nan,nan,nan,nan
23105,H,62054,195561,3.8129,3.8253,3.823,-0.0715,0.34,-3.82,-0.0071,0.9269,0.288,0.8789,0.3136,0.6001,0.2752,0.6001,0.2752
23106,H,62225,192370,3.8154,3.825,3.8126,-0.0733,0.3414,-3.82,-0.0046,1.2454,0.3619,0.6365,0.3119,0.343,0.2462,0.3391,0.2435
23107,H,62081,197312,3.8063,3.8157,3.8101,-0.0604,0.3356,-3.82,-0.0137,0.9495,0.2708,0.2966,0.2121,0.2331,0.2011,0.2073,0.1973
23108,H,62353,197055,3.8359,3.8495,3.8389,-0.0628,0.3341,-3.82,0.0159,0.782,0.1909,0.5546,0.2059,0.5843,0.2608,0.5835,0.2337
23109,H,62166,192981,3.8273,3.8382,3.8287,-0.0631,0.3311,-3.82,0.0073,1.393,0.2786,1.4588,0.3083,1.1173,0.3726,1.2323,0.394
23110,H,57352,237819,3.8341,3.7942,3.8271,-0.0511,0.3363,-3.82,0.0141,3.4738,1.3701,0.6514,0.4604,0.4971,0.3789,0.3934,0.3413
23111,H,56060,361026,3.8138,3.7657,3.8146,-0.0587,0.3353,-3.82,-0.0062,2.5233,0.482,2.1246,0.4712,nan,nan,nan,nan
23113,H,32945,208797,3.8492,3.8167,3.8492,-0.0637,0.3389,-3.82,0.0292,nan,nan,3.297,1.2852,2.0178,0.8409,2.45,0.8236
23125,H,8893,0,3.8444,3.8528,3.8446,-0.0684,0.3327,-3.82,0.0244,nan,nan,nan,nan,nan,nan,nan,nan
23126,H,8101,0,3.8274,3.8336,3.8266,-0.0596,0.3324,-3.82,0.0074,nan,nan,nan,nan,nan,nan,nan,nan
23127,H,8770,0,3.7794,3.7863,3.7749,-0.0788,0.3298,-3.82,-0.0406,nan,nan,nan,nan,nan,nan,nan,nan
23128,H,56482,359952,3.8044,3.756,3.7989,-0.0677,0.3453,-3.82,-0.0156,1.6337,0.4257,1.5231,0.5551,0.3966,0.2286,0.4468,0.2327
23129,H,56513,351702,3.7836,3.748,3.7781,-0.0659,0.3405,-3.82,-0.0364,2.4159,0.6208,1.6767,1.1423,1.6159,0.7806,nan,nan
23131,H,13275,0,3.8149,3.82,3.8141,-0.0788,0.3314,-3.82,-0.0051,nan,nan,nan,nan,nan,nan,nan,nan
23133,H,57157,306551,3.8024,3.7504,3.7957,-0.0672,0.3421,-3.82,-0.0176,2.601,0.5882,2.2203,0.7949,2.6031,2.6395,2.017,1.0934
23135,H,56854,297848,3.8278,3.7774,3.8268,-0.0643,0.3365,-3.82,0.0078,2.1076,0.6494,nan,nan,1.0622,0.4166,1.1548,0.4457
23136,H,56728,334851,3.8238,3.7761,3.8279,-0.0609,0.3376,-3.82,0.0038,2.1725,0.467,2.3857,1.0016,1.9945,0.8917,1.9944,0.8916
23138,H,125496,744664,3.8789,3.8602,3.8769,-0.0486,0.3711,-3.82,0.0589,2.0654,0.4675,1.2513,0.4639,0.9217,0.5184,0.8908,0.457
23139,H,56352,341633,3.8246,3.7819,3.8199,-0.0601,0.3363,-3.82,0.0046,3.2262,0.553,nan,nan,nan,nan,nan,nan
23140,H,56749,342042,3.8289,3.7979,3.8303,-0.0632,0.336,-3.82,0.0089,1.7698,0.6416,nan,nan,nan,nan,nan,nan
23141,H,56861,328120,3.8313,3.7843,3.8298,-0.0609,0.3358,-3.82,0.0113,2.4061,0.6212,nan,nan,nan,nan,2.0614,1.7458
23142,H,56607,325062,3.8352,3.7866,3.8364,-0.0604,0.3362,-3.82,0.0152,1.7905,0.7061,2.9005,0.552,nan,nan,nan,nan
23143,H,56640,324094,3.8386,3.7878,3.8355,-0.0605,0.338,-3.82,0.0186,2.8781,0.8754,2.4259,0.7243,nan,nan,nan,nan
23144,H,56320,320796,3.8428,3.7999,3.8464,-0.0588,0.3411,-3.82,0.0228,2.276,0.5169,2.2107,0.8442,2.5205,1.1875,2.7407,1.2788
23145,H,56546,319499,3.8494,3.8152,3.8479,-0.0588,0.3382,-3.82,0.0294,nan,nan,3.4203,1.2487,nan,nan,nan,nan
23146,H,56596,314329,3.8617,3.8308,3.8661,-0.0583,0.3384,-3.82,0.0417,0.8039,0.5075,0.7491,0.4413,0.3127,0.2858,0.4925,0.3421
23147,H,56700,316439,3.8609,3.8253,3.8647,-0.0559,0.3368,-3.82,0.0409,1.8178,0.4213,nan,nan,1.146,0.9185,nan,nan
23148,H,56946,319733,3.8675,3.8375,3.8651,-0.0569,0.3377,-3.82,0.0475,3.6594,1.442,2.9594,2.2051,nan,nan,2.213,6.1628
23149,H,56795,318512,3.8751,3.828,3.881,-0.0625,0.3392,-3.82,0.0551,2.367,0.4354,2.2103,0.4871,1.8924,0.8105,1.9669,0.4591
23150,H,56944,321684,3.8312,3.787,3.8373,-0.06,0.3386,-3.82,0.0112,nan,nan,nan,nan,nan,nan,nan,nan
23151,H,56373,316857,3.8654,3.8234,3.8684,-0.0624,0.3402,-3.82,0.0454,2.1343,0.7485,3.1443,2.499,nan,nan,nan,nan
23152,H,56171,349756,3.8768,3.8237,3.8845,-0.0703,0.3422,-3.82,0.0568,2.8356,0.5111,nan,nan,nan,nan,nan,nan
23153,H,56421,342157,3.8379,3.7998,3.8402,-0.0664,0.3428,-3.82,0.0179,2.1029,0.4245,nan,nan,1.872,0.5479,1.8484,0.5191
23154,H,56332,345260,3.8392,3.808,3.8333,-0.068,0.3444,-3.82,0.0192,1.8587,0.4559,nan,nan,0.3787,0.4128,0.2293,0.3667
23155,H,56250,341664,3.8397,3.7929,3.8436,-0.0704,0.3419,-3.82,0.0197,1.6394,0.533,1.6146,0.6417,1.3099,0.4905,1.1769,0.5752
23156,H,56705,335831,3.8144,3.776,3.8122,-0.0675,0.3418,-3.82,-0.0056,nan,nan,nan,nan,nan,nan,nan,nan
23157,H,56410,342486,3.8256,3.7896,3.8282,-0.0662,0.3414,-3.82,0.0056,2.7181,0.7085,2.7573,1.1431,2.4839,1.4848,2.5075,1.5217
23158,H,56153,337436,3.8263,3.7828,3.8239,-0.0659,0.3442,-3.82,0.0063,1.9887,0.5024,2.1668,1.3166,nan,nan,nan,nan
23159,H,56252,338295,3.8272,3.7778,3.8377,-0.074,0.347,-3.82,0.0072,nan,nan,1.2701,0.5782,0.8762,0.4783,1.1054,0.5702
23160,H,56416,337560,3.818,3.7724,3.8233,-0.0624,0.3398,-3.82,-0.002,2.5279,0.6131,3.186,2.026,nan,nan,nan,nan
23161,H,56477,328113,3.815,3.7605,3.8062,-0.0669,0.3402,-3.82,-0.005,nan,nan,0.7222,0.4944,0.7803,0.4166,0.7653,0.4084
23163,H,90122,526493,3.8151,3.771,3.8133,-0.0687,0.3417,-3.82,-0.0049,2.0835,0.6458,1.4049,0.9254,nan,nan,nan,nan
23164,H,56419,327181,3.8142,3.765,3.8145,-0.0677,0.3414,-3.82,-0.0058,3.0429,1.0221,1.1991,0.6358,0.3107,0.3251,0.3107,0.3251
23166,H,56898,330912,3.8203,3.7756,3.8214,-0.0629,0.3405,-3.82,0.0003,1.7076,0.4992,1.5115,0.5217,0.765,0.3369,0.765,0.3369
23167,H,56434,331222,3.8297,3.7756,3.8257,-0.0639,0.3394,-3.82,0.0097,1.8067,0.705,0.7223,0.6895,0.4215,0.5168,nan,nan
23168,H,56485,332471,3.7771,3.72,3.7812,-0.0628,0.3372,-3.82,-0.0429,1.8599,0.7387,0.6995,0.9312,0.6251,0.8778,0.8855,0.6594
23169,H,56611,326885,3.8214,3.7766,3.8189,-0.067,0.3451,-3.82,0.0014,2.4661,0.5988,nan,nan,0.6954,0.4248,0.6954,0.4248
23170,H,56742,323433,3.7806,3.731,3.7815,-0.0673,0.3417,-3.82,-0.0394,1.2122,0.3458,0.7688,0.2483,0.8799,0.2557,0.7603,0.2552
23171,H,56996,333790,3.8248,3.7819,3.8311,-0.0647,0.3403,-3.82,0.0048,2.5639,0.5023,nan,nan,nan,nan,nan,nan
23172,H,56621,335285,3.7798,3.7479,3.7863,-0.0606,0.3388,-3.82,-0.0402,2.2169,0.6238,nan,nan,nan,nan,nan,nan
23173,H,56755,333958,3.7932,3.7589,3.7938,-0.0603,0.3408,-3.82,-0.0268,2.679,1.0281,nan,nan,-0.1441,0.3078,-0.1807,0.2511
23174,H,56493,312774,3.8171,3.7669,3.8137,-0.0659,0.3405,-3.82,-0.0029,3.7515,4.4989,nan,nan,0.7407,0.9813,0.7412,0.9817
23175,H,56298,344486,3.7897,3.7571,3.8051,-0.062,0.3382,-3.82,-0.0303,1.841,0.6257,2.4838,0.7656,2.5735,0.7904,2.7182,0.7405
23176,H,56511,339868,3.8186,3.779,3.8173,-0.0651,0.3399,-3.82,-0.0014,2.1247,0.3735,nan,nan,1.7396,1.0461,1.7396,1.0461
23177,H,56696,342625,3.7847,3.7258,3.7875,-0.0682,0.3422,-3.82,-0.0353,2.0906,0.3206,1.9566,0.335,1.8025,0.3336,1.7469,0.3325
23178,H,56387,330347,3.8232,3.7813,3.8316,-0.0655,0.3431,-3.82,0.0032,2.7009,1.2156,1.1159,0.5784,0.134,0.315,0.134,0.315
23179,H,56448,331566,3.7794,3.7403,3.7828,-0.0632,0.3393,-3.82,-0.0406,2.1023,0.5385,1.2676,0.6661,1.3484,0.7179,2.6194,2.3625
23180,H,56582,340536,3.8164,3.7731,3.8162,-0.0644,0.3393,-3.82,-0.0036,nan,nan,nan,nan,nan,nan,nan,nan
23181,H,56287,331776,3.8216,3.7823,3.8194,-0.0659,0.3444,-3.82,0.0016,nan,nan,nan,nan,0.4932,0.5559,0.4932,0.5559
23182,H,56568,323784,3.8222,3.7683,3.8186,-0.0645,0.3413,-3.82,0.0022,3.2284,0.6379,3.1809,0.4854,2.8746,0.4372,2.8746,0.4372
23183,H,56552,337070,3.8164,3.7739,3.8128,-0.0616,0.3434,-3.82,-0.0036,1.67,0.4603,2.1794,0.8329,2.2632,2.617,2.5686,2.9129
23184,H,56561,320605,3.8148,3.7619,3.8164,-0.0665,0.3427,-3.82,-0.0052,1.6588,0.5537,1.399,0.654,1.5531,1.0314,1.5545,1.0269
23185,H,56489,329872,3.811,3.7719,3.8116,-0.0654,0.3427,-3.82,-0.009,2.1473,0.4631,2.4629,0.5582,2.5157,0.4707,2.514,0.4698
23186,H,56738,332861,3.8147,3.7632,3.8122,-0.0663,0.3395,-3.82,-0.0053,1.8452,0.6561,1.0322,0.4253,1.0249,0.3796,1.0298,0.3754
23187,H,56467,318872,3.8151,3.7719,3.8132,-0.0631,0.3388,-3.82,-0.0049,1.9076,0.7093,0.9648,0.4226,0.7151,0.3332,0.7116,0.3347
23188,H,56351,329045,3.795,3.7625,3.8065,-0.0663,0.3401,-3.82,-0.025,2.5425,0.4627,1.2007,0.4419,0.7164,0.2472,0.6992,0.2792
23189,H,56669,333089,3.8188,3.7689,3.8147,-0.068,0.341,-3.82,-0.0012,2.9576,1.187,nan,nan,1.297,1.2347,1.297,1.2347
23190,H,56724,320142,3.8,3.7614,3.8027,-0.065,0.3375,-3.82,-0.02,0.655,0.4042,0.7158,0.3415,0.5078,0.2808,0.4777,0.2695
23192,H,125525,702636,3.909,3.8846,3.906,-0.0528,0.3721,-3.82,0.089,2.2684,0.3712,2.2529,0.6284,2.228,0.9626,3.5049,2.9488
23193,H,56363,325439,3.8579,3.8145,3.8561,-0.0587,0.3365,-3.82,0.0379,2.3893,0.4395,2.3562,0.545,2.4076,0.727,nan,nan
23194,H,56568,333028,3.8049,3.7482,3.8228,-0.0597,0.339,-3.82,-0.0151,2.7187,0.7243,nan,nan,2.2427,0.6312,2.1397,2.0602
23195,H,56569,323785,3.8554,3.8144,3.8588,-0.0618,0.3414,-3.82,0.0354,3.2338,1.7373,1.0803,0.7388,0.457,0.4833,0.4479,0.4755
23196,H,56740,317237,3.8277,3.784,3.8283,-0.0605,0.3371,-3.82,0.0077,2.2746,0.6753,1.6036,0.4567,1.5951,0.3614,1.651,0.4224
23197,H,56816,317101,3.8339,3.7756,3.8379,-0.0622,0.3368,-3.82,0.0139,2.8314,0.5591,2.6977,0.9427,1.3353,0.3703,1.4869,0.3771
23198,H,56571,318506,3.8419,3.8096,3.8391,-0.0591,0.3376,-3.82,0.0219,2.7884,0.7746,nan,nan,nan,nan,nan,nan
23199,H,56591,315135,3.8278,3.7797,3.8305,-0.0641,0.3374,-3.82,0.0078,nan,nan,nan,nan,nan,nan,nan,nan
23200,H,56526,342083,3.845,3.8081,3.8419,-0.0616,0.3391,-3.82,0.025,2.7995,0.8522,nan,nan,nan,nan,nan,nan
23201,H,56400,345068,3.8205,3.7807,3.8304,-0.0617,0.3376,-3.82,0.0005,1.5839,0.5501,1.0881,0.6871,1.2413,1.9335,1.2413,1.9335
23202,H,44127,270308,3.8638,3.8198,3.8653,-0.0635,0.3395,-3.82,0.0438,1.9729,0.7454,1.2499,0.695,0.7922,0.4786,1.1693,0.6032
23203,H,56436,346260,3.8595,3.8166,3.8894,-0.0573,0.3367,-3.82,0.0395,2.5636,1.1604,1.2929,1.8789,nan,nan,nan,nan
23204,H,56286,341216,3.8458,3.7984,3.8478,-0.0632,0.3404,-3.82,0.0258,2.404,0.406,3.0625,1.2568,1.6686,3.8593,2.1501,2.3289
23205,H,56330,343577,3.8135,3.7656,3.824,-0.0618,0.3393,-3.82,-0.0065,nan,nan,nan,nan,0.9631,0.9494,0.9631,0.9494
23206,H,1054,4356,0.0933,0.5282,1.3783,0.1,0.7506,-3.82,0.2813,nan,nan,nan,nan,nan,nan,nan,nan
23207,H,55915,352772,3.8296,3.7835,3.8328,-0.0695,0.3434,-3.82,0.0096,1.4117,0.5423,1.6647,0.5315,nan,nan,nan,nan
23208,H,56231,357085,3.7891,3.7408,3.7854,-0.069,0.3405,-3.82,-0.0309,nan,nan,nan,nan,3.6391,1.072,nan,nan
23209,H,56424,351644,3.828,3.7818,3.8247,-0.0661,0.3396,-3.82,0.008,0.1572,0.7771,nan,nan,-0.5481,5.691,-0.6095,0.6691
23210,H,56458,349243,3.782,3.73,3.7829,-0.0657,0.3375,-3.82,-0.038,3.0402,0.5583,nan,nan,3.304,0.6358,nan,nan
23211,H,56237,340449,3.8396,3.7912,3.8453,-0.0695,0.3439,-3.82,0.0196,1.7657,0.6126,0.7189,0.4418,0.4679,0.2921,0.6776,0.3581
23212,H,56335,339934,3.7812,3.7377,3.7781,-0.0615,0.3402,-3.82,-0.0388,0.7804,0.5223,0.2366,0.4516,0.0345,0.33,-0.0271,0.3246
23214,H,93330,567839,3.7909,3.7495,3.787,-0.065,0.3405,-3.82,-0.0291,nan,nan,nan,nan,nan,nan,nan,nan
23216,H,56487,344745,3.7954,3.7549,3.786,-0.0596,0.3394,-3.82,-0.0246,nan,nan,nan,nan,1.2014,0.4648,1.1631,0.5353
23217,H,56089,339333,3.8152,3.7742,3.8166,-0.0629,0.34,-3.82,-0.0048,nan,nan,nan,nan,-0.8699,0.7016,-0.8699,0.7016
23218,H,56369,343473,3.8171,3.7808,3.8166,-0.0636,0.3395,-3.82,-0.0029,2.974,0.5728,2.8914,0.5329,nan,nan,nan,nan
23219,H,55914,341206,3.8345,3.7879,3.8378,-0.0628,0.3413,-3.82,0.0145,2.5647,0.5938,2.0683,0.8336,nan,nan,nan,nan
23220,H,56576,341023,3.803,3.7631,3.7942,-0.068,0.3391,-3.82,-0.017,0.4678,0.4816,0.6461,0.7884,0.5225,0.5585,nan,nan
23221,H,56668,336589,3.8088,3.7574,3.8119,-0.0678,0.3426,-3.82,-0.0112,1.9021,0.5083,2.073,1.1619,0.611,0.3978,0.6238,0.41
23222,H,56361,340240,3.8246,3.7947,3.8251,-0.0641,0.3405,-3.82,0.0046,3.2725,2.2347,1.1294,0.5633,1.0162,0.6236,1.0156,0.6234
23223,H,56362,336557,3.8318,3.7918,3.8438,-0.063,0.3382,-3.82,0.0118,2.2943,0.3804,2.0482,0.5304,2.095,0.8251,2.0914,0.5683
23224,H,56423,335527,3.8633,3.8179,3.8598,-0.0719,0.342,-3.82,0.0433,1.4105,0.5677,0.5726,0.3436,0.5512,0.345,0.4943,0.3371
23225,H,56055,341124,3.8127,3.7734,3.8265,-0.0578,0.3373,-3.82,-0.0073,nan,nan,nan,nan,nan,nan,nan,nan
23227,H,33858,13672,3.8221,3.7148,3.8302,-0.0689,0.3316,-3.82,0.0021,1.3184,0.1854,1.4256,0.2399,1.1116,0.1912,1.1116,0.1912
23228,H,56890,317616,3.858,3.8195,3.8582,-0.0658,0.3411,-3.82,0.038,1.4402,0.7054,1.5828,0.9753,1.1989,0.5891,1.2064,0.5289
23229,H,56722,302338,3.8227,3.785,3.8271,-0.0655,0.3381,-3.82,0.0027,2.6159,0.823,nan,nan,nan,nan,nan,nan
23230,H,57015,297611,3.8565,3.8215,3.852,-0.0652,0.3405,-3.82,0.0365,2.2795,0.3932,2.2888,0.6613,3.4488,3.1358,nan,nan
23231,H,56810,309651,3.863,3.8151,3.8566,-0.0633,0.3433,-3.82,0.043,1.3944,0.62,0.3111,0.7206,0.8323,0.8261,1.1192,1.981
23232,H,56675,306299,3.8329,3.7861,3.8289,-0.0627,0.3407,-3.82,0.0129,1.1665,1.5944,-0.3404,0.8004,-0.1657,1.944,0.475,2.8647
23233,H,56275,302864,3.8594,3.817,3.8717,-0.0585,0.344,-3.82,0.0394,nan,nan,3.1354,0.5742,nan,nan,3.1991,0.6998
23235,H,119091,634828,3.9084,3.8855,3.9121,-0.0574,0.3712,-3.82,0.0884,2.2303,0.4589,2.3246,0.7296,2.7286,2.7075,2.5618,3.4845
23236,H,56625,308732,3.8471,3.8111,3.85,-0.0586,0.338,-3.82,0.0271,nan,nan,0.3462,0.6179,nan,nan,-0.2114,0.9434
23237,H,56645,303000,3.8159,3.7767,3.8087,-0.0609,0.3354,-3.82,-0.0041,2.1198,0.3974,2.1672,0.511,1.9662,0.7528,1.9658,0.7523
23238,H,56697,309204,3.8629,3.825,3.8696,-0.0597,0.3395,-3.82,0.0429,2.9893,1.9462,0.1538,0.3976,0.0786,0.3818,0.0923,0.3306
23239,H,56814,301186,3.8112,3.7763,3.8136,-0.0574,0.3387,-3.82,-0.0088,nan,nan,nan,nan,0.7109,0.8891,0.7268,0.831
23240,H,56639,308684,3.8523,3.8039,3.8535,-0.0648,0.3418,-3.82,0.0323,0.3769,0.699,0.3507,1.411,nan,nan,3.8105,16.4078
23241,H,57095,307485,3.8121,3.7628,3.8177,-0.0654,0.3374,-3.82,-0.0079,2.5055,0.4085,2.1083,0.4312,1.5428,0.2973,1.5429,0.2973
23242,H,56745,308007,3.8666,3.8203,3.8633,-0.0607,0.3383,-3.82,0.0466,1.5765,4.9488,nan,nan,nan,nan,nan,nan
23243,H,56592,303360,3.792,3.7516,3.7975,-0.0639,0.338,-3.82,-0.028,nan,nan,nan,nan,nan,nan,0.4667,1.6514
23244,H,56980,301703,3.8348,3.7893,3.8275,-0.0655,0.3414,-3.82,0.0148,nan,nan,1.9258,0.8778,2.3042,0.9765,2.0458,0.6617
23245,H,56860,308431,3.7925,3.7484,3.8125,-0.0605,0.3398,-3.82,-0.0275,2.3099,0.6718,-0.9729,12.6395,1.9776,0.8279,2.4791,1.6011
23246,H,56750,306264,3.8156,3.7781,3.8205,-0.0653,0.3423,-3.82,-0.0044,2.9356,0.5446,2.5224,0.7441,2.0434,1.0875,2.0434,1.0875
23247,H,57055,306717,3.7788,3.7415,3.7814,-0.0636,0.3391,-3.82,-0.0412,0.8894,0.4458,0.4915,0.2943,0.5458,0.3023,0.5691,0.3405
23252,H,65831,0,3.8153,3.8219,3.8152,-0.0738,0.331,-3.82,-0.0047,nan,nan,nan,nan,nan,nan,nan,nan
23253,H,8091,0,3.8136,3.8226,3.8196,-0.0791,0.3283,-3.82,-0.0064,nan,nan,nan,nan,nan,nan,nan,nan
23255,H,56864,322608,3.7841,3.7348,3.7814,-0.071,0.3446,-3.82,-0.0359,nan,nan,nan,nan,nan,nan,3.4366,0.5666
23256,H,56620,307761,3.8234,3.7638,3.8239,-0.0649,0.344,-3.82,0.0034,nan,nan,3.5962,1.5909,nan,nan,1.2454,2.0317
23257,H,57198,298550,3.7828,3.7436,3.784,-0.066,0.3401,-3.82,-0.0372,3.1028,0.7981,1.9416,2.8514,nan,nan,nan,nan
23258,H,56968,290111,3.8242,3.7769,3.8307,-0.0663,0.3416,-3.82,0.0042,nan,nan,nan,nan,0.5391,0.8092,0.54,0.808
23259,H,55807,363110,3.8004,3.7543,3.8125,-0.0676,0.3406,-3.82,-0.0196,1.4454,0.5213,2.24,1.6596,2.2425,0.5873,2.4963,1.3926
23261,H,55972,362949,3.7937,3.7445,3.7953,-0.0686,0.343,-3.82,-0.0263,2.1565,1.1902,3.8768,3.8035,nan,nan,nan,nan
23262,H,56080,356156,3.796,3.748,3.7907,-0.0664,0.3425,-3.82,-0.024,nan,nan,-0.8468,0.4458,nan,nan,-0.9806,0.3868
23263,H,56275,349540,3.7917,3.7516,3.7947,-0.0619,0.3365,-3.82,-0.0283,2.19,0.7994,nan,nan,2.2469,0.9608,nan,nan
23264,H,56332,353909,3.7946,3.7562,3.8016,-0.062,0.3368,-3.82,-0.0254,1.966,0.3589,1.5171,0.341,1.7338,0.6037,1.495,0.4292
23265,H,56487,349002,3.7922,3.7517,3.7916,-0.0571,0.334,-3.82,-0.0278,2.4334,0.784,2.2957,0.8713,3.6762,3.7827,nan,nan
23266,H,10402,63565,3.8093,3.7454,3.8058,-0.0722,0.3332,-3.82,-0.0107,-0.0841,0.1113,nan,nan,nan,nan,nan,nan
23268,H,120787,764655,3.8448,3.808,3.8437,-0.0609,0.3384,-3.82,0.0248,1.4049,0.8767,0.9476,0.3609,1.1161,0.6554,nan,nan
23269,H,56249,353893,3.846,3.8043,3.8488,-0.0613,0.3386,-3.82,0.026,0.8765,0.5595,0.5272,0.5099,0.4285,0.5376,0.61,0.9587
23270,H,56021,345604,3.8494,3.7989,3.8471,-0.0602,0.3405,-3.82,0.0294,-0.3242,0.6244,0.0723,0.415,0.0256,0.7349,0.6076,0.6811
23271,H,56511,315535,3.8522,3.8175,3.8612,-0.06,0.338,-3.82,0.0322,1.5558,0.5715,2.0695,0.5052,2.1026,0.7237,nan,nan
23272,H,57012,312572,3.8483,3.8018,3.8625,-0.0612,0.3395,-3.82,0.0283,2.4695,0.5734,2.6414,0.6557,2.453,0.8942,2.6189,1.3855
23273,H,56957,311204,3.8377,3.7953,3.8382,-0.0593,0.3348,-3.82,0.0177,nan,nan,2.6804,1.506,-0.1448,0.4144,-0.0,0.3356
23274,H,56558,311551,3.8625,3.8244,3.8533,-0.065,0.3394,-3.82,0.0425,3.1226,1.2351,nan,nan,nan,nan,nan,nan
23275,H,56773,311947,3.8075,3.7542,3.8041,-0.063,0.3364,-3.82,-0.0125,2.0257,0.3472,1.9528,0.4099,1.7577,0.7569,nan,nan
23276,H,56447,354110,3.8553,3.8161,3.8483,-0.0639,0.3425,-3.82,0.0353,nan,nan,nan,nan,nan,nan,nan,nan
23277,H,56590,327375,3.8144,3.7597,3.8158,-0.0661,0.3406,-3.82,-0.0056,1.9373,0.3569,2.137,0.5238,1.6958,0.4937,1.6958,0.4937
23278,H,56903,323139,3.8494,3.7999,3.8492,-0.0675,0.3398,-3.82,0.0294,2.6346,0.5954,2.2099,0.4654,2.3434,0.7866,2.4877,1.0753
23279,H,56669,315989,3.8425,3.7999,3.8396,-0.0635,0.3399,-3.82,0.0225,2.7286,1.5126,0.674,0.6257,0.0881,0.534,0.0459,0.4573
23280,H,56462,315933,3.8295,3.7901,3.8446,-0.0575,0.3385,-3.82,0.0095,0.8527,0.5435,0.2341,0.486,0.2377,0.5334,0.1691,0.5794
23281,H,57074,308307,3.8285,3.7865,3.8345,-0.0581,0.3368,-3.82,0.0085,1.4882,0.604,0.0846,0.4368,-0.1789,0.3436,-0.11,0.3619
23283,H,125555,690499,3.8839,3.8582,3.8799,-0.0547,0.3737,-3.82,0.0639,1.7166,0.2694,1.6896,0.2879,1.7966,0.4284,1.5822,0.3464
23284,H,56709,311461,3.8274,3.7881,3.8218,-0.0646,0.3425,-3.82,0.0074,1.6516,0.4584,1.7922,0.6902,1.6578,0.9603,1.5345,0.6716
23285,H,57300,310184,3.821,3.7797,3.8206,-0.06,0.3408,-3.82,0.001,2.5217,2.3018,0.2834,0.9301,-0.3332,0.5498,-0.3332,0.5498
23286,H,56613,309770,3.8259,3.7781,3.8275,-0.0638,0.3411,-3.82,0.0059,1.9665,0.5554,1.7511,0.7385,2.3017,6.8381,3.3397,7.2646
23287,H,57056,70,3.8174,3.7839,3.8132,-0.0551,0.3345,-3.82,-0.0026,nan,nan,nan,nan,nan,nan,nan,nan
23288,H,56863,310545,3.817,3.7729,3.8222,-0.0575,0.3357,-3.82,-0.003,2.0206,0.4495,1.9227,0.6841,2.1077,0.7756,2.1079,0.7756
23289,H,56534,308213,3.8174,3.7761,3.8353,-0.0534,0.3369,-3.82,-0.0026,2.3685,0.648,nan,nan,1.4759,0.4701,1.4712,0.4672
23290,H,57011,305767,3.8155,3.7797,3.8227,-0.0517,0.3358,-3.82,-0.0045,1.7588,0.7948,0.349,0.3886,0.4369,0.4163,0.4372,0.4163
23291,H,57097,300653,3.8248,3.7824,3.8224,-0.0525,0.334,-3.82,0.0048,2.5747,0.7496,2.0483,0.456,2.1609,0.6034,2.1709,0.581
23292,H,56799,301530,3.8493,3.8095,3.8532,-0.0593,0.3333,-3.82,0.0293,2.3535,0.6699,nan,nan,1.0821,0.5042,1.446,0.8145
23293,H,56635,306568,3.8564,3.8213,3.8606,-0.0564,0.3374,-3.82,0.0364,2.7437,0.8972,1.1398,0.5523,0.9873,0.8077,0.5992,0.4431
23294,H,57006,308005,3.8235,3.7789,3.818,-0.0573,0.3369,-3.82,0.0035,1.8148,0.5728,2.421,2.0212,-0.0113,0.3653,-0.0113,0.3653
23295,H,56816,302853,3.8619,3.816,3.8561,-0.0644,0.3394,-3.82,0.0419,3.0366,0.7712,nan,nan,nan,nan,nan,nan
23296,H,56719,296953,3.8172,3.7762,3.8066,-0.0548,0.3378,-3.82,-0.0028,1.7967,0.6975,0.3654,0.5864,0.265,0.3428,0.2665,0.3435
23297,H,56656,292077,3.8602,3.8196,3.864,-0.0596,0.3382,-3.82,0.0402,2.0071,0.6973,nan,nan,nan,nan,nan,nan
23298,H,57138,292801,3.8336,3.7866,3.8335,-0.0585,0.3358,-3.82,0.0136,nan,nan,1.4135,1.1827,1.0707,0.7146,1.3611,1.1184
23299,H,57143,290027,3.8369,3.7917,3.8351,-0.062,0.3389,-3.82,0.0169,1.7832,1.0694,2.3189,1.175,2.1551,0.7966,2.3353,0.4297
23300,H,56965,290251,3.8406,3.7943,3.8419,-0.0571,0.3367,-3.82,0.0206,3.1585,0.5536,2.8018,0.6106,nan,nan,2.952,1.3212
23301,H,56564,299078,3.822,3.7902,3.8312,-0.054,0.3381,-3.82,0.002,3.0426,0.8571,1.9378,0.7371,nan,nan,nan,nan
23302,H,57052,297302,3.8344,3.7895,3.8304,-0.056,0.3371,-3.82,0.0144,nan,nan,nan,nan,nan,nan,nan,nan
23303,H,56652,319573,3.8584,3.8028,3.8575,-0.0648,0.3414,-3.82,0.0384,0.0942,0.4183,-0.402,0.3497,-0.3534,0.3973,-0.331,0.3782
23304,H,56590,316565,3.8609,3.8098,3.8565,-0.0609,0.3393,-3.82,0.0409,1.6396,0.4319,1.8252,0.5923,1.1252,0.443,1.1745,0.4566
23305,H,56313,314202,3.8572,3.8146,3.8589,-0.06,0.3376,-3.82,0.0372,2.8875,0.6314,3.5954,2.9463,1.756,0.7608,1.6803,0.7419
23306,H,56665,313538,3.8564,3.8208,3.8579,-0.0599,0.3401,-3.82,0.0364,1.5241,0.6376,1.2276,0.4146,1.1214,0.3383,1.2381,0.389
23308,H,56641,340140,3.8354,3.7952,3.8414,-0.0726,0.3453,-3.82,0.0154,nan,nan,2.8048,7.194,1.3627,0.9067,0.7655,0.9489
23309,H,56798,290810,3.8307,3.7884,3.8332,-0.0687,0.3444,-3.82,0.0107,1.167,0.6878,0.1093,0.2878,-0.0822,0.264,-0.0106,0.2586
23311,H,89456,448032,3.8286,3.786,3.8287,-0.0665,0.3427,-3.82,0.0086,nan,nan,nan,nan,0.929,0.8164,0.7617,0.5882
23312,H,56815,289718,3.8257,3.7878,3.8315,-0.0636,0.3434,-3.82,0.0057,nan,nan,nan,nan,-0.3394,0.4666,-0.3325,0.4679
23313,H,56927,285913,3.8048,3.749,3.8053,-0.0652,0.3395,-3.82,-0.0152,2.1664,0.9048,2.6514,1.9858,nan,nan,0.6796,2.2996
23314,H,57107,282458,3.8058,3.7652,3.7922,-0.0663,0.343,-3.82,-0.0142,nan,nan,2.6135,0.5886,2.2442,0.7426,2.2317,0.528
23315,H,57305,284259,3.8335,3.782,3.8277,-0.0688,0.3408,-3.82,0.0135,2.1059,0.7119,2.7233,2.6889,nan,nan,3.8182,5.826
23317,H,57260,277999,3.8249,3.7853,3.8223,-0.0585,0.3391,-3.82,0.0049,1.7029,0.4862,1.4874,0.4213,1.2052,0.467,1.2054,0.4692
23318,H,56997,280521,3.7984,3.7537,3.8139,-0.0653,0.3403,-3.82,-0.0216,3.6191,4.3708,0.207,0.3352,0.1415,0.284,0.1405,0.2552
23319,H,57366,278916,3.8345,3.7808,3.8348,-0.0669,0.3396,-3.82,0.0145,1.8728,0.3621,1.774,0.4608,1.6884,0.4849,1.6319,0.4559
23320,H,57452,280493,3.7808,3.7347,3.78,-0.0645,0.3393,-3.82,-0.0392,0.3787,0.8841,0.3899,0.7123,0.4924,0.6652,0.5351,0.8904
23321,H,56535,305052,3.8333,3.7861,3.8449,-0.0624,0.3388,-3.82,0.0133,3.1471,1.0443,nan,nan,2.1236,0.8413,nan,nan
23322,H,56702,317935,3.797,3.7589,3.8008,-0.058,0.3389,-3.82,-0.023,2.5855,0.989,nan,nan,0.0306,0.517,0.0548,0.5882
23323,H,56283,318272,3.8162,3.7688,3.8152,-0.0609,0.3408,-3.82,-0.0038,2.3744,0.4442,2.5127,0.5608,2.4778,0.5445,2.4788,0.5451
23324,H,56738,313419,3.7898,3.7359,3.8033,-0.0614,0.3405,-3.82,-0.0302,nan,nan,-0.1508,0.9112,0.1494,0.7648,-0.0342,0.4877
23325,H,56754,321654,3.8589,3.8132,3.858,-0.0595,0.3388,-3.82,0.0389,2.3236,0.6957,nan,nan,0.0473,0.3942,0.0118,0.3053
23326,H,56923,304200,3.8137,3.7682,3.8113,-0.0592,0.337,-3.82,-0.0063,1.2143,0.8909,1.0272,0.5212,0.9727,0.4679,0.9727,0.4679
23327,H,56664,305559,3.8622,3.8059,3.8677,-0.0627,0.338,-3.82,0.0422,2.4157,0.8698,nan,nan,nan,nan,nan,nan
23328,H,56655,304551,3.8622,3.8152,3.8589,-0.0621,0.3415,-3.82,0.0422,2.7767,0.8346,nan,nan,0.3381,0.2975,0.3659,0.2607
23329,H,56321,310724,3.8643,3.8184,3.8652,-0.0666,0.3409,-3.82,0.0443,2.2749,0.7994,nan,nan,0.927,0.5827,1.1426,0.7247
23330,H,56633,306458,3.8587,3.8137,3.8748,-0.0631,0.3416,-3.82,0.0387,nan,nan,nan,nan,0.6848,0.3841,1.2372,0.767
23331,H,56486,306728,3.8561,3.8135,3.8645,-0.0624,0.3438,-3.82,0.0361,2.452,0.7516,1.4039,0.8071,0.8535,0.516,0.6754,0.3879
23332,H,56774,302615,3.8453,3.803,3.8432,-0.0587,0.338,-3.82,0.0253,2.3011,0.425,2.4409,1.1876,nan,nan,nan,nan
23333,H,56804,301048,3.8481,3.7988,3.8505,-0.063,0.3409,-3.82,0.0281,2.7972,0.6816,3.1123,0.8588,1.435,9.0992,2.9311,1.0785
23334,H,56822,298106,3.846,3.8044,3.8456,-0.0616,0.3379,-3.82,0.026,1.2776,0.355,0.8732,0.292,0.9207,0.3794,0.9584,0.3842
23335,H,56655,296313,3.8533,3.802,3.8472,-0.0644,0.3402,-3.82,0.0333,1.9415,0.8007,2.2341,2.065,1.9793,0.993,2.4154,0.8236
23337,H,126059,651915,3.9061,3.8791,3.9123,-0.0563,0.3758,-3.82,0.0861,1.7715,0.329,1.7829,0.4707,2.1366,1.5818,1.7362,0.9086
23338,H,56810,302677,3.8514,3.8028,3.8491,-0.0657,0.3415,-3.82,0.0314,1.0868,0.4325,1.2754,0.4411,1.226,0.3016,1.2808,0.3412
23339,H,56887,297371,3.8561,3.8127,3.8521,-0.0669,0.3442,-3.82,0.0361,nan,nan,nan,nan,1.9689,1.0148,1.1545,0.4475
23340,H,56723,295793,3.8566,3.8174,3.8566,-0.0614,0.3409,-3.82,0.0366,2.9131,0.9838,1.1396,0.5439,nan,nan,0.9392,0.462
23341,H,56747,297273,3.8593,3.8184,3.8574,-0.0591,0.3377,-3.82,0.0393,1.9627,0.4765,0.6369,0.2779,0.3197,0.1875,0.389,0.1901
23342,H,56653,291006,3.8202,3.7665,3.8292,-0.0612,0.3388,-3.82,0.0002,nan,nan,2.3841,0.7335,2.0208,1.2637,1.8643,1.6087
23343,H,56796,294217,3.8406,3.7941,3.8396,-0.0542,0.3362,-3.82,0.0206,nan,nan,nan,nan,nan,nan,nan,nan
23344,H,57037,295470,3.8576,3.8136,3.8537,-0.0554,0.338,-3.82,0.0376,2.5383,0.8631,nan,nan,nan,nan,nan,nan
23345,H,57129,292807,3.8126,3.7742,3.809,-0.0623,0.337,-3.82,-0.0074,nan,nan,nan,nan,nan,nan,nan,nan
23346,H,56598,294587,3.8549,3.8171,3.8541,-0.0544,0.3383,-3.82,0.0349,1.2019,0.63,0.529,0.3837,0.4338,0.2878,0.4614,0.2738
23348,H,56995,296117,3.8141,3.7705,3.8243,-0.0593,0.3359,-3.82,-0.0059,2.2084,0.5971,0.953,0.5174,0.4683,0.3101,0.464,0.31
23349,H,56922,291939,3.858,3.8225,3.8613,-0.057,0.339,-3.82,0.038,nan,nan,0.0659,0.2847,0.1094,0.3583,0.0472,0.3137
23350,H,56927,295937,3.8216,3.7911,3.8256,-0.0613,0.3386,-3.82,0.0016,1.7017,0.4072,2.0987,0.5402,1.9612,0.5619,1.9612,0.5619
23351,H,56699,295723,3.863,3.8256,3.8566,-0.0606,0.3388,-3.82,0.043,2.7109,2.7849,-0.1238,0.4161,-0.2167,0.3922,-0.1163,0.4393
23352,H,56743,306310,3.8206,3.7763,3.8196,-0.0637,0.3386,-3.82,0.0006,1.9614,0.4751,1.9765,0.4569,1.7475,0.6139,1.7475,0.6139
23353,H,56659,306598,3.8618,3.8182,3.8644,-0.0616,0.3394,-3.82,0.0418,2.6659,0.8675,2.0897,0.8019,2.2332,1.7035,nan,nan
23354,H,56386,310902,3.8695,3.8346,3.8762,-0.0655,0.3414,-3.82,0.0495,0.3553,0.2609,0.4279,0.2835,0.3428,0.2667,0.3708,0.2675
23355,H,56780,309858,3.8638,3.8215,3.8697,-0.0645,0.3458,-3.82,0.0438,1.3551,0.4209,1.1305,0.4643,0.9927,0.5245,1.1213,0.5317
23356,H,24934,144175,3.834,3.7906,3.8341,-0.0516,0.3382,-3.82,0.014,2.347,1.0351,0.8164,0.7089,1.0546,0.8257,0.7743,0.5913
23357,H,56484,320530,3.8463,3.7972,3.8472,-0.0658,0.3411,-3.82,0.0263,2.7684,0.4522,nan,nan,nan,nan,nan,nan
23358,H,56684,314044,3.809,3.7611,3.8149,-0.0664,0.3429,-3.82,-0.011,2.3573,0.7369,nan,nan,nan,nan,nan,nan
23359,H,56758,305794,3.8101,3.7654,3.8149,-0.0659,0.3441,-3.82,-0.0099,1.7426,0.5848,2.1436,0.6149,1.9226,0.5361,1.294,0.3017
23360,H,57058,295420,3.805,3.7632,3.8039,-0.066,0.3457,-3.82,-0.015,2.4655,0.7433,1.4543,0.5966,1.359,0.5058,1.5614,0.7384
23362,H,97062,513533,3.813,3.767,3.8112,-0.0714,0.3435,-3.82,-0.007,2.9863,0.3647,2.6787,0.4322,2.6861,0.7983,2.6864,0.7987
23363,H,56655,302455,3.8141,3.7706,3.8166,-0.0709,0.3445,-3.82,-0.0059,3.4021,0.5386,nan,nan,nan,nan,nan,nan
23364,H,56944,304220,3.8134,3.7676,3.8191,-0.0645,0.3434,-3.82,-0.0066,nan,nan,0.5811,0.3067,0.5434,0.301,0.5257,0.313
23365,H,56761,290743,3.8163,3.7816,3.8252,-0.0632,0.3442,-3.82,-0.0037,2.2424,0.7234,2.4208,1.5704,2.2162,1.9805,2.0861,0.9644
23366,H,56724,290318,3.8235,3.7705,3.8205,-0.0676,0.3407,-3.82,0.0035,2.5017,0.3489,2.8154,0.5231,nan,nan,nan,nan
23367,H,56975,295977,3.82,3.7787,3.8193,-0.0616,0.3399,-3.82,-0.0,2.5028,0.6092,1.688,0.5011,1.1297,0.2852,1.1297,0.2852
23368,H,57102,287714,3.8283,3.7774,3.8251,-0.0621,0.3405,-3.82,0.0083,nan,nan,2.49,2.648,0.3758,0.3778,0.7491,0.5073
23369,H,56514,293021,3.8259,3.789,3.8302,-0.0585,0.3363,-3.82,0.0059,0.2501,0.6089,-0.4801,0.3745,-0.4063,0.4181,-0.4088,0.4219
23370,H,56670,297166,3.8327,3.7829,3.8307,-0.062,0.3406,-3.82,0.0127,nan,nan,-0.0167,0.1436,-0.0367,0.1519,-0.0165,0.1434
23371,H,56637,297075,3.8343,3.7953,3.8303,-0.0589,0.34,-3.82,0.0143,2.384,0.3676,2.263,0.4232,1.9927,0.7073,2.837,1.1376
23372,H,57291,291182,3.7933,3.7398,3.7919,-0.0701,0.339,-3.82,-0.0267,nan,nan,nan,nan,nan,nan,nan,nan
23373,H,56667,312760,3.8343,3.781,3.8239,-0.0684,0.3419,-3.82,0.0143,nan,nan,2.7691,0.6139,nan,nan,nan,nan
23374,H,56741,302213,3.8138,3.7769,3.8174,-0.0666,0.3411,-3.82,-0.0062,3.3807,0.5614,nan,nan,nan,nan,nan,nan
23375,H,56851,296390,3.8384,3.8062,3.8293,-0.0547,0.3389,-3.82,0.0184,2.6029,0.875,2.2587,0.7637,1.6654,0.3829,1.8458,0.8209
23376,H,56258,296170,3.865,3.8136,3.8713,-0.0599,0.3408,-3.82,0.045,nan,nan,nan,nan,2.6794,7.8528,1.0387,0.5995
23378,H,56605,294924,3.8604,3.8146,nan,-0.0546,0.3374,-3.82,0.0404,1.0813,1.1582,0.378,0.4675,0.2806,0.5122,0.3726,0.5087
23381,H,56574,324681,3.8252,3.7718,3.8258,-0.0604,0.3393,-3.82,0.0052,2.7093,0.7267,nan,nan,nan,nan,nan,nan
23382,H,56982,315205,3.8153,3.7745,3.809,-0.0608,0.3391,-3.82,-0.0047,2.312,0.716,2.204,0.6655,2.1449,0.571,2.0542,0.4586
23383,H,57234,312847,3.8082,3.7671,3.8116,-0.0598,0.338,-3.82,-0.0118,3.1394,0.3948,3.0277,0.4569,2.9613,0.6592,3.3094,0.9657
23385,H,57228,301837,3.8084,3.7693,3.8113,-0.0597,0.3374,-3.82,-0.0116,2.9115,0.3865,3.0227,0.9589,nan,nan,nan,nan
23386,H,56471,306196,3.8039,3.7581,3.8007,-0.0604,0.3399,-3.82,-0.0161,2.3334,0.4461,2.2626,0.5267,2.2738,0.7369,3.163,1.5577
23387,H,57055,300287,3.7999,3.7712,3.8041,-0.0566,0.3362,-3.82,-0.0201,2.1037,0.5616,1.4804,0.6335,2.3624,1.6324,2.1152,1.29
23389,H,125816,662309,3.8629,3.8409,3.8626,-0.0531,0.3697,-3.82,0.0429,1.7024,0.5482,0.8458,0.3896,0.6054,0.3889,0.542,0.3546
23390,H,56834,296608,3.8075,3.7734,3.8142,-0.0597,0.3388,-3.82,-0.0125,1.5979,0.7565,-0.0555,0.4252,-0.3065,0.2012,-0.3065,0.2101
23392,H,57152,302937,3.8043,3.7735,3.8051,-0.057,0.3381,-3.82,-0.0157,nan,nan,nan,nan,0.4646,1.0423,0.4361,1.422
23393,H,57112,297603,3.8138,3.7693,3.8105,-0.0625,0.3327,-3.82,-0.0062,-0.0443,0.4761,-0.2907,0.6028,-0.1305,1.4759,-0.1305,1.4759
23396,H,56895,303311,3.8151,3.7706,3.8144,-0.0579,0.3361,-3.82,-0.0049,1.3806,1.6722,nan,nan,nan,nan,nan,nan
23397,H,56948,298181,3.8261,3.7823,3.8349,-0.0591,0.3352,-3.82,0.0061,1.9068,0.6322,2.0051,0.9695,2.7325,3.9444,2.7924,4.2115
23398,H,56949,295428,3.8333,3.7909,3.8388,-0.0619,0.3397,-3.82,0.0133,2.773,0.4837,2.1994,0.539,1.3663,0.3509,1.3429,0.3218
23399,H,56901,294969,3.835,3.7987,3.852,-0.0581,0.3358,-3.82,0.015,2.2485,0.4857,1.1091,0.412,1.4268,0.771,0.8747,0.371
23400,H,57017,295270,3.835,3.784,3.8355,-0.0593,0.3373,-3.82,0.015,1.8892,0.6907,0.8964,0.4677,1.2435,0.6677,1.0096,0.4716
23401,H,57040,294908,3.8366,3.8052,3.8335,-0.0553,0.3358,-3.82,0.0166,1.595,0.4426,0.7677,0.2437,0.7279,0.2431,0.7506,0.2397
23402,H,56913,296648,3.8467,3.8165,3.847,-0.0561,0.3356,-3.82,0.0267,nan,nan,2.8234,0.622,2.7289,0.8236,2.1943,1.9408
23403,H,58582,123226,3.7953,3.6031,3.797,-0.0565,0.3314,-3.82,-0.0247,1.2489,0.2861,0.7428,0.2197,0.5389,0.1846,0.4544,0.1755
23404,H,37561,13784,3.7885,3.7029,3.7833,-0.0554,0.3279,-3.82,-0.0315,2.1818,0.2883,0.5749,0.1605,0.3593,0.1428,0.3397,0.1389
23405,H,36188,12930,3.7973,3.7054,3.7923,-0.0593,0.3237,-3.82,-0.0227,2.1307,0.2649,1.9936,0.3336,2.2559,0.4863,1.8499,0.6175
23406,H,43728,15827,3.8025,3.7097,3.8078,-0.0606,0.326,-3.82,-0.0175,2.6298,0.2868,2.2027,0.2475,1.6854,0.2716,1.8331,0.2584
23407,H,36416,13013,3.8085,3.7072,3.8017,-0.0601,0.3269,-3.82,-0.0115,2.7673,0.3613,0.9354,0.2396,0.3397,0.1243,0.3396,0.1242
23408,H,20363,5496,3.8114,3.7531,3.8117,-0.0538,0.3214,-3.82,-0.0086,2.7898,0.7272,0.6736,0.5728,0.2068,0.4207,0.2068,0.4207
23409,H,21124,5597,3.8273,3.7811,3.8259,-0.0614,0.3285,-3.82,0.0073,nan,nan,nan,nan,nan,nan,nan,nan
23410,H,23993,6589,3.8401,3.7778,3.8358,-0.07,0.3309,-3.82,0.0201,1.2859,0.1811,1.6097,0.1831,1.2889,0.1749,1.3152,0.2506
23411,H,23372,6275,3.8443,3.7862,3.8459,-0.0653,0.3267,-3.82,0.0243,2.61,0.1916,2.7314,0.1542,1.9329,0.2784,2.5999,0.1538
23412,H,7910,2102,3.8506,3.792,3.8475,-0.0683,0.3298,-3.82,0.0306,1.543,0.1283,0.9432,0.1537,nan,nan,nan,nan
23413,H,58168,123287,3.844,3.6326,3.8472,-0.059,0.33,-3.82,0.024,1.2039,0.2174,0.9297,0.2406,0.5645,0.1792,0.51,0.1687
23414,H,33700,12280,3.8487,3.7451,3.85,-0.059,0.3292,-3.82,0.0287,1.9515,0.2181,1.6132,0.2741,1.3226,0.267,1.0784,0.1982
23415,H,55071,19996,3.8187,3.7202,3.8126,-0.065,0.3337,-3.82,-0.0013,1.8679,0.2218,1.7846,0.3331,1.3293,0.3168,1.3293,0.3168
23416,H,25978,0,3.8226,3.8343,3.8341,-0.0449,0.3574,-3.82,0.0026,nan,nan,nan,nan,nan,nan,nan,nan
23417,H,58129,183120,3.7964,3.7394,3.8034,-0.0616,0.3314,-3.82,-0.0236,1.4322,0.6531,1.5074,0.4189,1.5102,0.402,1.4921,0.4279
23418,H,45640,173166,3.7984,3.7552,3.7916,-0.0638,0.3324,-3.82,-0.0216,nan,nan,nan,nan,nan,nan,nan,nan
23419,H,57568,259436,3.8039,3.7443,3.8182,-0.0689,0.3318,-3.82,-0.0161,3.7648,1.4464,1.21,0.5926,1.1252,0.4182,0.7669,0.3373
23420,H,57437,256868,3.8072,3.7469,3.8015,-0.0631,0.33,-3.82,-0.0128,2.5206,0.3835,nan,nan,2.0028,0.3939,1.9969,0.3748
23421,H,57496,256421,3.8107,3.7593,3.8195,-0.0683,0.3397,-3.82,-0.0093,nan,nan,nan,nan,nan,nan,nan,nan
23422,H,57490,250243,3.844,3.7962,3.8446,-0.0649,0.3334,-3.82,0.024,1.9833,0.3689,1.7725,0.6151,2.2277,0.628,nan,nan
23423,H,57695,245747,3.8493,3.8024,3.8547,-0.0639,0.3324,-3.82,0.0293,3.5943,1.74,nan,nan,3.4313,5.1265,1.5376,2.5097
23424,H,57569,240329,3.8541,3.8074,3.863,-0.0641,0.3353,-3.82,0.0341,1.8466,1.2967,1.5148,0.758,1.0748,0.7722,nan,nan
23425,H,59207,144844,3.8629,3.8272,3.8636,-0.0636,0.3347,-3.82,0.0429,2.2995,0.3953,1.9053,0.3759,1.8115,0.4185,2.0022,0.4941
23431,H,35368,0,3.8084,3.8025,3.8013,-0.0612,0.3318,-3.82,-0.0116,nan,nan,nan,nan,nan,nan,nan,nan
23432,H,60440,154016,3.8246,3.781,3.8197,-0.0636,0.3458,-3.82,0.0046,1.7178,0.4956,1.7891,0.7355,2.1521,1.42,2.152,1.4194
23433,H,57931,282316,3.8088,3.7731,3.8019,-0.0628,0.3438,-3.82,-0.0112,nan,nan,nan,nan,nan,nan,nan,nan
23434,H,57713,273322,3.7996,3.7675,3.798,-0.0607,0.3455,-3.82,-0.0204,2.4351,0.6237,nan,nan,nan,nan,nan,nan
23435,H,57980,279301,3.7976,3.7628,3.8003,-0.0592,0.3429,-3.82,-0.0224,-0.0919,0.5336,-0.1439,0.5626,0.1753,1.2045,-0.1629,0.7797
23436,H,57857,269767,3.8061,3.7805,3.8123,-0.0601,0.3472,-3.82,-0.0139,2.9932,0.6248,3.175,2.4731,nan,nan,nan,nan
23437,H,57923,270351,3.8194,3.7836,3.8167,-0.0642,0.3503,-3.82,-0.0006,nan,nan,nan,nan,nan,nan,nan,nan
23438,H,58280,272267,3.8243,3.7931,3.8198,-0.0643,0.3483,-3.82,0.0043,2.6497,0.8227,2.3356,0.8643,2.266,1.0092,2.272,1.016
23439,H,59767,157046,3.8434,3.8078,3.8466,-0.0576,0.3471,-3.82,0.0234,2.0492,0.9778,2.0373,0.8411,1.5002,0.435,2.1846,1.5238
23440,H,59690,154697,3.8478,3.8196,3.8486,-0.0538,0.3467,-3.82,0.0278,nan,nan,nan,nan,nan,nan,nan,nan
23441,H,59713,156394,3.8555,3.8307,3.8549,-0.0611,0.3494,-3.82,0.0355,2.1056,0.6251,1.8649,0.5647,0.9143,0.341,0.9133,0.3259
23442,H,59475,161416,3.8453,3.7989,3.8463,-0.0608,0.3459,-3.82,0.0253,1.1947,0.5199,1.1744,0.338,1.2107,0.3875,1.2761,0.3882
23443,H,59229,158100,3.8478,3.8151,3.8559,-0.0625,0.3481,-3.82,0.0278,nan,nan,2.0248,2.7042,0.4001,0.2147,1.1484,0.4992
23444,H,59769,159249,3.8492,3.7924,3.8537,-0.0644,0.3487,-3.82,0.0292,3.9496,4.1529,0.2826,0.4311,0.3633,0.4798,-0.018,0.4144
23445,H,59938,149522,3.8544,3.816,3.8471,-0.059,0.3474,-3.82,0.0344,2.9463,0.573,2.1358,0.5121,1.7364,0.495,1.6704,0.4658
23446,H,59198,163364,3.8548,3.8185,3.8477,-0.0605,0.3487,-3.82,0.0348,2.8506,0.5666,2.8307,1.2928,nan,nan,nan,nan
23447,H,61655,19786,3.8458,3.7653,3.845,-0.0646,0.3413,-3.82,0.0258,2.3542,0.2022,1.108,0.1657,0.8885,0.1792,0.8616,0.169
23448,H,59417,106602,3.8498,3.662,3.8719,-0.0608,0.3423,-3.82,0.0298,1.6152,0.2379,1.2475,0.2561,0.5541,0.1603,0.5671,0.1562
23449,H,59353,94026,3.8449,3.6274,3.8458,-0.0595,0.3409,-3.82,0.0249,1.2948,0.2049,0.9262,0.2203,0.8563,0.2186,0.93,0.2316
23462,H,6077,0,3.8148,3.8251,3.8242,-0.0611,0.3286,-3.82,-0.0052,nan,nan,nan,nan,nan,nan,nan,nan
23463,H,21401,8459,3.8328,3.7401,3.8412,-0.0661,0.3329,-3.82,0.0128,2.93,0.5356,2.0583,0.4532,2.0662,0.6297,1.9768,0.6779
23464,H,21779,8343,3.837,3.7368,3.8259,-0.0669,0.3309,-3.82,0.017,2.146,0.4501,1.0731,0.2367,0.7632,0.2451,1.0081,0.2585
23465,H,21468,7963,3.8318,3.7128,3.8393,-0.062,0.3307,-3.82,0.0118,2.5233,0.2645,1.5752,0.2511,2.0376,0.4518,1.3183,0.2048
23466,H,21712,8009,3.7928,3.6826,3.7953,-0.0645,0.3266,-3.82,-0.0272,1.8687,0.4021,0.7348,0.4529,nan,nan,nan,nan
23467,H,21300,7723,3.816,3.7227,3.8067,-0.0592,0.3275,-3.82,-0.004,1.4937,0.2813,0.4972,0.2528,0.1288,0.1686,0.1288,0.1686
23468,H,21819,5969,3.8313,3.7677,3.8273,-0.0619,0.3266,-3.82,0.0113,2.1034,0.4983,0.6214,0.1902,0.16,0.1218,0.3934,0.1492
23469,H,22597,6079,3.8197,3.7622,3.838,-0.0659,0.3267,-3.82,-0.0003,2.1387,0.2436,1.0952,0.2467,0.8042,0.2072,0.8042,0.2072
23470,H,22734,6120,3.796,3.7215,3.7875,-0.071,0.3246,-3.82,-0.024,2.158,0.3457,2.5822,0.966,2.9076,0.6497,nan,nan
23471,H,18256,109000,3.8283,3.7819,3.8362,-0.0655,0.3424,-3.82,0.0083,0.4567,1.1438,-0.2514,0.8133,-0.5588,0.6268,-0.7815,0.5236
23472,H,18222,110672,3.8327,3.796,3.8563,-0.057,0.3371,-3.82,0.0127,0.7602,0.3804,0.4564,0.0956,0.4461,0.1125,0.4566,0.0957
23473,H,18036,108080,3.8405,3.8002,3.843,-0.0629,0.34,-3.82,0.0205,1.521,3.4341,nan,nan,-0.1348,0.8292,0.1724,0.6622
23474,H,18286,110252,3.8221,3.7744,3.8081,-0.0715,0.3392,-3.82,0.0021,nan,nan,1.7668,0.656,nan,nan,nan,nan
23475,H,17942,107249,3.8352,3.7905,3.8264,-0.064,0.3409,-3.82,0.0152,nan,nan,nan,nan,0.8365,0.2652,0.8511,0.2716
23476,H,18207,108353,3.8178,3.7908,3.8223,-0.0585,0.3424,-3.82,-0.0022,2.0898,1.2456,0.8318,0.4532,1.5692,1.191,1.5692,1.191
23477,H,18030,106568,3.8042,3.7649,3.8044,-0.0559,0.3402,-3.82,-0.0158,2.1034,0.6256,nan,nan,1.3885,1.2802,1.8385,1.7532
23478,H,18040,106975,3.8079,3.7527,3.8006,-0.0626,0.3395,-3.82,-0.0121,nan,nan,nan,nan,nan,nan,nan,nan
23479,H,18256,109233,3.8102,3.7772,3.805,-0.0704,0.3411,-3.82,-0.0098,1.5517,1.3451,nan,nan,nan,nan,nan,nan
23480,H,18243,107096,3.7945,3.7587,3.8013,-0.0616,0.3416,-3.82,-0.0255,3.1984,1.1881,2.5323,1.017,1.7733,0.619,1.7948,0.6119
23481,H,18241,106534,3.7978,3.7507,3.8202,-0.0629,0.3339,-3.82,-0.0222,2.8608,0.6464,3.082,1.1429,3.4955,2.6003,3.1009,1.0544
23482,H,18290,107217,3.7953,3.7349,3.7962,-0.0657,0.3382,-3.82,-0.0247,0.9789,0.6494,0.6897,0.4968,0.7324,0.537,0.6195,0.4912
23483,H,18216,105594,3.8174,3.7737,3.8151,-0.0671,0.3352,-3.82,-0.0026,0.3007,0.6651,-0.5141,0.5978,nan,nan,nan,nan
23485,H,106682,624866,3.805,3.7584,3.8034,-0.0613,0.3362,-3.82,-0.015,2.7361,1.1022,nan,nan,nan,nan,nan,nan
23486,H,18159,106672,3.8052,3.7525,3.797,-0.0597,0.3393,-3.82,-0.0148,nan,nan,nan,nan,nan,nan,nan,nan
23487,H,18157,106633,3.8095,3.7841,3.811,-0.0615,0.3365,-3.82,-0.0105,nan,nan,0.2869,0.0639,-0.3497,0.0856,nan,nan
23488,H,18345,107012,3.8101,3.7884,3.8242,-0.0579,0.3401,-3.82,-0.0099,nan,nan,nan,nan,nan,nan,nan,nan
23489,H,18076,104779,3.8094,3.7745,3.8219,-0.0578,0.3391,-3.82,-0.0106,2.167,0.6033,2.0371,0.5128,2.0571,0.5939,2.0559,0.6022
23490,H,18307,107371,3.8268,3.7921,3.8455,-0.0588,0.3351,-3.82,0.0068,0.173,0.4469,0.0134,0.3075,-0.0707,0.347,0.001,0.331
23491,H,18089,106661,3.8333,3.7803,3.8312,-0.061,0.3359,-3.82,0.0133,nan,nan,nan,nan,0.7025,0.3849,0.9203,0.5527
23492,H,18258,101450,3.83,3.7905,3.8389,-0.0541,0.3371,-3.82,0.01,3.3437,0.2997,nan,nan,-0.3768,0.0348,-0.3615,0.0545
23493,H,17961,101800,3.836,3.8056,3.9093,-0.0618,0.3404,-3.82,0.016,1.0608,0.8758,nan,nan,nan,nan,nan,nan
23494,H,18358,101032,3.8047,3.7588,3.8001,-0.0573,0.3414,-3.82,-0.0153,nan,nan,nan,nan,nan,nan,nan,nan
23495,H,18358,98383,3.8209,3.7672,3.8189,-0.0559,0.3368,-3.82,0.0009,2.669,0.6243,2.2081,0.6769,nan,nan,nan,nan
23496,H,18181,97071,3.849,3.7897,3.8644,-0.0628,0.3403,-3.82,0.029,nan,nan,0.5476,0.6591,0.565,0.7311,0.5129,0.7429
23497,H,18297,97479,3.8528,3.7991,3.8489,-0.0679,0.3418,-3.82,0.0328,0.4519,0.1008,0.5463,0.3967,0.4055,0.5473,0.6867,0.5148
23498,H,18398,96350,3.8446,3.7989,3.8552,-0.0629,0.3391,-3.82,0.0246,nan,nan,nan,nan,nan,nan,0.3259,0.0578
23499,H,18409,95833,3.8247,3.7827,3.8327,-0.058,0.3424,-3.82,0.0047,nan,nan,nan,nan,nan,nan,nan,nan
23500,H,18506,96470,3.8087,3.7726,3.8159,-0.0626,0.3412,-3.82,-0.0113,nan,nan,nan,nan,nan,nan,nan,nan
23501,H,18596,96246,3.7946,3.7454,3.799,-0.0591,0.3366,-3.82,-0.0254,nan,nan,1.3912,0.6652,nan,nan,nan,nan
23502,H,18503,100570,3.7842,3.7464,3.7366,-0.0577,0.3381,-3.82,-0.0358,1.8697,0.5239,1.626,0.449,2.6848,1.5255,2.0931,0.7888
23503,H,18358,94946,3.7993,3.7504,3.7955,-0.0561,0.3364,-3.82,-0.0207,2.1522,1.3446,nan,nan,nan,nan,nan,nan
23504,H,18526,94541,3.7904,3.7339,3.7877,-0.0576,0.3394,-3.82,-0.0296,2.4565,0.5479,2.0581,0.6971,2.6541,1.2981,3.0991,2.7353
23505,H,18547,94731,3.7748,3.7338,3.793,-0.0537,0.3385,-3.82,-0.0452,2.5207,1.2272,nan,nan,nan,nan,2.5,1.8391
23506,H,16188,82431,3.793,3.7426,3.8042,-0.062,0.3384,-3.82,-0.027,0.0702,0.2443,nan,nan,0.0823,0.3116,0.1515,0.2889
23507,H,18369,94330,3.7935,3.7507,3.7985,-0.0594,0.3377,-3.82,-0.0265,0.0547,0.8359,nan,nan,nan,nan,nan,nan
23508,H,18278,92283,3.8014,3.7506,3.7998,-0.0627,0.3333,-3.82,-0.0186,nan,nan,nan,nan,nan,nan,nan,nan
23510,H,124638,625458,3.8442,3.8208,3.8431,-0.0482,0.3673,-3.82,0.0242,2.0985,0.4608,1.8741,0.4926,1.4768,0.3604,1.6812,0.4895
23511,H,18432,92893,3.7843,3.737,3.7871,-0.0629,0.3365,-3.82,-0.0357,2.5424,0.5622,nan,nan,2.4061,0.6312,2.4228,0.6378
23512,H,18506,93643,3.8099,3.7633,3.8148,-0.0585,0.3292,-3.82,-0.0101,nan,nan,-0.4426,0.3281,-0.4484,0.2877,-0.4581,0.2874
23513,H,18227,93383,3.7997,3.7568,3.807,-0.0485,0.3374,-3.82,-0.0203,3.0151,1.2674,nan,nan,nan,nan,nan,nan
23514,H,18378,91529,3.8154,3.7845,3.8071,-0.0611,0.3382,-3.82,-0.0046,0.065,0.2109,0.0019,0.1572,0.0018,0.1572,0.0018,0.1572
23515,H,18031,102550,3.8288,3.7915,3.8168,-0.0605,0.3405,-3.82,0.0088,1.2385,0.895,nan,nan,-0.3342,7.4448,nan,nan
23516,H,17992,102298,3.8234,3.7866,3.8455,-0.0555,0.3377,-3.82,0.0034,nan,nan,1.4261,0.1164,nan,nan,nan,nan
23517,H,18315,104408,3.8302,3.7898,3.8351,-0.0654,0.3403,-3.82,0.0102,0.3106,0.439,0.4753,0.426,0.2268,0.3873,nan,nan
23518,H,18271,103774,3.8094,3.8012,3.8102,-0.0551,0.3406,-3.82,-0.0106,nan,nan,-0.2405,0.0588,-0.2404,0.0587,-0.2405,0.0588
23519,H,18245,104371,3.832,3.7874,3.8316,-0.0568,0.3373,-3.82,0.012,nan,nan,nan,nan,1.0611,0.5136,1.0268,0.542
23520,H,18598,98109,3.829,3.7962,3.8234,-0.0663,0.3427,-3.82,0.009,3.4905,0.7862,2.629,0.0974,2.6183,0.1099,2.6289,0.0974
23521,H,18231,96464,3.8217,3.7964,3.8217,-0.0526,0.3388,-3.82,0.0017,nan,nan,1.9672,0.4165,1.9513,0.3961,1.9513,0.3961
23522,H,18425,96907,3.8255,3.7633,3.855,-0.0647,0.3414,-3.82,0.0055,1.1415,0.1499,0.8885,0.162,0.8887,0.162,0.8882,0.1619
23523,H,18319,95150,3.8247,3.7655,3.8434,-0.0707,0.3362,-3.82,0.0047,nan,nan,nan,nan,nan,nan,nan,nan
23524,H,16777,89000,3.8006,3.7834,3.8135,-0.0532,0.3452,-3.82,-0.0194,3.012,0.7455,nan,nan,0.0939,0.094,0.1039,0.1047
23525,H,18359,97941,3.8077,3.7536,3.8024,-0.0595,0.3386,-3.82,-0.0123,2.3713,0.6975,2.2599,0.849,2.6667,0.7279,nan,nan
23526,H,18318,97602,3.7929,3.7501,3.8009,-0.0599,0.3418,-3.82,-0.0271,2.8453,0.8714,nan,nan,nan,nan,nan,nan
23527,H,18224,96383,3.7956,3.7386,3.7995,-0.0591,0.3367,-3.82,-0.0244,nan,nan,nan,nan,nan,nan,nan,nan
23528,H,18053,95098,3.7923,3.7441,3.7993,-0.0532,0.3379,-3.82,-0.0277,-0.5525,0.3559,-0.3518,0.4543,-0.5382,0.4238,-0.3411,0.3822
23529,H,18519,95495,3.7849,3.7406,3.7794,-0.0632,0.3375,-3.82,-0.0351,1.9821,0.5498,nan,nan,1.7663,1.0273,1.8393,0.7639
23530,H,18216,93410,3.7859,3.7517,3.7858,-0.0563,0.3353,-3.82,-0.0341,-0.0811,0.386,0.1808,0.4029,0.0742,0.3851,0.1648,0.3817
23531,H,18057,91668,3.7965,3.7661,3.7927,-0.0617,0.334,-3.82,-0.0235,nan,nan,2.3288,0.1573,2.3676,0.1777,2.3286,0.1573
23533,H,18259,102545,3.7877,3.7554,3.7982,-0.0642,0.3311,-3.82,-0.0323,nan,nan,nan,nan,nan,nan,nan,nan
23534,H,18164,99835,3.7951,3.7412,3.8047,-0.058,0.3354,-3.82,-0.0249,nan,nan,nan,nan,nan,nan,nan,nan
23536,H,95716,510399,3.7935,3.7553,3.7933,-0.0549,0.3327,-3.82,-0.0265,1.7092,0.3835,1.3976,0.3792,1.3565,0.3676,1.4661,0.4451
23537,H,18156,96520,3.7989,3.7691,3.7901,-0.0542,0.3307,-3.82,-0.0211,1.584,0.6553,1.3865,0.6,1.3392,0.5494,1.3861,0.5976
23538,H,18411,97993,3.801,3.7553,3.7977,-0.0465,0.3335,-3.82,-0.019,-0.7641,0.6203,-0.7296,0.8325,nan,nan,nan,nan
23539,H,18262,95177,3.8036,3.7627,3.8302,-0.0479,0.3374,-3.82,-0.0164,1.2486,1.966,nan,nan,nan,nan,nan,nan
23541,H,18248,94452,3.8247,3.7922,3.8218,-0.0613,0.3384,-3.82,0.0047,1.4574,0.5584,1.1615,0.4753,1.2617,0.5887,1.263,0.5892
23542,H,17844,100742,3.8254,3.8016,3.8286,-0.0562,0.3361,-3.82,0.0054,2.273,1.0027,1.775,2.7508,1.1035,0.4501,1.1179,0.438
23543,H,18098,102369,3.8164,3.7628,3.81,-0.0597,0.3383,-3.82,-0.0036,2.2245,1.1086,0.8655,1.0822,1.239,1.3902,1.239,1.3902
23544,H,18274,103283,3.8361,3.8134,3.8298,-0.0603,0.338,-3.82,0.0161,nan,nan,2.7286,3.0847,nan,nan,nan,nan
23545,H,17995,101026,3.8345,3.7937,3.8337,-0.0605,0.3401,-3.82,0.0145,0.9936,0.2746,1.0166,0.4024,1.0522,0.3761,1.0284,0.4067
23546,H,18452,103865,3.8422,3.8009,3.8414,-0.0616,0.3424,-3.82,0.0222,-0.7264,0.7595,nan,nan,-0.6818,0.2118,nan,nan
23547,H,18322,96229,3.8356,3.8027,3.837,-0.0648,0.3386,-3.82,0.0156,-0.1958,0.5519,-0.0986,0.684,-0.1946,0.5101,-0.2164,0.557
23548,H,18188,90356,3.8427,3.8062,3.8575,-0.0629,0.3403,-3.82,0.0227,nan,nan,0.2496,0.3001,0.2352,0.2849,0.1986,0.2819
23549,H,18436,93741,3.8344,3.7838,3.8439,-0.0578,0.3364,-3.82,0.0144,1.0165,0.4394,nan,nan,0.7811,0.471,0.5481,0.3243
23550,H,18184,91575,3.8237,3.7802,3.8367,-0.0631,0.3387,-3.82,0.0037,3.2246,0.9188,nan,nan,nan,nan,nan,nan
23551,H,18240,97826,3.8202,3.7826,3.8276,-0.0661,0.3392,-3.82,0.0002,1.1431,0.7284,1.1526,0.975,0.9159,0.8547,0.9159,0.8547
23552,H,18181,95580,3.803,3.7755,3.796,-0.0577,0.3372,-3.82,-0.017,3.1755,1.2019,1.7364,0.5763,nan,nan,nan,nan
23553,H,18231,94172,3.801,3.7204,3.7973,-0.0682,0.3403,-3.82,-0.019,nan,nan,nan,nan,-0.3278,0.417,-0.3129,0.5208
23554,H,18322,96134,3.803,3.7617,3.8139,-0.0666,0.3363,-3.82,-0.017,nan,nan,nan,nan,nan,nan,nan,nan
23555,H,18180,93230,3.8053,3.7455,3.8025,-0.0622,0.3367,-3.82,-0.0147,nan,nan,-0.0251,0.1928,0.2742,0.5144,-0.0249,0.1927
23556,H,18449,93000,3.7923,3.7513,3.8021,-0.0536,0.3364,-3.82,-0.0277,1.874,0.7236,nan,nan,nan,nan,nan,nan
23557,H,18147,88791,3.8053,3.754,3.8179,-0.064,0.3373,-3.82,-0.0147,1.4541,0.5714,1.0443,0.475,nan,nan,nan,nan
23558,H,18464,88692,3.8138,3.7652,3.8044,-0.0573,0.3416,-3.82,-0.0062,-0.2019,0.3326,-0.2726,0.2271,-0.3067,0.2008,-0.2954,0.2025
23560,H,124821,606613,3.8756,3.838,3.8815,-0.0574,0.3727,-3.82,0.0556,2.8452,0.6058,nan,nan,nan,nan,nan,nan
23561,H,18199,97177,3.8288,3.7949,3.8248,-0.0612,0.3389,-3.82,0.0088,2.0139,0.9858,1.5671,0.4124,nan,nan,1.5498,0.4051
23563,H,18265,97162,3.831,3.7688,3.8303,-0.0689,0.3436,-3.82,0.011,2.3724,2.1485,nan,nan,nan,nan,nan,nan
23564,H,18358,92657,3.8298,3.7821,3.8351,-0.057,0.3418,-3.82,0.0098,1.4558,0.5941,1.135,1.1234,1.2436,0.7954,nan,nan
23565,H,18282,91478,3.8128,3.7406,3.8135,-0.0605,0.3345,-3.82,-0.0072,-3.0959,0.0496,-0.1116,0.2884,-0.1221,0.2748,nan,nan
23566,H,18323,89523,3.8287,3.7849,3.8401,-0.0645,0.3419,-3.82,0.0087,nan,nan,0.2272,2.5132,1.591,0.8178,0.4255,0.4102
23567,H,18384,91231,3.843,3.7929,3.8377,-0.0525,0.3343,-3.82,0.023,2.6629,0.8521,nan,nan,nan,nan,1.6571,4.5381
23574,H,4573,0,3.7882,3.7686,3.7772,-0.0428,0.3426,-3.82,-0.0318,nan,nan,nan,nan,nan,nan,nan,nan
23576,H,60374,329577,3.8466,3.8126,3.8515,-0.066,0.3404,-3.82,0.0266,2.2097,1.0823,0.0012,0.263,-0.0768,0.2713,-0.026,0.2687
23577,H,18494,99213,3.8586,3.8114,3.8575,-0.0785,0.3396,-3.82,0.0386,1.9188,1.0131,1.3444,0.1467,nan,nan,nan,nan
23579,H,18274,97279,3.8421,3.7997,3.8386,-0.0653,0.3416,-3.82,0.0221,-1.3717,0.4397,-1.1067,0.4539,-1.3365,0.4547,-1.234,0.5513
23580,H,18535,94776,3.8334,3.7879,3.83,-0.0601,0.3474,-3.82,0.0134,3.4007,0.5809,3.209,0.3683,3.2086,0.3241,3.1178,0.3275
23581,H,18414,89719,3.8426,3.7851,3.8388,-0.0792,0.3424,-3.82,0.0226,2.8872,0.7402,nan,nan,2.848,1.1271,2.5644,1.1547
23583,H,18527,89052,3.8546,3.8179,nan,-0.0596,0.3403,-3.82,0.0346,3.2469,0.8408,nan,nan,2.5958,1.0593,2.4824,0.9109
23584,H,18846,90214,3.8311,3.7897,3.8466,-0.0613,0.338,-3.82,0.0111,nan,nan,nan,nan,0.7097,0.2527,nan,nan
23585,H,2552,0,3.9587,3.8404,3.8426,-0.2129,0.3277,-3.82,0.1387,nan,nan,nan,nan,nan,nan,nan,nan
23586,H,18339,103423,3.828,3.7942,3.8467,-0.0655,0.3408,-3.82,0.008,nan,nan,nan,nan,1.4152,0.3187,0.8948,0.6381
23587,H,18464,96442,3.8331,3.7823,3.8379,-0.0668,0.3409,-3.82,0.0131,nan,nan,-0.0602,0.7774,nan,nan,nan,nan
23588,H,18430,96034,3.8143,3.7672,3.8225,-0.0643,0.3393,-3.82,-0.0057,nan,nan,1.5518,1.0234,1.2461,0.8667,1.2228,0.8045
23590,H,46684,231398,3.8867,3.8607,3.8872,-0.0567,0.3695,-3.82,0.0667,nan,nan,-0.5755,0.4791,-0.8582,0.4089,-0.7548,0.4011
23593,H,18506,80292,3.8254,3.7848,3.8225,-0.0612,0.3337,-3.82,0.0054,2.1782,1.1756,nan,nan,nan,nan,nan,nan
23597,H,18355,102584,1.9058,1.8756,1.9123,-0.0539,0.3309,-1.82,0.0858,2.1082,0.8491,1.6225,0.7318,1.4815,0.7418,1.4427,1.0126
23598,H,18376,99739,1.8803,1.8282,1.8944,-0.0649,0.3351,-1.82,0.0603,1.1641,0.4854,1.4131,0.7922,0.7411,0.7408,0.7786,0.5638
23600,H,18440,95903,1.8968,1.8499,1.9071,-0.0642,0.334,-1.82,0.0768,nan,nan,nan,nan,nan,nan,nan,nan
23601,H,18366,92133,1.9216,1.8655,1.9091,-0.0656,0.3304,-1.82,0.1016,2.4696,0.0835,-0.5006,0.2412,nan,nan,-0.6013,0.2594
23602,H,18686,92544,1.8649,1.8305,1.8571,-0.0667,0.3367,-1.82,0.0449,nan,nan,nan,nan,2.3546,0.6588,nan,nan
23603,H,18487,92496,1.9014,1.8737,1.9108,-0.0538,0.3305,-1.82,0.0814,0.9216,0.5135,0.6952,0.4845,0.5124,0.4726,0.5113,0.4718
23604,H,18556,91338,1.8809,1.8296,1.8934,-0.0714,0.3301,-1.82,0.0609,2.9444,0.5804,1.6918,0.8126,nan,nan,1.6636,0.787
23605,H,18431,103614,1.9018,1.8643,1.9043,-0.0632,0.3343,-1.82,0.0818,2.369,1.2985,-0.4714,0.1805,-0.5258,0.1701,-0.5308,0.17
23606,H,18468,96320,1.9049,1.8613,1.9222,-0.0646,0.3376,-1.82,0.0849,nan,nan,nan,nan,-2.6589,0.4209,-2.5981,0.4359
23607,H,18624,94812,1.8882,1.843,1.8954,-0.0696,0.3333,-1.82,0.0682,nan,nan,nan,nan,-0.8292,0.6056,-0.8292,0.6056
23608,H,18429,92592,1.8991,1.8755,1.9223,-0.0645,0.3324,-1.82,0.0791,2.3337,0.6354,2.0245,0.4543,2.2138,0.9899,2.2159,0.992
23609,H,18509,94416,1.8848,1.8205,1.8954,-0.0654,0.3353,-1.82,0.0648,0.9361,0.8012,nan,nan,0.659,1.0769,0.665,1.0854
23610,H,18560,95274,1.8934,1.8587,1.8991,-0.0622,0.3337,-1.82,0.0734,nan,nan,2.3068,0.7435,nan,nan,nan,nan
23611,H,18478,91612,1.8935,1.8528,1.8897,-0.0646,0.3338,-1.82,0.0735,2.9352,1.5329,nan,nan,nan,nan,nan,nan
23613,H,91587,446304,1.9039,1.8614,1.9026,-0.0631,0.3285,-1.82,0.0839,0.5874,0.3937,0.1014,0.3062,0.1531,0.4266,-0.0032,0.2989
23614,H,18455,88584,1.9079,1.8658,1.9314,-0.0643,0.3306,-1.82,0.0879,2.3918,0.5284,nan,nan,2.8858,1.9426,nan,nan
23615,H,18485,92008,1.9143,1.8539,1.9115,-0.0654,0.3305,-1.82,0.0943,nan,nan,-0.0119,0.2258,-0.1359,0.2061,nan,nan
23616,H,18595,90248,1.8713,1.8155,1.855,-0.0611,0.3333,-1.82,0.0513,2.6003,0.9502,3.1616,4.498,0.5138,0.4558,0.6077,0.474
23617,H,18566,88701,1.9053,1.8683,1.9051,-0.0616,0.331,-1.82,0.0853,0.8948,0.5436,1.6197,0.7984,2.3376,3.1668,0.6976,0.037
23618,H,18661,88598,1.8857,1.838,1.8873,-0.0668,0.3325,-1.82,0.0657,3.4225,1.6151,nan,nan,2.3669,0.137,2.3676,0.137
23619,H,18262,88126,1.9055,1.8538,1.9031,-0.0634,0.3346,-1.82,0.0855,2.2383,0.5468,2.2541,0.6712,2.0707,0.8211,2.1937,0.8587
23620,H,18348,88863,1.8901,1.8491,1.8861,-0.0704,0.3318,-1.82,0.0701,1.5003,0.6039,nan,nan,1.244,0.8096,1.244,0.8096
23621,H,18235,88368,1.9119,1.8684,1.9129,-0.0624,0.3304,-1.82,0.0919,nan,nan,nan,nan,nan,nan,nan,nan
23622,H,18418,87731,1.8738,1.8053,1.8766,-0.0706,0.3262,-1.82,0.0538,nan,nan,nan,nan,nan,nan,nan,nan
23623,H,18491,89018,1.902,1.8733,1.8922,-0.0634,0.3291,-1.82,0.082,2.5416,0.9994,2.5819,1.3024,2.0394,0.8556,2.0827,0.8893
23624,H,18330,87826,1.9003,1.846,1.9033,-0.0624,0.3318,-1.82,0.0803,2.4389,0.6217,2.2243,1.2504,nan,nan,nan,nan
23625,H,18340,97147,1.8438,1.8084,1.8549,-0.0558,0.3307,-1.82,0.0238,1.4832,0.4687,1.733,0.479,1.7227,0.44,1.6564,0.4113
23626,H,18444,97813,1.8905,1.8429,1.8858,-0.0579,0.3284,-1.82,0.0705,-0.3723,0.216,-1.324,0.6087,-2.2741,0.1295,-2.2741,0.1295
23627,H,18272,94914,1.8995,1.856,1.8934,-0.0703,0.3368,-1.82,0.0795,nan,nan,nan,nan,nan,nan,nan,nan
23628,H,18298,96527,1.8639,1.8131,1.8711,-0.071,0.332,-1.82,0.0439,0.1679,0.0494,0.0111,0.4603,-0.2352,0.3027,-0.2869,0.2877
23629,H,18383,96321,1.8891,1.852,1.8876,-0.0762,0.3352,-1.82,0.0691,nan,nan,3.4159,0.5611,nan,nan,nan,nan
23630,H,18273,93933,1.8816,1.8501,1.879,-0.0679,0.3401,-1.82,0.0616,0.3033,0.3249,0.1876,0.2772,nan,nan,nan,nan
23631,H,18386,94931,1.8856,1.8386,1.8728,-0.0684,0.3327,-1.82,0.0656,nan,nan,-0.089,0.3385,-0.0626,0.3986,-0.0776,0.3953
23632,H,18066,91386,1.8744,1.8177,1.9086,-0.0645,0.3355,-1.82,0.0544,1.9981,1.1996,-0.3273,0.1658,nan,nan,nan,nan
23633,H,18435,93724,1.882,1.8193,1.8685,-0.0654,0.3299,-1.82,0.062,nan,nan,0.4234,0.1056,0.3363,0.1006,0.3678,0.0947
23634,H,18387,91861,1.878,1.8408,1.8778,-0.0684,0.332,-1.82,0.058,-0.3403,0.4531,nan,nan,nan,nan,nan,nan
23635,H,18321,92273,1.8916,1.848,1.892,-0.0665,0.3359,-1.82,0.0716,nan,nan,2.5415,0.6664,0.2432,0.0323,0.2432,0.0323
23636,H,18597,97165,1.8883,1.856,1.8892,-0.065,0.3302,-1.82,0.0683,3.1986,0.2851,nan,nan,-0.2087,0.1885,-0.2087,0.1885
23638,H,125639,626939,1.9512,1.9324,1.9565,-0.053,0.3693,-1.82,0.1312,3.3799,0.4996,nan,nan,nan,nan,nan,nan
23639,H,18406,94062,1.8864,1.8382,1.8914,-0.066,0.333,-1.82,0.0664,nan,nan,nan,nan,nan,nan,nan,nan
23640,H,18651,94176,1.8748,1.8246,1.8829,-0.065,0.3317,-1.82,0.0548,1.6022,0.6288,1.5234,0.6467,nan,nan,nan,nan
23641,H,18717,97467,1.8837,1.8249,1.8891,-0.0713,0.3348,-1.82,0.0637,-0.2777,0.1644,-0.1517,0.2115,-0.2331,0.1993,-0.1524,0.2105
23642,H,18302,93096,1.8389,1.8006,1.8358,-0.0699,0.3335,-1.82,0.0189,nan,nan,1.5004,0.4736,nan,nan,nan,nan
23643,H,18383,92274,1.879,1.838,1.8773,-0.0622,0.3342,-1.82,0.059,0.6453,0.399,0.5776,0.3427,0.4726,0.3254,0.6059,0.3621
23644,H,18290,91129,1.8332,1.7996,1.8385,-0.0627,0.3352,-1.82,0.0132,nan,nan,nan,nan,nan,nan,nan,nan
23645,H,18594,96585,1.8696,1.8194,1.8663,-0.0683,0.3343,-1.82,0.0496,0.9797,1.1453,0.6345,0.679,0.431,0.6411,nan,nan
23646,H,18463,95184,1.824,1.7731,1.8123,-0.0668,0.3323,-1.82,0.004,1.1642,0.7833,1.33,0.8092,1.4432,1.2371,1.049,0.7088
23647,H,18073,93763,1.8435,1.8005,1.8328,-0.058,0.3295,-1.82,0.0235,1.4821,0.6409,0.0025,0.1986,-0.0751,0.2183,-0.0049,0.1853
23648,H,18165,97942,1.8422,1.8152,1.8491,-0.0553,0.331,-1.82,0.0222,nan,nan,0.2612,0.1647,-0.5512,0.4567,-0.2752,0.4676
23650,H,18218,99163,1.8407,1.7976,1.8501,-0.0632,0.3312,-1.82,0.0207,3.8528,1.4393,2.2432,0.9675,-0.0611,0.1232,-0.0475,0.1035
23651,H,18204,104562,1.8303,1.7729,1.8259,-0.0633,0.3351,-1.82,0.0103,-0.8371,0.2678,-0.9636,0.3055,nan,nan,-0.9564,0.3085
23652,H,18213,102779,1.8327,1.7888,1.836,-0.0688,0.33,-1.82,0.0127,2.0958,0.8434,1.1042,0.5421,1.117,0.4724,1.3054,0.6234
23653,H,18327,102316,1.8117,1.7608,1.8143,-0.0637,0.3338,-1.82,-0.0083,1.9921,1.0301,1.7569,0.6377,2.0436,0.8911,2.0439,0.8915
23654,H,18255,100984,1.8262,1.754,1.817,-0.0647,0.3331,-1.82,0.0062,nan,nan,nan,nan,nan,nan,nan,nan
23655,H,18224,101149,1.8239,1.7727,1.8259,-0.0704,0.3344,-1.82,0.0039,3.0947,0.2606,nan,nan,nan,nan,nan,nan
23656,H,18532,101336,1.8141,1.7672,nan,-0.0735,0.3354,-1.82,-0.0059,nan,nan,0.3416,0.2333,0.3414,0.2333,0.3414,0.2333
23657,H,18313,100182,1.8228,1.7817,1.8264,-0.0636,0.3332,-1.82,0.0028,1.2101,0.1229,1.357,0.2085,1.3428,0.212,1.3563,0.208
23658,H,18444,101249,1.8153,1.7823,1.8228,-0.0589,0.3314,-1.82,-0.0047,2.4943,1.6284,0.5255,0.6821,nan,nan,nan,nan
23659,H,18334,100271,1.8246,1.7634,1.8115,-0.0746,0.3326,-1.82,0.0046,nan,nan,2.8731,1.0013,nan,nan,nan,nan
23660,H,18196,100947,1.8278,1.7984,1.822,-0.059,0.3309,-1.82,0.0078,0.5102,0.63,0.6248,0.5429,0.8323,0.9686,0.6279,0.5475
23662,H,95245,513896,1.8411,1.8077,1.8405,-0.0669,0.336,-1.82,0.0211,2.3522,2.6627,nan,nan,nan,nan,nan,nan
23663,H,18266,99323,1.8406,1.7923,1.834,-0.0645,0.3335,-1.82,0.0206,0.6596,0.7474,-0.5566,0.4601,-0.4601,0.4884,-0.5587,0.4694
23664,H,18356,99933,1.8437,1.8085,1.8505,-0.0622,0.3344,-1.82,0.0237,-2.7303,0.3846,-3.1902,0.3236,nan,nan,nan,nan
23665,H,18202,100621,1.7958,1.7525,1.8081,-0.0626,0.3336,-1.82,-0.0242,nan,nan,1.3962,0.5378,1.4839,0.5344,1.555,0.6372
23666,H,18433,100811,1.8275,1.7969,1.8229,-0.0571,0.3346,-1.82,0.0075,1.7214,1.7991,nan,nan,nan,nan,nan,nan
23667,H,18226,98895,1.8468,1.7976,1.8373,-0.0671,0.3305,-1.82,0.0268,nan,nan,nan,nan,nan,nan,nan,nan
23668,H,18379,100163,1.7868,1.752,1.7838,-0.0627,0.33,-1.82,-0.0332,2.2251,0.6166,2.7314,1.0744,2.6834,1.1544,3.8992,5.3642
23669,H,18335,98979,1.8299,1.7944,1.8262,-0.0585,0.3343,-1.82,0.0099,nan,nan,nan,nan,nan,nan,nan,nan
23670,H,18376,98893,1.7887,1.7562,1.7865,-0.0596,0.3285,-1.82,-0.0313,1.2066,0.4152,0.9593,0.3158,0.8022,0.2868,0.9454,0.312
23671,H,18189,97370,1.8287,1.8045,1.8239,-0.0608,0.3359,-1.82,0.0087,0.9016,0.0634,nan,nan,0.5021,0.1988,0.4675,0.1178
23672,H,18215,96839,1.8177,1.7714,1.8204,-0.0671,0.3355,-1.82,-0.0023,1.4491,0.2326,1.717,0.5843,1.8609,0.5919,1.8577,0.5894
23673,H,18495,100804,1.7737,1.7178,1.7673,-0.0698,0.3344,-1.82,-0.0463,nan,nan,nan,nan,nan,nan,nan,nan
23674,H,18475,102248,1.8312,1.7988,1.8252,-0.0617,0.3345,-1.82,0.0112,nan,nan,nan,nan,nan,nan,nan,nan
23675,H,18350,100623,1.7845,1.7383,1.7834,-0.0766,0.3361,-1.82,-0.0355,1.4652,1.8474,2.4894,3.3937,0.9227,0.713,1.2892,1.0917
23676,H,18299,101240,1.8103,1.7695,1.8071,-0.065,0.3316,-1.82,-0.0097,nan,nan,nan,nan,nan,nan,nan,nan
23677,H,18179,101592,1.7705,1.7212,1.7655,-0.0683,0.3301,-1.82,-0.0495,nan,nan,nan,nan,nan,nan,2.9297,2.0735
23678,H,17978,100166,1.8077,1.7655,1.8024,-0.0608,0.3326,-1.82,-0.0123,-0.0011,0.081,1.0135,0.6782,0.927,0.6144,0.9401,0.6223
23679,H,18109,100475,1.822,1.7882,1.8262,-0.0686,0.3323,-1.82,0.002,nan,nan,nan,nan,0.3203,0.613,0.3254,0.6161
23680,H,18088,98744,1.812,1.7574,1.8161,-0.0595,0.3333,-1.82,-0.008,2.5793,0.5303,2.2604,0.3955,2.3559,0.4897,2.3562,0.4898
23681,H,18336,101916,1.8251,1.7726,1.8136,-0.0682,0.3334,-1.82,0.0051,nan,nan,nan,nan,-0.0756,0.2177,0.3801,1.4958
23682,H,18139,99837,1.8206,1.7837,1.8123,-0.0689,0.3282,-1.82,0.0006,nan,nan,nan,nan,nan,nan,nan,nan
23683,H,18316,99032,1.8124,1.7634,1.8027,-0.0695,0.3327,-1.82,-0.0076,2.4977,0.7093,nan,nan,0.5661,0.2848,0.5661,0.2848
23684,H,18364,99478,1.8094,1.7392,1.8072,-0.0688,0.3286,-1.82,-0.0106,nan,nan,nan,nan,2.3123,0.5578,2.3132,0.558
23686,H,125386,672469,1.8529,1.8259,1.858,-0.0528,0.3668,-1.82,0.0329,3.2378,0.384,2.9184,0.5512,2.1138,0.3104,2.1951,0.3505
23687,H,18222,99654,1.7966,1.7506,1.7844,-0.0667,0.3299,-1.82,-0.0234,nan,nan,nan,nan,2.4873,0.0834,2.4557,0.1096
23688,H,18219,98780,1.8092,1.7615,1.8085,-0.0692,0.3354,-1.82,-0.0108,nan,nan,2.7411,4.7963,nan,nan,nan,nan
23689,H,18145,99401,1.8096,1.7681,1.8001,-0.0652,0.3316,-1.82,-0.0104,1.9344,0.7919,nan,nan,1.8915,0.6987,1.8918,0.6983
23690,H,18199,98278,1.8149,1.7765,1.8075,-0.0637,0.3305,-1.82,-0.0051,nan,nan,nan,nan,nan,nan,nan,nan
23691,H,18356,97420,1.8232,1.7825,1.8228,-0.065,0.3313,-1.82,0.0032,2.5454,0.696,nan,nan,2.2575,0.0787,nan,nan
23692,H,18283,97957,1.8155,1.7741,1.8176,-0.0609,0.332,-1.82,-0.0045,nan,nan,nan,nan,nan,nan,nan,nan
23693,H,18356,98474,1.7486,1.6952,1.7334,-0.0628,0.3319,-1.82,-0.0714,nan,nan,nan,nan,nan,nan,nan,nan
23694,H,18263,98344,1.7909,1.7742,1.8043,-0.0628,0.3327,-1.82,-0.0291,3.5717,0.5872,nan,nan,nan,nan,nan,nan
23695,H,18229,98063,1.8001,1.7546,1.8,-0.0556,0.3272,-1.82,-0.0199,3.4045,1.107,2.4167,0.6348,nan,nan,2.5823,0.6392
23696,H,18351,99150,1.7821,1.7395,1.7854,-0.0586,0.3288,-1.82,-0.0379,2.3982,0.5857,nan,nan,nan,nan,2.6829,0.8242
23697,H,18297,89739,1.7855,1.7416,1.7793,-0.0598,0.3291,-1.82,-0.0345,2.5091,0.6318,2.1688,0.6404,nan,nan,3.0702,1.9179
23698,H,18427,87150,1.8066,1.7857,1.8166,-0.0632,0.3352,-1.82,-0.0134,nan,nan,-0.7726,0.8122,-0.5762,1.1301,-0.3011,1.018
23699,H,18576,90602,1.7976,1.777,1.8018,-0.0701,0.3291,-1.82,-0.0224,0.9202,0.6151,0.5817,0.532,0.6827,0.4509,0.7489,0.5792
23700,H,18565,88042,1.7887,1.7458,1.7938,-0.0694,0.3348,-1.82,-0.0313,nan,nan,1.235,0.0557,1.2685,0.0539,nan,nan
23701,H,18471,87345,1.7754,1.7392,1.7794,-0.0686,0.3375,-1.82,-0.0446,nan,nan,0.3567,0.2905,0.4598,0.3012,0.4809,0.2728
23702,H,18683,89289,1.7314,1.6921,1.7385,-0.0586,0.3313,-1.82,-0.0886,3.5491,1.0639,nan,nan,2.2772,1.3998,nan,nan
23703,H,18531,56795,1.7263,1.69,1.7418,-0.066,0.3301,-1.82,-0.0937,nan,nan,0.6606,0.1605,nan,nan,nan,nan
23704,H,18591,90993,1.7308,1.6798,1.765,-0.0686,0.3331,-1.82,-0.0892,1.3421,1.9964,0.3406,0.1097,0.3855,0.0718,0.1742,1.1572
23705,H,18580,89236,1.7155,1.715,1.7496,-0.0634,0.3334,-1.82,-0.1045,1.6126,0.6444,1.9615,1.2704,1.7044,0.7543,1.7634,0.5369
23706,H,18618,86915,1.7188,1.6864,1.7524,-0.0595,0.3332,-1.82,-0.1012,1.5472,0.8644,nan,nan,nan,nan,nan,nan
23707,H,18581,88660,1.736,1.6962,1.7374,-0.0672,0.3337,-1.82,-0.084,1.2725,0.0924,1.2111,0.7299,1.4634,0.7305,1.6313,0.7353
23708,H,18597,87224,1.7526,1.7028,1.7583,-0.0643,0.3343,-1.82,-0.0674,0.8041,0.8137,nan,nan,1.4943,1.0781,1.4689,1.148
23710,H,91804,427990,1.7615,1.7273,1.7622,-0.0672,0.3368,-1.82,-0.0585,2.8485,0.3633,2.394,0.4898,2.5158,0.8986,2.527,0.7378
23711,H,18513,87158,1.773,1.7162,1.775,-0.0733,0.3349,-1.82,-0.047,nan,nan,nan,nan,nan,nan,0.2991,0.7146
23712,H,18532,87131,1.7784,1.7317,1.7963,-0.0757,0.3385,-1.82,-0.0416,1.4512,0.7258,1.5674,0.6346,2.3747,0.3817,1.2868,0.8212
23713,H,18083,95661,1.7322,1.6942,1.7427,-0.0649,0.3339,-1.82,-0.0878,-1.5423,0.6655,-1.4372,0.0575,nan,nan,nan,nan
23714,H,18234,96067,1.7677,1.7231,1.7622,-0.0631,0.3364,-1.82,-0.0523,nan,nan,-1.4447,0.3428,-1.5705,0.4581,-1.5342,0.3809
23715,H,18160,96403,1.7889,1.7464,1.7764,-0.0711,0.3341,-1.82,-0.0311,nan,nan,nan,nan,nan,nan,nan,nan
23716,H,18223,93513,1.7825,1.7354,1.7816,-0.0695,0.3442,-1.82,-0.0375,nan,nan,nan,nan,nan,nan,nan,nan
23717,H,18751,72471,1.7544,1.7168,1.747,-0.0713,0.3324,-1.82,-0.0656,1.9066,0.8836,nan,nan,1.5195,0.0613,1.5195,0.0613
23724,H,6566,643,1.732,1.7414,1.7463,-0.068,0.3228,-1.82,-0.088,nan,nan,nan,nan,nan,nan,nan,nan
23726,H,20163,31590,1.7219,1.5165,1.7356,-0.0696,0.3304,-1.82,-0.0981,1.2627,0.4126,0.4133,0.2834,0.2633,0.224,0.3506,0.2206
23727,H,20015,37984,1.7387,1.5187,1.7301,-0.0802,0.3274,-1.82,-0.0813,0.4806,0.4,-0.1825,0.3231,-0.2464,0.3002,0.0139,0.3271
23728,H,19950,36860,1.7579,1.5513,1.7614,-0.0655,0.3269,-1.82,-0.0621,1.3256,0.4121,0.1675,0.3025,0.8962,0.5037,0.8962,0.5037
23729,H,19963,40203,1.7201,1.4993,1.7298,-0.0665,0.3249,-1.82,-0.0999,-0.0438,0.4141,-0.3083,0.3329,-0.3656,0.3073,-0.3655,0.3412
23730,H,19737,38983,1.6873,1.4678,1.6959,-0.0621,0.3238,-1.82,-0.1327,1.6701,0.5028,0.7783,0.3948,0.4102,0.2842,0.2147,0.2812
23731,H,19746,38961,1.702,1.5,1.7259,-0.049,0.3255,-1.82,-0.118,2.2927,1.5168,-0.5497,0.2187,-0.5052,0.2396,-0.5341,0.2276
23732,H,19446,38171,1.7029,1.4791,1.702,-0.0636,0.3249,-1.82,-0.1171,1.6456,0.3403,0.7565,0.2259,0.9956,0.2741,0.9521,0.295
23733,H,19772,39040,1.7413,1.5282,1.7351,-0.0556,0.3238,-1.82,-0.0787,1.7862,0.4249,1.448,0.393,1.3903,0.5454,1.3301,0.5772
23734,H,20056,38106,1.719,1.5019,1.7109,-0.0637,0.3286,-1.82,-0.101,1.0795,0.3326,0.6008,0.2964,0.8252,0.332,0.7028,0.2785
23736,H,19481,37651,1.7331,1.5121,1.7526,-0.0652,0.3226,-1.82,-0.0869,1.6483,0.5018,1.0146,0.4193,0.6681,0.3782,0.8756,0.5076
23738,H,59469,116920,1.7456,1.6282,1.7383,-0.0602,0.3259,-1.82,-0.0744,1.207,0.276,0.3864,0.2126,0.3753,0.2214,0.3709,0.2208
23740,H,59162,113114,1.7249,1.6108,1.719,-0.055,0.3263,-1.82,-0.0951,1.8679,0.3948,1.2612,0.3507,1.0023,0.2986,0.9196,0.3073
23742,H,58779,110664,1.756,1.6205,1.7552,-0.0623,0.3293,-1.82,-0.064,1.8969,0.4179,1.16,0.5082,0.5408,0.3508,0.5408,0.3508
23743,H,58918,112502,1.761,1.6339,1.7667,-0.0661,0.3317,-1.82,-0.059,0.812,0.2084,0.0873,0.1599,0.1347,0.1316,0.1367,0.1317
23744,H,58891,113592,1.7224,1.5894,1.7186,-0.0635,0.329,-1.82,-0.0976,1.989,0.4463,0.7421,0.3231,0.536,0.298,0.5653,0.3181
23745,H,58899,112029,1.7063,1.5792,1.7079,-0.0593,0.3272,-1.82,-0.1137,1.381,0.3549,0.8096,0.451,0.5025,0.333,0.3988,0.3096
23746,H,59306,112914,1.7113,1.5922,1.7126,-0.0578,0.3281,-1.82,-0.1087,1.9347,0.4894,1.2451,0.4401,0.659,0.2614,0.5011,0.2739
23747,H,59154,110676,1.7345,1.6112,1.7397,-0.062,0.3288,-1.82,-0.0855,2.0427,0.3206,1.401,0.2962,0.9738,0.1925,0.9917,0.2043
23750,H,59333,110561,1.7647,1.641,1.7597,-0.0601,0.3288,-1.82,-0.0553,1.3822,0.253,0.7286,0.1631,0.6426,0.1492,0.6537,0.1423
23756,H,59050,126282,1.7929,1.7727,1.7839,-0.0742,0.346,-1.82,-0.0271,3.0147,1.02,2.795,2.2256,2.1784,3.5419,nan,nan
23757,H,57468,267686,1.78,1.7584,1.7817,-0.0673,0.3407,-1.82,-0.04,1.2474,0.626,0.2099,0.5627,-0.165,0.4355,0.3936,0.8287
23758,H,58163,246550,1.776,1.7576,1.7697,-0.0646,0.3404,-1.82,-0.044,1.6207,0.6711,0.3679,0.3178,0.2798,0.2289,0.31,0.2492
23759,H,58432,202226,1.8033,1.7792,1.8114,-0.0676,0.3361,-1.82,-0.0167,2.1049,0.4887,1.7291,0.4747,1.5297,0.4164,1.6355,0.4341
23760,H,47791,180879,1.8025,1.7805,1.7947,-0.0718,0.3435,-1.82,-0.0175,2.0549,0.6065,2.5388,1.0949,1.3685,0.4236,nan,nan
23761,H,57894,217807,1.8187,1.7966,1.8126,-0.0708,0.3426,-1.82,-0.0013,nan,nan,nan,nan,nan,nan,nan,nan
23762,H,58223,215006,1.779,1.7537,1.7792,-0.072,0.3422,-1.82,-0.041,1.1512,0.3556,0.92,0.3379,nan,nan,nan,nan
23763,H,58187,220941,1.7906,1.7645,1.8081,-0.0695,0.3418,-1.82,-0.0294,0.8242,0.3751,0.5262,0.3658,0.4167,0.3292,0.4047,0.3215
23764,H,57993,221788,1.7846,1.7592,1.7821,-0.0636,0.3387,-1.82,-0.0354,nan,nan,2.0273,5.1568,2.1443,2.5046,nan,nan
23767,H,143897,544346,1.7715,1.7495,1.7705,-0.0685,0.3422,-1.82,-0.0485,2.4034,0.4607,2.3761,1.1536,1.7756,1.0458,1.7959,1.0837
23768,H,58112,218616,1.7684,1.753,1.7762,-0.0697,0.344,-1.82,-0.0516,2.4151,0.7493,1.1887,0.5286,1.1685,0.5604,1.1685,0.5604
23769,H,19216,71862,1.7666,1.7455,1.7683,-0.0749,0.3323,-1.82,-0.0534,2.6614,0.7302,2.9125,1.1974,nan,nan,nan,nan
23770,H,19402,72087,1.7765,1.7143,1.7727,-0.0742,0.3259,-1.82,-0.0435,nan,nan,-1.776,0.8381,-1.8829,0.1873,-1.8829,0.1873
23771,H,19132,71678,1.757,1.7147,1.7687,-0.0699,0.3311,-1.82,-0.063,nan,nan,nan,nan,nan,nan,nan,nan
23772,H,19283,72075,1.7698,1.7076,1.7795,-0.0762,0.3296,-1.82,-0.0502,nan,nan,0.1285,0.1424,0.2203,0.1118,0.2204,0.1118
23773,H,19434,73828,1.7879,1.7412,1.801,-0.0718,0.3305,-1.82,-0.0321,nan,nan,nan,nan,nan,nan,nan,nan
23774,H,19277,72469,1.7956,1.7496,1.7867,-0.0709,0.3272,-1.82,-0.0244,2.0527,0.5786,2.1882,0.7416,2.3846,1.7189,2.6294,2.7542
23775,H,19456,69630,1.7579,1.7181,1.7869,-0.0713,0.3303,-1.82,-0.0621,3.6424,0.4683,nan,nan,nan,nan,nan,nan
23776,H,19338,72275,1.785,1.7389,1.7976,-0.072,0.3326,-1.82,-0.035,0.4156,0.4136,0.5048,0.4906,nan,nan,0.019,0.7166
23777,H,19178,71721,1.7866,1.7262,1.8362,-0.0699,0.3278,-1.82,-0.0334,nan,nan,0.932,0.2729,0.9385,0.2622,1.0371,0.2729
23778,H,19477,73161,1.7991,1.7463,1.7875,-0.0678,0.3274,-1.82,-0.0209,1.9266,0.7279,nan,nan,1.7987,0.7673,2.4126,0.7822
23779,H,19116,68084,1.7751,1.7428,1.7801,-0.0755,0.329,-1.82,-0.0449,2.6257,1.9882,nan,nan,0.4033,0.4959,0.404,0.4963
23781,H,142428,521059,1.773,1.7346,1.7721,-0.0718,0.3322,-1.82,-0.047,1.7511,0.4001,0.6084,0.3054,0.4515,0.2482,0.4511,0.2481
23782,H,19587,74952,1.7689,1.7076,1.7633,-0.0758,0.3319,-1.82,-0.0511,2.1788,1.2182,nan,nan,nan,nan,nan,nan
23783,H,19453,70270,1.7716,1.7083,1.7681,-0.0833,0.3328,-1.82,-0.0484,2.5396,2.3644,nan,nan,nan,nan,nan,nan
23784,H,19392,70815,1.7822,1.7358,1.7773,-0.0779,0.3322,-1.82,-0.0378,nan,nan,nan,nan,nan,nan,nan,nan
23785,H,19044,72268,1.775,1.7263,1.7633,-0.0713,0.3292,-1.82,-0.045,nan,nan,nan,nan,nan,nan,nan,nan
23786,H,18159,73235,1.7757,1.7236,1.768,-0.0754,0.3348,-1.82,-0.0443,0.7718,1.8649,nan,nan,-0.0984,0.2168,-0.0977,0.2172
23787,H,19333,72821,1.7734,1.7119,1.775,-0.0716,0.3317,-1.82,-0.0466,nan,nan,nan,nan,0.9995,1.5278,0.9975,1.5198
23788,H,19313,70521,1.7945,1.738,1.782,-0.085,0.3317,-1.82,-0.0255,nan,nan,nan,nan,nan,nan,1.3271,1.1548
23789,H,15119,55274,1.7625,1.7212,1.7703,-0.0765,0.329,-1.82,-0.0575,2.2598,0.6648,nan,nan,nan,nan,3.1747,0.4889
23790,H,19425,72218,1.7992,1.7706,1.7905,-0.0659,0.3294,-1.82,-0.0208,nan,nan,2.5647,1.9558,1.632,1.7778,1.7261,0.8864
23791,H,19074,69615,1.8002,1.7371,1.8045,-0.0671,0.3307,-1.82,-0.0198,nan,nan,nan,nan,nan,nan,nan,nan
23792,H,19214,70120,1.7969,1.7402,1.8068,-0.076,0.3308,-1.82,-0.0231,1.0233,0.4542,0.5687,0.5574,0.5713,0.5404,nan,nan
23793,H,19380,69417,1.7967,1.7715,1.7858,-0.064,0.3284,-1.82,-0.0233,nan,nan,nan,nan,3.5317,0.6354,2.6872,1.7443
23794,H,19265,70721,1.7773,1.7448,1.7726,-0.0636,0.3314,-1.82,-0.0427,1.4554,0.5546,0.4357,0.0949,0.3694,0.1166,0.3694,0.1166
23795,H,19420,67547,1.7902,1.7384,1.7968,-0.0662,0.3281,-1.82,-0.0298,2.3215,1.1337,2.8472,0.8115,1.943,1.3358,nan,nan
