input /ceph/submit/data/user/e/ehingerl/hallc/lad_tof_scratch/rf_check/seg0_ifarm/rf_check_seg0.root, photon sample 'bfv', 1361 runs; current table /work/submit/ehingerl/hallc/software/lad_replay/CALIBRATION/lad_tof/../../PARAM/LAD/LADKINE/lladkine.param; proposed files/rf_check/l_rf_offset_proposed.param

Summed photon peak (all runs), free Gaussian core fit:
  P noRF : mu   0.050 +- 0.035  sigma 1.585  FWHM 3.26  Nsig 104507
  P cur  : mu   0.265 +- 0.024  sigma 0.990  FWHM 1.58  Nsig 83595
  P run  : mu   0.255 +- 0.024  sigma 0.987  FWHM 1.80  Nsig 83349
  P new  : mu   0.265 +- 0.024  sigma 0.990  FWHM 1.58  Nsig 83595
  H noRF : mu   0.061 +- 0.027  sigma 1.709  FWHM 3.72  Nsig 177705
  H cur  : mu   0.044 +- 0.022  sigma 1.317  FWHM 1.96  Nsig 149195
  H run  : mu   0.023 +- 0.021  sigma 1.304  FWHM 2.18  Nsig 148543
  H new  : mu   0.023 +- 0.020  sigma 1.248  FWHM 2.01  Nsig 144289

P: phase - get_RF_offset_fit phase over 1190 runs: median +0.001 ns; |diff| > 0.05 ns: [(23015, -0.14)]
   phase width (circular, Gaussian-equivalent) 0.31-0.59 ns; circular mean - mode +0.099 ns; z-corrected - old phase max 0.870 ns
   drift test: d(mu_noRF)/d(phase - table) = +2.71 +- 0.33 (RF drift -> 0, spectrometer drift -> -1), phase range -0.048..+0.155 ns, chi2/ndf 39649.7/182
     table period from run 22013: mu_noRF +0.188 +- 0.098 ns
     table period from run 22560: mu_noRF +0.943 +- 0.064 ns
     table period from run 22661: mu_noRF +0.285 +- 0.073 ns
     table period from run 22745: mu_noRF +0.183 +- 0.008 ns
     table period from run 23597: mu_noRF -0.126 +- 0.014 ns
H: phase - get_RF_offset_fit phase over 1186 runs: median -0.001 ns; |diff| > 0.05 ns: [(22180, 1.56), (22206, -1.91), (22237, 1.95), (22244, 1.6), (22293, 1.87), (22844, 1.8), (22960, 0.08), (23206, -1.28), (23493, -0.07), (23585, 0.12)]
   phase width (circular, Gaussian-equivalent) 0.22-1.02 ns; circular mean - mode -0.055 ns; z-corrected - old phase max 0.503 ns
   drift test: d(mu_noRF)/d(phase - table) = -0.84 +- 0.05 (RF drift -> 0, spectrometer drift -> -1), phase range -0.090..+1.917 ns, chi2/ndf 11713.4/172
     table period from run 22013: mu_noRF +2.124 +- 0.081 ns
     table period from run 22560: mu_noRF +0.678 +- 0.041 ns
     table period from run 22661: mu_noRF +0.626 +- 0.043 ns
     table period from run 22745: mu_noRF -0.397 +- 0.011 ns
     table period from run 23597: mu_noRF -0.022 +- 0.030 ns

Run groups (fixed-width fits; mu in ns):
sp        runs nrun     n_ph  phase -table |          noRF            cur            run            new
P  22013-22144   60   173053  0.374  0.150 |  3.342+-0.330     nan+-nan     nan+-nan     nan+-nan
P  22146-22181   12   161224  0.305  0.150 |  0.566+-0.252     nan+-nan     nan+-nan     nan+-nan
P  22182-22189    8   155398  0.145  0.150 |    nan+-nan     nan+-nan     nan+-nan     nan+-nan
P  22190-22218   19   153297  0.139  0.150 |    nan+-nan     nan+-nan     nan+-nan     nan+-nan
P  22219-22249   20   168287  0.154  0.150 |    nan+-nan   0.959+-0.060   0.894+-0.058   0.959+-0.060
P  22251-22271   18   152925  0.156  0.150 |  2.601+-0.325   3.112+-0.211   3.109+-0.428   3.112+-0.211
P  22273-22302   25   155494  0.151  0.150 |    nan+-nan   3.537+-0.202   3.726+-0.263   3.537+-0.202
P  22304-22333   19   151132  0.170  0.150 |    nan+-nan   0.757+-0.156   0.736+-0.114   0.757+-0.156
P  22334-22354   17   152867  0.141  0.150 |  2.070+-0.423     nan+-nan   1.928+-0.715     nan+-nan
P  22360-22396   30   168704  0.160  0.150 | -0.207+-0.115   1.646+-0.080  -0.211+-0.060   1.646+-0.080
P  22397-22417   17   154062  0.161  0.150 |    nan+-nan   1.155+-0.154   1.007+-0.043   1.155+-0.154
P  22419-22438   18   154487  0.162  0.150 |  2.454+-0.263     nan+-nan     nan+-nan     nan+-nan
P  22440-22480   30   214519  0.168  0.150 |  3.184+-0.664   2.071+-0.234   2.074+-0.255   2.071+-0.234
P  22560-22572   11   173252  0.352  0.340 |  0.903+-0.102   1.035+-0.141   1.000+-0.121   1.035+-0.141
P  22573-22600   12   163553  0.345  0.340 |  0.992+-0.166   1.116+-0.234   1.142+-0.238   1.116+-0.234
P  22601-22605    5   166421  0.337  0.340 |  1.860+-0.316     nan+-nan     nan+-nan     nan+-nan
P  22606-22613    7   161929  0.331  0.340 |  1.237+-0.339   1.438+-0.357   1.485+-0.371   1.438+-0.357
P  22614-22619    6   158666  0.350  0.340 |  0.789+-0.162   1.050+-0.360   0.952+-0.271   1.050+-0.360
P  22620-22624    5   153445  0.350  0.340 |    nan+-nan     nan+-nan     nan+-nan     nan+-nan
P  22625-22634    6   178745  0.341  0.340 |    nan+-nan     nan+-nan   0.133+-0.037     nan+-nan
P  22635-22640    6   172905  0.347  0.340 |  1.341+-0.383   1.082+-0.188   0.949+-0.178   1.082+-0.188
P  22641-22647    6   169266  0.354  0.340 |  1.189+-0.138   1.409+-0.148   1.382+-0.146   1.409+-0.148
P  22648-22654    6   169058  0.349  0.340 |  1.033+-0.206   0.871+-0.159   0.883+-0.188   0.871+-0.159
P  22656-22660    4   116136  0.352  0.340 |    nan+-nan  -0.131+-0.090  -0.157+-0.079  -0.131+-0.090
P  22661-22666    6   162056  2.361  2.360 |  2.782+-0.261   0.085+-0.294     nan+-nan   0.085+-0.294
P  22667-22672    6   153368  2.362  2.360 |    nan+-nan   2.722+-0.220  -2.338+-0.169   2.722+-0.220
P  22673-22678    5   202778  2.363  2.360 |  1.476+-0.103   1.513+-0.151   1.471+-0.155   1.513+-0.151
P  22680-22691    6   177926  2.368  2.360 |  1.544+-0.367   1.445+-1.610   1.605+-1.606   1.445+-1.610
P  22693-22697    4   205621  2.372  2.360 | -0.198+-0.355     nan+-nan     nan+-nan     nan+-nan
P  22698-22700    3   190569  2.346  2.360 |    nan+-nan     nan+-nan     nan+-nan     nan+-nan
P  22701-22703    3   172878  2.355  2.360 |    nan+-nan  -0.249+-0.103  -0.248+-0.103  -0.249+-0.103
P  22704-22709    4   150618  2.369  2.360 | -1.591+-0.114  -1.398+-0.227  -1.466+-0.216  -1.398+-0.227
P  22710-22711    2   102122  2.361  2.360 |    nan+-nan     nan+-nan     nan+-nan     nan+-nan
P  22745-22747    3   199079  0.358  0.340 |    nan+-nan     nan+-nan   2.609+-0.190     nan+-nan
P  22748-22751    3   204796  0.359  0.340 |  1.480+-0.480   0.918+-0.244   1.090+-0.412   0.918+-0.244
P  22752-22753    2   248915  0.411  0.340 |  2.356+-0.405     nan+-nan     nan+-nan     nan+-nan
P  22754-22754    1   275182  0.362  0.340 | -0.305+-0.422   0.149+-0.284   2.712+-0.059   0.149+-0.284
P  22755-22757    3   204058  0.355  0.340 | -0.033+-0.160   0.220+-0.085     nan+-nan   0.220+-0.085
P  22758-22760    3   213802  0.359  0.340 |  1.025+-0.093     nan+-nan   0.853+-0.255     nan+-nan
P  22761-22763    3   201306  0.359  0.340 |    nan+-nan     nan+-nan   0.423+-0.173     nan+-nan
P  22764-22766    3   196483  0.357  0.340 |  0.299+-0.238   0.493+-0.097     nan+-nan   0.493+-0.097
P  22767-22769    3   197532  0.357  0.340 | -0.764+-0.404  -0.988+-0.208  -1.007+-0.207  -0.988+-0.208
P  22770-22772    3   196049  0.357  0.340 |  0.212+-0.387     nan+-nan   0.384+-0.949     nan+-nan
P  22773-22775    3   197195  0.344  0.340 | -2.890+-0.200   2.751+-1.081   2.707+-0.551   2.751+-1.081
P  22776-22778    3   193199  0.362  0.340 |    nan+-nan   0.255+-0.059   0.278+-0.048   0.255+-0.059
P  22779-22784    3   189681  0.348  0.340 |  0.452+-0.221  -3.098+-0.103   0.412+-0.205  -3.098+-0.103
P  22785-22787    3   185953  0.338  0.340 |    nan+-nan     nan+-nan     nan+-nan     nan+-nan
P  22788-22790    3   187677  0.334  0.340 | -1.133+-0.175  -0.969+-0.128  -0.991+-0.121  -0.969+-0.128
P  22791-22793    3   187006  0.342  0.340 |    nan+-nan   0.592+-0.457  -1.078+-0.099   0.592+-0.457
P  22794-22796    3   188795  0.325  0.340 |    nan+-nan  -1.433+-0.032  -3.890+-0.200  -1.433+-0.032
P  22797-22799    3   211790  0.331  0.340 |  1.016+-0.363   0.090+-0.116   0.083+-0.128   0.090+-0.116
P  22800-22845    4   203660  0.331  0.340 |    nan+-nan     nan+-nan     nan+-nan     nan+-nan
P  22846-22849    4   175201  0.323  0.340 | -0.361+-0.478   0.250+-0.198   0.215+-0.180   0.250+-0.198
P  22850-22852    3   162962  0.328  0.340 | -2.769+-0.099     nan+-nan     nan+-nan     nan+-nan
P  22853-22855    3   162963  0.334  0.340 | -2.833+-0.081  -2.768+-0.091  -2.780+-0.094  -2.768+-0.091
P  22856-22858    3   166864  0.328  0.340 |  2.544+-0.293   2.169+-0.106   2.179+-0.093   2.169+-0.106
P  22859-22861    3   168319  0.334  0.340 |    nan+-nan  -0.754+-0.038  -0.758+-0.038  -0.754+-0.038
P  22862-22864    3   158240  0.328  0.340 | -2.483+-0.096   0.222+-0.107   0.223+-0.095   0.222+-0.107
P  22865-22867    3   171932  0.320  0.340 |    nan+-nan     nan+-nan     nan+-nan     nan+-nan
P  22868-22870    3   160196  0.326  0.340 |    nan+-nan  -2.747+-0.128     nan+-nan  -2.747+-0.128
P  22871-22874    3   151107  0.328  0.340 |    nan+-nan   0.580+-0.088   1.112+-0.039   0.580+-0.088
P  22875-22879    4   195812  0.328  0.340 |  0.703+-0.078  -2.369+-0.273  -2.389+-0.266  -2.369+-0.273
P  22880-22884    5   156011  0.327  0.340 |    nan+-nan     nan+-nan   3.318+-1.303     nan+-nan
P  22885-22887    3   150788  0.329  0.340 |  1.414+-2.012   0.452+-0.064   0.469+-0.072   0.452+-0.064
P  22888-22892    4   187345  0.327  0.340 |  0.176+-0.195   0.399+-0.180   0.396+-0.181   0.399+-0.180
P  22893-22896    4   168990  0.331  0.340 |  2.151+-0.381   0.275+-0.109   0.265+-0.105   0.275+-0.109
P  22897-22902    4   175546  0.329  0.340 |    nan+-nan     nan+-nan   0.243+-0.053     nan+-nan
P  22903-22912    4   190876  0.329  0.340 | -0.258+-0.132   0.384+-0.321   0.342+-0.303   0.384+-0.321
P  22915-22918    4   185662  0.321  0.340 |    nan+-nan  -0.130+-0.520     nan+-nan  -0.130+-0.520
P  22919-22922    4   185190  0.327  0.340 |  0.158+-0.564  -0.257+-0.188  -0.271+-0.187  -0.257+-0.188
P  22923-22927    4   185935  0.327  0.340 |    nan+-nan     nan+-nan     nan+-nan     nan+-nan
P  22928-22933    4   183728  0.332  0.340 |  0.561+-0.204   0.795+-0.207   0.795+-0.219   0.795+-0.207
P  22934-22943    6   200843  0.322  0.340 |  0.968+-0.354   0.713+-0.204   0.710+-0.202   0.713+-0.204
P  22944-22945    2   256339  0.324  0.340 | -0.627+-0.302  -1.527+-0.183  -1.556+-0.184  -1.527+-0.183
P  22947-22950    4   199755  0.323  0.340 | -1.941+-0.213  -1.864+-0.208  -1.878+-0.207  -1.864+-0.208
P  22951-22954    4   194898  0.323  0.340 |    nan+-nan   3.392+-0.243  -2.824+-0.140   3.392+-0.243
P  22955-22958    4   189029  0.320  0.340 | -2.585+-0.119   0.302+-0.119   0.286+-0.121   0.302+-0.119
P  22959-22960    2   192380  0.326  0.340 | -0.760+-0.626   0.680+-0.218  -0.937+-0.044   0.680+-0.218
P  22961-22965    5   277090  0.339  0.340 |    nan+-nan   0.248+-0.159   0.250+-0.143   0.248+-0.159
P  22967-22970    4   194982  0.332  0.340 |    nan+-nan     nan+-nan     nan+-nan     nan+-nan
P  22971-22974    4   174734  0.348  0.340 | -0.537+-0.143   0.487+-0.225   0.504+-0.225   0.487+-0.225
P  22975-22978    4   188782  0.346  0.340 |  0.546+-0.582   0.152+-0.066     nan+-nan   0.152+-0.066
P  22979-22982    4   182314  0.343  0.340 |    nan+-nan     nan+-nan     nan+-nan     nan+-nan
P  22983-22986    4   188540  0.342  0.340 |    nan+-nan   0.515+-0.044   0.522+-0.030   0.515+-0.044
P  22987-22990    3   286115  0.329  0.340 |    nan+-nan   0.264+-0.271     nan+-nan   0.264+-0.271
P  22994-22998    4   191244  0.334  0.340 |  0.212+-0.201   0.238+-0.101   0.253+-0.096   0.238+-0.101
P  22999-23002    4   181211  0.331  0.340 |  0.579+-0.355   0.148+-0.080   0.154+-0.082   0.148+-0.080
P  23003-23006    4   180029  0.334  0.340 |    nan+-nan     nan+-nan     nan+-nan     nan+-nan
P  23007-23010    4   178133  0.334  0.340 | -1.805+-0.067   0.694+-0.079   0.704+-0.078   0.694+-0.079
P  23011-23017    6   217117  0.343  0.340 |    nan+-nan  -1.323+-0.066     nan+-nan  -1.323+-0.066
P  23019-23020    2   215925  0.329  0.340 |  0.126+-0.107   0.174+-0.082   0.180+-0.081   0.174+-0.082
P  23021-23022    2   218270  0.324  0.340 | -1.207+-0.242     nan+-nan     nan+-nan     nan+-nan
P  23023-23024    2   210719  0.326  0.340 | -0.089+-0.352   0.066+-0.110   0.068+-0.128   0.066+-0.110
P  23025-23026    2   205254  0.328  0.340 |  1.090+-0.832   0.372+-0.208   1.764+-0.168   0.372+-0.208
P  23027-23030    2   202322  0.331  0.340 |  0.187+-0.115   0.144+-0.148   0.168+-0.156   0.144+-0.148
P  23031-23032    2   205177  0.331  0.340 |    nan+-nan   0.667+-0.841     nan+-nan   0.667+-0.841
P  23033-23034    2   204091  0.330  0.340 | -0.030+-0.200   0.366+-0.112   0.365+-0.113   0.366+-0.112
P  23035-23036    2   199306  0.329  0.340 | -0.065+-0.267     nan+-nan     nan+-nan     nan+-nan
P  23037-23038    2   165539  0.326  0.340 |  0.435+-0.198     nan+-nan     nan+-nan     nan+-nan
P  23039-23040    2   229947  0.348  0.340 |  0.386+-0.306   0.531+-0.363   0.543+-0.369   0.531+-0.363
P  23042-23043    2   222548  0.328  0.340 |    nan+-nan   0.232+-0.223   0.218+-0.218   0.232+-0.223
P  23044-23045    2   218517  0.329  0.340 |  1.594+-0.453   0.808+-0.261   0.804+-0.261   0.808+-0.261
P  23046-23047    2   243253  0.334  0.340 |  0.110+-0.448  -0.154+-0.205  -0.150+-0.192  -0.154+-0.205
P  23048-23049    2   224153  0.333  0.340 |    nan+-nan  -1.043+-0.216  -1.038+-0.216  -1.043+-0.216
P  23050-23051    2   238729  0.332  0.340 | -0.059+-0.607     nan+-nan   0.793+-2.636     nan+-nan
P  23053-23054    2   173459  0.330  0.340 |    nan+-nan     nan+-nan  -0.963+-0.045     nan+-nan
P  23055-23056    2   203670  0.338  0.340 |  1.016+-0.156   0.847+-0.174   0.864+-0.180   0.847+-0.174
P  23057-23058    2   193806  0.325  0.340 |  1.370+-0.740   0.495+-0.183   0.504+-0.187   0.495+-0.183
P  23059-23060    2   193071  0.337  0.340 |    nan+-nan  -0.229+-0.183  -0.241+-0.068  -0.229+-0.183
P  23061-23062    2   191242  0.335  0.340 |  0.304+-0.475     nan+-nan     nan+-nan     nan+-nan
P  23063-23064    2   225290  0.324  0.340 |    nan+-nan   2.792+-0.028     nan+-nan   2.792+-0.028
P  23066-23067    2   185336  0.328  0.340 |    nan+-nan     nan+-nan   2.535+-0.060     nan+-nan
P  23068-23069    2   191935  0.325  0.340 |    nan+-nan   0.141+-0.038   0.138+-0.042   0.141+-0.038
P  23070-23071    2   199342  0.332  0.340 |    nan+-nan     nan+-nan     nan+-nan     nan+-nan
P  23072-23073    2   216822  0.329  0.340 |  1.452+-0.525   0.780+-0.065   0.786+-0.067   0.780+-0.065
P  23074-23076    2   202684  0.333  0.340 |  1.621+-0.058   1.726+-0.133   1.681+-0.101   1.726+-0.133
P  23077-23078    2   208972  0.337  0.340 |    nan+-nan     nan+-nan     nan+-nan     nan+-nan
P  23079-23080    2   205740  0.333  0.340 |  1.958+-0.056     nan+-nan     nan+-nan     nan+-nan
P  23081-23082    2   199006  0.322  0.340 | -0.442+-0.436  -0.885+-0.236  -1.393+-3.867  -0.885+-0.236
P  23083-23084    2   202089  0.355  0.340 | -0.035+-0.337   0.020+-0.217  -3.348+-0.058   0.020+-0.217
P  23089-23090    2   206948  0.336  0.340 |  0.207+-0.269   0.360+-0.062   0.346+-0.072   0.360+-0.062
P  23091-23092    2   197446  0.325  0.340 | -0.031+-0.267   0.386+-0.080   0.281+-0.554   0.386+-0.080
P  23093-23094    2   192045  0.307  0.340 |  0.341+-1.822     nan+-nan   0.692+-0.394     nan+-nan
P  23095-23096    2   198266  0.291  0.340 |    nan+-nan   0.516+-0.338   0.450+-0.351   0.516+-0.338
P  23097-23098    2   223376  0.292  0.340 |    nan+-nan     nan+-nan  -0.027+-0.411     nan+-nan
P  23099-23100    2   226228  0.292  0.340 | -0.565+-0.244     nan+-nan   0.409+-1.171     nan+-nan
P  23101-23102    2   233834  0.312  0.340 |    nan+-nan   0.302+-0.054     nan+-nan   0.302+-0.054
P  23104-23105    2   160652  0.288  0.340 | -0.734+-0.491  -0.762+-0.359  -0.369+-1.285  -0.762+-0.359
P  23106-23108    3   153596  0.322  0.340 |  0.107+-0.172   0.352+-0.104   0.341+-0.104   0.352+-0.104
P  23109-23111    3   238942  0.348  0.340 | -0.074+-0.289   0.108+-0.150   0.109+-0.157   0.108+-0.150
P  23113-23116    2   241843  0.349  0.340 |    nan+-nan   1.152+-0.083     nan+-nan   1.152+-0.083
P  23117-23117    1   183454  0.356  0.340 | -0.656+-0.086     nan+-nan     nan+-nan     nan+-nan
P  23119-23119    1   180826  0.352  0.340 | -2.151+-0.317  -2.485+-0.122  -2.528+-0.108  -2.485+-0.122
P  23120-23120    1   179799  0.358  0.340 |    nan+-nan  -2.035+-0.088     nan+-nan  -2.035+-0.088
P  23122-23122    1   178492  0.349  0.340 | -0.962+-0.048  -1.026+-0.094  -1.056+-0.082  -1.026+-0.094
P  23125-23129    5   209138  0.298  0.340 | -0.448+-0.110  -0.197+-0.145  -0.129+-0.158  -0.197+-0.145
P  23131-23135    3   175249  0.317  0.340 |    nan+-nan     nan+-nan     nan+-nan     nan+-nan
P  23136-23137    2   211216  0.378  0.340 | -1.353+-0.172     nan+-nan     nan+-nan     nan+-nan
P  23139-23140    2   202943  0.358  0.340 |    nan+-nan     nan+-nan   0.860+-0.660     nan+-nan
P  23141-23142    2   194141  0.358  0.340 | -1.119+-0.184     nan+-nan     nan+-nan     nan+-nan
P  23143-23144    2   192102  0.361  0.340 |  0.449+-0.087     nan+-nan     nan+-nan     nan+-nan
P  23145-23146    2   187985  0.358  0.340 |    nan+-nan     nan+-nan   0.312+-0.234     nan+-nan
P  23147-23148    2   189932  0.357  0.340 | -0.694+-0.059     nan+-nan     nan+-nan     nan+-nan
P  23149-23150    2   187603  0.361  0.340 | -0.253+-1.107     nan+-nan   0.305+-0.239     nan+-nan
P  23151-23152    2   196840  0.355  0.340 |  0.486+-0.391   0.431+-0.170   0.420+-0.213   0.431+-0.170
P  23153-23154    2   204503  0.293  0.340 | -0.662+-0.324  -0.210+-0.027  -0.143+-0.076  -0.210+-0.027
P  23155-23156    2   200749  0.303  0.340 |    nan+-nan   0.240+-0.210   0.258+-0.178   0.240+-0.210
P  23157-23158    2   200836  0.300  0.340 |  0.305+-0.162   0.572+-0.321   0.634+-0.121   0.572+-0.321
P  23159-23160    2   201557  0.301  0.340 |  1.739+-0.278   1.349+-0.127   1.347+-0.098   1.349+-0.127
P  23161-23162    2   252148  0.304  0.340 | -0.443+-0.396  -0.828+-0.316  -1.151+-1.137  -0.828+-0.316
P  23164-23166    2   193466  0.309  0.340 |    nan+-nan   0.392+-0.101   0.423+-0.087   0.392+-0.101
P  23167-23168    2   198992  0.308  0.340 |  1.652+-0.069   1.536+-0.039     nan+-nan   1.536+-0.039
P  23169-23170    2   189537  0.303  0.340 | -1.263+-0.355     nan+-nan  -0.680+-0.070     nan+-nan
P  23171-23172    2   197544  0.307  0.340 |    nan+-nan   0.160+-0.300   0.174+-0.383   0.160+-0.300
P  23173-23174    2   186779  0.306  0.340 |  0.405+-0.250   0.218+-0.251   0.318+-0.487   0.218+-0.251
P  23175-23176    2   204467  0.308  0.340 | -0.880+-0.278  -0.468+-0.601  -0.213+-0.824  -0.468+-0.601
P  23177-23178    2   198485  0.308  0.340 | -0.747+-0.084  -0.477+-0.024  -0.469+-0.022  -0.477+-0.024
P  23179-23180    2   199205  0.306  0.340 |    nan+-nan  -0.097+-0.156  -0.075+-0.131  -0.097+-0.156
P  23181-23182    2   194623  0.304  0.340 | -0.221+-0.221   0.060+-0.206   0.048+-0.197   0.060+-0.206
P  23183-23184    2   191826  0.308  0.340 |  0.196+-0.484     nan+-nan   1.353+-7.203     nan+-nan
P  23185-23186    2   196335  0.308  0.340 |    nan+-nan  -2.308+-0.057  -2.315+-0.030  -2.308+-0.057
P  23187-23188    2   191558  0.304  0.340 |  1.776+-0.210   2.214+-0.056     nan+-nan   2.214+-0.056
P  23189-23190    2   192548  0.307  0.340 |    nan+-nan   2.446+-0.134   2.456+-0.159   2.446+-0.134
P  23191-23193    2   202412  0.378  0.340 |    nan+-nan   0.099+-0.115   0.126+-0.111   0.099+-0.115
P  23194-23195    2   195480  0.359  0.340 |  0.238+-0.337   0.596+-0.189   0.633+-0.210   0.596+-0.189
P  23196-23197    2   189003  0.360  0.340 |  0.095+-0.172     nan+-nan   2.618+-0.085     nan+-nan
P  23198-23199    2   188338  0.361  0.340 | -1.789+-0.126   0.670+-0.484     nan+-nan   0.670+-0.484
P  23200-23201    2   207241  0.364  0.340 | -0.083+-0.399  -0.142+-0.297  -0.239+-0.532  -0.142+-0.297
P  23202-23203    2   184914  0.368  0.340 | -1.786+-0.067  -0.095+-0.150  -0.113+-0.123  -0.095+-0.150
P  23204-23205    2   204851  0.365  0.340 |    nan+-nan   0.568+-0.098   0.485+-0.074   0.568+-0.098
P  23206-23206    1   175908  0.367  0.340 |    nan+-nan   0.047+-0.126  -0.004+-0.163   0.047+-0.126
P  23207-23208    2   227264  0.311  0.340 |  0.910+-0.077   0.369+-0.367  -0.075+-0.413   0.369+-0.367
P  23209-23210    2   212170  0.312  0.340 |  0.257+-0.034   0.124+-0.046   0.273+-0.163   0.124+-0.046
P  23211-23212    2   204802  0.314  0.340 | -2.026+-0.136  -1.891+-0.160  -1.875+-0.174  -1.891+-0.160
P  23213-23213    1   174006  0.308  0.340 |  0.389+-3.873   0.320+-0.072   0.307+-0.071   0.320+-0.072
P  23216-23217    2   205018  0.312  0.340 |  0.100+-0.329   0.575+-0.268   0.728+-0.104   0.575+-0.268
P  23218-23219    2   207201  0.311  0.340 | -2.806+-0.277   0.695+-0.286     nan+-nan   0.695+-0.286
P  23220-23221    2   202373  0.313  0.340 |  0.461+-0.206   0.326+-0.044   0.332+-0.060   0.326+-0.044
P  23222-23223    2   201586  0.349  0.340 |    nan+-nan   0.346+-0.116   0.342+-0.101   0.346+-0.116
P  23224-23225    2   200820  0.365  0.340 |  0.208+-0.269  -0.087+-0.125  -0.039+-0.293  -0.087+-0.125
P  23227-23229    3   183906  0.362  0.340 | -0.289+-0.298  -0.179+-0.103  -0.212+-0.118  -0.179+-0.103
P  23230-23231    2   179125  0.363  0.340 |    nan+-nan   2.908+-0.175   2.864+-0.155   2.908+-0.175
P  23232-23233    2   180515  0.366  0.340 | -1.473+-0.402     nan+-nan     nan+-nan     nan+-nan
P  23234-23236    2   194120  0.389  0.340 | -0.003+-0.314   0.034+-0.195   0.089+-0.258   0.034+-0.195
P  23237-23238    2   183049  0.360  0.340 | -0.020+-0.164   0.217+-0.062   0.193+-0.052   0.217+-0.062
P  23239-23240    2   181849  0.361  0.340 | -0.075+-0.323  -0.651+-0.129  -0.677+-0.130  -0.651+-0.129
P  23241-23242    2   181706  0.363  0.340 |  0.374+-0.270   0.593+-0.290   0.727+-0.246   0.593+-0.290
P  23243-23244    2   180762  0.319  0.340 | -0.371+-0.202   0.064+-0.165   0.097+-0.161   0.064+-0.165
P  23245-23246    2   182303  0.312  0.340 |    nan+-nan   0.823+-0.308   1.245+-3.193   0.823+-0.308
P  23247-23255    4   187221  0.300  0.340 | -0.264+-0.261     nan+-nan     nan+-nan     nan+-nan
P  23256-23257    2   186628  0.305  0.340 |    nan+-nan     nan+-nan     nan+-nan     nan+-nan
P  23258-23259    2   210349  0.304  0.340 |  0.670+-0.113  -0.083+-0.029  -0.071+-0.032  -0.083+-0.029
P  23261-23262    2   234243  0.305  0.340 | -1.078+-0.047     nan+-nan     nan+-nan     nan+-nan
P  23263-23264    2   222901  0.306  0.340 | -0.894+-1.292  -1.360+-0.098  -1.360+-0.091  -1.360+-0.098
P  23265-23267    3   310637  0.339  0.340 |  0.977+-6.315     nan+-nan     nan+-nan     nan+-nan
P  23269-23270    2   220082  0.365  0.340 | -0.520+-0.641  -1.307+-0.038   0.055+-0.035  -1.307+-0.038
P  23271-23272    2   190519  0.361  0.340 |    nan+-nan   0.109+-0.158   0.065+-0.140   0.109+-0.158
P  23273-23274    2   190334  0.366  0.340 |  1.847+-0.103     nan+-nan   1.886+-0.093     nan+-nan
P  23275-23276    2   203700  0.364  0.340 |    nan+-nan     nan+-nan     nan+-nan     nan+-nan
P  23277-23278    2   194253  0.364  0.340 |  1.297+-0.251   1.235+-0.113   1.212+-0.116   1.235+-0.113
P  23279-23280    2   192146  0.363  0.340 | -0.673+-0.295  -0.017+-0.158  -0.065+-0.209  -0.017+-0.158
P  23281-23282    2   197936  0.382  0.340 |    nan+-nan   0.727+-0.205   0.649+-0.188   0.727+-0.205
P  23284-23285    2   187533  0.363  0.340 |  0.129+-0.349   0.086+-0.260  -0.011+-0.171   0.086+-0.260
P  23286-23288    3   188274  0.365  0.340 | -2.041+-0.523  -0.049+-0.076  -0.082+-0.080  -0.049+-0.076
P  23289-23290    2   186172  0.363  0.340 |  1.338+-0.414     nan+-nan     nan+-nan     nan+-nan
P  23291-23292    2   184227  0.364  0.340 |  0.069+-0.484   0.033+-0.294  -0.173+-0.314   0.033+-0.294
P  23293-23294    2   186026  0.368  0.340 | -0.026+-0.309   0.556+-0.089   0.509+-0.062   0.556+-0.089
P  23295-23296    2   180286  0.367  0.340 | -1.322+-0.052  -1.282+-0.073  -1.310+-0.059  -1.282+-0.073
P  23297-23298    2   176904  0.372  0.340 |    nan+-nan     nan+-nan     nan+-nan     nan+-nan
P  23299-23300    2   175912  0.366  0.340 |  0.611+-0.425   0.072+-0.146   0.005+-0.175   0.072+-0.146
P  23301-23302    2   182036  0.365  0.340 |    nan+-nan   0.271+-0.076   0.405+-0.211   0.271+-0.076
P  23303-23304    2   192427  0.362  0.340 |    nan+-nan     nan+-nan     nan+-nan     nan+-nan
P  23305-23306    2   190465  0.361  0.340 |  0.650+-0.163   0.565+-0.181   0.577+-0.214   0.565+-0.181
P  23308-23309    2   188365  0.313  0.340 |  0.707+-0.369  -2.416+-0.030     nan+-nan  -2.416+-0.030
P  23310-23312    2   221226  0.308  0.340 |    nan+-nan  -0.454+-0.290  -0.434+-0.338  -0.454+-0.290
P  23313-23314    2   169759  0.311  0.340 |  0.914+-0.480     nan+-nan   0.480+-0.084     nan+-nan
P  23315-23317    2   169885  0.313  0.340 |  0.290+-0.172   0.366+-0.121   0.319+-0.116   0.366+-0.121
P  23318-23319    2   170637  0.317  0.340 |    nan+-nan   0.602+-0.065   0.659+-0.064   0.602+-0.065
P  23320-23321    2   176742  0.314  0.340 | -1.292+-0.209  -1.757+-0.044  -1.511+-0.291  -1.757+-0.044
P  23322-23323    2   194804  0.321  0.340 |  0.479+-0.369   0.001+-0.123   0.017+-0.129   0.001+-0.123
P  23324-23325    2   193194  0.342  0.340 |  0.927+-0.212   0.551+-0.115   0.580+-0.119   0.551+-0.115
P  23326-23327    2   185070  0.367  0.340 |    nan+-nan  -0.757+-0.499  -0.812+-0.037  -0.757+-0.499
P  23328-23329    2   185439  0.370  0.340 | -0.051+-0.168     nan+-nan   0.003+-0.230     nan+-nan
P  23330-23331    2   185442  0.364  0.340 |  0.172+-0.433   0.479+-0.077   0.440+-0.069   0.479+-0.077
P  23332-23333    2   180556  0.366  0.340 |  1.906+-0.619   1.105+-0.707   1.185+-0.488   1.105+-0.707
P  23334-23335    2   179597  0.365  0.340 | -1.762+-0.440   0.277+-0.217  -2.132+-0.063   0.277+-0.217
P  23336-23338    2   189648  0.391  0.340 |    nan+-nan   1.578+-0.173   1.638+-0.052   1.578+-0.173
P  23339-23340    2   177409  0.369  0.340 |    nan+-nan   0.250+-0.201   3.205+-0.056   0.250+-0.201
P  23341-23342    2   180691  0.364  0.340 | -0.863+-0.121  -0.942+-0.173  -0.809+-0.348  -0.942+-0.173
P  23343-23344    2   177832  0.371  0.340 | -0.564+-0.384  -0.417+-5.229  -0.169+-0.973  -0.417+-5.229
P  23345-23346    2   177327  0.366  0.340 |  1.220+-0.154  -2.427+-0.079  -2.443+-0.053  -2.427+-0.079
P  23348-23349    2   177350  0.369  0.340 | -1.262+-0.915  -1.130+-0.125  -1.124+-0.147  -1.130+-0.125
P  23350-23351    2   179036  0.370  0.340 |    nan+-nan     nan+-nan   1.794+-0.100     nan+-nan
P  23352-23353    2   185551  0.370  0.340 |    nan+-nan   0.181+-0.074     nan+-nan   0.181+-0.074
P  23354-23355    2   184335  0.366  0.340 |  0.351+-0.360   0.658+-0.173   0.606+-0.188   0.658+-0.173
P  23356-23358    3   234755  0.346  0.340 |  0.350+-0.237   0.308+-0.199   0.410+-0.279   0.308+-0.199
P  23359-23360    2   180835  0.321  0.340 |    nan+-nan     nan+-nan     nan+-nan     nan+-nan
P  23361-23363    2   240039  0.319  0.340 | -1.205+-0.086     nan+-nan  -0.177+-0.429     nan+-nan
P  23364-23365    2   177941  0.320  0.340 |  0.666+-0.032   0.464+-0.134   0.451+-0.130   0.464+-0.134
P  23366-23367    2   178731  0.318  0.340 |  0.208+-0.180   0.371+-0.097   0.395+-0.104   0.371+-0.097
P  23368-23369    2   179185  0.314  0.340 | -0.098+-0.023     nan+-nan  -0.357+-0.279     nan+-nan
P  23370-23371    2   181639  0.320  0.340 |  0.440+-0.355     nan+-nan     nan+-nan     nan+-nan
P  23372-23373    2   178208  0.320  0.340 |    nan+-nan     nan+-nan   2.732+-10.499     nan+-nan
P  23374-23375    2   181468  0.340  0.340 | -0.382+-0.360     nan+-nan   0.135+-0.787     nan+-nan
P  23376-23378    2   182171  0.369  0.340 | -0.271+-0.976   1.073+-0.069   2.839+-0.070   1.073+-0.069
P  23381-23382    2   191282  0.367  0.340 |    nan+-nan  -1.482+-0.643  -1.592+-0.326  -1.482+-0.643
P  23383-23385    2   183232  0.369  0.340 | -0.337+-0.410     nan+-nan   0.232+-0.164     nan+-nan
P  23386-23387    2   182159  0.368  0.340 |    nan+-nan     nan+-nan     nan+-nan     nan+-nan
P  23388-23390    2   188584  0.388  0.340 |    nan+-nan   2.329+-0.156   0.163+-0.347   2.329+-0.156
P  23392-23393    2   180517  0.370  0.340 |  0.058+-0.215   0.074+-0.291  -0.093+-0.253   0.074+-0.291
P  23396-23397    2   181475  0.367  0.340 |  1.298+-0.030   0.997+-0.367   0.958+-0.179   0.997+-0.367
P  23398-23399    2   178133  0.367  0.340 |  0.746+-0.337     nan+-nan     nan+-nan     nan+-nan
P  23400-23401    2   177842  0.365  0.340 |    nan+-nan  -2.754+-0.137  -0.139+-3.550  -2.754+-0.137
P  23402-23413   12   178047  0.363  0.340 |  0.040+-0.126   0.101+-0.088   0.032+-0.077   0.101+-0.088
P  23414-23418    5   171037  0.320  0.340 | -0.198+-0.387     nan+-nan     nan+-nan     nan+-nan
P  23419-23420    2   162365  0.314  0.340 | -0.214+-0.247  -0.017+-0.169  -0.077+-0.188  -0.017+-0.169
P  23421-23422    2   155936  0.346  0.340 |    nan+-nan  -0.006+-0.215  -0.002+-0.191  -0.006+-0.215
P  23423-23425    3   188282  0.372  0.340 |    nan+-nan   2.507+-0.121   2.470+-0.134   2.507+-0.121
P  23431-23434    4   247430  0.357  0.340 |    nan+-nan   0.039+-0.133   0.046+-0.140   0.039+-0.133
P  23435-23436    2   202149  0.339  0.340 |  1.959+-0.281   1.809+-0.087   1.798+-0.098   1.809+-0.087
P  23437-23438    2   199224  0.340  0.340 | -1.000+-0.876  -0.068+-0.415  -0.079+-0.438  -0.068+-0.415
P  23439-23442    4   181205  0.362  0.340 | -0.484+-0.615   0.153+-0.220     nan+-nan   0.153+-0.220
P  23443-23446    4   179656  0.348  0.340 |  0.215+-0.210   0.207+-0.200   0.220+-0.180   0.207+-0.200
P  23447-23471   13   312017  0.347  0.340 | -0.092+-0.070   0.068+-0.070   0.058+-0.068   0.068+-0.070
P  23472-23472    1   196825  0.353  0.340 | -0.054+-0.073   0.024+-0.169  -0.036+-0.181   0.024+-0.169
P  23473-23473    1   189342  0.350  0.340 |  0.043+-0.203   0.155+-0.184     nan+-nan   0.155+-0.184
P  23474-23474    1   200220  0.364  0.340 | -0.153+-2.478  -0.228+-0.144     nan+-nan  -0.228+-0.144
P  23475-23475    1   190244  0.364  0.340 |    nan+-nan     nan+-nan     nan+-nan     nan+-nan
P  23476-23476    1   189602  0.365  0.340 | -0.865+-0.373  -0.211+-0.195  -0.284+-0.231  -0.211+-0.195
P  23477-23477    1   188862  0.351  0.340 | -0.041+-0.078   0.038+-0.080   0.040+-0.087   0.038+-0.080
P  23478-23478    1   189977  0.360  0.340 |    nan+-nan     nan+-nan  -0.800+-0.318     nan+-nan
P  23479-23479    1   189591  0.354  0.340 |    nan+-nan  -1.226+-0.372     nan+-nan  -1.226+-0.372
P  23480-23480    1   185801  0.352  0.340 |    nan+-nan  -1.409+-0.062  -1.405+-0.072  -1.409+-0.062
P  23481-23481    1   185764  0.353  0.340 |    nan+-nan     nan+-nan   0.913+-0.022     nan+-nan
P  23482-23482    1   184607  0.353  0.340 | -1.015+-0.974     nan+-nan  -1.718+-0.057     nan+-nan
P  23483-23483    1   180289  0.365  0.340 | -0.695+-0.101   0.708+-0.155     nan+-nan   0.708+-0.155
P  23484-23484    1   213190  0.353  0.340 | -1.683+-0.605     nan+-nan     nan+-nan     nan+-nan
P  23486-23486    1   186542  0.348  0.340 |  2.057+-0.644     nan+-nan  -0.389+-0.740     nan+-nan
P  23487-23487    1   184230  0.351  0.340 |  0.588+-0.049   0.966+-0.195   0.940+-0.248   0.966+-0.195
P  23488-23488    1   184310  0.346  0.340 |    nan+-nan  -0.353+-0.857  -0.731+-0.098  -0.353+-0.857
P  23489-23489    1   181196  0.346  0.340 | -0.420+-0.478     nan+-nan     nan+-nan     nan+-nan
P  23490-23490    1   186463  0.345  0.340 | -0.820+-0.396     nan+-nan     nan+-nan     nan+-nan
P  23491-23491    1   183933  0.353  0.340 |  0.608+-0.356     nan+-nan   0.028+-0.261     nan+-nan
P  23492-23492    1   165601  0.351  0.340 | -1.080+-33.837   0.382+-0.037     nan+-nan   0.382+-0.037
P  23493-23493    1   172249  0.341  0.340 |    nan+-nan   0.264+-0.289   0.215+-0.350   0.264+-0.289
P  23494-23494    1   170063  0.341  0.340 |    nan+-nan  -1.546+-0.050     nan+-nan  -1.546+-0.050
P  23495-23495    1   164217  0.357  0.340 | -2.997+-0.139  -3.059+-0.214  -3.059+-0.198  -3.059+-0.214
P  23496-23496    1   163823  0.359  0.340 |    nan+-nan  -0.253+-0.254  -0.253+-0.225  -0.253+-0.254
P  23497-23497    1   163710  0.355  0.340 |  0.583+-0.200   0.435+-0.189   0.507+-0.188   0.435+-0.189
P  23498-23498    1   159953  0.367  0.340 |  0.023+-0.033     nan+-nan   0.211+-0.050     nan+-nan
P  23499-23499    1   160515  0.360  0.340 |  0.607+-0.274   0.673+-0.106     nan+-nan   0.673+-0.106
P  23500-23500    1   160069  0.349  0.340 | -0.146+-0.452   0.077+-0.397   0.287+-1.009   0.077+-0.397
P  23501-23501    1   159360  0.348  0.340 |  0.161+-0.196     nan+-nan     nan+-nan     nan+-nan
P  23502-23502    1   160031  0.347  0.340 | -0.292+-0.930   0.533+-0.458   0.464+-0.423   0.533+-0.458
P  23503-23503    1   158321  0.361  0.340 | -0.746+-0.116  -0.753+-0.203  -0.648+-0.219  -0.753+-0.203
P  23504-23504    1   157175  0.358  0.340 |  0.217+-0.464   0.407+-0.183     nan+-nan   0.407+-0.183
P  23505-23505    1   157448  0.353  0.340 |    nan+-nan  -0.799+-0.091  -0.830+-0.092  -0.799+-0.091
P  23506-23507    2   293065  0.367  0.340 | -0.353+-0.404     nan+-nan   0.426+-0.301     nan+-nan
P  23508-23508    1   155384  0.366  0.340 |    nan+-nan     nan+-nan     nan+-nan     nan+-nan
P  23509-23509    1   150792  0.381  0.340 |  0.643+-0.044     nan+-nan  -1.472+-0.322     nan+-nan
P  23510-23511    2   155634  0.351  0.340 |    nan+-nan   0.301+-0.050     nan+-nan   0.301+-0.050
P  23512-23512    1   155193  0.365  0.340 | -2.171+-0.283     nan+-nan     nan+-nan     nan+-nan
P  23513-23513    1   155306  0.365  0.340 |    nan+-nan  -3.843+-0.059  -3.846+-0.031  -3.843+-0.059
P  23514-23514    1   153311  0.366  0.340 | -0.333+-0.226     nan+-nan  -0.067+-0.902     nan+-nan
P  23515-23515    1   178322  0.368  0.340 |    nan+-nan     nan+-nan     nan+-nan     nan+-nan
P  23516-23516    1   177854  0.364  0.340 | -0.199+-0.432   0.268+-0.231   0.197+-0.262   0.268+-0.231
P  23517-23517    1   177722  0.365  0.340 | -0.076+-0.065  -1.123+-0.095  -1.535+-0.280  -1.123+-0.095
P  23518-23518    1   177835  0.350  0.340 | -0.477+-0.198     nan+-nan     nan+-nan     nan+-nan
P  23519-23519    1   179291  0.365  0.340 | -0.749+-0.682   3.579+-1.581  -2.694+-0.336   3.579+-1.581
P  23520-23520    1   161124  0.344  0.340 |    nan+-nan     nan+-nan     nan+-nan     nan+-nan
P  23521-23521    1   162147  0.346  0.340 |    nan+-nan  -0.281+-0.188  -0.312+-0.225  -0.281+-0.188
P  23522-23522    1   160846  0.350  0.340 |    nan+-nan     nan+-nan   2.253+-0.333     nan+-nan
P  23523-23523    1   158646  0.353  0.340 | -1.624+-0.207  -1.683+-0.073  -1.674+-0.086  -1.683+-0.073
P  23524-23525    2   312174  0.356  0.340 | -0.716+-0.145     nan+-nan     nan+-nan     nan+-nan
P  23526-23526    1   162175  0.358  0.340 |    nan+-nan   0.504+-0.046   0.480+-0.049   0.504+-0.046
P  23527-23527    1   163210  0.363  0.340 | -0.898+-0.509  -0.616+-0.104     nan+-nan  -0.616+-0.104
P  23528-23528    1   159741  0.365  0.340 |    nan+-nan     nan+-nan  -1.462+-0.035     nan+-nan
P  23529-23529    1   157722  0.352  0.340 | -1.238+-0.090     nan+-nan  -1.325+-0.229     nan+-nan
P  23530-23530    1   157252  0.366  0.340 |    nan+-nan  -1.437+-0.129     nan+-nan  -1.437+-0.129
P  23531-23531    1   155160  0.367  0.340 | -0.719+-0.187   0.409+-0.563  -0.050+-0.319   0.409+-0.563
P  23533-23533    1   172349  0.353  0.340 |    nan+-nan  -2.821+-0.069  -2.827+-0.053  -2.821+-0.069
P  23534-23534    1   168686  0.363  0.340 | -0.612+-0.321     nan+-nan     nan+-nan     nan+-nan
P  23535-23535    1   188982  0.355  0.340 |    nan+-nan     nan+-nan  -0.212+-0.109     nan+-nan
P  23537-23537    1   162224  0.359  0.340 | -0.967+-0.376   0.010+-0.422     nan+-nan   0.010+-0.422
P  23538-23538    1   161350  0.360  0.340 |    nan+-nan     nan+-nan     nan+-nan     nan+-nan
P  23539-23539    1   158935  0.358  0.340 |  2.231+-0.336     nan+-nan     nan+-nan     nan+-nan
P  23541-23541    1   157388  0.360  0.340 | -1.295+-0.682     nan+-nan     nan+-nan     nan+-nan
P  23542-23542    1   174839  0.361  0.340 | -0.571+-0.256  -0.266+-0.391     nan+-nan  -0.266+-0.391
P  23543-23543    1   175584  0.347  0.340 |    nan+-nan   0.258+-0.182   0.202+-0.144   0.258+-0.182
P  23544-23544    1   175916  0.351  0.340 |  0.917+-0.473   0.492+-0.198   0.458+-0.169   0.492+-0.198
P  23545-23545    1   175598  0.346  0.340 | -0.261+-0.134   0.377+-0.029   0.045+-0.141   0.377+-0.029
P  23546-23546    1   173619  0.349  0.340 | -1.660+-0.153     nan+-nan  -0.143+-0.769     nan+-nan
P  23547-23547    1   157730  0.362  0.340 | -0.108+-0.366     nan+-nan  -0.268+-0.409     nan+-nan
P  23548-23548    1   151614  0.363  0.340 |  0.103+-0.728   0.361+-0.350   0.336+-0.290   0.361+-0.350
P  23549-23549    1   155521  0.363  0.340 |    nan+-nan   0.304+-0.056   0.240+-0.078   0.304+-0.056
P  23550-23550    1   153889  0.360  0.340 |    nan+-nan  -3.113+-0.421   1.124+-0.033  -3.113+-0.421
P  23551-23551    1   157164  0.361  0.340 |  0.551+-0.180   0.685+-0.109   0.644+-0.100   0.685+-0.109
P  23552-23552    1   158899  0.361  0.340 | -0.242+-0.109   0.054+-0.130   0.060+-0.150   0.054+-0.130
P  23553-23553    1   155046  0.359  0.340 |    nan+-nan   2.437+-0.100   2.635+-0.271   2.437+-0.100
P  23554-23554    1   159920  0.359  0.340 | -0.440+-0.110     nan+-nan     nan+-nan     nan+-nan
P  23555-23555    1   155467  0.364  0.340 |    nan+-nan     nan+-nan   0.981+-0.528     nan+-nan
P  23556-23556    1   153677  0.360  0.340 |  1.390+-0.269   1.189+-0.056     nan+-nan   1.189+-0.056
P  23557-23558    2   296315  0.357  0.340 |  0.761+-0.354   0.632+-0.147   0.632+-0.153   0.632+-0.147
P  23559-23561    3   304028  0.373  0.340 | -0.851+-0.277  -0.673+-0.240  -0.699+-0.193  -0.673+-0.240
P  23563-23563    1   160613  0.345  0.340 | -3.305+-0.122   0.704+-0.390     nan+-nan   0.704+-0.390
P  23564-23564    1   154713  0.345  0.340 |  2.860+-0.033   0.219+-0.055   0.216+-0.025   0.219+-0.055
P  23565-23565    1   152305  0.341  0.340 |  0.049+-0.514   0.370+-0.377   0.349+-0.269   0.370+-0.377
P  23566-23567    2   301352  0.354  0.340 |  0.449+-0.321   0.230+-0.294   0.119+-0.702   0.230+-0.294
P  23574-23575    2   194944  0.353  0.340 |  2.921+-0.039  -0.937+-0.356  -0.967+-0.372  -0.937+-0.356
P  23577-23577    1   162435  0.361  0.340 |    nan+-nan   0.949+-0.288   1.082+-0.168   0.949+-0.288
P  23579-23579    1   161563  0.359  0.340 | -0.696+-0.528   0.332+-0.574     nan+-nan   0.332+-0.574
P  23580-23580    1   152688  0.364  0.340 | -1.283+-0.065   2.835+-0.093   2.766+-0.059   2.835+-0.093
P  23581-23583    2   294477  0.352  0.340 |  0.479+-0.854   0.481+-0.533   0.340+-0.290   0.481+-0.533
P  23584-23586    3   320601  0.355  0.340 |    nan+-nan   1.894+-0.083     nan+-nan   1.894+-0.083
P  23587-23587    1   159509  0.357  0.340 |  0.752+-0.361     nan+-nan   0.536+-0.319     nan+-nan
P  23588-23588    1   159931  0.349  0.340 |  0.480+-0.380     nan+-nan     nan+-nan     nan+-nan
P  23592-23593    2   287278  0.370  0.340 | -2.287+-0.055   0.965+-0.274     nan+-nan   0.965+-0.274
P  23597-23597    1   171154  2.376  2.380 |  0.148+-0.427   0.236+-0.376   0.236+-0.376   0.236+-0.376
P  23598-23598    1   161182  2.376  2.380 | -0.069+-0.281  -0.061+-0.242  -0.061+-0.242  -0.061+-0.242
P  23600-23600    1   159550  2.372  2.380 |  1.127+-0.375     nan+-nan   1.200+-0.740     nan+-nan
P  23601-23601    1   152978  2.382  2.380 | -2.255+-0.117   1.376+-0.155   1.376+-0.154   1.376+-0.155
P  23602-23602    1   151255  2.375  2.380 |  0.227+-0.050   0.263+-0.119   0.263+-0.119   0.263+-0.119
P  23603-23603    1   153239  2.378  2.380 |  0.145+-0.673   0.500+-0.074   0.500+-0.074   0.500+-0.074
P  23604-23604    1   150636  2.379  2.380 |    nan+-nan   0.515+-0.217   0.515+-0.217   0.515+-0.217
P  23605-23605    1   173067  2.376  2.380 |  0.584+-0.150   0.468+-0.260   0.468+-0.260   0.468+-0.260
P  23606-23606    1   158855  2.377  2.380 | -0.942+-0.274   0.302+-0.273   0.302+-0.273   0.302+-0.273
P  23607-23607    1   153222  2.371  2.380 |    nan+-nan  -1.372+-0.230  -1.371+-0.231  -1.372+-0.230
P  23608-23608    1   153475  2.376  2.380 |  0.389+-0.097   0.414+-0.222   0.414+-0.222   0.414+-0.222
P  23609-23609    1   154630  2.371  2.380 |  0.647+-0.158   0.201+-0.130   0.201+-0.130   0.201+-0.130
P  23610-23610    1   156362  2.375  2.380 |    nan+-nan   0.399+-0.255   0.399+-0.255   0.399+-0.255
P  23611-23611    1   150344  2.373  2.380 |  0.277+-0.080   1.134+-0.150   1.134+-0.151   1.134+-0.150
P  23612-23612    1   173180  2.378  2.380 |  0.241+-0.378   0.107+-0.262   0.107+-0.262   0.107+-0.262
P  23614-23615    2   298610  2.380  2.380 |  0.181+-0.268   0.562+-0.592   0.562+-0.592   0.562+-0.592
P  23616-23617    2   291704  2.378  2.380 |  2.806+-0.152     nan+-nan     nan+-nan     nan+-nan
P  23618-23619    2   292557  2.380  2.380 |  0.954+-0.332     nan+-nan     nan+-nan     nan+-nan
P  23620-23621    2   297687  2.382  2.380 |  0.261+-0.249   0.126+-0.140   0.120+-0.140   0.126+-0.140
P  23622-23623    2   292970  2.381  2.380 | -0.145+-0.692  -0.156+-0.549  -0.152+-0.554  -0.156+-0.549
P  23624-23625    2   310721  2.384  2.380 |  0.429+-0.243   0.483+-0.159   0.505+-0.191   0.483+-0.159
P  23626-23626    1   161486  2.387  2.380 |    nan+-nan   0.486+-0.198   0.610+-0.068   0.486+-0.198
P  23627-23627    1   158280  2.380  2.380 |    nan+-nan   0.757+-0.262   0.757+-0.262   0.757+-0.262
P  23628-23628    1   161229  2.384  2.380 |  0.035+-0.237  -0.083+-0.262  -0.084+-0.261  -0.083+-0.262
P  23629-23629    1   160271  2.379  2.380 | -1.356+-0.099  -1.256+-0.194  -1.256+-0.194  -1.256+-0.194
P  23630-23630    1   154989  2.373  2.380 |  2.757+-1.242     nan+-nan     nan+-nan     nan+-nan
P  23631-23631    1   155805  2.378  2.380 | -0.710+-0.357   0.061+-0.669   0.061+-0.669   0.061+-0.669
P  23632-23632    1   154552  2.373  2.380 | -0.126+-0.106   0.002+-0.233   0.002+-0.233   0.002+-0.233
P  23633-23633    1   154676  2.379  2.380 | -1.034+-0.311  -0.964+-0.310  -0.964+-0.310  -0.964+-0.310
P  23634-23634    1   153878  2.367  2.380 |  0.196+-0.285   0.527+-0.524   0.515+-0.512   0.527+-0.524
P  23635-23635    1   155306  2.380  2.380 |    nan+-nan  -2.719+-0.076  -2.719+-0.076  -2.719+-0.076
P  23636-23636    1   158921  2.371  2.380 |  0.683+-0.176   0.829+-0.105   0.829+-0.105   0.829+-0.105
P  23637-23639    3   304306  2.398  2.380 |  0.630+-0.064   0.495+-0.159   0.518+-0.161   0.495+-0.159
P  23640-23640    1   153555  2.392  2.380 | -0.151+-0.093   0.064+-0.091   0.022+-0.091   0.064+-0.091
P  23641-23641    1   156931  2.376  2.380 |    nan+-nan   0.679+-0.351   0.679+-0.351   0.679+-0.351
P  23642-23642    1   153395  2.386  2.380 | -0.119+-0.219  -0.017+-0.062  -0.029+-0.053  -0.017+-0.062
P  23643-23643    1   152077  2.391  2.380 | -0.117+-0.185  -0.149+-0.275  -0.151+-0.268  -0.149+-0.275
P  23644-23644    1   152019  2.377  2.380 | -1.601+-0.314  -1.908+-0.233  -1.908+-0.233  -1.908+-0.233
P  23645-23645    1   159938  2.382  2.380 |    nan+-nan   0.155+-0.175   0.155+-0.175   0.155+-0.175
P  23646-23646    1   156473  2.392  2.380 |    nan+-nan   0.520+-0.370     nan+-nan   0.520+-0.370
P  23647-23647    1   158478  2.379  2.380 |  0.123+-0.071   0.070+-0.064   0.070+-0.064   0.070+-0.064
P  23648-23648    1   164456  2.377  2.380 | -0.374+-0.853     nan+-nan     nan+-nan     nan+-nan
P  23650-23650    1   163628  2.380  2.380 |    nan+-nan     nan+-nan     nan+-nan     nan+-nan
P  23651-23651    1   188487  2.377  2.380 |    nan+-nan   1.626+-0.153   1.626+-0.153   1.626+-0.153
P  23652-23652    1   177202  2.383  2.380 |  1.933+-0.054   1.951+-0.057   1.951+-0.057   1.951+-0.057
P  23653-23653    1   174451  2.374  2.380 |  2.344+-0.242   1.325+-2.098   1.325+-2.098   1.325+-2.098
P  23654-23654    1   169034  2.383  2.380 |    nan+-nan   0.933+-0.089   0.933+-0.089   0.933+-0.089
P  23655-23655    1   169618  2.379  2.380 | -0.564+-0.098     nan+-nan     nan+-nan     nan+-nan
P  23656-23656    1   169071  2.375  2.380 | -0.264+-0.701  -2.819+-0.046  -2.819+-0.046  -2.819+-0.046
P  23657-23657    1   167505  2.382  2.380 |    nan+-nan     nan+-nan     nan+-nan     nan+-nan
P  23658-23658    1   168039  2.380  2.380 | -1.606+-0.189   0.454+-0.182   0.454+-0.182   0.454+-0.182
P  23659-23659    1   167060  2.377  2.380 |  0.561+-0.242   0.416+-0.104   0.416+-0.104   0.416+-0.104
P  23660-23660    1   172685  2.379  2.380 |  2.424+-0.339   0.036+-0.514   0.036+-0.514   0.036+-0.514
P  23661-23661    1   192092  2.383  2.380 |  0.574+-1.070   0.511+-0.197   0.512+-0.197   0.511+-0.197
P  23663-23663    1   167255  2.379  2.380 |    nan+-nan  -0.223+-0.167  -0.223+-0.167  -0.223+-0.167
P  23664-23664    1   168503  2.385  2.380 |    nan+-nan   0.432+-0.224   0.412+-0.198   0.432+-0.224
P  23665-23665    1   171248  2.386  2.380 | -0.468+-0.572   2.907+-0.201   2.897+-0.190   2.907+-0.201
P  23666-23666    1   168570  2.382  2.380 |  0.581+-0.274   0.334+-0.271   0.338+-0.266   0.334+-0.271
P  23667-23667    1   166324  2.387  2.380 |    nan+-nan   0.156+-0.571  -0.100+-0.456   0.156+-0.571
P  23668-23668    1   168334  2.387  2.380 |    nan+-nan   0.518+-0.285   0.510+-0.262   0.518+-0.285
P  23669-23669    1   165655  2.384  2.380 |  3.438+-0.202   0.180+-0.135   0.204+-0.105   0.180+-0.135
P  23670-23670    1   166422  2.373  2.380 | -1.899+-0.106   0.552+-0.150   0.551+-0.151   0.552+-0.150
P  23671-23671    1   163210  2.387  2.380 |  0.029+-0.144   0.850+-0.335     nan+-nan   0.850+-0.335
P  23672-23672    1   163106  2.369  2.380 | -0.605+-0.088     nan+-nan     nan+-nan     nan+-nan
P  23673-23673    1   168584  2.371  2.380 |    nan+-nan   1.742+-0.394   1.661+-0.255   1.742+-0.394
P  23674-23674    1   167896  2.381  2.380 | -0.828+-0.154     nan+-nan     nan+-nan     nan+-nan
P  23675-23675    1   169893  2.366  2.380 |  0.132+-0.294  -0.369+-0.388  -0.431+-0.280  -0.369+-0.388
P  23676-23676    1   173771  2.373  2.380 |    nan+-nan   0.229+-0.087   0.226+-0.085   0.229+-0.087
P  23677-23677    1   178153  2.367  2.380 | -0.497+-0.187     nan+-nan     nan+-nan     nan+-nan
P  23678-23678    1   172305  2.383  2.380 |  0.260+-0.377   0.352+-0.233   0.354+-0.222   0.352+-0.233
P  23679-23679    1   171392  2.377  2.380 | -0.457+-0.816  -0.790+-0.507  -0.790+-0.507  -0.790+-0.507
P  23680-23680    1   169099  2.376  2.380 | -2.304+-0.219   0.480+-0.081   0.480+-0.081   0.480+-0.081
P  23681-23681    1   172161  2.377  2.380 | -0.732+-0.223     nan+-nan     nan+-nan     nan+-nan
P  23682-23682    1   170755  2.379  2.380 | -1.129+-0.037     nan+-nan     nan+-nan     nan+-nan
P  23683-23683    1   167287  2.379  2.380 | -0.148+-0.589     nan+-nan     nan+-nan     nan+-nan
P  23684-23684    1   165928  2.374  2.380 | -0.754+-0.495   0.364+-0.058   0.365+-0.058   0.364+-0.058
P  23685-23685    1   157731  2.401  2.380 |  0.117+-0.118  -0.084+-0.162  -0.063+-0.173  -0.084+-0.162
P  23686-23687    2   166625  2.374  2.380 |    nan+-nan   0.148+-0.249   0.148+-0.252   0.148+-0.249
P  23688-23688    1   165479  2.375  2.380 | -0.139+-0.166     nan+-nan     nan+-nan     nan+-nan
P  23689-23689    1   167953  2.383  2.380 |  3.039+-0.141   2.665+-0.284   2.668+-0.287   2.665+-0.284
P  23690-23690    1   166278  2.384  2.380 | -0.319+-0.763     nan+-nan     nan+-nan     nan+-nan
P  23691-23691    1   163038  2.382  2.380 | -3.493+-0.070   0.591+-0.070   0.592+-0.070   0.591+-0.070
P  23692-23692    1   165033  2.374  2.380 | -0.302+-0.044   0.534+-0.151   0.533+-0.151   0.534+-0.151
P  23693-23693    1   163698  2.379  2.380 |  0.772+-0.151   2.269+-0.047   2.269+-0.047   2.269+-0.047
P  23694-23694    1   165965  2.369  2.380 |  1.162+-0.608   0.382+-0.353   0.334+-0.375   0.382+-0.353
P  23695-23695    1   164383  2.374  2.380 |    nan+-nan  -0.753+-0.060  -0.747+-0.059  -0.753+-0.060
P  23696-23696    1   166005  2.369  2.380 |    nan+-nan     nan+-nan     nan+-nan     nan+-nan
P  23697-23698    2   291869  2.383  2.380 |    nan+-nan  -0.952+-0.070  -0.542+-2.548  -0.952+-0.070
P  23699-23700    2   291111  2.370  2.380 |  0.142+-0.337   0.379+-0.089   0.376+-0.089   0.379+-0.089
P  23701-23702    2   286116  2.375  2.380 |  0.147+-0.097   0.272+-0.270   0.269+-0.264   0.272+-0.270
P  23703-23704    2   253701  2.377  2.380 |    nan+-nan  -0.991+-0.203  -0.991+-0.203  -0.991+-0.203
P  23705-23706    2   287935  2.370  2.380 |  0.092+-0.601   0.495+-0.150   0.494+-0.150   0.495+-0.150
P  23707-23708    2   286105  2.374  2.380 | -1.212+-0.367  -2.080+-0.151  -2.079+-0.151  -2.080+-0.151
P  23709-23709    1   163397  2.380  2.380 | -1.017+-0.195  -0.761+-0.267  -0.761+-0.267  -0.761+-0.267
P  23711-23712    2   281937  2.373  2.380 |  0.194+-0.811   0.056+-0.599   0.056+-0.598   0.056+-0.599
P  23713-23713    1   160878  2.371  2.380 |  0.034+-0.093   0.093+-0.165   0.093+-0.165   0.093+-0.165
P  23714-23714    1   162328  2.381  2.380 |  0.259+-0.668   0.479+-0.080   0.474+-0.083   0.479+-0.080
P  23715-23715    1   162368  2.378  2.380 |    nan+-nan   1.317+-0.352   1.317+-0.352   1.317+-0.352
P  23716-23716    1   153815  2.376  2.380 |    nan+-nan     nan+-nan     nan+-nan     nan+-nan
P  23717-23726    3   173668  2.371  2.380 | -0.409+-3.508   0.413+-0.528   0.421+-0.547   0.413+-0.528
P  23727-23729    3   157388  2.370  2.380 |  0.039+-0.125   0.218+-0.108   0.245+-0.137   0.218+-0.108
P  23730-23732    3   162693  2.368  2.380 |  0.106+-0.181     nan+-nan     nan+-nan     nan+-nan
P  23733-23736    3   157824  2.366  2.380 | -0.059+-0.146     nan+-nan     nan+-nan     nan+-nan
P  23738-23744    5   182055  2.365  2.380 |  0.259+-0.186   0.168+-0.101   0.186+-0.101   0.168+-0.101
P  23745-23756    5   272669  2.373  2.380 |  0.186+-0.246   0.259+-0.125   0.262+-0.127   0.259+-0.125
P  23757-23758    2   223560  2.375  2.380 |    nan+-nan     nan+-nan     nan+-nan     nan+-nan
P  23759-23760    2   150269  2.379  2.380 | -1.626+-0.104     nan+-nan     nan+-nan     nan+-nan
P  23761-23762    2   162748  2.381  2.380 |  0.157+-0.430   0.630+-0.467   0.527+-0.314   0.630+-0.467
P  23763-23764    2   161809  2.376  2.380 |  2.336+-0.075  -0.132+-0.339  -0.132+-0.339  -0.132+-0.339
P  23766-23768    2   207185  2.379  2.380 | -0.586+-0.294  -0.147+-0.301  -0.144+-0.303  -0.147+-0.301
P  23769-23770    2   213169  2.380  2.380 |  0.073+-0.778  -0.144+-0.407  -0.144+-0.407  -0.144+-0.407
P  23771-23772    2   215908  2.373  2.380 |    nan+-nan   0.327+-0.172   0.328+-0.172   0.327+-0.172
P  23773-23774    2   210684  2.382  2.380 |  0.432+-0.236     nan+-nan     nan+-nan     nan+-nan
P  23775-23776    2   223498  2.378  2.380 |    nan+-nan   2.284+-0.105   2.284+-0.105   2.284+-0.105
P  23777-23778    2   215532  2.379  2.380 | -0.120+-0.425  -0.197+-0.263  -0.197+-0.263  -0.197+-0.263
P  23779-23780    2   234893  2.379  2.380 |  0.228+-0.108   0.192+-0.106   0.192+-0.106   0.192+-0.106
P  23782-23783    2   207819  2.372  2.380 |    nan+-nan   0.714+-1.293   0.349+-0.414   0.714+-1.293
P  23784-23785    2   211821  2.385  2.380 |  0.957+-0.438   0.495+-0.192   0.481+-0.217   0.495+-0.192
P  23786-23787    2   226090  2.382  2.380 |    nan+-nan   0.153+-0.394   0.136+-0.381   0.153+-0.394
P  23788-23789    2   183489  2.375  2.380 | -0.407+-0.879  -0.134+-0.276  -0.136+-0.275  -0.134+-0.276
P  23790-23791    2   203972  2.389  2.380 |  0.095+-0.665  -0.143+-0.078  -0.175+-0.069  -0.143+-0.078
P  23792-23793    2   203653  2.385  2.380 |  0.576+-0.351   0.113+-0.098   0.099+-0.111   0.113+-0.098
P  23794-23795    2   206019  2.383  2.380 |    nan+-nan  -0.130+-0.265  -0.126+-0.261  -0.130+-0.265
H  22013-22072   39   164336  3.916  3.650 |    nan+-nan     nan+-nan     nan+-nan     nan+-nan
H  22073-22146   46   155679  3.882  3.650 |    nan+-nan     nan+-nan     nan+-nan     nan+-nan
H  22148-22182   12   209556  3.780  3.650 |    nan+-nan  -1.841+-0.398   3.527+-0.369  -1.508+-0.665
H  22183-22185    3   202511  3.657  3.650 |    nan+-nan   2.011+-0.467   1.834+-0.331   1.788+-0.313
H  22186-22188    3   175315  3.657  3.650 |  2.150+-0.317   1.813+-0.133   1.813+-0.133   1.813+-0.133
H  22189-22190    2   169911  3.654  3.650 | -1.754+-0.164     nan+-nan     nan+-nan     nan+-nan
H  22191-22195    4   155651  3.655  3.650 |    nan+-nan   1.872+-0.427   1.871+-0.428   1.939+-0.555
H  22196-22205    7   182076  3.662  3.650 |    nan+-nan     nan+-nan     nan+-nan   0.142+-0.080
H  22206-22210    5   163884  3.647  3.650 |    nan+-nan     nan+-nan     nan+-nan     nan+-nan
H  22216-22223    6   152356  3.642  3.650 |    nan+-nan     nan+-nan  -0.219+-0.893     nan+-nan
H  22224-22236    6   169159  3.684  3.650 |    nan+-nan     nan+-nan     nan+-nan     nan+-nan
H  22237-22242    5   163167  3.690  3.650 |  3.798+-0.620   3.223+-0.356   3.694+-0.853   3.222+-0.363
H  22243-22251    6   169255  3.661  3.650 |    nan+-nan   3.225+-0.354   3.117+-0.444   3.223+-0.387
H  22252-22257    5   150378  3.662  3.650 |  3.594+-0.294     nan+-nan     nan+-nan   3.562+-0.149
H  22258-22265    6   160826  3.657  3.650 |  3.314+-0.281   3.372+-0.322   3.378+-0.325   3.249+-0.259
H  22266-22272    6   183838  3.649  3.650 |    nan+-nan     nan+-nan     nan+-nan     nan+-nan
H  22273-22278    6   171736  3.649  3.650 |    nan+-nan     nan+-nan     nan+-nan     nan+-nan
H  22279-22291    9   171349  3.649  3.650 |    nan+-nan     nan+-nan     nan+-nan     nan+-nan
H  22292-22298    6   156170  3.650  3.650 |  3.441+-0.893   3.722+-1.440   3.722+-1.393   3.575+-0.669
H  22299-22306    6   175101  3.666  3.650 |  3.201+-0.265   3.221+-0.269   3.203+-0.224   3.175+-0.263
H  22307-22322    6   174913  3.661  3.650 |    nan+-nan   3.625+-0.401   3.652+-0.609   2.800+-0.147
H  22323-22328    6   160194  3.671  3.650 |  3.210+-0.188   3.260+-0.198   3.198+-0.202   3.300+-0.217
H  22329-22335    7   151642  3.690  3.650 |    nan+-nan     nan+-nan     nan+-nan     nan+-nan
H  22336-22343    5   164627  3.661  3.650 |  2.046+-0.855     nan+-nan   1.537+-0.314     nan+-nan
H  22344-22350    6   176986  3.643  3.650 |    nan+-nan     nan+-nan   0.611+-0.253     nan+-nan
H  22351-22365   10   151663  3.652  3.650 |  3.657+-0.311   3.854+-0.730   3.728+-0.456   3.460+-0.366
H  22367-22381   11   175756  3.632  3.650 |    nan+-nan   3.681+-0.385     nan+-nan   3.325+-0.410
H  22382-22388    6   166527  3.614  3.650 |    nan+-nan     nan+-nan     nan+-nan     nan+-nan
H  22389-22395    6   179945  3.622  3.650 |  2.725+-0.409   2.525+-0.465   2.333+-0.387   2.225+-0.315
H  22398-22402    5   161071  3.634  3.650 |  3.269+-0.242   3.470+-0.626     nan+-nan     nan+-nan
H  22404-22409    6   177535  3.601  3.650 |    nan+-nan     nan+-nan     nan+-nan     nan+-nan
H  22410-22417    6   173064  3.600  3.650 |    nan+-nan     nan+-nan   0.534+-0.134     nan+-nan
H  22419-22425    6   171816  3.598  3.650 |  3.504+-0.234   3.402+-0.175   3.519+-0.196   3.520+-0.258
H  22426-22431    5   153353  3.590  3.650 |  3.561+-0.257     nan+-nan     nan+-nan     nan+-nan
H  22432-22437    6   170029  3.623  3.650 |    nan+-nan     nan+-nan   3.113+-0.279     nan+-nan
H  22438-22445    6   170573  3.664  3.650 |    nan+-nan     nan+-nan     nan+-nan     nan+-nan
H  22446-22452    6   164711  3.662  3.650 |  3.487+-0.665     nan+-nan     nan+-nan     nan+-nan
H  22453-22464    6   158145  3.684  3.650 |    nan+-nan     nan+-nan     nan+-nan     nan+-nan
H  22465-22472    6   152726  3.659  3.650 |    nan+-nan     nan+-nan     nan+-nan     nan+-nan
H  22473-22480    7   185665  3.623  3.650 |    nan+-nan     nan+-nan     nan+-nan     nan+-nan
H  22590-22601    8   259913  3.886  3.840 |  0.839+-0.467   0.805+-0.303   0.799+-0.294   0.735+-0.420
H  22602-22603    2   239844  3.827  3.840 |  1.290+-0.249   1.295+-0.341   1.217+-0.233   1.296+-0.334
H  22604-22605    2   238943  3.826  3.840 |  0.976+-0.263   0.993+-0.332   1.027+-0.399   0.933+-0.313
H  22606-22607    2   238432  3.826  3.840 |  1.028+-0.333   1.387+-0.884   1.222+-0.589   1.332+-1.241
H  22608-22609    2   177358  3.831  3.840 |  0.727+-0.266   0.768+-0.266   0.808+-0.288   1.262+-0.974
H  22610-22613    3   187491  3.837  3.840 |  0.558+-0.099   0.672+-0.133   0.672+-0.133   0.682+-0.174
H  22614-22616    3   240944  3.857  3.840 |  0.260+-0.146   0.305+-0.192   0.274+-0.164   0.326+-0.163
H  22617-22618    2   227769  3.848  3.840 |  0.682+-0.101   0.678+-0.373   0.659+-0.262   0.849+-0.445
H  22619-22620    2   229997  3.859  3.840 |  0.702+-0.373   0.752+-0.388   0.801+-0.345   0.726+-0.415
H  22621-22622    2   228021  3.844  3.840 |  1.184+-0.344     nan+-nan   1.604+-1.126     nan+-nan
H  22623-22624    2   225246  3.843  3.840 |  0.592+-0.159   0.263+-0.293   0.325+-0.434   0.362+-0.323
H  22625-22630    2   216850  3.854  3.840 |  0.682+-0.181   0.664+-0.202   0.589+-0.159   0.601+-0.179
H  22631-22632    2   228378  3.819  3.840 |  0.530+-0.451     nan+-nan     nan+-nan     nan+-nan
H  22633-22634    2   218117  3.840  3.840 |  0.856+-0.280   0.831+-0.471   0.817+-0.375   0.932+-0.673
H  22635-22636    2   217387  3.842  3.840 |  0.751+-0.271   0.950+-0.439   0.976+-0.379   0.977+-0.337
H  22637-22638    2   217287  3.862  3.840 |  1.229+-0.378   1.200+-0.425   1.151+-0.526   1.205+-0.416
H  22639-22640    2   207964  3.843  3.840 |  1.046+-0.124   0.964+-0.106   0.996+-0.107   0.954+-0.104
H  22641-22642    2   195436  3.845  3.840 |  0.376+-0.354   0.592+-0.296   0.776+-0.700   0.244+-0.574
H  22643-22644    2   218294  3.843  3.840 |  0.666+-0.216   0.523+-0.258   0.524+-0.256   0.464+-0.229
H  22646-22647    2   213394  3.849  3.840 |  0.886+-0.227   1.013+-0.295   1.020+-0.284   1.030+-0.271
H  22648-22649    2   222416  3.852  3.840 |  0.167+-0.250   3.451+-0.190     nan+-nan   3.585+-0.252
H  22650-22651    2   199165  3.847  3.840 |  0.660+-0.243   0.734+-0.206   0.849+-0.254   0.702+-0.275
H  22652-22654    2   206190  3.853  3.840 |  0.689+-0.348   0.663+-0.497   0.664+-0.334   0.943+-0.862
H  22656-22658    2   218300  3.846  3.840 |  0.408+-0.218   0.449+-0.224   0.447+-0.224   0.450+-0.207
H  22659-22660    2   212598  3.861  3.840 |  0.693+-0.153   0.688+-0.230   0.748+-0.225   0.582+-0.183
H  22661-22662    2   208157  1.892  1.890 |  0.704+-0.301   0.659+-0.299   0.452+-0.222   0.632+-0.291
H  22663-22664    2   194159  1.899  1.890 |  0.783+-0.231   0.656+-0.200   0.604+-0.198   0.641+-0.212
H  22665-22666    2   201046  1.889  1.890 |  0.765+-0.250   0.788+-0.489   0.712+-0.453   0.504+-0.471
H  22667-22668    2   196440  1.889  1.890 |  0.874+-0.200   0.655+-0.153   0.671+-0.149   0.784+-0.212
H  22669-22670    2   179050  1.878  1.890 |  1.234+-0.644   1.279+-0.389     nan+-nan     nan+-nan
H  22671-22672    2   197236  1.892  1.890 |  0.679+-0.259     nan+-nan     nan+-nan   0.735+-0.543
H  22673-22674    2   201735  1.862  1.890 |  0.763+-0.437   0.302+-0.342   0.260+-0.312   0.239+-0.334
H  22675-22676    2   206403  1.901  1.890 |  0.621+-0.294   0.188+-0.995   0.173+-1.016   0.496+-0.489
H  22679-22680    2   236092  1.916  1.890 |  0.370+-0.196   0.453+-0.209   0.305+-0.199   0.361+-0.196
H  22681-22682    2   216481  1.906  1.890 |  0.820+-0.138   0.808+-0.100   0.826+-0.106   0.809+-0.099
H  22683-22689    2   221544  1.905  1.890 |  0.865+-0.227   0.818+-0.562   0.770+-0.475   0.818+-0.562
H  22691-22693    2   238439  1.903  1.890 |  1.186+-0.346   0.963+-0.255   0.870+-0.247   0.893+-0.228
H  22694-22696    2   381090  1.902  1.890 |  0.225+-0.683   0.182+-0.331   0.027+-0.240  -0.055+-0.277
H  22697-22697    1   265397  1.909  1.890 |    nan+-nan     nan+-nan     nan+-nan   0.269+-0.544
H  22698-22698    1   248782  1.892  1.890 | -0.580+-0.164  -0.631+-0.155  -0.631+-0.155  -0.630+-0.164
H  22699-22699    1   240933  1.864  1.890 |  0.101+-0.266  -0.079+-0.306  -0.074+-0.388   0.048+-0.400
H  22700-22700    1   222078  1.899  1.890 | -0.154+-0.206   0.080+-0.102   0.081+-0.102   0.080+-0.101
H  22701-22701    1   208819  1.873  1.890 |  0.741+-0.218   0.577+-0.194   0.571+-0.197   0.572+-0.204
H  22702-22702    1   237038  1.910  1.890 |  0.104+-1.160   0.222+-0.427   0.052+-0.262   0.231+-0.377
H  22703-22703    1   197478  1.867  1.890 |    nan+-nan   0.510+-0.319   0.611+-0.256   0.560+-0.320
H  22704-22704    1   192816  1.890  1.890 |    nan+-nan   0.052+-0.497   0.052+-0.497     nan+-nan
H  22707-22707    1   186362  1.912  1.890 |  0.683+-0.074   0.479+-0.216   0.477+-0.210   0.486+-0.224
H  22708-22709    2   183426  1.923  1.890 |    nan+-nan     nan+-nan   1.973+-0.228     nan+-nan
H  22710-22710    1   193355  1.898  1.890 |  0.265+-0.121   0.223+-0.139   0.223+-0.139   0.223+-0.139
H  22711-22711    1   185008  1.880  1.890 |  3.131+-0.328     nan+-nan     nan+-nan     nan+-nan
H  22720-22722    3   253999  3.808  1.890 | -1.388+-0.988   0.963+-0.308     nan+-nan     nan+-nan
H  22723-22723    1   243380  3.810  1.890 |  0.384+-0.324   1.630+-0.251   0.491+-0.211   0.408+-0.196
H  22724-22724    1   234756  3.785  1.890 | -0.481+-0.334   0.976+-0.345  -0.304+-0.160  -0.311+-0.219
H  22725-22725    1   233556  3.807  1.890 | -1.996+-0.259   1.071+-0.498     nan+-nan     nan+-nan
H  22726-22726    1   268325  3.871  1.890 |  0.632+-0.322  -3.501+-0.088   0.580+-0.292   0.730+-0.286
H  22727-22727    1   287792  3.784  1.890 |  0.146+-0.287   1.450+-0.488   0.083+-0.215   0.063+-0.225
H  22728-22728    1   189648  3.782  1.890 | -0.617+-0.283   1.182+-0.150  -0.642+-0.317  -0.827+-0.242
H  22730-22730    1   216033  3.789  1.890 |  0.330+-0.385  -2.541+-0.321   0.406+-0.230   0.401+-0.236
H  22732-22732    1   210163  3.790  1.890 |    nan+-nan   0.194+-0.279   0.513+-0.183   0.512+-0.183
H  22733-22733    1   211095  3.786  1.890 | -0.617+-0.136   0.809+-0.121  -0.530+-0.206  -0.517+-0.240
H  22735-22735    1   212551  3.796  1.890 |  0.122+-0.298   1.765+-0.195   0.105+-0.221   0.088+-0.209
H  22737-22737    1   219003  3.788  1.890 | -0.489+-0.583   0.625+-0.791   0.302+-0.057   0.291+-0.060
H  22739-22739    1   219238  3.787  1.890 | -0.213+-0.183   1.302+-0.139  -0.332+-0.190  -0.444+-0.187
H  22740-22740    1   223935  3.787  1.890 |  0.324+-0.321     nan+-nan   0.460+-0.088   0.409+-0.093
H  22741-22741    1   217862  3.784  1.890 | -0.194+-0.325     nan+-nan   1.513+-5.286   0.100+-1.263
H  22743-22743    1   280017  3.785  1.890 |    nan+-nan   0.604+-0.310     nan+-nan     nan+-nan
H  22744-22744    1   281903  3.795  1.890 |  0.779+-0.457   1.152+-0.337     nan+-nan   0.943+-0.535
H  22745-22745    1   281067  3.800  3.820 | -0.366+-0.313  -0.221+-0.206  -0.173+-0.198  -0.207+-0.193
H  22746-22746    1   263830  3.802  3.820 |    nan+-nan  -0.680+-0.502     nan+-nan  -0.375+-1.280
H  22747-22747    1   277472  3.800  3.820 | -0.741+-0.308     nan+-nan     nan+-nan  -0.688+-0.458
H  22748-22748    1   270791  3.802  3.820 |    nan+-nan     nan+-nan     nan+-nan  -1.558+-0.160
H  22750-22750    1   260589  3.791  3.820 |  0.818+-0.301   0.601+-0.180   0.610+-0.203     nan+-nan
H  22751-22751    1   262921  3.806  3.820 |  0.019+-0.523  -0.345+-0.331  -0.152+-0.554  -0.447+-0.303
H  22752-22752    1   273649  3.805  3.820 |  0.149+-0.405  -0.594+-0.225  -0.593+-0.209  -0.600+-0.272
H  22754-22755    2   259696  3.801  3.820 | -0.143+-0.090  -0.324+-0.284  -0.328+-0.304  -0.329+-0.274
H  22756-22756    1   256987  3.786  3.820 | -0.182+-0.220  -0.018+-0.526   0.565+-2.025  -0.245+-0.293
H  22757-22757    1   262807  3.782  3.820 | -1.179+-0.551  -0.434+-0.246  -0.447+-0.247  -0.438+-0.239
H  22758-22758    1   260396  3.788  3.820 | -0.049+-0.747   0.362+-0.217   0.355+-0.226   0.342+-0.230
H  22759-22759    1   286004  3.800  3.820 |  0.538+-0.394   0.018+-0.203   0.022+-0.201   0.083+-0.236
H  22760-22760    1   262451  3.793  3.820 |  0.098+-0.237  -0.024+-0.125   0.027+-0.142  -0.031+-0.120
H  22761-22761    1   247478  3.792  3.820 |  0.051+-0.271  -0.143+-0.256  -0.125+-0.328  -0.122+-0.283
H  22762-22762    1   260166  3.792  3.820 | -0.093+-0.749  -0.237+-0.342  -0.171+-0.526  -0.254+-0.354
H  22763-22763    1   255527  3.796  3.820 |    nan+-nan   0.393+-0.656     nan+-nan     nan+-nan
H  22764-22764    1   248962  3.786  3.820 | -0.119+-4.457  -0.837+-1.925  -0.044+-0.633     nan+-nan
H  22765-22765    1   248219  3.796  3.820 | -0.333+-0.314  -0.233+-0.591  -0.254+-0.359  -0.542+-0.234
H  22766-22766    1   245815  3.791  3.820 |  0.132+-0.024  -0.395+-0.157  -0.337+-0.156  -0.396+-0.157
H  22767-22767    1   246989  3.796  3.820 | -0.223+-0.431   0.436+-0.088   0.459+-0.077   0.436+-0.087
H  22768-22768    1   248082  3.797  3.820 |  0.492+-0.546   0.271+-0.552   0.277+-0.458   0.120+-0.342
H  22769-22769    1   253918  3.792  3.820 | -0.118+-0.308  -0.530+-0.302  -0.524+-0.328  -0.304+-0.284
H  22770-22770    1   244509  3.792  3.820 | -0.278+-0.275  -0.319+-0.444  -0.369+-0.364  -0.392+-0.526
H  22771-22771    1   245273  3.790  3.820 | -0.484+-0.530     nan+-nan     nan+-nan     nan+-nan
H  22772-22772    1   246575  3.849  3.820 |    nan+-nan  -0.031+-0.277  -0.058+-0.286  -0.030+-0.290
H  22773-22773    1   242443  3.824  3.820 | -1.470+-0.379   2.802+-0.079   2.802+-0.079   2.802+-0.079
H  22774-22774    1   251143  3.851  3.820 |  0.330+-0.209   0.371+-0.155   0.370+-0.175   0.394+-0.176
H  22775-22775    1   249871  3.792  3.820 | -0.706+-0.277  -0.370+-0.416  -0.524+-0.353  -0.513+-0.326
H  22776-22776    1   251155  3.846  3.820 |  0.463+-1.979  -0.252+-0.227  -0.340+-0.318  -0.220+-0.256
H  22777-22777    1   239961  3.824  3.820 |  1.665+-4.932   0.223+-0.263   0.233+-0.253   0.244+-0.245
H  22778-22778    1   244282  3.835  3.820 |    nan+-nan     nan+-nan     nan+-nan   2.589+-1.547
H  22779-22779    1   240853  3.827  3.820 |    nan+-nan   0.264+-0.310   0.261+-0.331   0.256+-0.270
H  22781-22781    1   286020  3.882  3.820 | -0.512+-0.413     nan+-nan  -0.062+-1.030     nan+-nan
H  22782-22782    1   315792  3.799  3.820 |  0.247+-0.756   0.269+-0.161   0.325+-0.151   0.293+-0.186
H  22783-22783    1   238448  3.812  3.820 |  0.112+-0.304   0.019+-0.164   0.019+-0.163   0.018+-0.163
H  22784-22784    1   239166  3.869  3.820 | -0.437+-0.427  -0.325+-0.286  -0.181+-0.344  -0.307+-0.274
H  22785-22785    1   236531  3.806  3.820 | -0.079+-0.265  -0.134+-0.640  -0.059+-0.671  -0.209+-0.674
H  22786-22786    1   239890  3.838  3.820 |  0.536+-2.591     nan+-nan   3.464+-0.108     nan+-nan
H  22787-22787    1   243243  3.838  3.820 |  0.139+-0.350  -0.238+-0.245  -0.245+-0.242  -0.232+-0.238
H  22788-22788    1   236122  3.830  3.820 | -0.282+-0.625     nan+-nan     nan+-nan     nan+-nan
H  22789-22789    1   233804  3.815  3.820 |  0.522+-0.346   0.443+-0.223   0.385+-0.199     nan+-nan
H  22790-22790    1   238754  3.847  3.820 |    nan+-nan     nan+-nan     nan+-nan     nan+-nan
H  22791-22791    1   235850  3.808  3.820 |    nan+-nan  -0.290+-0.571     nan+-nan   0.269+-1.349
H  22792-22792    1   239556  3.865  3.820 |  0.946+-0.403   0.877+-0.398   0.843+-0.348   0.896+-0.500
H  22793-22793    1   228224  3.821  3.820 |  0.815+-0.290   0.897+-0.151   0.897+-0.151   0.897+-0.151
H  22794-22794    1   219447  3.804  3.820 |  0.630+-0.093   0.795+-0.280   0.746+-0.341   0.582+-0.195
H  22795-22795    1   248936  3.820  3.820 | -0.143+-0.109  -2.501+-0.421  -2.501+-0.421  -2.018+-1.472
H  22796-22796    1   242599  3.819  3.820 |    nan+-nan   0.435+-1.207   0.120+-0.520  -0.462+-2.325
H  22797-22797    1   242087  3.794  3.820 | -0.375+-0.265   0.033+-0.445  -0.034+-0.357   0.046+-0.414
H  22798-22798    1   239349  3.828  3.820 |  0.091+-0.183   0.099+-0.194   0.065+-0.184   0.186+-0.250
H  22799-22799    1   320680  3.796  3.820 |  0.829+-0.910  -0.018+-0.273   0.019+-0.282  -0.147+-0.214
H  22800-22800    1   314566  3.849  3.820 |    nan+-nan  -0.401+-0.072  -0.419+-0.086  -0.401+-0.072
H  22811-22811    1   224055  3.811  3.820 |    nan+-nan   0.102+-0.807   0.107+-0.764  -0.025+-0.418
H  22812-22845    3   228729  3.803  3.820 |  0.055+-0.673  -0.131+-0.347  -0.235+-0.302  -0.217+-0.292
H  22846-22846    1   207751  3.785  3.820 | -0.532+-0.495     nan+-nan  -1.657+-0.248     nan+-nan
H  22847-22847    1   202875  3.802  3.820 |    nan+-nan  -0.134+-0.423   0.021+-0.676  -0.328+-0.293
H  22848-22849    2   253016  3.799  3.820 |  0.260+-0.182   0.263+-0.219   0.299+-0.197   0.228+-0.216
H  22850-22850    1   205805  3.801  3.820 | -0.414+-0.208  -0.132+-0.510  -0.298+-0.397  -0.246+-0.332
H  22851-22851    1   202628  3.820  3.820 |    nan+-nan  -0.207+-0.190  -0.207+-0.190  -0.233+-0.164
H  22852-22852    1   203369  3.779  3.820 |    nan+-nan  -0.988+-0.350  -0.871+-0.411  -0.980+-0.332
H  22853-22853    1   203029  3.801  3.820 | -0.348+-0.115  -0.386+-0.158  -0.368+-0.166  -0.386+-0.159
H  22854-22854    1   199732  3.827  3.820 |  0.162+-0.346   0.295+-0.322   0.303+-0.336   0.266+-0.383
H  22855-22855    1   215677  3.788  3.820 |    nan+-nan  -0.176+-0.307   0.006+-0.358  -0.202+-0.288
H  22856-22856    1   218271  3.796  3.820 |  1.459+-0.768   1.991+-0.311   0.531+-4.487   0.344+-12.135
H  22857-22857    1   203761  3.765  3.820 |  0.507+-0.240   0.098+-0.239   0.121+-0.193   0.078+-0.224
H  22858-22858    1   204369  3.818  3.820 |    nan+-nan     nan+-nan     nan+-nan     nan+-nan
H  22859-22859    1   204357  3.774  3.820 | -0.436+-0.296  -0.324+-0.276  -0.350+-0.255  -0.250+-0.291
H  22860-22860    1   207289  3.806  3.820 |  2.052+-0.178   2.157+-0.411   1.994+-0.353   2.149+-0.521
H  22861-22861    1   215714  3.764  3.820 |  0.891+-0.168   1.108+-0.627   0.970+-0.434   1.492+-1.545
H  22862-22862    1   206662  3.767  3.820 | -0.319+-1.042     nan+-nan     nan+-nan     nan+-nan
H  22863-22863    1   196130  3.754  3.820 | -0.044+-0.221   0.127+-0.213   0.215+-0.275   0.194+-0.263
H  22864-22864    1   193460  3.752  3.820 | -1.002+-0.555  -0.740+-0.535  -0.144+-0.135  -1.649+-0.201
H  22865-22865    1   196034  3.757  3.820 |  0.143+-0.297  -0.048+-0.444  -0.055+-0.390     nan+-nan
H  22866-22866    1   231339  3.748  3.820 | -0.027+-0.209  -0.045+-0.306   0.053+-0.255  -0.018+-0.272
H  22867-22867    1   226614  3.747  3.820 |    nan+-nan  -0.084+-0.228  -0.078+-0.184  -0.116+-0.208
H  22868-22868    1   228895  3.757  3.820 |  0.574+-0.203   0.557+-0.151   0.593+-0.164   0.585+-0.160
H  22869-22869    1   193681  3.737  3.820 | -0.266+-0.228   0.447+-1.006   0.205+-0.577   1.570+-10.241
H  22870-22870    1   186065  3.744  3.820 | -0.220+-0.152  -0.087+-0.207   0.014+-0.189  -0.100+-0.224
H  22871-22871    1   196557  3.738  3.820 |  0.086+-0.304  -0.094+-0.202  -0.089+-0.201  -0.093+-0.202
H  22873-22873    1   190266  3.746  3.820 | -0.627+-0.504     nan+-nan  -0.238+-0.617  -0.435+-0.960
H  22874-22874    1   193272  3.749  3.820 |  0.068+-0.218   0.021+-0.457  -0.016+-0.348   0.021+-0.457
H  22875-22875    1   186456  3.757  3.820 | -0.353+-0.241  -0.414+-0.303  -0.472+-0.255  -0.436+-0.273
H  22877-22877    1   183936  3.755  3.820 | -0.109+-0.310  -0.332+-0.388  -0.235+-0.399  -0.345+-0.495
H  22878-22878    1   179460  3.755  3.820 |  1.765+-0.932   0.166+-0.251   0.121+-0.234   0.131+-0.223
H  22879-22879    1   173491  3.737  3.820 |  0.410+-0.270   0.582+-0.417   0.332+-0.238   0.497+-0.372
H  22880-22882    3   235402  3.738  3.820 |    nan+-nan   0.001+-0.363   0.134+-0.408     nan+-nan
H  22883-22883    1   180730  3.750  3.820 |    nan+-nan  -0.146+-0.052  -0.098+-0.048  -0.146+-0.052
H  22884-22884    1   177851  3.755  3.820 |  0.010+-0.152  -0.063+-0.190  -0.020+-0.189  -0.065+-0.182
H  22885-22885    1   191713  3.757  3.820 |  0.164+-0.424   0.381+-0.290   0.506+-0.378   0.295+-0.410
H  22886-22886    1   189152  3.740  3.820 |    nan+-nan   0.509+-0.117   0.561+-0.105   0.508+-0.117
H  22887-22887    1   189740  3.759  3.820 | -0.324+-0.369     nan+-nan   0.076+-0.046     nan+-nan
H  22888-22888    1   179937  3.803  3.820 |    nan+-nan     nan+-nan  -1.040+-0.975     nan+-nan
H  22889-22889    1   185924  3.804  3.820 | -0.200+-0.689  -0.132+-0.263  -0.019+-0.210  -0.105+-0.214
H  22890-22890    1   187042  3.773  3.820 |    nan+-nan   0.292+-0.701   0.645+-1.639     nan+-nan
H  22892-22892    1   156698  3.813  3.820 | -1.130+-0.161     nan+-nan     nan+-nan  -1.681+-0.535
H  22893-22893    1   163400  3.760  3.820 |  0.808+-0.196   0.516+-0.206   0.521+-0.172   0.515+-0.206
H  22894-22894    1   162047  3.819  3.820 | -1.799+-0.123   2.705+-1.109   2.705+-1.109     nan+-nan
H  22895-22895    1   159233  3.780  3.820 |    nan+-nan  -0.674+-0.358  -1.706+-0.094     nan+-nan
H  22896-22896    1   157745  3.822  3.820 |  0.593+-2.818  -0.131+-0.215  -0.131+-0.215  -0.124+-0.218
H  22897-22897    1   160618  3.766  3.820 | -1.825+-0.801     nan+-nan     nan+-nan     nan+-nan
H  22898-22898    1   162229  3.824  3.820 |  0.011+-0.231  -0.008+-0.149  -0.008+-0.149   0.000+-0.155
H  22900-22900    1   160668  3.826  3.820 |  0.022+-1.063   0.292+-0.968   0.475+-0.284   0.514+-0.337
H  22902-22902    1   183605  3.805  3.820 |  2.698+-1.052   2.773+-1.436     nan+-nan   2.879+-2.250
H  22903-22903    1   180161  3.815  3.820 |    nan+-nan   0.030+-0.095   0.030+-0.095   0.030+-0.095
H  22905-22905    1   179795  3.789  3.820 | -0.388+-0.443     nan+-nan     nan+-nan     nan+-nan
H  22907-22907    1   179883  3.798  3.820 |  0.055+-0.366   0.095+-0.170   0.092+-0.173   0.100+-0.173
H  22912-22912    1   176929  3.808  3.820 | -0.064+-0.168  -0.010+-0.305  -0.026+-0.271  -0.135+-0.300
H  22915-22915    1   175504  3.822  3.820 |    nan+-nan  -0.985+-2.542     nan+-nan     nan+-nan
H  22916-22916    1   181203  3.761  3.820 |  0.380+-0.218   0.246+-0.288   0.277+-0.237   0.272+-0.311
H  22917-22917    1   180803  3.801  3.820 |  0.312+-0.116   0.107+-0.113   0.143+-0.102   0.107+-0.113
H  22918-22918    1   172647  3.768  3.820 | -0.111+-0.208   0.096+-0.338   0.259+-0.315  -0.056+-0.253
H  22919-22919    1   175156  3.807  3.820 |  0.315+-0.665     nan+-nan   0.523+-0.224     nan+-nan
H  22920-22920    1   178732  3.795  3.820 |    nan+-nan  -0.143+-0.254  -0.123+-0.257  -0.033+-0.335
H  22921-22921    1   179382  3.774  3.820 | -0.058+-0.151  -0.061+-0.179  -0.026+-0.190  -0.031+-0.195
H  22922-22922    1   173905  3.821  3.820 | -0.292+-0.328   0.097+-0.642     nan+-nan     nan+-nan
H  22923-22923    1   178834  3.778  3.820 |    nan+-nan   1.924+-0.119     nan+-nan   0.142+-0.141
H  22924-22924    1   170983  3.778  3.820 |    nan+-nan   0.983+-0.027   1.175+-0.266     nan+-nan
H  22925-22925    1   177420  3.801  3.820 | -0.084+-0.493   0.255+-0.257   0.145+-0.235   0.265+-0.246
H  22927-22927    1   174642  3.780  3.820 | -0.169+-0.346   0.300+-0.127   0.321+-0.118   0.299+-0.127
H  22928-22928    1   175078  3.816  3.820 | -0.369+-0.274  -0.201+-0.238  -0.186+-0.249  -0.224+-0.241
H  22930-22930    1   172159  3.788  3.820 |  0.519+-0.276   0.904+-0.914   1.309+-0.945   0.734+-0.452
H  22931-22931    1   172571  3.832  3.820 |    nan+-nan     nan+-nan   0.646+-0.194   0.713+-0.213
H  22933-22933    1   171403  3.784  3.820 | -0.553+-1.114  -0.377+-0.520  -0.457+-1.303     nan+-nan
H  22934-22934    1   185443  3.827  3.820 |    nan+-nan     nan+-nan     nan+-nan   1.259+-0.070
H  22936-22936    1   188962  3.803  3.820 |  0.709+-0.378  -2.682+-0.083  -2.694+-0.134  -2.682+-0.083
H  22939-22941    3   186364  3.801  3.820 | -0.044+-0.379   0.863+-3.308   0.513+-1.765     nan+-nan
H  22943-22943    1   191053  3.821  3.820 | -0.164+-0.212  -0.161+-0.233  -0.172+-0.226  -0.172+-0.227
H  22944-22944    1   192848  3.821  3.820 | -0.060+-0.172   0.161+-0.100   0.161+-0.100   0.160+-0.099
H  22946-22946    1   255319  3.821  3.820 | -0.471+-0.122  -0.366+-0.183  -0.367+-0.185  -0.365+-0.183
H  22947-22947    1   190968  3.829  3.820 |    nan+-nan     nan+-nan     nan+-nan     nan+-nan
H  22948-22948    1   188969  3.825  3.820 |    nan+-nan   2.157+-0.055   2.155+-0.057   2.157+-0.055
H  22949-22949    1   190202  3.770  3.820 | -0.189+-0.170  -0.307+-0.177  -0.253+-0.166  -0.277+-0.189
H  22950-22950    1   189276  3.796  3.820 | -0.054+-0.357   0.059+-0.714   0.101+-0.621   0.298+-0.501
H  22951-22951    1   188762  3.822  3.820 | -0.994+-0.295     nan+-nan     nan+-nan  -0.825+-0.357
H  22952-22952    1   182978  3.794  3.820 |  0.147+-0.188  -0.046+-0.096  -0.030+-0.085  -0.046+-0.096
H  22953-22953    1   180821  3.819  3.820 |  0.043+-0.808     nan+-nan     nan+-nan     nan+-nan
H  22954-22954    1   178102  3.790  3.820 |  0.364+-0.295   0.190+-0.159   0.200+-0.154   0.196+-0.162
H  22955-22955    1   183944  3.781  3.820 |  0.003+-0.187   0.070+-0.185   0.118+-0.183   0.116+-0.207
H  22956-22956    1   179780  3.825  3.820 |  0.321+-0.456   0.799+-2.205     nan+-nan     nan+-nan
H  22957-22957    1   174848  3.790  3.820 | -0.891+-0.514     nan+-nan     nan+-nan     nan+-nan
H  22958-22958    1   177260  3.818  3.820 |  0.210+-0.235   0.053+-0.116   0.053+-0.116   0.051+-0.113
H  22959-22961    3   290102  3.820  3.820 |  0.213+-0.405   0.228+-0.596  -0.223+-0.517   0.022+-0.777
H  22962-22962    1   169288  3.779  3.820 | -0.595+-2.094     nan+-nan  -1.094+-4.477     nan+-nan
H  22963-22963    1   170974  3.821  3.820 |  0.220+-0.377   0.148+-0.301   0.148+-0.301   0.155+-0.311
H  22964-22966    2   239332  3.898  3.820 | -0.681+-0.341     nan+-nan  -0.423+-0.216     nan+-nan
H  22967-22967    1   194407  3.844  3.820 | -0.939+-0.356  -0.005+-2.823  -1.598+-0.370     nan+-nan
H  22968-22968    1   184276  3.827  3.820 |    nan+-nan     nan+-nan     nan+-nan     nan+-nan
H  22969-22969    1   184560  3.846  3.820 |  0.636+-0.146   0.480+-0.141   0.418+-0.175   0.480+-0.141
H  22970-22970    1   176486  3.872  3.820 |    nan+-nan   0.160+-0.108     nan+-nan   0.160+-0.108
H  22971-22971    1   182105  3.818  3.820 | -0.187+-0.397   2.859+-0.454   3.065+-0.816  -1.032+-0.214
H  22972-22972    1   159082  3.879  3.820 |  0.245+-0.362  -0.183+-0.261  -0.151+-0.263   1.123+-3.981
H  22973-22973    1   159772  3.855  3.820 |  0.214+-0.773     nan+-nan   0.265+-0.165   0.259+-0.299
H  22974-22974    1   162643  3.875  3.820 | -0.688+-0.450  -0.488+-0.273  -0.446+-0.378     nan+-nan
H  22975-22975    1   180698  3.835  3.820 |    nan+-nan   0.025+-0.156   0.132+-0.290   0.174+-0.347
H  22976-22976    1   185343  3.871  3.820 | -0.121+-0.283   0.059+-0.242   0.007+-0.251   0.067+-0.253
H  22977-22977    1   179718  3.822  3.820 |    nan+-nan  -0.227+-0.281  -0.235+-0.320  -0.230+-0.295
H  22978-22978    1   172222  3.867  3.820 |  0.313+-1.358  -0.353+-0.313   2.761+-0.362  -0.285+-0.357
H  22979-22979    1   173998  3.825  3.820 | -0.238+-1.425     nan+-nan     nan+-nan  -0.216+-0.559
H  22980-22980    1   175913  3.837  3.820 |    nan+-nan     nan+-nan  -0.075+-0.384     nan+-nan
H  22981-22981    1   177331  3.872  3.820 |    nan+-nan   0.043+-1.528     nan+-nan   0.214+-0.787
H  22982-22982    1   176773  3.824  3.820 | -0.358+-0.402     nan+-nan     nan+-nan   0.134+-0.229
H  22983-22983    1   179730  3.857  3.820 | -0.220+-0.504  -0.473+-0.245  -0.471+-0.252  -0.471+-0.242
H  22984-22984    1   179497  3.877  3.820 |  1.482+-0.363   1.451+-0.665     nan+-nan     nan+-nan
H  22985-22985    1   177276  3.838  3.820 |    nan+-nan     nan+-nan     nan+-nan     nan+-nan
H  22986-22986    1   179244  3.855  3.820 | -0.502+-0.374  -0.514+-0.152  -0.486+-0.091  -0.516+-0.150
H  22987-22987    1   178335  3.859  3.820 |  0.135+-0.263   0.213+-0.187  -0.058+-0.045   0.213+-0.187
H  22988-22988    1   179176  3.826  3.820 |  0.064+-0.175   0.002+-0.177   0.020+-0.167   0.012+-0.164
H  22991-22991    1   238869  3.822  3.820 | -0.708+-0.520  -0.214+-26.741  -0.214+-26.741  -0.319+-0.188
H  22994-22994    1   182705  3.855  3.820 | -2.659+-0.031  -1.796+-0.273  -1.706+-0.074  -1.796+-0.274
H  22996-22996    1   177875  3.803  3.820 | -0.226+-0.319   2.951+-0.206   3.001+-0.191   2.956+-0.212
H  22997-22997    1   179294  3.827  3.820 |  0.176+-0.249   0.250+-0.215   0.243+-0.226   0.267+-0.222
H  22998-22998    1   177889  3.854  3.820 |    nan+-nan     nan+-nan  -0.194+-0.558     nan+-nan
H  22999-22999    1   174919  3.806  3.820 |  0.714+-0.207   0.682+-0.189   0.689+-0.164   0.653+-0.159
H  23000-23000    1   177120  3.852  3.820 |  0.857+-0.502   0.920+-0.375   0.834+-0.276   0.905+-0.406
H  23001-23001    1   167639  3.795  3.820 |  0.697+-0.362  -0.065+-0.103  -0.059+-0.101  -0.064+-0.103
H  23002-23002    1   174189  3.862  3.820 | -0.244+-0.074  -0.564+-0.256  -0.723+-0.239  -0.535+-0.268
H  23003-23003    1   170886  3.804  3.820 |  2.133+-0.114   0.455+-0.213   2.264+-0.132   0.453+-0.213
H  23004-23004    1   173595  3.861  3.820 |    nan+-nan  -0.815+-0.410  -0.762+-0.440  -0.784+-0.565
H  23005-23005    1   165689  3.805  3.820 | -0.077+-0.336  -0.244+-0.206     nan+-nan  -0.253+-0.213
H  23006-23006    1   170075  3.850  3.820 | -0.105+-0.493   0.088+-0.439  -0.023+-0.464  -0.149+-0.427
H  23007-23007    1   167553  3.863  3.820 |    nan+-nan  -0.069+-0.057     nan+-nan  -0.069+-0.057
H  23008-23008    1   167131  3.836  3.820 |  0.155+-0.136   0.105+-0.105   0.092+-0.120   0.106+-0.105
H  23009-23009    1   167314  3.842  3.820 |    nan+-nan  -0.861+-0.434   1.189+-0.085  -1.061+-0.067
H  23010-23010    1   170547  3.834  3.820 |    nan+-nan  -2.329+-0.510  -2.344+-0.481  -2.371+-0.400
H  23011-23011    1   167439  3.836  3.820 | -0.574+-0.226  -0.733+-0.053  -0.753+-0.050  -0.733+-0.053
H  23012-23012    1   171713  3.845  3.820 | -0.239+-0.409     nan+-nan   0.146+-3.059   2.239+-0.076
H  23014-23018    4   200113  3.851  3.820 |    nan+-nan  -0.778+-0.667   1.123+-6.624  -1.605+-0.354
H  23019-23020    2   176566  3.813  3.820 |    nan+-nan   0.236+-0.302   0.447+-0.566   0.449+-0.573
H  23021-23022    2   177425  3.815  3.820 |  0.325+-0.180     nan+-nan     nan+-nan     nan+-nan
H  23023-23024    2   171174  3.810  3.820 |    nan+-nan   0.110+-0.347     nan+-nan   2.231+-0.158
H  23025-23026    2   169191  3.810  3.820 | -0.067+-0.192   0.018+-0.166   0.021+-0.164   0.021+-0.164
H  23027-23030    2   165708  3.802  3.820 |  0.107+-0.220  -0.067+-0.213  -0.106+-0.216  -0.061+-0.221
H  23031-23032    2   166917  3.808  3.820 |    nan+-nan  -0.141+-0.189     nan+-nan  -0.144+-0.183
H  23033-23034    2   167526  3.816  3.820 |  0.490+-0.166   0.448+-0.186   0.409+-0.175   0.429+-0.173
H  23035-23036    2   163955  3.822  3.820 |  2.091+-0.124     nan+-nan     nan+-nan   2.652+-0.723
H  23037-23039    3   231338  3.822  3.820 |  0.002+-0.391  -0.200+-0.267  -0.160+-0.261   0.104+-0.627
H  23041-23041    1   198630  3.879  3.820 | -0.674+-0.373   2.793+-0.030   2.325+-0.675   2.793+-0.030
H  23042-23043    2   181054  3.820  3.820 | -0.518+-0.478  -0.085+-0.258  -0.066+-0.242  -0.065+-0.241
H  23044-23045    2   178748  3.816  3.820 |  0.307+-0.373  -0.087+-0.246  -0.095+-0.266  -0.086+-0.245
H  23046-23047    2   198841  3.812  3.820 |    nan+-nan     nan+-nan   0.340+-0.124     nan+-nan
H  23048-23049    2   183830  3.817  3.820 | -0.466+-0.390  -0.476+-0.121  -0.476+-0.121  -0.476+-0.121
H  23050-23051    2   195593  3.815  3.820 |    nan+-nan  -0.033+-0.085  -0.015+-0.093  -0.033+-0.085
H  23053-23055    3   228884  3.820  3.820 |  2.483+-1.032   2.741+-0.985     nan+-nan   2.740+-0.119
H  23056-23057    2   160080  3.814  3.820 |  0.017+-0.681  -0.818+-0.289  -0.734+-0.302  -0.723+-0.382
H  23058-23059    2   160492  3.809  3.820 |  0.014+-0.115  -0.212+-0.131  -0.206+-0.135  -0.212+-0.132
H  23060-23061    2   158545  3.822  3.820 |  0.455+-0.368   0.163+-0.321   0.163+-0.321   0.206+-0.334
H  23062-23063    2   156861  3.833  3.820 |  0.995+-0.282   0.567+-0.285   0.556+-0.257   0.577+-0.278
H  23065-23066    2   189171  3.774  3.820 |    nan+-nan   0.046+-0.776   0.303+-0.692   0.223+-1.457
H  23067-23068    2   154971  3.812  3.820 |  0.531+-0.346   0.166+-0.101   0.177+-0.117   0.165+-0.099
H  23069-23070    2   162401  3.823  3.820 |  1.218+-29.935     nan+-nan     nan+-nan     nan+-nan
H  23071-23072    2   168499  3.797  3.820 |    nan+-nan     nan+-nan     nan+-nan   0.292+-5.721
H  23073-23074    2   171638  3.819  3.820 |  0.174+-0.227     nan+-nan     nan+-nan     nan+-nan
H  23076-23077    2   163595  3.817  3.820 | -2.646+-0.731     nan+-nan   3.395+-0.771     nan+-nan
H  23078-23079    2   175976  3.840  3.820 |    nan+-nan  -0.145+-0.352  -0.075+-0.382  -0.387+-0.439
H  23080-23081    2   165612  3.838  3.820 | -0.458+-0.148     nan+-nan     nan+-nan   2.301+-0.060
H  23082-23083    2   158932  3.796  3.820 |    nan+-nan     nan+-nan     nan+-nan     nan+-nan
H  23087-23087    1   162183  3.893  3.820 |  0.560+-0.295   1.150+-14.677   0.367+-0.494     nan+-nan
H  23089-23090    2   168874  3.818  3.820 | -0.148+-0.199   3.291+-0.202   3.291+-0.202   3.343+-0.228
H  23091-23092    2   163673  3.814  3.820 |    nan+-nan     nan+-nan     nan+-nan  -2.014+-0.080
H  23093-23094    2   160910  3.807  3.820 |  0.535+-0.404     nan+-nan     nan+-nan   0.220+-0.456
H  23095-23096    2   165338  3.791  3.820 | -0.141+-0.335     nan+-nan  -0.169+-0.332  -0.321+-0.189
H  23097-23098    2   186367  3.779  3.820 |    nan+-nan   0.058+-0.088   0.133+-0.079   0.058+-0.088
H  23099-23100    2   189193  3.812  3.820 |  0.482+-0.266   0.202+-0.216   0.236+-0.211   0.207+-0.210
H  23101-23103    2   294116  3.848  3.820 |  0.605+-0.468  -0.034+-0.230  -0.071+-0.224     nan+-nan
H  23104-23106    3   183563  3.814  3.820 |  0.061+-0.311  -0.196+-0.217  -0.182+-0.185  -0.175+-0.165
H  23107-23110    4   202334  3.826  3.820 | -0.328+-0.191  -0.278+-0.125  -0.286+-0.105  -0.237+-0.129
H  23111-23128    6   231160  3.818  3.820 |  0.757+-1.286     nan+-nan   0.393+-0.696     nan+-nan
H  23129-23133    3   160900  3.795  3.820 |  0.197+-0.837   0.521+-0.123   0.585+-0.135   0.521+-0.123
H  23135-23136    2   154350  3.826  3.820 | -2.138+-0.195  -2.200+-0.068  -2.188+-0.074  -2.200+-0.068
H  23138-23138    1   181830  3.879  3.820 | -0.226+-1.067   0.292+-3.304   0.643+-3.702     nan+-nan
H  23139-23140    2   167522  3.827  3.820 |    nan+-nan   0.226+-0.173   0.235+-0.197   0.225+-0.175
H  23141-23142    2   160457  3.833  3.820 | -2.231+-0.044  -2.193+-0.293  -2.140+-0.328  -2.193+-0.293
H  23143-23144    2   157829  3.841  3.820 | -0.864+-0.497     nan+-nan  -1.458+-0.231  -1.454+-0.244
H  23145-23146    2   154932  3.856  3.820 |  0.683+-0.572   0.106+-0.126   0.072+-0.114   0.106+-0.126
H  23147-23148    2   155431  3.864  3.820 |  0.010+-0.247  -0.299+-0.048  -0.365+-0.050  -0.299+-0.048
H  23149-23150    2   157568  3.853  3.820 | -0.371+-0.339  -0.407+-0.374     nan+-nan  -0.428+-0.379
H  23151-23152    2   162927  3.871  3.820 |    nan+-nan   0.006+-0.259     nan+-nan  -0.022+-0.287
H  23153-23154    2   170101  3.839  3.820 | -0.205+-0.279  -0.240+-0.059  -0.268+-0.059  -0.240+-0.059
H  23155-23156    2   166852  3.827  3.820 | -0.808+-0.062  -1.156+-0.307  -1.097+-0.180  -1.174+-0.340
H  23157-23158    2   167414  3.826  3.820 |  1.813+-1.203  -1.602+-0.285  -1.593+-0.284  -1.625+-0.277
H  23159-23160    2   166169  3.823  3.820 | -0.325+-0.134  -0.342+-0.097  -0.330+-0.106  -0.346+-0.093
H  23161-23163    2   207960  3.815  3.820 |  0.355+-0.879   1.764+-9.836   0.147+-3.228     nan+-nan
H  23164-23166    2   161077  3.817  3.820 | -0.464+-0.224  -0.506+-0.215  -0.506+-0.215  -0.500+-0.276
H  23167-23168    2   162998  3.803  3.820 |    nan+-nan     nan+-nan   0.313+-0.320     nan+-nan
H  23169-23170    2   159365  3.801  3.820 |  0.079+-0.405  -0.182+-0.383  -0.188+-0.376  -0.157+-0.350
H  23171-23172    2   164692  3.802  3.820 |  0.484+-15.407  -0.184+-0.550     nan+-nan   0.117+-0.370
H  23173-23174    2   154299  3.805  3.820 | -0.366+-0.279  -0.272+-0.170  -0.264+-0.170  -0.276+-0.174
H  23175-23176    2   168543  3.804  3.820 | -0.125+-0.184  -0.366+-0.149  -0.347+-0.152  -0.350+-0.156
H  23177-23178    2   165669  3.804  3.820 | -0.652+-0.112  -0.406+-0.190  -0.349+-0.182  -0.407+-0.190
H  23179-23180    2   164880  3.798  3.820 |    nan+-nan     nan+-nan   3.898+-1.311   3.028+-0.363
H  23181-23182    2   159663  3.822  3.820 |    nan+-nan     nan+-nan     nan+-nan     nan+-nan
H  23183-23184    2   158734  3.816  3.820 |    nan+-nan     nan+-nan     nan+-nan   0.540+-0.181
H  23185-23186    2   163314  3.813  3.820 |  0.950+-0.926   0.305+-0.328   0.224+-0.358   0.285+-0.369
H  23187-23188    2   159424  3.805  3.820 |    nan+-nan  -0.252+-0.451  -0.183+-0.498  -0.228+-0.348
H  23189-23190    2   159251  3.809  3.820 |  0.133+-0.267   0.152+-0.209   0.118+-0.185   0.175+-0.217
H  23192-23192    1   173061  3.909  3.820 |    nan+-nan   0.098+-0.238  -0.006+-0.266   0.094+-0.251
H  23193-23194    2   160992  3.831  3.820 |  0.026+-0.193  -0.236+-0.225  -0.249+-0.236  -0.231+-0.228
H  23195-23196    2   157873  3.842  3.820 | -0.855+-0.731     nan+-nan   2.631+-0.484     nan+-nan
H  23197-23198    2   156536  3.838  3.820 | -0.673+-0.217  -0.455+-0.053  -0.462+-0.049  -0.455+-0.053
H  23199-23200    2   162385  3.836  3.820 |  0.461+-0.273   0.311+-0.305   0.108+-0.242   0.191+-0.217
H  23201-23202    2   153609  3.840  3.820 | -0.407+-0.992   1.044+-1.830   0.589+-0.998     nan+-nan
H  23203-23204    2   170678  3.853  3.820 | -0.193+-0.307  -0.326+-0.368  -0.420+-0.467  -0.275+-0.327
H  23205-23207    3   181803  3.824  3.820 |  0.203+-0.757     nan+-nan     nan+-nan     nan+-nan
H  23208-23209    2   178082  3.809  3.820 |    nan+-nan  -3.539+-0.329     nan+-nan     nan+-nan
H  23210-23211    2   171156  3.811  3.820 |  1.599+-0.497     nan+-nan     nan+-nan     nan+-nan
H  23212-23214    2   224992  3.787  3.820 |  0.264+-0.208   0.149+-0.162   0.151+-0.169   0.148+-0.162
H  23216-23217    2   168308  3.805  3.820 |  1.292+-2.658  -0.281+-0.279  -0.309+-0.353  -0.219+-0.220
H  23218-23219    2   170220  3.826  3.820 |    nan+-nan     nan+-nan     nan+-nan     nan+-nan
H  23220-23221    2   167171  3.806  3.820 | -1.835+-0.468  -2.337+-0.335  -2.368+-0.340  -2.319+-0.310
H  23222-23223    2   167942  3.828  3.820 |  0.185+-0.392  -0.090+-0.262  -0.106+-0.356     nan+-nan
H  23224-23225    2   167582  3.838  3.820 |  1.049+-1.219     nan+-nan     nan+-nan   2.422+-0.071
H  23227-23229    3   153411  3.836  3.820 |  0.120+-0.304  -0.025+-0.265  -0.003+-0.354  -0.018+-0.216
H  23230-23232    3   224806  3.851  3.820 |    nan+-nan   0.385+-0.163   0.380+-0.172   0.347+-0.142
H  23233-23235    2   231063  3.893  3.820 | -0.855+-0.369  -0.741+-0.279  -0.902+-0.222  -0.813+-0.257
H  23236-23237    2   150328  3.831  3.820 |    nan+-nan  -0.541+-0.153  -0.583+-0.175  -0.545+-0.151
H  23238-23239    2   150141  3.837  3.820 |  1.234+-9.681  -0.538+-0.587     nan+-nan     nan+-nan
H  23240-23241    2   151537  3.832  3.820 |  0.305+-0.057  -0.228+-0.268  -0.300+-0.252  -0.204+-0.290
H  23242-23243    2   150284  3.829  3.820 | -1.772+-0.166   3.112+-0.848     nan+-nan   3.113+-1.099
H  23244-23246    3   225389  3.814  3.820 |  2.749+-5.969   1.627+-9.878   0.811+-1.501     nan+-nan
H  23247-23255    4   155185  3.795  3.820 | -0.597+-0.123  -0.658+-0.129  -0.583+-0.129  -0.659+-0.129
H  23256-23257    2   151387  3.803  3.820 | -0.134+-0.234   0.179+-0.166   0.150+-0.169   0.180+-0.166
H  23258-23259    2   170158  3.812  3.820 | -0.060+-0.098  -0.154+-0.069  -0.132+-0.073  -0.154+-0.069
H  23261-23262    2   191739  3.795  3.820 |  0.377+-0.307   0.235+-0.285   0.264+-0.382   0.139+-0.220
H  23263-23264    2   179777  3.793  3.820 | -0.002+-0.090  -0.062+-0.171  -0.051+-0.150  -0.065+-0.168
H  23265-23268    3   305102  3.827  3.820 |  0.030+-0.089   0.116+-0.153   0.102+-0.176   0.116+-0.154
H  23269-23270    2   179034  3.848  3.820 |    nan+-nan   0.114+-0.038   0.210+-0.099   0.114+-0.038
H  23271-23272    2   156124  3.850  3.820 |  1.409+-0.340   1.741+-0.454     nan+-nan   1.495+-0.581
H  23273-23274    2   155698  3.850  3.820 |    nan+-nan   2.296+-0.437     nan+-nan   2.349+-0.562
H  23275-23276    2   170328  3.831  3.820 | -0.206+-0.234  -0.022+-0.176  -0.008+-0.170     nan+-nan
H  23277-23278    2   162080  3.832  3.820 |  0.926+-0.375     nan+-nan   0.438+-0.237     nan+-nan
H  23279-23280    2   158286  3.836  3.820 | -2.712+-1.152   0.304+-0.200  -2.212+-0.505   0.309+-0.193
H  23281-23283    2   249070  3.867  3.820 | -0.408+-0.309   0.317+-1.146  -0.215+-0.398  -0.593+-1.076
H  23284-23285    2   155735  3.824  3.820 |    nan+-nan     nan+-nan   0.305+-0.297   0.242+-0.789
H  23286-23288    3   154865  3.820  3.820 |  0.095+-1.301     nan+-nan     nan+-nan   0.050+-0.424
H  23289-23290    2   153711  3.816  3.820 | -0.273+-0.332     nan+-nan     nan+-nan     nan+-nan
H  23291-23292    2   150215  3.837  3.820 |    nan+-nan   1.294+-0.170   1.271+-0.160   1.294+-0.170
H  23293-23294    2   153256  3.840  3.820 | -1.450+-0.275  -1.549+-0.200  -1.560+-0.204  -1.517+-0.201
H  23295-23296    2   150194  3.840  3.820 |  0.212+-0.044  -0.118+-0.205  -0.119+-0.189  -0.123+-0.202
H  23297-23299    3   218553  3.844  3.820 | -0.271+-0.539  -0.685+-0.389  -0.543+-0.794  -1.060+-0.291
H  23300-23302    3   221129  3.832  3.820 |    nan+-nan     nan+-nan   1.818+-0.442     nan+-nan
H  23303-23304    2   159145  3.860  3.820 |  0.158+-0.268   0.486+-0.368   0.316+-0.330   0.395+-0.314
H  23305-23306    2   156694  3.857  3.820 |    nan+-nan     nan+-nan   0.669+-0.453   0.642+-0.545
H  23308-23309    2   157934  3.833  3.820 |    nan+-nan  -0.139+-0.357  -0.204+-0.379  -0.242+-0.326
H  23311-23312    2   185697  3.827  3.820 | -0.351+-0.373     nan+-nan   0.225+-0.248   0.194+-0.244
H  23313-23315    3   213967  3.815  3.820 | -0.827+-1.082  -0.311+-0.268  -0.244+-0.263  -0.289+-0.257
H  23317-23319    3   208497  3.819  3.820 |  0.413+-0.293   0.411+-0.142   0.424+-0.137   0.430+-0.128
H  23320-23322    3   226309  3.804  3.820 |    nan+-nan     nan+-nan     nan+-nan     nan+-nan
H  23323-23324    2   158556  3.803  3.820 | -1.499+-0.223  -1.259+-0.170  -1.241+-0.172  -1.262+-0.167
H  23325-23326    2   156961  3.836  3.820 | -1.164+-0.445     nan+-nan     nan+-nan     nan+-nan
H  23327-23328    2   152962  3.862  3.820 | -2.013+-0.315  -1.846+-0.365  -2.064+-0.309  -1.959+-0.287
H  23329-23330    2   154165  3.862  3.820 |    nan+-nan     nan+-nan     nan+-nan     nan+-nan
H  23331-23332    2   151976  3.851  3.820 | -0.003+-0.122   0.023+-0.106  -0.031+-0.115   0.023+-0.106
H  23333-23334    2   150019  3.847  3.820 |    nan+-nan   1.477+-0.485   1.663+-0.487   1.445+-0.388
H  23335-23337    2   237659  3.890  3.820 | -0.414+-0.415  -0.483+-0.352  -0.614+-0.367  -0.401+-0.494
H  23338-23339    2   150050  3.854  3.820 |  1.216+-0.119   1.186+-0.108   1.185+-0.111   1.186+-0.108
H  23340-23342    3   220994  3.845  3.820 |    nan+-nan   0.773+-0.404   0.879+-0.668   0.682+-0.598
H  23343-23345    3   221139  3.837  3.820 | -0.222+-0.369  -0.447+-0.222  -0.484+-0.221  -0.457+-0.218
H  23346-23349    3   221153  3.842  3.820 |  0.099+-0.366  -0.276+-0.368  -0.421+-0.400   0.260+-1.621
H  23350-23352    3   224233  3.835  3.820 |  0.526+-0.224     nan+-nan     nan+-nan   0.462+-0.240
H  23353-23354    2   154611  3.866  3.820 |  0.397+-0.139   0.423+-0.175   0.409+-0.158     nan+-nan
H  23355-23357    3   193820  3.851  3.820 |  0.108+-0.201  -0.002+-0.123  -0.075+-0.125  -0.011+-0.119
H  23358-23359    2   155169  3.810  3.820 | -2.161+-0.355     nan+-nan     nan+-nan     nan+-nan
H  23360-23362    2   203235  3.810  3.820 |  1.488+-0.550     nan+-nan     nan+-nan     nan+-nan
H  23363-23364    2   150838  3.814  3.820 |    nan+-nan  -0.087+-0.244  -0.087+-0.244  -0.087+-0.244
H  23365-23367    3   219478  3.820  3.820 | -0.233+-0.424   2.705+-0.166   2.705+-0.166   2.705+-0.166
H  23368-23370    3   220081  3.829  3.820 |  0.625+-0.388   0.166+-0.484   0.079+-0.634   0.074+-0.797
H  23371-23373    3   221977  3.821  3.820 |  0.312+-0.318  -0.299+-0.306  -0.331+-0.286  -0.365+-0.283
H  23374-23375    2   150723  3.826  3.820 |    nan+-nan   0.020+-0.247   0.064+-0.256  -0.018+-0.215
H  23376-23381    3   229788  3.850  3.820 |  0.719+-0.322   0.301+-0.187   0.279+-0.187   0.295+-0.188
H  23382-23383    2   156980  3.812  3.820 |  0.063+-0.097   0.052+-0.079   0.056+-0.080   0.052+-0.079
H  23385-23386    2   151561  3.806  3.820 |  0.242+-0.361   0.951+-2.691   0.260+-0.352     nan+-nan
H  23387-23389    2   241476  3.843  3.820 |  0.064+-0.390  -0.071+-0.316  -0.060+-0.233   0.244+-1.001
H  23390-23392    2   150231  3.806  3.820 |  0.206+-0.355     nan+-nan   3.705+-0.600     nan+-nan
H  23393-23397    3   224534  3.818  3.820 | -0.203+-0.691   0.262+-0.193   0.266+-0.195   0.153+-0.127
H  23398-23400    3   221189  3.834  3.820 | -0.211+-0.442  -0.077+-0.206  -0.038+-0.209  -0.041+-0.188
H  23401-23403    3   174659  3.826  3.820 | -0.021+-0.280   0.004+-0.261  -0.139+-0.213   0.003+-0.262
H  23404-23418   15   188478  3.816  3.820 | -0.149+-0.123  -0.050+-0.081  -0.029+-0.091  -0.034+-0.079
H  23419-23421    3   202393  3.807  3.820 |  0.051+-0.203   0.025+-0.249   0.053+-0.276  -0.069+-0.195
H  23422-23424    3   191714  3.849  3.820 |    nan+-nan     nan+-nan  -0.250+-0.378  -0.283+-0.350
H  23425-23433    4   154535  3.828  3.820 |    nan+-nan     nan+-nan     nan+-nan   0.282+-10.346
H  23434-23435    2   167516  3.799  3.820 |  1.372+-0.535   0.130+-0.111     nan+-nan   0.130+-0.111
H  23436-23437    2   164232  3.813  3.820 | -0.220+-0.427   2.829+-0.430     nan+-nan   2.991+-0.252
H  23438-23440    3   157669  3.839  3.820 | -0.155+-0.213   0.023+-0.871  -0.158+-0.443  -0.142+-0.416
H  23441-23444    4   152031  3.849  3.820 | -0.126+-0.269  -0.113+-0.287  -0.116+-0.307  -0.119+-0.271
H  23445-23471   15   172809  3.838  3.820 | -0.115+-0.093  -0.172+-0.108  -0.239+-0.098  -0.217+-0.102
H  23472-23476    5   176917  3.830  3.820 |    nan+-nan   0.936+-0.583     nan+-nan   1.225+-0.039
H  23477-23481    5   171835  3.803  3.820 |  0.026+-0.913   0.518+-0.204     nan+-nan     nan+-nan
H  23482-23485    3   263281  3.805  3.820 | -0.253+-0.360  -0.431+-0.297  -0.080+-1.323  -0.433+-0.288
H  23486-23490    5   168807  3.812  3.820 | -0.239+-0.373  -0.206+-0.193     nan+-nan     nan+-nan
H  23491-23495    5   156187  3.825  3.820 |  0.250+-0.146  -3.382+-0.113  -3.424+-0.104  -3.382+-0.113
H  23496-23501    6   178397  3.829  3.820 | -0.125+-0.339  -0.270+-0.284  -0.333+-0.342  -0.242+-0.293
H  23502-23507    6   169376  3.789  3.820 |    nan+-nan  -0.511+-0.757  -0.274+-1.742  -0.725+-0.464
H  23508-23510    2   219749  3.839  3.820 |  0.488+-0.058   0.436+-0.214   0.388+-0.184   0.432+-0.215
H  23511-23516    6   176963  3.810  3.820 |  0.082+-0.151   0.025+-0.133  -0.014+-0.145   0.025+-0.133
H  23517-23521    5   157566  3.824  3.820 |  0.334+-0.505   2.767+-0.146     nan+-nan   2.767+-0.146
H  23522-23527    6   174912  3.808  3.820 | -0.268+-0.904     nan+-nan  -0.012+-0.102     nan+-nan
H  23528-23534    6   177303  3.790  3.820 |    nan+-nan   2.277+-0.049   0.223+-0.248   2.277+-0.049
H  23536-23536    1   155379  3.794  3.820 |    nan+-nan     nan+-nan   2.387+-0.026   2.368+-0.026
H  23537-23543    6   179181  3.812  3.820 |    nan+-nan  -2.196+-0.370  -2.239+-0.346  -2.275+-0.460
H  23544-23548    5   152437  3.838  3.820 |    nan+-nan  -0.026+-0.705     nan+-nan   2.851+-0.458
H  23549-23554    6   171554  3.814  3.820 | -0.299+-0.140   2.678+-0.374     nan+-nan   2.885+-0.561
H  23555-23560    5   294673  3.849  3.820 |  0.179+-0.381  -0.163+-0.656  -0.433+-0.439  -0.460+-0.309
H  23561-23567    6   169501  3.829  3.820 |  0.244+-0.679   0.027+-0.389  -0.132+-0.416  -0.021+-0.587
H  23574-23579    4   159448  3.845  3.820 | -0.637+-0.506  -0.596+-0.227  -0.749+-0.248  -0.542+-0.229
H  23580-23587    7   170933  3.840  3.820 |    nan+-nan   2.804+-0.336   2.780+-0.741   2.899+-0.282
H  23588-23593    3   123824  3.857  3.820 | -1.377+-0.333  -0.746+-0.056     nan+-nan  -0.745+-0.056
H  23597-23603    6   173515  1.895  1.820 |  0.573+-0.339   0.801+-0.641  -2.104+-17.213   2.128+-16.170
H  23604-23609    6   174485  1.893  1.820 |    nan+-nan  -0.497+-0.288  -0.633+-0.383  -0.646+-0.361
H  23610-23613    3   191787  1.901  1.820 |    nan+-nan  -0.060+-0.883     nan+-nan     nan+-nan
H  23614-23619    6   162531  1.898  1.820 | -0.556+-0.485  -1.642+-0.058  -1.726+-0.053  -1.725+-0.061
H  23620-23625    6   163734  1.887  1.820 |  0.079+-0.098  -0.083+-0.251  -0.118+-0.282  -0.196+-0.291
H  23626-23631    6   173836  1.885  1.820 | -0.006+-0.183   0.084+-0.288   0.078+-0.320   0.072+-0.334
H  23632-23638    6   330050  1.922  1.820 |  0.574+-0.429   1.121+-0.337   1.126+-0.368     nan+-nan
H  23639-23644    6   170837  1.866  1.820 | -0.114+-0.132  -0.094+-0.147  -0.111+-0.145  -0.076+-0.141
H  23645-23651    6   180480  1.842  1.820 | -0.905+-0.453     nan+-nan     nan+-nan  -0.701+-0.863
H  23652-23656    5   157752  1.822  1.820 |  0.229+-0.138   0.272+-0.460   0.253+-0.447   0.200+-0.372
H  23657-23662    5   279454  1.833  1.820 |  0.031+-0.260   0.119+-0.294   0.104+-0.290  -0.008+-0.251
H  23663-23667    5   153200  1.831  1.820 |  0.299+-0.046  -0.113+-0.402  -0.024+-0.366     nan+-nan
H  23668-23672    5   150638  1.810  1.820 |    nan+-nan   0.434+-0.398   0.311+-0.262   0.289+-0.230
H  23673-23677    5   156358  1.794  1.820 |  0.533+-0.629  -0.276+-0.333  -0.247+-0.344  -0.268+-0.322
H  23678-23682    5   155526  1.817  1.820 |    nan+-nan     nan+-nan     nan+-nan   0.018+-0.096
H  23683-23686    3   266262  1.843  1.820 |    nan+-nan     nan+-nan  -0.492+-0.272     nan+-nan
H  23687-23691    5   150510  1.811  1.820 |    nan+-nan   0.790+-0.100   0.773+-0.100   0.790+-0.100
H  23692-23697    6   176636  1.787  1.820 |  0.431+-0.363     nan+-nan   0.472+-0.280     nan+-nan
H  23698-23703    6   152877  1.771  1.820 | -0.674+-0.645  -0.364+-0.776     nan+-nan     nan+-nan
H  23704-23710    6   262575  1.746  1.820 | -0.169+-0.246  -0.253+-0.982  -1.508+-0.096     nan+-nan
H  23711-23716    6   168158  1.771  1.820 | -0.213+-0.203  -0.371+-0.163  -0.325+-0.162  -0.239+-0.152
H  23717-23738   13   155570  1.730  1.820 | -0.242+-0.149  -0.286+-0.181  -0.250+-0.174  -0.230+-0.175
H  23740-23746    6   179333  1.730  1.820 | -0.250+-0.107  -0.339+-0.086  -0.236+-0.096  -0.253+-0.080
H  23747-23756    3   172147  1.764  1.820 | -0.301+-0.202  -0.254+-0.168  -0.156+-0.150  -0.092+-0.162
H  23757-23758    2   191853  1.778  1.820 | -0.064+-0.313  -0.101+-0.361  -0.097+-0.262  -0.232+-0.217
H  23759-23761    3   196096  1.808  1.820 |    nan+-nan     nan+-nan     nan+-nan     nan+-nan
H  23762-23764    3   212540  1.785  1.820 |  0.403+-0.288  -0.224+-0.376  -0.101+-0.471   0.452+-0.549
H  23767-23767    1   166771  1.771  1.820 | -0.366+-0.184  -0.310+-0.267  -0.385+-0.233  -0.293+-0.324
H  23768-23772    5   151395  1.768  1.820 |  1.017+-1.648     nan+-nan  -0.274+-0.484  -0.202+-0.312
H  23773-23779    7   150350  1.784  1.820 |  1.010+-0.867     nan+-nan   0.540+-0.682     nan+-nan
H  23781-23781    1   157023  1.773  1.820 |  0.114+-0.304  -0.103+-0.299  -0.154+-0.272  -0.039+-0.336
H  23782-23789    8   162911  1.776  1.820 | -1.088+-0.095     nan+-nan     nan+-nan     nan+-nan
H  23790-23795    6   120654  1.793  1.820 | -0.117+-0.588  -0.241+-0.196  -0.237+-0.189  -0.250+-0.184
