#Wed May 28 15:57:03 2025
# Copy file into sbs-onl@sbsvtp#:~/cfg/pedestals for online pedestal subtraction
# format = APV        crate       slot       mpd_id       adc_ch followed by 
# APV channel number      pedestal mean      pedestal rms 
APV               11              11               1               0
               0           87.23           37.81
               1          -32.92           33.47
               2          -57.69           33.28
               3          -142.1           16.56
               4          -71.92           10.42
               5          -42.37           11.81
               6          -16.37           20.09
               7            29.3           11.89
               8          -42.43           8.284
               9          -23.27           13.89
              10          -16.28           12.23
              11           22.12           10.77
              12          -35.17           9.448
              13          -14.06           17.83
              14            10.7           12.42
              15           52.66            9.86
              16          -24.83           11.79
              17          -39.81           8.503
              18          -15.33           33.22
              19           18.23           9.467
              20           -35.7            10.7
              21          -44.66           10.36
              22          -14.15            14.4
              23           21.02           8.112
              24          -43.22           9.104
              25          -24.69           14.39
              26          -13.06           11.69
              27           40.17           8.264
              28          -39.78           8.373
              29           -26.1           23.92
              30          -7.021           10.03
              31           72.68           8.814
              32          -15.04           11.51
              33           -19.1           11.91
              34           1.434            15.2
              35           39.06           13.22
              36          -35.77           9.202
              37          -12.28           13.41
              38           4.659            14.6
              39           50.14           10.81
              40          -35.98           8.847
              41          -12.92           14.36
              42            14.1           14.47
              43           57.57           10.72
              44          -32.91           12.85
              45          -3.713           17.62
              46           14.06            10.4
              47           67.18           10.15
              48          -17.36            14.1
              49          -45.56           9.034
              50           -9.12           24.76
              51           21.59           9.063
              52           -39.8           10.18
              53          -17.53           11.76
              54          -2.569           13.62
              55           47.45           8.038
              56          -35.66           8.899
              57          -28.04            17.8
              58          -6.388           11.17
              59           57.16            8.28
              60          -42.49           8.327
              61          -28.85           31.14
              62          -1.487            9.67
              63           98.83           9.364
              64          -34.47           10.96
              65          -14.58           8.333
              66           24.65           22.44
              67           26.16           14.73
              68          -46.03           9.208
              69          -7.318           9.348
              70          0.2023           16.83
              71           29.16           10.91
              72          -15.91           8.628
              73          -5.318           8.712
              74           10.35           13.98
              75           55.04           10.45
              76          -16.94           9.273
              77          -4.824           8.641
              78            21.2              12
              79           93.69           10.92
              80          -44.14           13.81
              81           -41.3           7.862
              82           5.114           18.85
              83           18.23           7.949
              84          -49.63           11.01
              85          -24.27           7.601
              86           7.146           11.16
              87            35.4           7.649
              88          -50.69            9.15
              89            4.49           10.44
              90           19.29           9.137
              91           64.26           8.662
              92          -20.92           8.153
              93          -25.47           16.39
              94           17.26           8.278
              95           94.93           9.824
              96          -7.709           9.773
              97          -28.72           9.446
              98           12.49           19.17
              99           14.52           13.75
             100          -33.61            9.23
             101           -13.5           9.968
             102           10.18           14.29
             103           52.86            10.5
             104          -37.78           8.769
             105           -14.3            9.08
             106           1.445           13.74
             107           60.88           10.81
             108           2.802           9.006
             109              17           8.809
             110           42.95            14.1
             111           119.1           11.12
             112          -22.24           13.66
             113          -25.04           7.661
             114           -6.87           16.53
             115           4.782            7.96
             116           -33.1           10.23
             117           -22.9           7.546
             118           19.73           10.45
             119           51.16           7.717
             120          -36.15           8.507
             121          -10.82            10.5
             122           14.79           8.601
             123           55.57            8.94
             124          -32.66           7.895
             125          -4.347           22.59
             126           38.62           8.646
             127           123.7           10.59
APV               11              11               1               1
               0           77.44           38.71
               1          -49.49           33.55
               2          -39.61            32.1
               3          -141.3           13.48
               4          -80.34           10.98
               5          -51.57           9.448
               6          -25.49           13.85
               7           29.84           9.896
               8          -54.29           8.903
               9          -25.99           10.13
              10           5.515           9.607
              11           44.85           9.625
              12          -57.44           9.442
              13          -28.62           10.86
              14           20.26           9.446
              15           70.86           9.871
              16          -9.248           19.88
              17          -37.72           8.391
              18          -23.17           23.93
              19           3.166           9.406
              20          -37.84           10.89
              21          -46.02           8.554
              22          -9.489           12.38
              23           43.61           8.507
              24          -51.29           9.397
              25          -21.89           9.379
              26           19.44           10.66
              27           63.64            8.56
              28          -48.27           8.621
              29          -27.18           12.88
              30           18.08           9.851
              31           61.29           9.165
              32          -7.225           13.06
              33          -20.57           9.481
              34          -21.31           10.05
              35           19.43           10.09
              36          -31.59           9.994
              37           -22.6           9.869
              38           2.634           10.14
              39           42.41           9.494
              40           -36.7           9.447
              41          -39.15           9.604
              42           18.45           10.74
              43           66.21           9.659
              44          -53.08           10.12
              45          -1.669           9.593
              46           14.34           8.703
              47           73.88           10.13
              48             -16           19.17
              49           -26.7           8.362
              50           2.309           18.83
              51           12.22           9.058
              52          -38.78           10.58
              53          -34.82           8.733
              54           6.602           11.61
              55           36.64           8.536
              56           -53.2           9.212
              57          -17.14           10.49
              58         -0.1596           10.44
              59           69.01           8.649
              60           -35.3           8.323
              61          -33.31           15.52
              62            20.8            9.23
              63           74.38           9.697
              64          -22.32           16.43
              65          -17.47           7.821
              66           7.919           15.51
              67           43.04           11.07
              68          -28.32           10.46
              69          -19.65           7.948
              70           22.74           12.77
              71           58.76           9.475
              72          -36.74           9.237
              73           3.038           7.908
              74           6.025           10.77
              75           66.15           9.711
              76          -23.87            8.38
              77             -42           8.256
              78           36.05           9.894
              79            85.1           10.61
              80          -33.55           13.46
              81           -22.6           8.495
              82           -7.48           14.14
              83           34.82           8.049
              84          -45.31           11.67
              85          -13.26           7.797
              86         -0.5941           9.257
              87           22.28           7.879
              88           -65.4           9.603
              89          -19.28             8.9
              90          -6.815           8.523
              91           66.37            8.77
              92          -29.09           8.661
              93          -13.94           12.43
              94           20.01           8.126
              95             110           10.13
              96          -7.885           15.46
              97          -28.73           8.279
              98           10.38           13.87
              99           32.96           10.67
             100          -58.32           10.47
             101          -17.56           8.481
             102            17.4           11.31
             103           42.09           9.385
             104          -45.56            8.89
             105          -5.247           8.946
             106           28.62           10.54
             107           70.57           9.941
             108          -22.67            8.11
             109           10.52           8.592
             110           38.73           10.91
             111           115.2           11.07
             112          -3.094           13.72
             113          -22.83           8.173
             114           5.057            12.7
             115           27.03           8.147
             116          -52.66           10.59
             117          -23.76           7.573
             118          -15.85            8.97
             119           48.44           8.022
             120          -34.66           9.286
             121          -11.71            9.08
             122           28.17           8.321
             123           69.16           8.975
             124          -27.74           8.289
             125          -37.67           16.06
             126           38.33           8.486
             127           137.1           11.01
APV               11              11               1               2
               0           119.5           37.37
               1          -25.64           32.73
               2          -51.18           33.18
               3          -160.3           17.07
               4          -48.74           10.45
               5          -32.87           10.81
               6          -11.31            20.2
               7           8.554           11.85
               8           -22.2           8.611
               9          -13.71            11.9
              10           -8.78           12.14
              11           16.08           10.66
              12          -11.67           9.576
              13          -26.86            12.5
              14          0.2107           12.39
              15           33.36           10.08
              16           24.56           12.03
              17          -25.08           8.256
              18         -0.4942           33.06
              19          0.8582           9.833
              20          -18.85           10.86
              21           -18.1           9.124
              22          -5.551           14.97
              23          -13.06           8.104
              24          -19.42           9.233
              25          -15.83           10.44
              26          -3.002           12.38
              27           29.65           8.135
              28          -21.11           8.497
              29          -12.68           15.17
              30           -16.2           10.53
              31           47.62           8.852
              32           21.66           12.01
              33           4.431            11.4
              34          -3.931           14.37
              35           1.933           13.71
              36           -3.34           9.422
              37          -10.23           11.87
              38          -16.79           13.79
              39           7.088           10.87
              40          -8.346           9.027
              41           4.789           10.49
              42           3.572           14.45
              43           21.39            10.7
              44          -28.61           12.84
              45          -2.217            10.4
              46          -19.08           10.55
              47            36.1           10.16
              48           12.45           13.73
              49          -20.64           8.514
              50          -5.087              25
              51           1.575           9.192
              52          -16.66           10.16
              53          -35.18           9.391
              54          -5.055           14.27
              55           5.464           7.976
              56          -10.55           8.896
              57          -30.03           12.22
              58           10.47           11.73
              59           34.92           8.168
              60          -10.08           8.314
              61          -13.08            18.3
              62           5.651           9.909
              63           36.74           9.035
              64           14.51           11.33
              65           -15.3           8.399
              66           11.59           23.99
              67          0.1898            14.8
              68          -11.67           9.544
              69           7.313            9.63
              70          -8.712           17.89
              71           4.924           11.46
              72          -2.995           8.657
              73           5.616           8.911
              74           11.07           14.11
              75           23.56           10.72
              76          -20.79           9.481
              77          -5.439           9.066
              78          -2.838           12.34
              79           61.45           11.32
              80           10.87           13.71
              81          -3.952           8.235
              82           8.553           18.79
              83          -16.98           8.049
              84          -1.529           11.27
              85          -15.84           7.886
              86           10.14           11.32
              87           17.58           7.791
              88          -22.58           9.106
              89          -17.06           10.78
              90          -10.28           9.753
              91           43.05           8.605
              92           13.63            8.18
              93          -2.772           16.39
              94            1.68           8.576
              95              74           10.23
              96          -2.407           9.977
              97          -26.66            9.77
              98           10.38           20.66
              99          -8.264           13.76
             100         -0.2905           9.469
             101          -13.13           10.41
             102          -1.301           15.21
             103           11.08           10.86
             104          -18.61           9.107
             105          -12.07           8.211
             106           2.879           13.46
             107           39.77           10.87
             108          -10.36           9.239
             109           17.77           8.371
             110          -6.808           14.79
             111           86.69           11.55
             112         -0.6326           13.16
             113          -9.533            7.92
             114          -8.093           16.92
             115          -10.19           8.106
             116           -9.97              10
             117         -0.2938           8.073
             118           7.657            10.6
             119           20.38           7.699
             120          -16.79           8.322
             121           3.666           10.77
             122         -0.4339           9.036
             123           41.06           9.073
             124          -6.848           7.962
             125          -10.44           22.61
             126          -4.217           8.728
             127           107.7           10.98
APV               11              11               1               3
               0           4.375           34.83
               1          -32.26           30.28
               2          -13.81           30.07
               3          -104.4           17.19
               4          -137.4           10.08
               5           -11.2           11.19
               6         -0.3488           19.62
               7           43.91           12.29
               8          -82.83           8.362
               9          -19.25           12.17
              10           22.97           12.08
              11           61.53           11.72
              12          -56.19           9.569
              13          -11.51           12.46
              14           29.62            12.8
              15           75.61            10.9
              16          -100.5           11.47
              17          -29.74           8.155
              18           11.06           35.75
              19           22.97           9.918
              20          -104.5           10.34
              21          -18.12           9.279
              22           18.74           16.52
              23           53.28             8.2
              24          -73.56           8.995
              25          -22.68           10.62
              26           10.19           12.66
              27           56.72           8.268
              28          -44.88           8.324
              29           -9.05            16.2
              30           40.06           10.44
              31           68.27           9.255
              32          -101.4           11.46
              33          -13.14           11.93
              34           6.554           14.33
              35              53           14.06
              36          -94.69           9.002
              37          -27.25           12.45
              38              22            13.5
              39           44.19           11.14
              40          -69.86           8.756
              41           5.024           10.59
              42           26.36           14.34
              43           75.93           11.86
              44          -48.45            13.4
              45           7.765           9.154
              46           32.96           10.99
              47           71.39           11.33
              48            -112           13.43
              49           -25.4            8.18
              50          -9.639           26.95
              51           30.68           9.216
              52          -108.6           9.942
              53          -23.59           9.525
              54           6.511           15.36
              55           70.24           7.966
              56          -48.86           8.865
              57          -4.518           12.59
              58           21.88           11.94
              59            75.2           8.712
              60          -24.97           8.203
              61          -13.99           19.76
              62           21.87           9.915
              63           73.29           9.778
              64          -102.9           10.71
              65          -15.16           8.628
              66           35.52           23.06
              67           38.87           15.85
              68          -83.55           8.972
              69          -18.96           10.02
              70           29.96           17.73
              71           57.92           12.12
              72          -69.85           8.406
              73          -3.593           9.011
              74           47.35           14.56
              75           64.25            11.9
              76          -23.89           9.828
              77           6.501           8.703
              78            35.2           12.71
              79           85.21           11.52
              80          -106.5           13.35
              81          -4.192           8.076
              82           17.09           20.85
              83           36.45           7.928
              84          -94.22           10.87
              85          -19.94           7.876
              86            19.7           11.97
              87           78.02           7.895
              88          -71.69           8.834
              89          -2.761           11.24
              90           39.11           9.932
              91           55.39           9.006
              92          -17.44           8.217
              93           2.815            18.5
              94           52.14           8.432
              95             102           10.27
              96          -122.6           9.428
              97          -13.21           10.24
              98           30.87           19.78
              99           40.84           15.35
             100          -84.67           8.813
             101          -25.13           11.04
             102           4.141           14.67
             103           58.48           11.66
             104          -48.32           9.144
             105           13.32           8.799
             106           46.14           14.02
             107           62.31           12.16
             108          -42.99           9.546
             109           25.94           8.462
             110           40.67            15.3
             111             112           12.11
             112          -106.9           12.92
             113          -23.14           7.739
             114          -6.335              18
             115           47.38           7.989
             116          -61.08           9.875
             117          -19.97           8.053
             118           30.49           11.33
             119           65.87           7.874
             120          -38.77           8.339
             121          -1.367            11.5
             122           39.02           9.482
             123           53.54           9.552
             124          -14.08           7.806
             125            15.6           25.84
             126            47.8           8.819
             127           140.5           11.57
APV               11              11               1               4
               0           61.65           31.72
               1          -60.36            25.4
               2          -35.82           26.24
               3          -46.74           18.54
               4          -137.6           11.03
               5          -81.66           10.35
               6           5.588              21
               7           85.39           12.61
               8          -95.04           8.533
               9          -73.87           11.58
              10           24.69            12.6
              11           97.26           11.59
              12          -89.34           9.504
              13          -38.45           12.05
              14           45.55           12.78
              15           98.06           10.76
              16           -80.8           12.26
              17          -60.21           8.304
              18          -38.68           31.57
              19           55.96           10.33
              20          -90.32           11.23
              21          -66.83           9.151
              22           2.925           15.89
              23           87.75           8.339
              24          -92.61           9.507
              25          -64.12           10.19
              26           24.37           12.35
              27           96.84           8.399
              28          -68.36           8.744
              29          -36.32           15.35
              30           44.88           10.63
              31           115.6           9.135
              32          -79.57           12.46
              33          -63.52           10.86
              34          -14.01           13.91
              35           60.01           14.29
              36          -86.87           9.911
              37          -55.23           11.75
              38           18.22            14.3
              39           94.41           11.24
              40          -75.54           8.886
              41          -49.56           9.974
              42           37.93            15.2
              43           96.01           11.69
              44          -53.16            12.4
              45           -11.7           10.08
              46           42.86           10.89
              47           126.1            10.9
              48          -87.72           14.13
              49          -63.52           8.512
              50          -13.18           25.12
              51           71.81           9.481
              52          -96.76            10.5
              53          -59.88           9.396
              54          -4.378           14.88
              55           88.76           8.102
              56          -78.25           9.068
              57          -42.07           12.06
              58           36.53           11.91
              59           85.96           8.458
              60          -76.66           8.338
              61          -24.36           19.47
              62           55.32            10.4
              63           127.8           9.631
              64          -83.62           11.52
              65          -41.31           8.057
              66          -8.372           24.07
              67           65.19           18.32
              68          -83.21           10.03
              69           -55.4           9.441
              70           42.89           18.47
              71           93.63           12.39
              72          -58.14           8.839
              73          -21.22           8.804
              74           57.17           17.18
              75           109.6           11.74
              76          -51.87           9.134
              77          -14.83           9.396
              78           58.16           12.97
              79           131.6           11.79
              80          -75.27           14.22
              81          -35.69           8.244
              82          -8.988           18.85
              83           73.42           48.16
              84          -59.75            11.2
              85          -35.34           8.409
              86           15.41           12.19
              87           88.12           8.196
              88          -71.22           9.474
              89          -25.03           11.23
              90           40.66           9.445
              91           109.8            8.97
              92          -64.79           8.354
              93          -8.569           17.73
              94           56.88            8.63
              95           152.1           10.48
              96          -80.34            10.4
              97          -57.94            9.76
              98           13.47           20.95
              99           74.34           16.93
             100          -81.68           9.752
             101          -45.01           10.51
             102           40.74           14.76
             103           94.82           11.55
             104          -86.52           9.049
             105          -21.36           8.761
             106           39.69           14.53
             107           122.9           11.85
             108           -51.5           8.934
             109           2.124           9.181
             110           53.37           15.61
             111           147.4            12.1
             112          -103.5           13.76
             113          -56.99           7.936
             114           11.87           16.77
             115           61.63           8.212
             116          -84.97           10.41
             117          -34.63           8.108
             118           16.08           12.58
             119           90.18           7.825
             120          -72.45           8.681
             121          -30.32           11.36
             122           20.54           9.113
             123           105.9           9.181
             124          -52.44           7.969
             125          -28.29           25.25
             126           65.94           8.754
             127           142.2           11.27
APV               11              11               1               5
               0             159           31.47
               1          -17.07           23.99
               2          -17.07           23.04
               3          -86.69           21.03
               4          -101.3           11.48
               5          -37.01           10.41
               6          -1.745           19.19
               7           19.95           11.99
               8           -25.5           8.164
               9          -23.18           10.78
              10           5.018           10.84
              11           23.62            10.4
              12          -59.27           8.871
              13          -13.41           11.21
              14           2.334           10.88
              15           30.59           10.08
              16          -53.92           11.83
              17           -26.4           8.068
              18          -15.15           32.37
              19           11.68           11.07
              20          -41.37           10.66
              21          -18.88           8.708
              22         -0.7034           16.31
              23           35.02           8.306
              24          -48.55           9.133
              25          -7.977           9.634
              26           14.92           12.67
              27           26.48           7.992
              28          -28.52           8.139
              29          -4.304           14.61
              30          -1.072           10.98
              31           50.62           8.735
              32          -45.18           11.88
              33          -18.06           10.56
              34        -0.09033           12.26
              35           34.28           12.62
              36          -23.12             9.6
              37           -15.6           11.07
              38           16.14           13.02
              39           29.23           10.53
              40          -36.94           8.551
              41           4.401           9.686
              42           12.41           12.72
              43           40.17           10.45
              44          -12.67           11.91
              45           14.21           8.714
              46           15.65           9.519
              47              44           10.23
              48          -40.52           13.88
              49          -23.68               8
              50          -3.965           25.19
              51           15.26           10.04
              52          -50.88            10.2
              53          -16.02           8.946
              54          -17.79           15.05
              55           26.81           8.029
              56          -23.22           8.827
              57          -18.88           11.06
              58          -11.81           12.11
              59           37.04           8.156
              60          -21.03            7.81
              61          -18.86           17.71
              62         -0.3444           10.48
              63           52.45           9.205
              64           -43.3           10.83
              65          -12.69           8.301
              66            1.25           22.05
              67           18.79           15.22
              68          -26.58           9.819
              69          0.7002           9.068
              70           15.84           16.68
              71           44.36           11.38
              72          -26.86           8.271
              73          -4.806           8.503
              74              15           13.32
              75           46.31            10.9
              76          -25.02           9.103
              77           8.745           8.253
              78           32.81           11.53
              79           78.83           10.91
              80          -29.65           13.87
              81           -18.3           8.029
              82          -1.819            18.8
              83           41.67           8.154
              84          -30.84            11.2
              85          -12.12           7.689
              86           8.267           11.82
              87           28.29           7.591
              88          -26.52           8.933
              89          -25.67           10.61
              90           25.89            9.87
              91           42.44           8.339
              92          -20.19           7.813
              93          -3.478            17.1
              94           4.402           9.034
              95           92.51           9.722
              96          -41.56           9.911
              97          -15.36           9.497
              98         -0.9597           18.74
              99           10.25           14.05
             100          -35.85           9.357
             101          -6.423           9.899
             102           7.834           13.84
             103           31.87           10.67
             104          -29.96           8.595
             105          -4.254           8.106
             106           2.143           12.61
             107           47.19           11.06
             108          -27.52           8.764
             109            1.09           7.858
             110           27.58           13.74
             111           72.03           11.11
             112          -26.57            13.5
             113          -5.375           7.702
             114          -13.64           16.35
             115            18.2           8.324
             116          -36.28           9.949
             117           -30.7           7.726
             118           4.535           11.15
             119           37.39           7.534
             120          -40.97           8.216
             121         -0.8897           10.69
             122              14           9.322
             123           38.86           8.754
             124          -27.88           7.546
             125           6.361           23.31
             126           14.89           9.226
             127             119           10.35
APV               11              11               1               6
               0           98.14           31.27
               1          -10.04           24.63
               2          -13.45           23.54
               3          -85.16           17.35
               4          -116.9           40.94
               5          -52.85           12.57
               6           1.634           18.12
               7           42.52           11.64
               8          -67.99           8.795
               9          -12.97           10.71
              10           25.26           11.83
              11           49.06           11.14
              12          -54.64           9.293
              13          -8.252           11.38
              14           54.81           11.58
              15           32.17           10.58
              16          -58.89            12.7
              17          -32.04           8.461
              18           2.789           34.32
              19           32.43           10.74
              20          -76.72           10.93
              21          -36.91           8.613
              22           30.13           16.82
              23           36.01           8.595
              24          -53.66           9.554
              25          -28.65           9.651
              26           7.476           12.79
              27           62.49            8.25
              28          -40.93           8.601
              29          -16.02           14.65
              30           43.97           11.02
              31           70.65            9.12
              32          -51.62           12.39
              33          -24.24           10.91
              34           7.869            12.8
              35           41.41           12.67
              36          -76.86           9.683
              37          -22.19           11.39
              38           9.981           12.89
              39           56.39           10.93
              40          -45.41           8.856
              41          -15.83           9.937
              42            33.5           13.84
              43           59.19           11.23
              44          -35.93            12.2
              45          -4.665           9.067
              46           47.88           10.09
              47           73.48           10.95
              48          -60.08           15.87
              49          -39.26           8.177
              50          -2.648           27.19
              51           24.39            10.1
              52          -83.97           10.62
              53          -32.26           8.917
              54           21.43           15.34
              55           60.78           8.315
              56          -53.26           9.093
              57          -28.86           11.21
              58           9.711           12.27
              59           73.96           8.518
              60          -30.98           8.313
              61          -1.961           18.04
              62           45.36           10.54
              63           80.74           9.646
              64          -57.69           11.23
              65          -43.28            8.68
              66           8.607            21.7
              67           41.64           15.12
              68          -71.38            9.83
              69          -34.46            9.53
              70           37.68           17.15
              71           41.78           11.98
              72          -53.18           8.731
              73          -17.33           8.903
              74           27.22           14.24
              75           38.73            10.9
              76          -39.17           9.598
              77          -29.84           8.826
              78           19.63           11.94
              79           84.77           11.93
              80          -56.23           14.07
              81          -27.92           8.431
              82          -6.059            19.5
              83           39.46           8.314
              84          -57.64           11.37
              85          -32.25           7.974
              86           15.45           11.96
              87           41.58           7.876
              88          -41.37           9.279
              89          -27.01           10.53
              90           19.67           9.779
              91           36.08           8.521
              92          -55.65           8.171
              93          -16.42            17.2
              94           36.95           8.933
              95           91.68           10.45
              96          -77.07           9.935
              97          -31.26           9.864
              98            35.1            19.5
              99           48.58           14.53
             100          -61.45           9.551
             101           -22.7           10.42
             102           42.98           14.18
             103           66.14            11.7
             104          -51.38           9.008
             105          -10.68           9.722
             106            14.3           13.56
             107           72.15           11.43
             108          -52.09           9.181
             109          -24.14           8.983
             110           60.47           14.38
             111           108.6           12.17
             112          -62.06              14
             113          -49.65           7.939
             114           6.341           17.27
             115           38.99           8.327
             116          -59.42           10.35
             117           -24.4           8.006
             118           47.25            11.2
             119           62.03           7.939
             120          -47.37           8.662
             121          -17.23           10.66
             122           54.69           9.278
             123           55.78           8.888
             124          -39.34           8.021
             125          -13.27           23.23
             126           48.84           9.292
             127           111.9           11.54
APV               11              11               1               7
               0             109           30.81
               1          -36.65           24.79
               2          -41.48           23.84
               3          -51.11            19.4
               4          -112.6           10.68
               5          -84.52           9.987
               6          -3.013           18.47
               7           58.45           12.21
               8           -57.3           8.242
               9          -42.65           10.79
              10           11.07           11.39
              11           82.06           10.73
              12          -84.01           9.098
              13          -53.19           11.09
              14           17.14           11.31
              15           124.1           10.65
              16          -38.03           11.25
              17          -61.44           7.955
              18          -16.94           32.09
              19           40.38           10.92
              20          -68.59           10.27
              21           -68.2           8.683
              22          -20.19           15.65
              23           51.39           8.376
              24          -64.75           8.901
              25          -49.26           9.354
              26           4.134           12.31
              27           80.16           8.103
              28          -62.41           8.007
              29          -35.04           13.71
              30           24.85           10.67
              31             110           8.986
              32          -43.47            11.3
              33          -71.11           10.32
              34          -10.53           12.41
              35           41.39           12.69
              36          -78.39           9.157
              37          -75.51           10.61
              38          -4.347           12.17
              39           57.66           10.76
              40          -76.56           8.504
              41          -48.36           9.461
              42           12.92           13.39
              43           76.63           10.89
              44          -79.55           11.49
              45          -6.836           9.379
              46           37.28           10.14
              47           157.1           10.97
              48           -44.9           12.96
              49          -51.51            8.12
              50          -15.71           24.87
              51           44.89           9.883
              52          -65.55           9.889
              53          -64.57           8.779
              54           8.454            14.8
              55           75.45           8.088
              56          -75.78           8.477
              57          -48.41           10.88
              58           11.52           12.07
              59           112.4            8.16
              60          -55.13           7.858
              61          -51.41           17.14
              62           19.78           10.06
              63           155.8           9.615
              64          -39.33           10.54
              65          -51.82           8.048
              66         -0.3426           21.76
              67           54.73           15.03
              68          -67.82           9.295
              69          -36.03           9.034
              70           25.65           16.71
              71            70.9           11.95
              72          -71.45           8.376
              73           -27.6           8.471
              74           13.68           13.82
              75           121.7           11.03
              76          -40.85           8.903
              77          -46.08             8.6
              78           41.82           11.83
              79           174.6           11.57
              80          -32.11           13.14
              81          -53.27            7.89
              82          -24.87           17.91
              83           67.77           8.044
              84          -64.82           10.75
              85          -52.93           7.761
              86          -9.314           11.05
              87           76.71           7.646
              88          -56.17           8.604
              89          -35.27           10.52
              90           38.95           9.486
              91           137.3           8.451
              92          -66.12           7.685
              93           -32.6           16.16
              94           43.62           8.592
              95           148.6           10.06
              96          -35.34           9.519
              97          -47.73           9.438
              98           7.226           18.63
              99           63.89           14.29
             100          -71.07           8.921
             101           -28.8           9.849
             102           24.91           14.13
             103           97.07           11.57
             104          -84.31            8.84
             105          -23.76           8.143
             106           35.82           13.35
             107           123.8           11.15
             108          -53.69           8.604
             109           14.69           8.348
             110           47.73           14.02
             111           167.2           11.65
             112          -64.52           12.47
             113          -48.41           7.749
             114           -17.8           16.03
             115           35.47           8.141
             116          -79.44           9.544
             117          -54.23           7.914
             118           -16.5           10.66
             119           79.72           7.723
             120          -67.03           7.975
             121          -17.29           10.43
             122            45.8           8.872
             123           115.3           8.708
             124          -66.91           7.473
             125           -19.1           21.94
             126           42.16           8.855
             127           183.4           10.95
APV               11              11               1               8
               0           147.5           34.22
               1          -36.14           28.92
               2          -43.74           27.86
               3          -101.8           16.75
               4          -77.39           10.29
               5          -64.65            9.27
               6          -21.94           17.67
               7           34.27           10.87
               8          -54.31           8.257
               9          -35.89           10.27
              10           20.38           10.63
              11           51.87            9.77
              12          -34.78           8.889
              13          -23.21            10.8
              14           43.02           10.91
              15           75.29           9.816
              16           5.593           11.32
              17          -31.73           8.073
              18           -29.1           28.43
              19           30.93           10.08
              20          -49.17           9.461
              21          -30.37            8.37
              22          -15.88           14.45
              23           40.83           8.231
              24          -62.86           8.621
              25          -37.59           9.153
              26           1.522           11.79
              27           51.99           7.968
              28          -42.71           7.932
              29          -47.78           12.81
              30           26.29           10.36
              31           80.11           8.658
              32           13.36           11.22
              33          -35.25            9.64
              34          -20.41           11.71
              35           30.82           12.23
              36          -49.56           8.968
              37          -44.59           10.13
              38          -14.45           11.67
              39           50.81           9.999
              40          -54.99           8.381
              41          -11.48           9.011
              42           15.62           12.43
              43           77.36           10.06
              44          -55.18           10.83
              45          -40.29            10.3
              46           32.05           9.376
              47           89.66           10.23
              48          -19.91           12.19
              49          -30.91           8.071
              50          -23.18           23.03
              51           32.52           9.458
              52          -31.18           9.389
              53          -26.77           8.545
              54          -17.16           13.74
              55           38.24            8.12
              56          -61.39           8.245
              57          -41.01           10.45
              58           23.24           11.41
              59           68.43           8.067
              60          -29.26           7.817
              61          -26.74           15.67
              62           23.78           9.832
              63           91.96           9.277
              64          -10.28           10.37
              65          -33.79           7.791
              66           -11.5           21.05
              67            42.1           14.38
              68          -40.77           9.192
              69          -6.044           8.519
              70          -8.679           15.98
              71           49.12            10.6
              72          -42.07           8.333
              73           -19.3           8.122
              74           27.94           13.16
              75           74.22           10.27
              76          -33.53           8.525
              77          -24.65           8.517
              78            29.3            11.4
              79           111.5           10.76
              80          -36.81           12.16
              81          -28.43           7.946
              82          -31.35           16.52
              83           39.48           7.851
              84          -46.77           10.13
              85          -35.85           7.719
              86          -19.16           10.39
              87           53.13           7.621
              88          -46.94           8.418
              89          -19.72           10.05
              90           4.928           9.022
              91           62.01            8.36
              92          -45.24           7.716
              93          -28.05           14.72
              94           34.39           8.264
              95           103.2           9.711
              96          -13.97           9.509
              97          -31.61           8.758
              98           1.616           18.41
              99              43           13.21
             100          -47.29            8.87
             101          -39.31           9.178
             102           12.77           13.67
             103           61.08           10.18
             104          -37.13            8.58
             105          -37.02           7.903
             106           43.16            12.7
             107           72.51           10.54
             108          -30.03            8.28
             109           -42.3           8.181
             110           39.13           13.81
             111           125.8           11.16
             112          -24.61           11.88
             113          -7.728            7.77
             114          -28.53           14.87
             115           39.29            7.83
             116          -40.07           9.243
             117          -41.11           7.798
             118            3.62           10.05
             119            58.4           7.621
             120          -48.58           7.989
             121             -26           9.872
             122            36.1           8.719
             123           46.92           8.569
             124          -18.71           7.565
             125          -27.43           19.42
             126           18.81           8.555
             127           154.8           10.62
APV               11              11               1               9
               0           100.5            33.8
               1          -55.46           28.65
               2           -7.61           27.31
               3          -116.4           16.28
               4          -110.5           9.873
               5          -68.27           8.849
               6           2.342           15.73
               7            27.2           10.73
               8          -83.65            7.77
               9          -33.41           9.325
              10           22.76           9.952
              11           62.45           9.548
              12          -74.55           8.444
              13          -19.65           9.666
              14           32.13           9.926
              15           95.41           9.422
              16           -40.6           10.12
              17          -71.87           7.349
              18          -6.804           28.37
              19           11.47           9.797
              20          -57.23           9.343
              21          -43.98           7.732
              22          -1.455           13.49
              23           39.09            7.76
              24          -72.73           8.138
              25          -37.44           8.426
              26           17.64           10.88
              27           72.35            7.69
              28          -54.33           7.385
              29          -2.844           11.79
              30            5.32           9.744
              31            87.3           8.318
              32          -34.25           10.31
              33          -58.66           9.149
              34           10.76           10.63
              35           29.67           10.92
              36          -63.21           8.564
              37          -40.31           9.408
              38           19.85           11.14
              39           63.94           9.907
              40          -72.15           7.944
              41           -24.8           8.524
              42           11.18           11.44
              43           63.95           9.647
              44          -71.43            10.1
              45           -7.29            8.53
              46            44.7            8.93
              47           102.1           9.601
              48          -41.74           11.55
              49          -47.99           7.474
              50           10.85           21.41
              51           43.15           8.985
              52          -67.52           8.922
              53          -64.91           7.867
              54           10.33           12.69
              55           72.34           7.723
              56          -77.38           7.785
              57          -22.17            9.57
              58           19.53           10.66
              59           55.72           7.626
              60          -40.84           7.249
              61          -18.16            14.2
              62           26.97           9.203
              63             107           8.852
              64          -45.18           9.559
              65          -60.54            7.37
              66           29.56           18.62
              67           50.92           13.19
              68          -64.54           8.592
              69          -34.56           8.063
              70           24.42           14.38
              71            49.2           10.17
              72          -62.26           7.889
              73          -23.62           7.436
              74           19.71           11.69
              75           60.79           9.744
              76          -29.12           8.283
              77           13.49           7.742
              78           38.25           10.39
              79           102.4           10.24
              80          -36.96           11.66
              81          -65.12           7.335
              82          -13.63           15.47
              83           20.39           7.582
              84           -51.9           9.545
              85          -36.17            7.21
              86           6.032           9.861
              87           53.05           7.219
              88          -56.43           7.975
              89          -14.21           9.256
              90           4.976           8.573
              91           88.34            8.03
              92          -32.73           7.203
              93          -8.346           13.84
              94           37.63           7.858
              95           129.5           9.358
              96          -65.84           8.698
              97          -45.16           8.234
              98           29.08           16.45
              99           31.36           12.21
             100          -68.82           8.406
             101          -52.22           8.596
             102           27.56            12.3
             103           78.44           9.742
             104          -47.39           8.183
             105          -10.55           7.481
             106           57.36           11.58
             107           89.98           9.972
             108          -60.27           7.891
             109          -13.56           7.543
             110           39.44           12.46
             111           147.9           10.77
             112          -49.63           11.16
             113          -46.21           7.154
             114           28.78           14.13
             115           48.13           7.646
             116          -62.93           8.622
             117          -15.19           7.209
             118           42.63           9.332
             119           78.64           7.284
             120          -72.25           7.447
             121          -13.96           9.251
             122           44.04           8.305
             123           95.85           8.313
             124          -56.31           6.945
             125         -0.7676           18.58
             126           32.54           8.261
             127           159.7           10.38
APV               11              11               1              10
               0           163.3           33.77
               1          -17.25           27.84
               2          -26.82           26.83
               3          -94.42           15.89
               4          -61.83           10.14
               5          -48.99           9.769
               6          -9.781           17.11
               7           22.76           11.11
               8          -45.62           8.608
               9          -30.99           10.57
              10          -6.077           11.23
              11           38.98           10.27
              12          -19.06           9.501
              13          -18.06           10.85
              14           10.75           10.85
              15           33.76            10.2
              16          -11.13           11.14
              17          -12.59           8.179
              18          -38.18           29.09
              19           17.43           9.988
              20          -20.64           10.09
              21          -34.98           8.413
              22          -11.62           14.87
              23           31.23           8.392
              24          -9.403           9.122
              25          -13.15           9.379
              26           8.074           11.72
              27           30.66           8.249
              28           -11.4           8.282
              29          -46.47           13.07
              30          -16.25           10.52
              31           48.57           8.892
              32          -20.61           11.01
              33           -31.5           10.48
              34          -6.735           11.96
              35           20.36           11.84
              36           -28.5           9.096
              37          -37.81           10.51
              38           3.953           12.09
              39           39.12           10.31
              40          -31.51           8.957
              41          -21.66            9.44
              42          -6.147           13.11
              43           45.47            10.4
              44          -6.128           11.76
              45          -15.91           9.265
              46           4.625            9.51
              47           53.12           10.28
              48          -8.542            12.8
              49          -15.51           8.162
              50          -34.67           23.52
              51              13           9.444
              52          -29.94           9.708
              53          -24.87           8.588
              54          -18.54           14.16
              55           23.98           8.157
              56          -29.39            8.78
              57          -30.79           10.66
              58          -18.12           11.25
              59           32.11           8.258
              60          -15.44           8.072
              61           -3.78              16
              62           18.22           9.971
              63           45.88           9.486
              64          -8.201           10.36
              65          -41.05           8.373
              66            2.37           21.22
              67           23.31           14.26
              68          -38.21           9.196
              69          -22.26           9.097
              70           16.96            16.3
              71            48.6           11.17
              72           3.863           8.869
              73           -16.8           8.462
              74           14.98            12.8
              75           46.71           10.71
              76          -4.068           9.302
              77          -24.89           8.532
              78           29.99           11.52
              79            68.7           10.88
              80          -29.74           12.52
              81          -29.44           7.956
              82          -10.05           16.67
              83           42.74           8.011
              84           -24.8           10.72
              85          -22.41           7.926
              86          -9.186           10.52
              87            27.9           7.855
              88          -24.89           8.963
              89          -30.62            10.3
              90           16.52           9.094
              91           53.16           8.731
              92          -0.248           8.056
              93          -23.61           15.65
              94           35.53           8.374
              95           69.41           9.958
              96             -27           9.516
              97          -21.24           9.467
              98           4.085           18.16
              99           39.06           13.58
             100          -4.708           9.228
             101          -18.54           9.854
             102           13.08           13.69
             103           37.64           10.44
             104          -24.16           9.201
             105          -19.72           8.182
             106           15.68           12.55
             107           44.26           10.73
             108          -28.05            9.02
             109          -10.93           8.328
             110            45.3           13.83
             111           67.37           11.13
             112          -27.19           12.29
             113          -30.04            7.78
             114          -5.126           15.06
             115           44.12           8.106
             116          -25.58           9.765
             117          -38.14           7.907
             118           -8.46            10.2
             119           41.61           7.784
             120          -1.838           8.345
             121          -32.58           10.49
             122           14.85           8.727
             123           59.89           9.015
             124          -15.08           7.747
             125          -17.32           21.01
             126           24.92           8.928
             127           99.45            10.9
APV               11              11               1              11
               0           87.75           32.42
               1          -35.92           26.53
               2          -41.49           26.03
               3          -96.81           15.24
               4          -95.56           10.47
               5          -59.74           8.792
               6          -10.79           16.22
               7           46.35              11
               8          -56.58           8.561
               9          -18.78           9.334
              10           20.33           10.68
              11           57.28           10.45
              12          -67.13            9.06
              13          -25.69           9.615
              14           3.279           10.28
              15           92.58           10.02
              16          -34.95           10.82
              17          -29.34           8.421
              18          -39.95           26.63
              19           27.91           9.658
              20          -55.84           9.999
              21          -45.06           8.085
              22           5.929           13.58
              23           68.33           8.072
              24          -43.59           9.045
              25           -30.5            8.52
              26           28.26           10.78
              27           82.99           8.178
              28          -42.38           8.315
              29          -22.91           10.68
              30           37.47           9.738
              31            94.7           8.734
              32           -44.5           10.85
              33          -38.35           9.344
              34       -0.002333           11.58
              35           46.98           11.32
              36          -50.64           9.247
              37          -43.47           9.116
              38           30.64           11.51
              39           55.79            10.1
              40          -44.62           8.921
              41          -40.03           8.558
              42           13.53           12.17
              43           74.56           10.58
              44           -51.4           9.908
              45          -33.12           8.849
              46           21.63           9.405
              47           100.6           10.16
              48          -33.64           12.25
              49           -36.6           8.326
              50          -19.37           20.86
              51            43.6           9.092
              52          -63.17           9.526
              53          -47.09           8.045
              54            14.4           12.95
              55           74.23           7.947
              56          -33.14           8.715
              57          -23.98           9.117
              58           30.16           10.52
              59           67.68           8.164
              60           -38.4             8.1
              61           -22.7            12.7
              62           20.55           9.254
              63           95.65           9.186
              64          -37.36           10.44
              65          -29.25           8.713
              66          -6.488           18.77
              67           14.66              13
              68          -57.42           8.769
              69          -22.34            9.05
              70           17.16           14.41
              71           56.73           10.66
              72          -55.14           8.424
              73          -19.64           8.426
              74           8.661              12
              75           75.88           10.65
              76          -32.07           9.206
              77          -23.24           8.762
              78           31.34           10.45
              79           98.64           10.72
              80          -52.13           12.12
              81          -39.89           7.847
              82           4.574           15.38
              83           15.21           7.806
              84          -42.11           9.457
              85          -27.03           7.927
              86           11.92           10.25
              87           58.16           7.628
              88          -29.39           8.208
              89          -15.63           10.03
              90           11.78           8.943
              91           62.78           8.376
              92          -32.28           7.631
              93          -1.859            14.2
              94           10.96           8.197
              95           89.81           9.636
              96          -47.15            9.69
              97          -34.88           9.157
              98          -2.475           16.39
              99           34.23           12.49
             100          -51.68           8.472
             101          -10.78           9.608
             102          -1.391           12.26
             103           58.89           8.657
             104          -43.16           8.926
             105          -10.48           8.154
             106           15.16           11.32
             107           66.67           10.43
             108          -19.68           8.885
             109          -8.408            8.58
             110           19.81           11.97
             111           106.5           11.01
             112          -44.99           12.21
             113          -22.11           7.763
             114           15.44           14.04
             115           18.35           7.701
             116          -59.27           8.701
             117           -40.1            7.94
             118           8.254            9.68
             119           70.49           12.48
             120          -48.04           7.874
             121          -40.54            9.93
             122           12.51           8.538
             123           98.08           8.816
             124          -24.18           7.464
             125          -24.95           18.78
             126           13.68           8.745
             127             125            10.6
APV               11              11               2               0
               0           46.29           33.98
               1          -87.36           30.09
               2          -52.32            29.6
               3          -87.47            14.8
               4          -62.33            9.35
               5          -75.23           8.563
               6          -21.89           16.31
               7           54.71           11.11
               8          -69.44            8.05
               9          -70.95           9.302
              10           15.97           10.73
              11           57.62           10.51
              12          -51.51           9.017
              13          -63.58           9.566
              14           24.58           10.93
              15           100.6           10.48
              16           -33.5           8.994
              17          -71.97           7.587
              18          -27.09           19.49
              19           37.19           7.953
              20          -48.54           8.536
              21          -65.64           8.072
              22          -7.065           10.22
              23           60.71           7.772
              24          -39.15           7.883
              25          -66.43           8.636
              26           4.507           8.712
              27            75.1           8.346
              28          -43.43           7.587
              29          -63.77           10.77
              30           26.53           8.143
              31           104.5           9.318
              32          -24.97           9.196
              33           -45.9           8.916
              34          -16.88            11.7
              35           49.73           11.66
              36          -55.79           8.368
              37          -70.39           9.026
              38           11.71           11.75
              39           44.43           10.34
              40          -41.98           8.467
              41           -50.4           8.461
              42           31.63           12.33
              43           70.13           10.77
              44          -68.39           9.929
              45           -69.2           9.148
              46           38.42           9.699
              47           104.2           10.93
              48          -46.72            9.64
              49          -52.79           7.753
              50          -39.73           15.56
              51           56.99           7.802
              52          -55.83            8.26
              53          -54.87           8.179
              54          -6.714           9.601
              55           40.25           7.663
              56          -51.17           7.734
              57          -80.79           9.407
              58           13.97            8.65
              59           80.92           8.621
              60          -49.57           7.533
              61          -60.02           13.14
              62           26.34           7.852
              63           131.9           10.27
              64          -15.94           8.933
              65          -30.84           7.338
              66           16.28           16.15
              67           30.19           10.71
              68          -32.32           8.338
              69          -48.58           7.804
              70           11.97           12.34
              71           66.41           9.245
              72          -34.43            8.19
              73          -27.66           7.472
              74           38.17           10.31
              75           97.55           9.236
              76          -18.34           8.184
              77          -24.67           8.408
              78           45.08           9.116
              79           121.8           12.28
              80          -30.52           9.657
              81          -28.14           7.467
              82          -8.064           13.15
              83           53.49           8.047
              84          -17.75           8.822
              85          -29.09           7.602
              86           5.967           9.487
              87           52.65           7.552
              88          -39.15           7.815
              89          -30.33           8.989
              90           36.03           8.595
              91           79.13           8.048
              92          -6.468           7.508
              93          -25.01            11.8
              94           41.05           8.132
              95           141.2           11.07
              96          -35.37           8.447
              97          -25.47           7.912
              98          -13.79           13.72
              99           48.74           10.42
             100          -37.25           8.213
             101          -50.22            8.32
             102           31.12           10.76
             103           60.73           8.917
             104          -31.05           8.581
             105          -24.22           7.974
             106           39.81           9.799
             107           103.6           9.554
             108          -27.06           7.887
             109          -39.54           8.271
             110           47.66           10.54
             111           129.2           12.09
             112          -30.83           9.517
             113          -36.02           7.416
             114           2.922           12.15
             115           62.89            7.95
             116          -19.24           8.302
             117          -35.95           7.484
             118          -10.37           9.196
             119           62.25           7.577
             120          -39.51           7.659
             121          -37.39           8.769
             122           47.94           8.355
             123           90.48           8.492
             124          -26.69           7.281
             125          -27.67           15.29
             126           28.05           8.409
             127           144.3           11.85
APV               11              11               2               1
               0           85.58           38.53
               1          -38.89           33.18
               2          -29.59           32.26
               3          -142.8           13.21
               4          -52.02           10.07
               5          -65.19           8.826
               6          -15.77           14.68
               7          -11.29           9.473
               8          -46.11           8.255
               9          -47.33           9.377
              10            11.7           9.823
              11           32.94           9.543
              12          -35.31           9.136
              13          -26.59           9.457
              14           6.427            9.47
              15           64.94           9.441
              16          -10.53           10.19
              17          -56.09           7.758
              18           -13.5           23.97
              19           7.342           8.673
              20          -32.67           9.241
              21          -38.54           8.012
              22          -7.076           11.51
              23            20.1           7.784
              24          -40.41           8.243
              25          -24.41           8.619
              26            21.2           9.795
              27           31.66           7.943
              28           -30.7           7.766
              29          -10.36            11.1
              30         -0.5652           8.788
              31            58.4           8.648
              32          -2.367           10.38
              33          -54.45           9.065
              34          -16.23           10.71
              35           25.29           10.08
              36          -22.96           8.844
              37          -44.45           9.115
              38           8.611           10.71
              39           38.61           9.093
              40          -18.69           8.767
              41          -25.71           8.717
              42           21.66           11.09
              43           52.96           9.653
              44           -42.9           9.965
              45          -16.75           8.902
              46           26.56           8.607
              47           89.73           9.818
              48          -11.28           11.01
              49          -41.65           7.757
              50          -2.561           18.12
              51          -15.63           8.295
              52          -47.23           8.778
              53           -45.6           8.089
              54           11.24           11.01
              55           53.69           7.691
              56          -67.05           8.027
              57          -4.343           9.438
              58           23.97           9.479
              59           25.88           8.062
              60           -23.9           7.629
              61          -43.03            12.9
              62           5.901           8.509
              63           90.33           9.167
              64           7.591           10.05
              65          -26.32           7.527
              66           20.41           16.22
              67            24.3           11.37
              68          -17.11           8.905
              69          -29.28           7.972
              70           3.816            13.1
              71           39.38           9.581
              72          -19.12           8.589
              73            -5.9           7.705
              74            39.1           10.69
              75           69.97           9.585
              76          -16.72           8.313
              77          -23.29           7.787
              78           30.09           9.386
              79           71.98           9.937
              80          -33.98           11.03
              81          -33.85           7.735
              82            33.3           13.77
              83           29.13           7.535
              84          -36.84           9.325
              85          -19.57           7.423
              86           21.39           9.084
              87           43.08           7.508
              88          -15.08           8.277
              89          -24.98           8.823
              90           20.96            8.15
              91           66.51           8.139
              92          -17.82            7.64
              93          -18.54           11.83
              94           47.13           7.695
              95           66.85           9.267
              96          -32.88           9.219
              97          -40.38           8.019
              98          -1.805           14.46
              99           26.24           10.83
             100          -33.38           8.614
             101          -44.24           8.338
             102           18.97           11.35
             103           56.26           9.385
             104          -31.41            8.59
             105          -5.672           8.065
             106           42.91           10.25
             107           63.85           9.659
             108          -32.72           8.098
             109          -9.887           8.097
             110            36.9           10.89
             111           98.36           10.42
             112          -32.43           10.76
             113          -30.94           7.544
             114           18.54           12.41
             115           24.43           7.496
             116          -26.53           8.778
             117          -13.65           7.523
             118           3.481           8.598
             119           24.56           7.506
             120          -23.38           7.963
             121          -27.42           8.721
             122           40.24           7.839
             123           26.26           8.401
             124          -8.702           7.557
             125        -0.01553           15.15
             126           15.54           7.944
             127           110.5           10.16
APV               11              11               2               2
               0           61.93           35.33
               1          -25.93           30.07
               2          -34.37           28.61
               3          -90.85           14.34
               4          -103.7           9.918
               5          -55.52           9.397
               6          -11.59           15.13
               7           65.64           10.62
               8          -58.16           8.468
               9          -49.49           10.04
              10           23.87           10.34
              11           44.84           9.602
              12          -55.71           9.381
              13          -28.15           10.24
              14           26.02           10.14
              15           50.19           9.498
              16          -51.88           10.28
              17          -53.85           8.115
              18          -13.77           23.17
              19           34.51           9.173
              20          -49.62           9.428
              21          -35.33           8.464
              22          -2.557           12.22
              23           74.65            8.19
              24          -49.74           8.373
              25          -40.08           9.234
              26           31.09            10.4
              27           73.29           8.228
              28          -44.61           7.921
              29          -28.04           11.96
              30           25.07           9.289
              31           63.61           8.743
              32          -32.36           10.46
              33          -48.77           9.718
              34          -7.708           10.57
              35           53.93           10.92
              36          -62.84           8.903
              37          -39.74           9.866
              38           14.74           10.81
              39           65.47           9.937
              40          -56.73           8.837
              41          -39.53            9.27
              42            22.5           11.51
              43           62.97           9.821
              44          -54.66           10.56
              45          -23.58           9.564
              46            44.9           9.316
              47           83.97           10.06
              48          -43.71           11.47
              49          -52.12           8.072
              50          -7.184           18.18
              51           36.91           8.662
              52          -84.27           8.917
              53          -58.48           8.416
              54            4.91            11.6
              55           57.48            7.99
              56          -42.15           8.359
              57          -35.41           10.13
              58           20.21           9.958
              59           49.23           8.225
              60          -67.64           7.726
              61          -18.56           13.96
              62           25.84           8.961
              63           95.22           9.221
              64          -44.48           9.886
              65           -30.8           7.945
              66            25.3           17.09
              67           68.21            12.1
              68          -62.92           8.934
              69          -38.23           8.439
              70           20.45           13.18
              71           49.25           10.14
              72          -50.48           8.651
              73           -16.5           8.146
              74           34.47           11.68
              75           63.98           10.04
              76          -35.71           8.568
              77           5.565           8.625
              78           48.17           9.816
              79           82.85           10.36
              80          -53.43           11.22
              81          -49.61           7.882
              82           11.66           14.14
              83           49.98           7.909
              84          -51.88           9.617
              85           1.712           7.862
              86           18.33           9.694
              87           56.24           7.648
              88           -35.2           8.535
              89          -25.85           9.435
              90           23.96           8.618
              91           60.21            8.53
              92          -49.48           7.851
              93          -13.57              13
              94           24.33           8.062
              95           102.8           9.655
              96          -77.02           9.266
              97           -63.3           8.591
              98            10.6           15.23
              99           51.47           11.75
             100          -52.98           8.742
             101          -28.53           8.981
             102           27.77           11.53
             103           51.17              10
             104          -44.65           8.971
             105          -22.37           8.994
             106           51.01           11.19
             107            81.6           10.22
             108          -22.87           8.471
             109          -18.15           8.761
             110           39.39           11.41
             111           105.1           10.77
             112          -48.49           11.07
             113          -38.01            7.82
             114           5.336           12.73
             115           41.38           7.917
             116          -47.19           8.932
             117          -43.16           7.754
             118            39.8           9.294
             119           72.07           7.837
             120          -44.23           8.103
             121          -8.818           9.567
             122           41.47           8.227
             123           67.15           8.728
             124          -47.96           7.713
             125           16.67           16.81
             126           14.62           8.333
             127           147.3           10.56
APV               11              11               2               3
               0           79.03           32.39
               1          -16.24           27.54
               2          -13.09           25.17
               3          -90.21           12.98
               4          -87.64           9.959
               5          -42.17           9.543
               6           17.99            13.1
               7           56.01           9.955
               8          -60.08           8.631
               9           -18.1           10.08
              10           20.53            9.53
              11           24.08           9.531
              12          -24.98           9.461
              13          -7.278           10.22
              14            35.6           9.409
              15           32.81           9.615
              16          -37.83           10.97
              17          -29.51           8.272
              18          -4.068           22.72
              19           37.44           9.276
              20          -66.12           9.803
              21          -32.44           8.349
              22           8.625           12.13
              23           41.14           8.497
              24          -63.85           8.948
              25           -34.9            8.91
              26           11.36           10.23
              27           32.39           8.438
              28          -47.06           8.228
              29           -5.45           11.76
              30           27.68           9.389
              31           34.49           8.957
              32          -68.74           10.67
              33          -29.69           10.11
              34          0.3071            10.7
              35           38.48           9.525
              36          -70.73           8.883
              37          -32.67           9.829
              38           19.22           10.04
              39           38.26            9.47
              40          -33.53           8.958
              41             -12           9.413
              42           47.54           10.57
              43           38.08           9.487
              44          -43.48           10.74
              45           8.533           10.85
              46           68.76           9.009
              47           61.52           10.12
              48          -71.52           12.15
              49          -34.16           8.134
              50           17.71           18.01
              51           35.72           8.937
              52          -57.52           9.489
              53          -40.51           8.436
              54            15.6           11.47
              55           34.21           8.327
              56          -56.75           8.621
              57          -20.97            9.68
              58           12.37           9.932
              59           32.79           8.543
              60          -39.47           7.938
              61          -37.51           13.61
              62           32.05           8.903
              63           56.52           9.503
              64          -42.23           10.16
              65           -24.4           8.472
              66           16.27           13.37
              67           18.14           10.35
              68          -53.23           9.171
              69          -12.83           8.649
              70           41.92           11.89
              71           31.12            9.62
              72          -32.41           8.797
              73          -11.03           8.255
              74           35.66           9.975
              75           47.25           9.536
              76          -36.68           9.171
              77          -14.21           9.652
              78            44.2           9.102
              79           64.42           10.28
              80          -46.05           12.16
              81          -47.11           8.139
              82           27.27           14.15
              83           20.29           8.166
              84          -61.97           10.14
              85          -33.35             7.9
              86           6.196           9.508
              87            26.7           8.081
              88          -31.69           8.881
              89           -1.52           9.034
              90           37.35           8.718
              91           39.32            8.63
              92            -9.8           8.131
              93          -21.08           12.93
              94           43.19           8.459
              95           62.12           9.704
              96          -42.55           9.776
              97          -23.39           8.927
              98           28.19            12.3
              99           5.393           10.58
             100          -41.68           9.177
             101          -10.49           9.138
             102           35.52           10.54
             103           23.17           9.446
             104          -28.48           8.986
             105          -9.956           10.64
             106            26.4            9.83
             107           48.29           9.848
             108          -35.54           8.786
             109          -12.52           10.64
             110           53.32           10.26
             111           77.83           10.73
             112          -52.59           11.88
             113          -7.516           8.077
             114           23.61           12.75
             115            34.3           8.185
             116          -48.84           9.476
             117          -24.31           7.774
             118           41.42           9.177
             119           47.35           8.107
             120          -41.81           8.463
             121          -23.84           9.331
             122           25.58           8.516
             123           29.85           8.732
             124          -24.93            7.87
             125            4.26           16.51
             126           52.04           8.661
             127           103.9           10.66
APV               11              11               2               4
               0           128.1           29.91
               1          -29.98           24.54
               2          -38.26           22.54
               3          -73.23           15.74
               4          -89.36           10.07
               5           -53.8           9.699
               6          -19.48           16.22
               7           40.04           11.02
               8           -57.8           8.616
               9          -36.96           10.27
              10            34.7           10.47
              11           61.25           10.25
              12           -38.4           9.619
              13          -51.58           10.35
              14           30.82            10.5
              15           81.37           10.11
              16          -25.24           10.22
              17           -57.9           8.136
              18          -36.86           24.34
              19           24.36            9.34
              20          -43.96            9.59
              21          -47.36           8.607
              22          -1.148           12.29
              23            47.8           8.339
              24          -58.57           8.619
              25          -45.62            9.26
              26            13.4            10.3
              27           65.42           8.564
              28          -15.42           8.217
              29          -48.66            12.1
              30           15.61            9.36
              31           52.97           9.056
              32          -25.14           10.26
              33          -66.55           10.17
              34           1.675           11.71
              35           28.49            11.3
              36          -56.41           9.106
              37          -47.15           10.95
              38           10.47           11.53
              39              58           10.16
              40           -36.6           8.948
              41          -37.91           9.411
              42           19.75           11.95
              43           61.98           10.31
              44          -41.93           10.95
              45          -22.63           9.355
              46           36.51           9.497
              47           83.11           10.47
              48          -33.67           11.04
              49          -48.92           8.243
              50           -5.07           18.38
              51           43.24           8.831
              52           -63.9           9.119
              53          -46.57           9.614
              54           3.655           11.71
              55           46.27           8.123
              56          -63.62           8.438
              57          -48.46           10.15
              58           13.01           10.07
              59           45.71           8.421
              60          -44.94           7.934
              61           -43.8           14.12
              62            24.6           8.974
              63           91.25           9.609
              64          -37.14           9.845
              65          -50.55           8.449
              66           25.89           17.69
              67           50.51           12.39
              68          -39.87           9.031
              69           -18.5           8.594
              70           3.831           13.77
              71           49.85           10.42
              72          -28.04           8.786
              73          -27.59           8.304
              74           39.25           11.63
              75           62.79           10.23
              76          -43.08           9.083
              77           -3.78           8.394
              78           28.88           10.31
              79           82.92           10.78
              80          -35.37           11.12
              81          -42.45           8.011
              82          -1.401           14.27
              83           65.53           8.092
              84          -34.14           9.722
              85          -47.12           7.896
              86           7.371           9.811
              87           53.02           7.904
              88          -35.47           8.518
              89          -23.72           9.494
              90           34.31           8.724
              91           68.11           8.585
              92          -34.22           7.945
              93          -6.104           12.94
              94            36.5           8.405
              95           86.83           9.953
              96          -42.21           9.346
              97          -58.26           8.906
              98           10.76            15.6
              99           59.78           12.06
             100          -48.24           8.946
             101          -41.83           8.998
             102           11.89           11.75
             103           75.22           10.14
             104          -24.01           9.187
             105             -37           8.281
             106           41.62            11.2
             107           64.62            10.3
             108          -35.58           8.833
             109          -23.04           8.404
             110           27.92           11.91
             111           110.4           11.22
             112           -59.5           10.79
             113          -49.73           7.898
             114           10.99           12.56
             115           46.06           8.088
             116          -65.13           9.002
             117          -27.26           7.965
             118           20.76           9.328
             119           67.78           7.931
             120          -30.89           8.231
             121          -20.49           9.497
             122           46.58           8.453
             123           87.94           8.983
             124          -28.78           7.828
             125          -2.568           16.87
             126           34.09           8.525
             127           130.5           10.86
APV               11              11               2               5
               0           199.9            40.3
               1          -3.493           24.19
               2           -43.3           21.34
               3          -84.82           19.63
               4          -87.96           10.45
               5          -35.16           9.128
               6          -36.06           16.42
               7           43.68           11.64
               8          -15.87           8.492
               9          0.4124           9.613
              10            1.63            10.9
              11           26.79           10.09
              12          -29.45           9.032
              13          -29.81           10.02
              14           8.757           10.54
              15           36.94           9.873
              16          -15.21           10.02
              17          -12.97           8.131
              18             -26           19.87
              19           13.98           8.638
              20          -26.18           8.995
              21          -31.44           8.307
              22          -14.97           10.89
              23           38.93           7.847
              24          -4.424            8.72
              25          -13.64           8.819
              26          -14.16            9.16
              27           34.08           8.132
              28          -43.62            7.83
              29          -28.44            10.9
              30           10.63           8.459
              31           60.68           8.859
              32           4.419           9.806
              33          -18.92           9.293
              34          -3.211           11.21
              35           42.22              12
              36          -16.27           8.793
              37           2.239           9.247
              38         -0.1046           11.54
              39           36.74           10.56
              40          -19.19           8.461
              41           -29.5           9.084
              42           8.327           12.33
              43            42.2           10.49
              44          -27.18           9.624
              45          -26.22           9.709
              46           6.349           9.522
              47           54.19            10.3
              48          -32.47           10.33
              49          -19.51           8.181
              50          -32.61           15.39
              51           10.99           8.207
              52          -20.86           8.907
              53          -10.81           8.382
              54          -11.93           10.24
              55           42.69           7.696
              56          -32.34           8.271
              57          -19.27           9.405
              58          -2.569           8.956
              59           27.65           8.115
              60          -16.22           7.812
              61          -4.772           12.76
              62           18.72           8.258
              63            68.3           9.394
              64          -30.05           10.97
              65          -6.132           7.933
              66           11.58           17.92
              67           37.26           13.37
              68          -35.55           9.816
              69          -19.12            7.92
              70           7.419           14.14
              71           45.04           10.98
              72          -29.52           8.459
              73          -24.54           7.802
              74           5.139           11.72
              75           30.73           10.14
              76          -19.67           8.195
              77           -50.1           8.194
              78          -4.106           10.41
              79           55.77           10.71
              80          -22.45           26.74
              81          -30.37           7.852
              82          -21.25           12.85
              83           41.12           7.799
              84          -22.94           9.758
              85          -13.97           7.889
              86           -6.83           8.624
              87           23.47           7.514
              88          -26.85           8.445
              89          -31.16           8.721
              90           14.19           8.081
              91           44.71            8.24
              92          -21.54            7.76
              93           -27.4           11.47
              94           14.07           7.785
              95           74.01           9.782
              96          -25.58           28.28
              97          -32.96           9.359
              98          -4.336           14.93
              99           41.44           12.48
             100          -54.56           8.891
             101          -15.88           8.115
             102           8.081           12.43
             103           46.91           10.36
             104          -21.34           8.535
             105          -18.83           8.209
             106           25.77           11.46
             107           55.22           10.47
             108          -23.88           7.882
             109          -18.32            8.36
             110           9.502           12.19
             111           67.02           11.38
             112           0.797           27.43
             113          -21.14           7.769
             114          -7.736           11.73
             115           36.79            7.75
             116          -32.94           9.119
             117          -6.769           7.675
             118           7.112            8.27
             119           52.35           7.671
             120          -34.89           8.172
             121          -16.81           8.612
             122          0.6602           7.651
             123              43           8.787
             124          -18.25           7.532
             125          -20.18           14.67
             126           17.93           7.868
             127           100.2           10.84
APV               11              11               2               6
               0           102.9           29.41
               1          -21.56           23.54
               2          -13.95           21.51
               3          -85.62           15.02
               4          -93.27           9.759
               5          -59.53           9.437
               6           8.713           14.71
               7           37.76           10.56
               8          -55.59           8.206
               9          -22.29           9.811
              10           18.95           10.15
              11           42.12           9.755
              12          -44.43           9.077
              13          -7.487           10.32
              14           29.51           9.849
              15           69.03           9.787
              16          -56.43           9.705
              17           -41.2           7.984
              18          -3.169           31.22
              19              12           8.845
              20          -39.48           9.231
              21          -30.73           8.478
              22           5.993            11.3
              23           41.32           7.759
              24          -57.38           8.271
              25          -26.05           9.097
              26           18.85           9.529
              27           54.82           8.105
              28          -51.51           7.751
              29          -20.23           11.75
              30           5.319           8.518
              31           73.02           8.856
              32          -42.58           9.886
              33          -7.853           9.839
              34           14.99              11
              35           29.84           10.58
              36          -50.51           8.663
              37          -37.66           9.771
              38          0.6863           10.58
              39           28.08           9.591
              40          -64.55           8.478
              41          -5.074           9.242
              42           11.98            11.3
              43           43.91           10.07
              44          -51.88           10.52
              45          -15.43           9.083
              46            30.7           9.075
              47           75.03           10.19
              48          -41.62           10.71
              49          -32.02           8.051
              50           8.289           17.09
              51           26.59           8.159
              52          -54.92           8.813
              53           -21.6           8.465
              54           1.249           10.97
              55           60.12           7.734
              56          -42.23           8.103
              57          -4.406           10.09
              58           9.312           9.262
              59           41.56           8.078
              60          -39.36           7.628
              61          -15.42           14.18
              62           30.95           8.274
              63           88.91           9.387
              64          -59.56            9.38
              65          -31.58           8.053
              66           32.57           15.71
              67           31.85           11.58
              68          -48.23           8.606
              69          -29.12           8.167
              70            19.8           12.85
              71            36.1           9.767
              72          -56.13           8.508
              73          -7.267           7.915
              74           8.409           10.73
              75           74.64           9.969
              76          -53.13           8.574
              77           4.075           7.875
              78           35.99           9.274
              79           96.37           10.58
              80          -56.66           10.71
              81          -15.62           7.749
              82           11.29           13.41
              83           35.75           7.538
              84          -43.85           9.479
              85          -26.32            7.58
              86          -2.683           9.061
              87           52.89           7.557
              88          -52.28           8.235
              89          -6.411           9.058
              90           19.24            8.19
              91           67.77           8.411
              92          -35.23           7.542
              93         -0.4027           12.64
              94           22.29           7.774
              95           78.21           9.668
              96          -78.39           8.875
              97          -47.54           8.527
              98           23.72           13.92
              99           19.41           11.26
             100          -58.09           8.493
             101          -19.84           8.569
             102            43.2           11.31
             103           44.47            9.57
             104          -47.64           8.693
             105          -6.665           8.071
             106           7.155           10.39
             107           58.88           10.04
             108          -40.43           8.391
             109          -12.85           7.985
             110           41.92           10.86
             111           94.14           10.88
             112          -44.95           10.62
             113          -21.33           7.652
             114           22.47              12
             115           12.36            7.49
             116          -73.84           8.708
             117          -19.17           7.637
             118           23.95           8.677
             119           56.27           7.579
             120          -32.53           7.977
             121           -5.93           8.958
             122           18.53           7.856
             123           83.21           8.869
             124          -30.93           7.438
             125          -5.358           16.25
             126           22.87           7.918
             127           105.4           10.61
APV               11              11               2               7
               0           130.4           29.05
               1          -37.26           22.09
               2          -32.67           20.05
               3          -69.22           16.74
               4          -97.29           9.752
               5          -66.09           9.176
               6          -4.688           14.99
               7           54.19           10.54
               8          -69.07           7.872
               9          -48.98           9.606
              10           26.62           10.25
              11           61.79            9.76
              12          -45.61           8.777
              13          -9.586           10.07
              14           39.66             9.8
              15           76.99           9.711
              16          -37.84           9.341
              17          -67.32           7.637
              18          -28.83           20.53
              19           41.58           8.623
              20          -90.15           8.615
              21          -40.31           8.311
              22          -7.531           11.41
              23           41.69           7.495
              24          -55.56           7.873
              25          -27.23           9.035
              26           5.622           9.386
              27           71.81           7.947
              28           -49.1           7.447
              29          -25.79           11.65
              30           27.89           8.481
              31           70.99           8.552
              32          -47.25           9.559
              33          -59.36           9.241
              34          -4.255           10.57
              35           37.47            10.6
              36          -64.18           8.411
              37           -24.2           9.546
              38           35.49           10.67
              39           53.56           9.716
              40          -66.47           8.177
              41          -25.93            8.96
              42           30.92           11.48
              43           82.76           9.877
              44          -61.03           9.887
              45          -18.24           9.449
              46           27.67           8.875
              47           95.05           9.966
              48          -41.27           9.936
              49          -32.32           7.866
              50          -9.015            16.5
              51           48.59            8.14
              52          -68.65           8.241
              53          -50.36           8.507
              54          -20.58           10.77
              55           42.82           7.511
              56          -64.13           7.633
              57          -30.39           10.05
              58           22.46            9.13
              59           69.04           7.885
              60          -64.65           7.341
              61          -13.23           13.65
              62           39.44           8.318
              63           123.8           9.128
              64          -30.91           9.223
              65          -39.28           7.509
              66         -0.2528           15.63
              67           52.04           11.59
              68          -45.05           8.518
              69          -27.32            7.79
              70            16.6           12.61
              71           61.41           9.814
              72          -40.22           8.158
              73          -20.03           7.498
              74           29.42            10.6
              75           89.42            9.85
              76          -63.66           7.904
              77          -10.36           7.669
              78           28.85           9.301
              79           99.14           10.24
              80          -51.15           9.995
              81          -19.35           7.637
              82           12.34           13.05
              83           56.34           7.333
              84          -62.57           8.836
              85          -40.74           7.513
              86           6.382           9.118
              87           60.56           7.266
              88          -67.76           7.608
              89          -19.08           8.773
              90           18.48           8.022
              91           72.21           8.073
              92          -57.34           7.146
              93          -25.03           12.01
              94           33.05           7.546
              95            97.7           9.388
              96          -45.56           8.667
              97          -39.57           7.999
              98            26.9           14.21
              99           52.87           11.39
             100          -60.22           8.227
             101          -17.26           8.188
             102           14.25           10.83
             103            59.1           9.525
             104          -59.75           8.326
             105          -28.45           7.914
             106           25.57           10.09
             107           74.06           9.869
             108          -58.95           7.723
             109          -9.451           8.068
             110           46.73            10.9
             111           138.2           10.63
             112          -54.31           9.945
             113          -41.13           7.432
             114          -12.65            11.8
             115           42.25           7.304
             116          -43.84           8.331
             117           -23.7           7.406
             118           30.75            8.73
             119           47.37           7.261
             120          -67.28           7.391
             121          -18.43           8.789
             122           30.95           7.887
             123           82.44           8.281
             124          -51.57           6.998
             125          -31.02            15.6
             126            27.8           7.623
             127           167.8           10.31
APV               11              11               2               8
               0           82.48            31.7
               1          -25.18           27.32
               2          -5.626           25.99
               3          -88.89           15.13
               4          -102.2           9.498
               5             -44           9.686
               6           7.055           16.16
               7            30.3           10.66
               8          -48.92           8.274
               9          -16.77           10.37
              10           28.84            10.7
              11           47.17              10
              12          -53.22           9.194
              13         -0.7606           10.99
              14           14.48           10.37
              15           60.53           9.842
              16          -51.07           9.547
              17          -35.11           8.086
              18            8.93           21.69
              19            27.5            8.64
              20          -85.93           8.929
              21          -35.32           8.697
              22           3.282           11.47
              23           18.94           7.695
              24          -75.96           8.037
              25          -8.281           9.532
              26            20.1           9.608
              27           37.87           7.893
              28          -67.85           7.645
              29          -6.316           12.56
              30           32.84            8.62
              31           40.58           8.666
              32          -48.58           9.714
              33          -36.27           10.16
              34           3.004           11.51
              35           41.88            11.3
              36           -77.6           8.468
              37          -36.46           10.41
              38            8.18            11.3
              39            22.4           9.869
              40          -56.68           8.478
              41          -13.68           9.619
              42           43.69           12.45
              43           35.77           10.09
              44          -36.59            10.9
              45          -31.47           9.666
              46           21.38           9.301
              47           65.98           10.13
              48          -68.08           10.47
              49          -26.62           8.279
              50           8.031           17.14
              51           40.09           8.221
              52          -50.99           8.716
              53           -37.6           8.855
              54           11.61           11.05
              55            29.2           7.599
              56          -54.56           8.082
              57          -26.77           10.66
              58           9.901           9.295
              59            69.1           8.088
              60          -60.44           7.655
              61          -7.905           14.67
              62           32.18            8.33
              63           52.03            9.15
              64          -52.43           9.275
              65           -27.3           7.956
              66           40.12           17.71
              67           36.46           12.36
              68          -54.23           8.463
              69           2.528           8.341
              70           31.04           13.52
              71           29.56           10.08
              72          -57.32           8.187
              73          -7.503            7.85
              74           25.52           11.41
              75            70.1           10.13
              76          -28.49           8.618
              77           -15.6           8.178
              78            50.8           10.13
              79           68.17            10.5
              80             -55           10.66
              81          -10.69           7.698
              82           3.538            13.8
              83           39.32           7.607
              84          -59.13           9.191
              85          -21.48           7.601
              86           13.89           9.489
              87           34.91           7.485
              88          -39.66               8
              89          -22.21           9.356
              90           35.68           8.291
              91           43.58           8.412
              92          -11.04           7.473
              93            13.7           13.17
              94           42.72           7.863
              95           75.92           9.718
              96          -71.43           8.611
              97          -12.27           8.571
              98           27.55           15.09
              99           18.57           11.86
             100           -35.5           8.487
             101          -18.45           8.914
             102            14.8           11.75
             103           47.58           9.863
             104          -26.74           8.671
             105           1.748           8.009
             106           55.71           10.99
             107           65.33           10.51
             108          -16.88            8.27
             109           7.162           8.102
             110           32.12           11.48
             111           85.64           10.86
             112          -70.67           10.18
             113             -40           7.545
             114           5.315           12.46
             115           39.64           7.554
             116           -79.3           8.462
             117           2.316           7.676
             118           40.27           8.975
             119           52.98           7.579
             120          -42.52           7.733
             121           6.729           9.302
             122           10.75           7.976
             123           45.79           8.764
             124          -27.77           7.204
             125           10.73           17.26
             126            37.3           8.048
             127           104.2           10.67
APV               11              11               2               9
               0             110           31.83
               1          -34.69           27.23
               2          -56.48           25.43
               3          -84.24           16.04
               4          -85.17           9.564
               5             -59           9.533
               6          -28.22           15.29
               7           44.77           10.61
               8          -55.17           7.941
               9          -57.69           10.04
              10           6.941           10.07
              11           86.96           10.04
              12          -37.99           8.977
              13          -36.02           10.45
              14           4.428           9.788
              15           101.2           9.872
              16          -23.96           9.549
              17          -57.62           7.726
              18          -29.45           22.46
              19           32.62           8.641
              20          -48.87           8.872
              21             -54           8.367
              22          -19.81           11.35
              23           44.02           7.635
              24          -55.63            7.95
              25           -48.8           9.067
              26          -12.67           9.476
              27           74.97           8.004
              28          -38.82           7.539
              29          -13.26            12.3
              30           7.738           8.655
              31           97.65           8.725
              32          -21.78           9.453
              33          -36.88           9.822
              34          -29.63           10.76
              35           28.92           11.17
              36          -42.63           8.426
              37          -27.46           9.987
              38           7.255           10.96
              39            72.1           9.771
              40          -39.52           8.224
              41          -37.92           9.452
              42          -7.391           11.18
              43           89.69           10.05
              44          -49.55           10.67
              45          -32.17           9.417
              46           27.17           8.901
              47           91.99            9.99
              48          -59.82           10.43
              49          -26.74             7.9
              50           -33.6           17.19
              51           40.62           8.182
              52          -49.48           8.495
              53          -25.55           8.484
              54           12.73           10.81
              55           69.21            7.64
              56          -34.33           7.884
              57          -47.44           10.32
              58           -6.73           9.226
              59           86.82            8.13
              60          -44.39           7.404
              61          -40.47           14.31
              62           15.77           8.424
              63           96.22           9.211
              64          -36.82           9.112
              65          -40.91           7.759
              66           2.667           16.77
              67              36           12.25
              68          -38.62           8.599
              69          -23.67           7.998
              70           4.417           13.03
              71           49.07           10.04
              72          -26.29           8.138
              73          -12.98           7.701
              74            4.03           10.72
              75           64.25           9.811
              76           -29.2           8.485
              77          -36.92           7.626
              78           22.93           9.873
              79             114           10.39
              80          -36.35           10.64
              81          -26.56           7.505
              82           8.674           13.71
              83           28.35           7.525
              84          -40.75           9.278
              85          -15.71           7.379
              86           1.494           9.232
              87           62.18           7.449
              88          -45.09           7.832
              89          -14.79           8.785
              90           12.88           8.268
              91           69.15           8.296
              92          -29.77           7.228
              93          -30.22           12.42
              94           5.633           7.632
              95           112.1           9.551
              96          -36.04           8.562
              97          -35.93            8.29
              98         -0.7239           14.73
              99           33.96           11.85
             100          -37.21           8.332
             101          -30.81           8.458
             102           23.94           11.34
             103            69.3           9.651
             104          -26.75           8.458
             105           -21.8           7.474
             106           0.625           10.32
             107           92.39           10.23
             108          -19.72           8.103
             109          -15.32           7.508
             110           27.07           11.31
             111           122.8           10.89
             112          -41.29           10.37
             113          -25.55           7.321
             114          -15.46           12.48
             115           38.81           7.512
             116          -45.22           8.467
             117          -30.18           7.203
             118          -10.93           8.697
             119           61.09           7.461
             120          -31.82           7.578
             121           -22.9           8.737
             122           15.92           7.803
             123           108.2           8.705
             124          -25.35           7.076
             125          -12.51           16.32
             126           10.52           7.966
             127           148.6           10.44
APV               11              11               2              10
               0           62.67           33.49
               1          -70.45           28.23
               2          -24.25           27.27
               3          -81.47           16.46
               4          -131.3           10.09
               5          -82.59           9.739
               6           31.19           18.52
               7           67.67           12.11
               8          -98.51           8.384
               9          -47.36           10.39
              10           43.63           15.13
              11           64.55           37.14
              12          -67.22           10.61
              13          -30.79           11.64
              14           29.87           11.28
              15           92.21           12.21
              16          -81.51           10.67
              17          -78.31           8.256
              18          -4.318           23.18
              19           70.77           8.596
              20          -99.75           9.606
              21          -73.95           8.621
              22            17.8           11.06
              23           62.11           8.246
              24          -79.33           8.822
              25          -17.24           9.339
              26           23.59           37.43
              27           80.63            9.02
              28          -78.15           8.276
              29          -38.23           12.59
              30           35.19           8.346
              31           78.93           9.896
              32          -88.08           10.31
              33          -61.59           10.09
              34           4.978           13.63
              35           46.38           12.69
              36          -82.22           9.028
              37          -60.82           10.41
              38            19.1           14.39
              39           88.76           11.63
              40          -47.74           8.898
              41           -35.8           9.759
              42           33.46           14.99
              43           92.21           11.64
              44          -66.58           10.83
              45          -5.494           9.737
              46           53.93           10.73
              47           107.1           11.64
              48          -70.51           11.58
              49          -57.26           8.267
              50           8.153           17.65
              51           71.43           8.272
              52          -82.72           9.315
              53          -36.87           8.877
              54           27.46           37.11
              55           71.22           8.295
              56           -71.1           8.576
              57          -45.26           10.47
              58           60.33           9.033
              59           80.84           9.054
              60          -81.29           7.927
              61           15.52            14.5
              62           44.34           8.234
              63           108.3           11.88
              64          -71.59           10.58
              65          -62.43           8.482
              66           33.67           19.72
              67            53.6           13.49
              68          -76.21            9.25
              69          -29.38           8.352
              70           52.98           15.45
              71           86.24           11.23
              72          -57.55            8.72
              73          -30.75           8.243
              74           53.47           13.07
              75           86.64           11.03
              76          -68.44           8.747
              77          -2.924           8.369
              78           47.02           12.04
              79           87.05            11.9
              80          -90.79           32.92
              81          -64.76            7.97
              82           8.466           14.91
              83           46.54           7.917
              84          -80.12            10.6
              85             -43           7.904
              86           45.18           9.071
              87           66.74           8.209
              88          -67.83           8.816
              89          -18.45           8.958
              90           51.85           8.247
              91           70.48            9.29
              92          -57.38           8.004
              93          -2.535           12.46
              94           56.82           7.962
              95           106.6           11.13
              96          -85.23              10
              97          -71.29           8.588
              98           29.44           17.37
              99            73.7           13.27
             100          -69.56             8.9
             101          -52.28           8.856
             102           54.32            13.6
             103           79.36           10.87
             104          -68.18           8.793
             105          -6.168           8.414
             106           36.56           12.55
             107           67.51           11.39
             108          -51.34           8.625
             109           8.683           8.502
             110              67           14.01
             111           89.84           13.68
             112          -88.55           11.55
             113          -47.84           8.008
             114           34.85           12.49
             115           51.13            7.85
             116          -79.35           9.248
             117          -37.97           7.667
             118           39.09           8.956
             119           73.07           8.085
             120          -56.02           8.425
             121             -15           8.854
             122           54.08           7.978
             123           89.77           9.711
             124          -52.21           7.841
             125           1.984           16.57
             126           73.79           8.686
             127           112.7           39.25
APV               11              11               2              11
               0           61.22            33.1
               1          -34.85           29.23
               2          -10.15           30.27
               3          -96.93           17.42
               4          -79.03           11.16
               5          -29.43           11.14
               6           1.156           19.24
               7           33.65           13.08
               8          -54.16           8.658
               9          -28.38           11.16
              10           19.52           13.67
              11           38.56           12.37
              12          -35.35           10.28
              13           -12.5           11.67
              14           8.356           12.34
              15            64.6           11.99
              16          -44.74           10.26
              17          -30.38           8.277
              18          -5.157           29.98
              19           36.39           9.369
              20          -56.91           9.312
              21          -12.17           8.674
              22           12.96           14.57
              23           41.93           8.371
              24          -35.04           8.539
              25           2.978           9.465
              26           7.953           10.86
              27           45.61           9.068
              28          -12.62           7.948
              29          -11.89           12.87
              30           8.416           9.409
              31           56.52           10.44
              32          -67.34           10.29
              33          -20.82           11.36
              34           26.25           16.82
              35           39.09           14.17
              36          -41.96           9.444
              37          -6.863           11.49
              38           13.29           14.59
              39           35.66           12.22
              40          -50.52           10.26
              41          -12.24           11.24
              42          -21.61           14.23
              43           47.23           12.53
              44          -34.43           11.89
              45          -2.971           9.797
              46           18.73           11.53
              47           52.17           13.06
              48          -45.54           11.71
              49          -1.857           8.501
              50          -4.695           23.09
              51           55.07           8.827
              52          -40.49           9.021
              53          -21.24           8.986
              54           10.69           13.03
              55           37.13           8.323
              56          -42.04           8.537
              57           3.056           10.52
              58           11.06            10.3
              59           43.32           9.234
              60          -25.82           7.839
              61           22.47           14.98
              62           37.43           8.964
              63           39.98           13.36
              64          -50.86           10.74
              65          -35.95           11.51
              66           9.279           20.55
              67           37.91            14.8
              68          -50.23           9.886
              69          -17.48           9.967
              70           11.83           15.22
              71           19.21           12.41
              72          -38.08           9.103
              73          -19.98              10
              74           6.429           13.49
              75           41.79           12.18
              76          -10.93           10.97
              77         -0.5894           9.484
              78           15.64           12.33
              79           46.05              13
              80          -52.73           11.29
              81             -29           7.791
              82           10.63           15.04
              83           38.08           7.989
              84          -34.21           9.765
              85          -12.94           7.573
              86          -3.427           9.779
              87           42.43           8.338
              88          -28.62           8.312
              89          -14.28           9.044
              90            9.95           8.385
              91           61.96           9.614
              92           -18.1           7.595
              93          -25.93            40.6
              94           30.14           8.609
              95           63.49           13.19
              96          -48.08           9.045
              97          -39.99           9.567
              98           9.044           18.58
              99           28.27            14.6
             100          -65.94           9.412
             101           -51.1           10.39
             102          -1.204           13.46
             103           52.04           12.24
             104          -15.17           9.293
             105          -15.71           8.401
             106            39.4            13.4
             107           58.07           12.49
             108          -21.93           10.36
             109          -7.207           9.294
             110           39.64           14.39
             111           77.67              41
             112          -67.64           9.987
             113          -18.66           7.743
             114           8.977           14.23
             115           44.69           8.456
             116          -37.88           8.959
             117          -17.89           7.406
             118           6.592           8.967
             119           32.89           8.424
             120          -37.05           8.022
             121          -5.689           9.095
             122           20.61           8.107
             123            54.6           9.881
             124          -27.68            7.42
             125          -17.92           17.85
             126           45.98           8.461
             127           75.22           44.08
APV               11              11               0               1
               0           60.63           40.49
               1          -34.38           64.07
               2          -52.73           37.76
               3          -128.6           26.33
               4          -51.41           13.03
               5          -27.73           52.74
               6          -6.746           30.41
               7           44.34           19.49
               8          -42.16           12.19
               9          -27.31           53.38
              10          -17.69           19.95
              11           50.01           18.37
              12           6.041           25.88
              13          -16.22           54.31
              14           11.94           19.01
              15           86.64           17.65
              16          -8.402           18.58
              17          -33.65           52.96
              18          -19.53           32.42
              19           38.19           9.566
              20          -21.17           12.48
              21          -25.11           54.24
              22          -19.26           12.07
              23           31.79           10.83
              24          -29.09           13.25
              25           -21.8           54.77
              26           7.735           10.07
              27           57.06           13.95
              28          -15.49           29.17
              29          -29.13           55.84
              30          -5.941           8.637
              31           62.27           14.97
              32          -8.058           18.06
              33          -9.318            53.5
              34          -34.24           21.24
              35           35.61            22.6
              36          -51.61           10.99
              37          -35.97            53.5
              38          -19.15           22.64
              39           22.54           17.31
              40          -21.84            16.3
              41          -18.52           53.63
              42          -15.82           22.51
              43           57.15           18.62
              44          -17.66           40.43
              45          -20.68           54.59
              46            21.7           16.08
              47           84.09           17.08
              48          -12.54           19.55
              49          -4.546           54.02
              50          -12.71           22.84
              51           33.88           9.858
              52          -35.06            11.8
              53          -40.05           54.26
              54          -17.05           11.11
              55           39.37           10.71
              56          -26.33           19.12
              57          -51.25           54.78
              58          -17.23           9.565
              59           58.22           14.35
              60          -23.08           40.87
              61          -20.41           55.85
              62           29.57            8.51
              63           98.92           15.34
              64          -17.92           18.06
              65          -21.71           14.34
              66          -6.675           26.61
              67           23.91           22.99
              68          -15.44           15.42
              69          -13.92           10.98
              70          -26.09           29.07
              71           62.03           19.49
              72          -13.61           14.31
              73          -41.03           11.59
              74            2.41           23.67
              75            70.9           19.74
              76           -8.26           12.04
              77          -20.04           11.09
              78           32.07           20.74
              79           93.75           20.38
              80          -17.07            20.9
              81          -12.15           14.22
              82          -16.43           17.84
              83           31.03           11.75
              84          -20.06           17.89
              85          -20.63            11.8
              86          -3.466           10.43
              87           49.16           12.47
              88          -28.04           15.26
              89          -18.17           11.25
              90          -3.362           10.29
              91            42.3            15.6
              92          -19.43           14.85
              93          -18.49           15.31
              94           12.57            9.37
              95           94.75           19.07
              96          -21.69           16.23
              97          -13.89           11.62
              98            2.56           30.13
              99           24.15           23.76
             100          -48.97            15.7
             101           -38.8           11.86
             102          -8.275           24.59
             103           63.87            18.5
             104          -12.46           12.51
             105          -22.87           13.51
             106            4.67           23.09
             107           65.42           19.45
             108          -24.95           12.28
             109          -25.13           12.18
             110           8.081            23.7
             111           100.9           21.24
             112          -11.37           21.02
             113          -6.456           13.21
             114           3.525           15.26
             115           30.11            11.7
             116          -28.25           16.76
             117          -21.15           12.02
             118           -20.8           10.19
             119           47.15           12.87
             120          -12.69           14.66
             121          -31.68           11.27
             122           3.412           10.71
             123           49.55           16.59
             124          -24.96           14.54
             125          -39.35           20.04
             126           25.37           10.23
             127             102           19.49
APV               11              11               0               2
               0           50.71           37.35
               1          -37.76           32.65
               2          -38.28           32.13
               3          -105.5           21.23
               4           -82.8           13.06
               5          -19.35           14.58
               6          -14.82           24.23
               7           27.09           14.92
               8          -25.66           9.501
               9          -5.317           16.46
              10          -18.95           14.48
              11           41.88           13.19
              12           -29.3           10.89
              13          -11.92           17.39
              14          -7.561           14.93
              15           87.59           13.41
              16          -53.65            15.8
              17          -18.76           9.773
              18           1.889           39.85
              19           25.39           10.68
              20          -45.95            13.4
              21          -13.94           12.55
              22          -24.05           17.14
              23           22.55           8.705
              24          -31.22           10.67
              25          -38.06            14.8
              26         -0.1655           13.42
              27           36.13           9.481
              28          -29.39           9.624
              29           -20.5           21.84
              30           13.53           11.42
              31           73.59           11.73
              32          -36.86            15.9
              33          -32.84           14.75
              34          -10.25           14.85
              35           30.77           17.02
              36          -40.37           11.55
              37          -26.39           16.63
              38          -7.842           16.11
              39           37.43           13.27
              40          -25.71           10.24
              41          -7.413           14.53
              42          -10.59           17.65
              43           66.78           13.98
              44          -44.59           16.12
              45          -6.237           12.58
              46           5.942           12.99
              47            98.9           13.91
              48          -50.44           18.33
              49          -5.688            10.6
              50          -31.12           30.17
              51            10.7           10.24
              52           -55.6            12.1
              53          -22.55           13.21
              54          -15.92            16.1
              55           61.65           8.766
              56          -32.84           10.19
              57          -3.384           17.38
              58           -17.4           12.77
              59            59.6           9.806
              60          -22.83           9.586
              61          -13.49           25.88
              62           31.97            10.4
              63           98.44           12.06
              64          -52.07           15.11
              65          -10.87           9.142
              66           2.366           24.63
              67           19.45           18.92
              68           -25.8           11.96
              69          -9.533           11.85
              70         0.03947           19.55
              71           40.88           14.03
              72           -51.3           9.531
              73          -9.705           10.47
              74          -2.135           15.76
              75           80.68           14.13
              76          -29.55           10.61
              77          -9.444           10.45
              78           4.687           13.88
              79           114.8           14.66
              80          -55.04           18.44
              81          -24.21           8.424
              82          -14.93           24.88
              83           20.24           9.105
              84          -33.78           14.01
              85          -19.72           9.062
              86            3.93           14.22
              87           58.62           9.165
              88          -39.18           10.36
              89         -0.0797              14
              90          -4.721           11.44
              91           78.91           11.06
              92          -20.02            8.78
              93          -18.06           23.05
              94           11.73           9.717
              95           90.67           12.81
              96          -47.62           12.81
              97          -15.12           11.64
              98           9.803           22.35
              99            40.1           17.99
             100          -37.82           11.36
             101          -27.02           13.07
             102          -18.13           15.94
             103           31.51           13.58
             104          -41.86            10.3
             105          -19.24           8.763
             106           -8.51           15.24
             107           75.87            14.5
             108          -19.39           10.26
             109           24.92           9.167
             110           18.23           17.66
             111           109.8           15.17
             112          -28.63           17.88
             113          -15.95           8.472
             114           0.676           21.84
             115           11.24           9.325
             116          -39.93           12.07
             117          0.7908           9.579
             118          -18.58           13.35
             119           60.69           8.946
             120          -27.41            9.26
             121           9.135           13.94
             122           2.919           10.79
             123           76.33           12.05
             124           -8.44            8.34
             125          -10.45           30.13
             126           5.387           9.944
             127           122.2           14.34
APV               11              11               0               3
               0           41.08           38.76
               1          -33.61           34.02
               2          -24.21           36.81
               3          -132.1           27.31
               4          -96.96           12.97
               5          -30.61           14.56
               6          -25.06           28.86
               7           15.26           16.42
               8          -52.74           9.353
               9          -11.67           16.72
              10           17.96           17.54
              11           45.29           16.13
              12           -59.3           10.49
              13          -5.553           17.72
              14           28.37            17.6
              15           46.26           13.67
              16          -38.37           16.64
              17          -6.489           9.616
              18          -6.414           42.97
              19            14.1           10.35
              20          -69.44           13.56
              21          -32.38           12.09
              22           16.59           17.75
              23           42.14           8.639
              24           -48.7            10.7
              25          -6.952           14.54
              26           34.06           13.72
              27           44.81           11.25
              28          -39.87           9.223
              29          0.2433           22.58
              30           21.01           10.75
              31           57.17            11.6
              32          -48.97           29.51
              33          -12.29           15.95
              34           20.46            19.8
              35           24.12           23.67
              36           -76.6           11.31
              37          -11.89           17.31
              38           41.43           19.63
              39           30.26           15.94
              40          -54.49           9.675
              41           4.425           14.61
              42            32.4           21.72
              43           60.08           16.78
              44          -46.69           16.85
              45           7.644            12.7
              46           6.138           14.29
              47           58.99            14.1
              48          -59.55           19.26
              49          -15.48           10.24
              50           1.605           33.23
              51           22.81           9.868
              52          -61.63           12.39
              53          -3.517            12.8
              54         -0.8299           16.67
              55           44.88            8.56
              56          -66.98           10.15
              57           12.18           17.96
              58          0.3493            12.5
              59           50.64           11.76
              60          -51.48           9.158
              61           -16.8            27.3
              62           24.33           11.92
              63           58.58           12.01
              64          -29.73           15.42
              65          -9.394           9.377
              66           15.56           31.49
              67           12.41            21.6
              68          -59.49           11.91
              69           2.917           12.62
              70          -4.861           23.19
              71           34.01           15.54
              72          -48.58           9.207
              73         -0.3276           11.18
              74           20.52           19.53
              75           36.08           14.86
              76          -10.68           11.29
              77           -13.6              11
              78            14.3           16.47
              79           69.54           15.76
              80           -70.6           19.31
              81          -17.33           8.639
              82           19.43              27
              83           31.76           8.964
              84          -67.24           14.18
              85           -11.1           9.321
              86           20.31            14.3
              87           51.49           9.191
              88          -42.56           14.39
              89          -6.694            15.4
              90           8.781           11.55
              91           43.44           11.03
              92           -45.1           8.744
              93          -5.746           31.98
              94           19.41           9.449
              95           69.25           14.34
              96          -69.48           12.94
              97          -1.888           12.38
              98           20.13           26.83
              99           4.429           19.48
             100          -49.05           11.32
             101          -1.424           14.21
             102           24.21           17.03
             103           48.49           14.74
             104          -62.07           10.08
             105          0.7105           8.599
             106            39.1           19.18
             107           61.36           15.51
             108          -35.83           11.02
             109           20.65           9.558
             110           38.48           21.28
             111           96.78           16.73
             112          -36.31           18.73
             113           1.135           8.494
             114           30.67           40.44
             115           26.28           31.06
             116          -62.18           12.26
             117           18.46           20.34
             118           26.58           13.18
             119           37.12           21.65
             120          -44.47           9.287
             121          -11.74              15
             122           29.54            10.5
             123           44.77           12.55
             124          -36.21           8.377
             125           16.31           33.22
             126            26.9           9.351
             127           96.85           15.63
APV               11              11               0               4
               0           70.61           33.86
               1           -35.9           26.53
               2          -18.45           28.22
               3          -87.72           25.79
               4          -91.29           13.91
               5          -31.73           14.29
               6          -20.66           32.12
               7           21.81           27.32
               8          -49.89           9.972
               9          -41.76           17.46
              10         -0.4706           26.19
              11           5.165           14.74
              12          -27.41           10.55
              13          -9.083           18.78
              14           31.68           19.49
              15           54.19           14.59
              16          -31.37           18.02
              17          -38.79           9.242
              18          -22.72           45.88
              19           5.101           40.19
              20          -49.88           14.56
              21          -17.94           12.45
              22           1.608            20.9
              23            11.2           9.051
              24          -37.65            11.2
              25           -19.5           14.83
              26            24.8            15.6
              27           51.64           10.33
              28          -16.27           9.598
              29          -17.45           23.83
              30           29.31           35.86
              31           67.87           10.96
              32          -15.99            17.4
              33          -16.83           15.19
              34            10.5           19.66
              35           12.81           20.95
              36          -45.65           12.19
              37          -27.48           17.12
              38           5.471           21.41
              39           40.69           15.04
              40          -32.51           9.736
              41          -22.09           14.36
              42           12.68           23.11
              43           40.56           15.75
              44          -26.69           17.11
              45           1.032           13.31
              46           28.64           14.52
              47           64.56           14.28
              48          -28.12           20.55
              49          -10.61           9.766
              50           24.46           34.85
              51           27.85           10.61
              52          -52.08            13.3
              53          -4.423           12.96
              54           5.118           19.38
              55           21.39           8.777
              56          -30.13           10.72
              57          -4.744           18.66
              58           25.76           14.34
              59           30.94            10.8
              60           -24.7           9.157
              61          -6.531           28.64
              62           20.32           11.68
              63           51.69           12.13
              64          -38.62           15.97
              65          -22.43           9.589
              66           13.14           33.25
              67           8.908           23.01
              68          -45.97           12.45
              69           -27.6           13.11
              70           5.738           27.03
              71           29.78           16.53
              72          -29.89           9.551
              73           2.468           11.68
              74           4.379           20.66
              75           65.69           16.54
              76          -27.23           11.36
              77          -6.298           12.12
              78           32.71           18.29
              79           60.29            18.9
              80          -42.02           20.38
              81          -40.36           8.588
              82          0.4835           28.15
              83           30.24           9.385
              84          -38.63           14.99
              85          -6.365           9.823
              86           33.08           15.55
              87           22.79           9.201
              88          -30.05            10.8
              89          -16.38           16.58
              90           7.699           12.45
              91           46.44           11.94
              92           -23.1           8.915
              93          -1.438           27.67
              94            24.6           10.36
              95           74.41           15.35
              96          -54.87            13.5
              97          -15.28              13
              98          -16.95           28.98
              99           6.003           20.87
             100          -48.27           11.69
             101          -15.25            14.7
             102           23.08           22.82
             103           47.06           12.88
             104          -48.17           9.982
             105          0.7446           9.099
             106           22.56           19.47
             107           62.12           16.96
             108          -45.04           10.91
             109          -1.191           10.43
             110            37.8           23.31
             111           72.21           17.66
             112          -46.06           19.49
             113          -22.85           8.526
             114          0.3911           24.17
             115           14.15           9.592
             116           -27.3           13.04
             117          -23.37           10.96
             118           26.16           14.31
             119            53.5           9.458
             120          -40.37           9.507
             121          -9.881            16.3
             122           34.19           11.55
             123           62.06           15.08
             124          -9.349           8.597
             125          -1.488           35.55
             126           12.42           10.48
             127           104.9           15.75
APV               11              11               0               5
               0           38.47            37.4
               1           -21.6           29.39
               2          -42.11           26.37
               3          -86.84           18.48
               4          -110.9           14.87
               5          -31.19           13.71
               6           -4.77           21.21
               7           16.93           13.15
               8          -59.56           10.05
               9          -1.351           14.57
              10           2.808           12.39
              11           45.34           13.04
              12          -52.36           9.924
              13          -18.99              15
              14           14.36           12.19
              15           74.31           12.37
              16          -66.26           21.08
              17          -33.26           9.272
              18          -2.699            46.6
              19           28.47           11.89
              20           -52.3            16.8
              21          -13.24           10.11
              22           14.25           20.45
              23           46.58           9.091
              24          -59.93           13.41
              25           12.55           12.89
              26            8.01           15.02
              27           59.62           10.07
              28          -34.36           9.976
              29          -19.86           22.52
              30          0.3863           12.65
              31           53.98           11.01
              32          -69.81           20.15
              33          -21.94           14.69
              34           6.436            13.1
              35           26.82           13.25
              36          -78.23           12.96
              37          -16.77           15.81
              38           5.321           14.91
              39            42.7            11.8
              40          -38.55           9.707
              41          -28.42           13.38
              42           20.18           14.94
              43           45.09           13.11
              44          -44.69           15.92
              45           -6.72           12.87
              46           20.66           11.05
              47            89.5            13.1
              48          -45.56           25.59
              49          -35.23           9.099
              50          -5.061           35.73
              51           23.99           10.97
              52          -58.51           15.43
              53          -11.42           10.73
              54           10.77           18.67
              55           36.01           8.988
              56          -58.02           12.39
              57          -16.61           15.88
              58           5.577           14.05
              59           64.14           10.42
              60          -30.66           9.312
              61          -10.31           27.83
              62           41.96           11.73
              63           89.68           11.71
              64          -53.89           18.23
              65          -7.922           9.588
              66           19.24           22.39
              67           22.09           15.78
              68           -63.9           13.42
              69          -18.31           12.93
              70           10.84           17.45
              71           39.45           12.49
              72          -43.99            9.49
              73          -1.831           11.01
              74            29.5           14.12
              75           68.33           12.68
              76          -34.79           11.74
              77           7.441           12.12
              78           37.43           11.86
              79           60.12           13.09
              80          -68.65           24.17
              81             -28           8.937
              82           11.83           27.92
              83           16.75           9.426
              84           -60.7           17.18
              85          -20.02           8.773
              86           10.24            15.2
              87           50.27           9.015
              88          -30.85           12.44
              89          -20.04           14.94
              90           19.05           12.43
              91           69.37           10.62
              92          -32.29           9.355
              93          -5.541           28.04
              94           19.43           10.88
              95           104.6           12.22
              96          -80.26           15.87
              97           4.575           12.54
              98           24.68           19.93
              99           21.09            15.9
             100          -52.71           12.79
             101            5.25           14.84
             102           15.81            14.8
             103           49.32           12.33
             104          -63.11           9.694
             105          -2.346           15.66
             106            21.5           14.15
             107           63.99           12.97
             108          -29.27            37.5
             109           2.751           11.96
             110           38.08           14.41
             111           103.6           13.92
             112          -59.71            23.8
             113          -34.34           8.119
             114           14.04           24.35
             115           39.34           9.815
             116           -50.8           14.81
             117          -15.25           9.465
             118           17.75           14.46
             119           38.71           8.941
             120          -53.12           10.75
             121          -6.643            16.5
             122            30.3           11.53
             123           78.13           11.19
             124          -13.79           8.724
             125          -8.625           36.04
             126            26.4           10.89
             127           117.8           13.38
APV               11              11               0               6
               0           75.32           33.96
               1          -38.73           27.05
               2          -37.84           27.58
               3          -96.05           22.68
               4          -92.11           13.86
               5          -42.31           13.82
               6          -5.773           30.37
               7           30.59           16.87
               8          -51.19           9.436
               9          -11.18           16.69
              10           14.53           16.12
              11           24.82           14.44
              12          -64.99           10.61
              13          -8.802           18.02
              14           10.25           16.64
              15           55.09            13.7
              16          -18.47           17.32
              17           -31.9           9.365
              18          -10.06           47.01
              19           7.416           13.08
              20          -62.15           13.76
              21          -31.53           11.84
              22           1.588           22.51
              23           27.46           9.192
              24          -49.52           10.93
              25          -15.08           13.99
              26           32.27           17.27
              27           25.34           9.478
              28          -30.58           9.966
              29          -6.416           23.24
              30           19.32           13.82
              31           71.05           10.91
              32          -27.17           16.74
              33           -39.5           14.33
              34           4.662           17.78
              35           26.75           19.78
              36          -57.99           12.24
              37          -48.65           16.46
              38           1.469           19.56
              39           44.93           14.74
              40          -51.61            9.83
              41           3.871           13.61
              42           19.89           20.65
              43           49.93            14.9
              44          -31.62           17.09
              45          -2.407            13.7
              46           25.26           13.44
              47           71.97           13.56
              48           -23.2           20.08
              49          -28.78           9.746
              50           2.785           36.59
              51           13.96           11.84
              52          -44.33           12.77
              53          -24.39           12.12
              54           21.28           21.18
              55           22.21           9.034
              56          -56.29           10.23
              57          -13.12           17.76
              58           37.53           15.63
              59           58.64           9.776
              60          -36.53           9.772
              61           -9.39           27.62
              62           10.58           13.15
              63           80.68           11.44
              64          -27.48            15.2
              65          -11.93           9.939
              66          0.7273           34.17
              67           25.88           23.53
              68          -38.99           12.39
              69          -7.796           13.38
              70           26.16           26.91
              71           40.38           14.97
              72           -32.5           9.472
              73          -2.214           11.64
              74           37.77           20.54
              75           40.56           14.82
              76          -37.25           11.26
              77           -12.7           12.42
              78           19.92           17.42
              79            92.2           16.95
              80          -37.59           19.53
              81          -19.18           8.805
              82          0.5924           28.34
              83           15.66           9.203
              84          -55.56           14.25
              85          -13.68           10.46
              86           19.41           15.82
              87           38.73           8.543
              88          -63.44           10.18
              89           11.88           16.58
              90           22.27           13.11
              91           56.38           11.02
              92          -30.47           8.772
              93          -1.825           26.99
              94           24.55            10.5
              95           97.43           14.88
              96          -39.67            13.4
              97           -39.5           13.08
              98           12.55            29.4
              99           8.676           20.63
             100           -52.7           11.53
             101          -10.29           14.99
             102           10.91           21.74
             103           31.43           14.25
             104          -32.81           9.983
             105          -8.664           9.236
             106           25.85           19.09
             107           61.08           15.36
             108          -27.24           11.05
             109          -6.545            10.9
             110           35.41           22.78
             111           89.62           17.35
             112          -50.43           18.45
             113           -46.6           8.887
             114         -0.9692            25.3
             115              40           9.475
             116          -64.55           12.25
             117          -12.56           11.53
             118           13.63           15.05
             119           54.62           8.578
             120          -34.07           9.288
             121          -6.594            16.8
             122           14.04            11.9
             123            64.6           12.05
             124          -36.77           8.494
             125            4.09           35.19
             126           33.31           10.67
             127             105            15.4
APV               11              11               0               7
               0           51.01           36.28
               1          -22.47           30.51
               2          -35.36            29.7
               3          -112.1           17.56
               4          -104.8           10.57
               5          -43.03           10.66
               6          -9.609           18.01
               7           27.12           11.16
               8          -63.26           7.868
               9          -1.478           11.19
              10           23.64           9.917
              11           62.38           10.58
              12          -61.77           8.698
              13           2.759              12
              14           13.51           10.23
              15            83.6            10.2
              16          -52.93           13.75
              17          -48.23           7.918
              18          -6.499           34.66
              19            15.1           16.18
              20          -66.92           11.28
              21          -6.371           9.091
              22           14.48           17.18
              23           38.27            9.54
              24          -61.76           9.657
              25           -31.7           10.01
              26         -0.7144           13.59
              27           50.03           8.327
              28          -51.78           8.172
              29           3.801           16.36
              30            33.3           12.19
              31           97.08           9.124
              32          -52.09           12.81
              33          -11.18           10.79
              34         0.05083           11.94
              35           44.04           12.87
              36          -62.26           9.206
              37          -26.12           12.19
              38          -4.857           12.35
              39           32.14           10.18
              40          -48.21           8.171
              41           -22.6           9.973
              42           8.492            12.3
              43           56.67           10.77
              44          -33.21           12.62
              45             -11           8.627
              46           28.94           8.603
              47           58.89           10.38
              48          -67.67           16.05
              49          -28.75           8.016
              50          -19.68           27.44
              51           36.12           12.69
              52           -62.3           10.69
              53          -13.26           9.515
              54           22.12           16.41
              55           47.66           8.643
              56          -27.89           9.476
              57          -15.11           11.78
              58           28.01           13.09
              59           63.37           8.372
              60           -19.6           7.866
              61          -29.22           19.97
              62           18.53            12.1
              63           100.3           9.569
              64          -60.52           11.66
              65           -22.9           8.131
              66            13.1           22.33
              67           55.48              15
              68          -42.07           9.488
              69          -6.945           9.262
              70           11.76           16.97
              71           34.76           10.91
              72          -70.85           7.976
              73          -7.777           8.212
              74          -5.399            13.2
              75           55.17           11.39
              76          -34.87           9.117
              77          -8.733           8.019
              78           42.74           11.85
              79             102           11.24
              80          -70.06           15.47
              81          -9.145           7.884
              82          -15.93           19.11
              83           36.74           7.536
              84          -45.39           11.77
              85          -14.44           7.355
              86           21.54           10.77
              87           37.78           7.521
              88          -37.43           9.569
              89          -7.801           11.03
              90           25.37           8.849
              91           51.89            9.17
              92          -49.44           7.793
              93          -12.33           18.96
              94           17.41           7.909
              95           95.48           10.22
              96          -46.91           10.97
              97          -25.16           9.222
              98           4.575           18.82
              99           24.28           14.14
             100          -70.18           9.029
             101          -17.22           10.28
             102           14.56           13.98
             103           73.22           11.06
             104          -36.11           8.122
             105           -5.11           7.771
             106           36.66           13.43
             107           84.76            11.9
             108           -36.7           8.755
             109          -11.96           7.365
             110            28.9            14.5
             111           120.7           11.83
             112          -55.62           15.26
             113           -4.24           7.206
             114              19            16.5
             115           6.366           7.427
             116          -42.45           10.61
             117          -11.26           7.604
             118           24.65           9.939
             119           62.46           7.534
             120           -51.9           8.486
             121          -46.35           11.36
             122           4.851           8.292
             123           70.28           10.03
             124          -47.27           7.379
             125          -24.33           25.72
             126           17.15           8.143
             127             137           11.24
APV               11              11               0               8
               0           139.6           37.85
               1          -67.62           51.96
               2          -49.04           30.74
               3           -85.8           22.65
               4           -61.6            13.9
               5          -57.83           42.69
               6          -1.151           22.54
               7           46.08           16.52
               8          -27.26           9.991
               9          -45.47           42.71
              10           5.065           15.09
              11           46.04           14.62
              12          -41.68           10.02
              13          -28.04           43.54
              14           31.11           14.73
              15           48.11           12.91
              16           30.09            18.8
              17          -44.59           42.56
              18           7.355           35.05
              19           34.07           8.065
              20          -12.03           14.69
              21          -28.31           44.52
              22          -9.725            14.4
              23           39.25           7.991
              24          -32.91           11.84
              25           -24.1           44.89
              26           9.751           10.69
              27           37.81           9.967
              28          -32.85           10.79
              29          -29.82           46.64
              30           17.66           8.587
              31           44.54           10.67
              32          -15.41           17.52
              33          -32.12           43.51
              34          -1.917            15.4
              35           56.27           18.68
              36          -29.06           12.09
              37             -28           43.84
              38           25.23           16.33
              39           29.98           14.44
              40          -35.73           9.934
              41          -39.02           42.86
              42           30.15           17.76
              43           44.61           14.85
              44           -45.1           15.61
              45          -16.81           42.86
              46           52.87            13.1
              47           54.13           12.43
              48           17.34           20.72
              49          -37.01           43.48
              50          -8.539           26.92
              51           49.72           7.798
              52           -18.6           13.51
              53             -49           44.43
              54           2.516           13.28
              55            36.9           8.285
              56          -50.62            10.8
              57          -36.34              45
              58           32.84            9.59
              59           44.08           10.36
              60          -52.76           12.56
              61           -30.3           46.23
              62            19.1           7.761
              63           60.74           10.78
              64            -7.1           16.51
              65          -42.05           9.564
              66           10.67           26.92
              67           37.31           21.16
              68          -24.19           14.36
              69          -50.89           7.949
              70           19.71            21.9
              71           48.07           16.21
              72          -28.03           11.49
              73           -58.2            7.96
              74           32.52              19
              75           41.16           15.59
              76          -36.47           8.044
              77          -23.79           8.163
              78           41.67           16.66
              79           48.23           15.14
              80          -9.017           20.82
              81          -34.34           10.75
              82           6.419           16.95
              83           43.95           8.499
              84          -8.407           16.63
              85           -40.3           8.221
              86           11.87           8.603
              87           41.25           9.909
              88          -57.32            13.3
              89          -39.57           8.675
              90           34.04           7.453
              91            48.5            12.4
              92           -50.6           11.27
              93           -26.8           14.58
              94           34.72           7.263
              95           62.26           13.45
              96           14.24           15.75
              97          -50.96           8.334
              98           14.98            24.5
              99            51.6           19.99
             100          -25.36           13.57
             101          -39.85           8.523
             102           24.54           19.28
             103           21.53           15.24
             104          -34.35           9.525
             105          -39.96           9.797
             106           38.25           18.61
             107           43.77           16.09
             108          -38.81           8.042
             109          -18.15            8.81
             110           41.47           19.71
             111           70.62           15.37
             112          -6.629           20.28
             113          -48.74           9.262
             114          -6.786           13.42
             115           25.41           8.397
             116           4.923            15.4
             117          -32.88           7.798
             118           36.83           7.877
             119           55.96           10.18
             120          -44.16           11.78
             121          -38.28           8.593
             122           19.63           7.332
             123           45.68           12.95
             124           -38.3           10.89
             125          -21.54           19.49
             126           32.66           7.518
             127           76.78           13.62
APV               11              11               0               9
               0           88.39           41.63
               1           -47.2           45.62
               2          -31.71           39.19
               3          -119.4           32.77
               4             -80           15.09
               5          -50.27           34.43
               6           9.699           37.45
               7           33.18           22.89
               8          -56.25           10.32
               9          -34.02           35.76
              10          -5.197           22.89
              11           55.58           21.85
              12          -47.76           11.36
              13           -11.6           37.98
              14           29.38           23.96
              15           85.17           19.72
              16          -5.479           21.04
              17           -55.3           30.12
              18           4.032           54.59
              19           35.98           11.39
              20          -66.83           15.64
              21          -56.72           34.67
              22          -2.964           22.42
              23           22.96           9.434
              24           -50.1           13.28
              25          -23.11           36.74
              26          -3.921            16.2
              27           66.16           13.19
              28          -42.24           12.19
              29          -9.873           43.82
              30           22.76           12.12
              31           91.92           15.96
              32          -24.48           20.06
              33          -42.27           33.94
              34          -6.087           22.58
              35           31.18           27.76
              36          -55.42           12.94
              37          -24.51           37.04
              38          -4.849           25.21
              39           59.01           20.89
              40          -52.68           10.74
              41          -32.69           34.19
              42          -5.061           27.88
              43           76.98           22.46
              44          -28.33           20.66
              45           11.62           36.41
              46           31.17           19.91
              47           96.08           20.08
              48          -27.68           23.79
              49          -48.92            31.7
              50         -0.2382           41.04
              51              27           10.21
              52          -41.46           15.29
              53          -46.04           35.77
              54           -2.07           20.51
              55              49           9.349
              56           -39.7           12.79
              57          -8.346            39.8
              58           11.71           14.88
              59           59.65           13.75
              60          -33.27           12.29
              61           2.257            47.7
              62           29.52           11.25
              63           111.5           16.33
              64          -12.72           19.63
              65          -53.72           10.46
              66          -5.478           37.92
              67           33.15           29.85
              68          -49.16           15.26
              69          -40.88           14.23
              70           32.46           32.55
              71           52.07           22.33
              72          -42.04           10.74
              73          -22.34           12.43
              74            18.3           26.44
              75           81.22            20.8
              76          -32.38           11.81
              77           -4.49           12.68
              78           26.79           22.79
              79           104.7           20.76
              80          -37.34           24.82
              81          -26.24           11.23
              82          -8.789           31.73
              83           25.47           9.259
              84          -52.62           18.41
              85          -46.55           10.69
              86           2.238           15.81
              87           52.98           10.91
              88          -45.18           13.84
              89          -26.87           17.84
              90           16.65           12.41
              91           65.34           13.52
              92          -23.52           11.41
              93          -15.24           30.31
              94           25.94           9.953
              95             103           18.25
              96          -33.39           17.27
              97          -49.52           13.93
              98           -11.4           33.68
              99              34           27.32
             100          -46.64           14.02
             101          -46.96           16.25
             102           14.41           27.14
             103           52.86           21.14
             104          -39.41           10.48
             105          -13.13           9.762
             106           21.81           25.07
             107           81.08           57.06
             108          -42.36           14.02
             109          -3.545           11.56
             110            26.1           27.35
             111           122.1           25.32
             112          -29.07           24.63
             113          -37.17           10.16
             114          -26.14           27.34
             115           31.24             9.4
             116          -36.33           16.21
             117          -23.56           11.43
             118          -11.78           14.76
             119           82.19           11.73
             120          -56.91           11.63
             121          -20.97           17.44
             122           25.02           11.26
             123           86.47           15.08
             124          -44.33           10.48
             125          -35.26           39.71
             126           19.58            9.94
             127           130.6           19.43
APV               11              11               0              10
               0           117.5           35.54
               1          -27.09           27.43
               2          -3.085           32.51
               3          -82.42           32.69
               4          -78.49           16.11
               5           -47.3           17.36
               6          -9.855           37.88
               7           55.59           23.07
               8          -41.72           10.15
               9          -18.92           19.93
              10          -5.092           23.13
              11            47.8           20.42
              12          -53.18           10.71
              13          -18.55           21.44
              14           27.52            23.7
              15           60.09           16.84
              16          -36.59           22.14
              17          -28.38           11.41
              18           -3.41           63.83
              19           53.51           13.89
              20          -24.17           19.12
              21          -21.96           15.22
              22          -5.943           28.04
              23           24.83           9.545
              24          -24.27           15.63
              25          -31.13           18.49
              26          0.0226           20.17
              27           44.27           10.66
              28          -29.22           12.36
              29           3.863           30.23
              30           11.22           15.86
              31           59.98           12.11
              32          -37.46           21.35
              33          -28.94           18.04
              34           4.173            22.5
              35           30.83            27.6
              36          -44.22           14.06
              37          -14.86           20.82
              38           6.773           25.65
              39           34.12           19.37
              40           -37.1            10.6
              41          -15.11           16.94
              42          -4.217           27.78
              43           56.97            19.3
              44          -31.88           21.01
              45           -5.28           14.09
              46           24.14           20.13
              47           38.85           15.41
              48          -38.76           26.76
              49          -18.59           12.23
              50          -13.29           47.74
              51           31.68              13
              52          -39.04            17.5
              53          -13.62           16.41
              54           3.274           26.75
              55           51.65           9.455
              56          -48.02           13.47
              57          -7.669           23.43
              58           3.038           18.31
              59            36.7           10.92
              60          -37.18           11.84
              61          0.2228            36.1
              62           14.59           14.27
              63           44.02           11.52
              64          -35.83           19.32
              65           -24.4            12.5
              66           19.15           40.76
              67           38.75           30.22
              68          -49.03           13.89
              69          -18.84           17.52
              70           7.818           32.08
              71           40.58           20.07
              72          -42.05           9.665
              73          -21.21           15.52
              74           18.66           25.54
              75           35.27           18.04
              76          -37.77           14.72
              77          -12.69           15.68
              78           30.77           22.41
              79           70.93           17.44
              80          -25.39           25.64
              81          -24.42           10.42
              82          -9.995            36.6
              83           48.15           9.754
              84          -45.53           18.77
              85          -20.56           12.39
              86           6.339           21.37
              87           45.17           9.262
              88          -38.68            13.2
              89           -25.3           23.45
              90           2.551           16.44
              91            43.8           11.18
              92          -29.83           11.03
              93          -4.638           37.73
              94           13.23           12.83
              95           79.06           14.48
              96          -44.75           15.69
              97          -41.53            17.3
              98         -0.7602           35.01
              99           28.46           27.34
             100          -64.01           12.62
             101          -14.04            20.6
             102           7.376           26.62
             103           55.29           18.87
             104          -18.91           11.26
             105          -4.937           9.753
             106           20.22           23.88
             107           58.29            17.6
             108          -35.28           14.47
             109          -19.13           12.13
             110           30.27           28.57
             111           88.22           17.85
             112          -28.37           24.63
             113          -8.651           10.45
             114          -7.895           31.86
             115           42.27           10.04
             116          -44.65            15.8
             117          -24.16           14.07
             118           13.05           19.38
             119           55.25           9.258
             120          -42.96           11.41
             121          -18.44           23.56
             122           3.446            14.7
             123           50.72           12.11
             124          -32.37           10.38
             125          -2.895           48.86
             126           23.51           12.39
             127           109.9           15.33
APV               11              11               0              11
               0          -29.56           35.67
               1           -69.2           28.72
               2          -17.69           27.58
               3           -48.9           26.05
               4          -156.9           14.89
               5          -64.39            14.4
               6           30.56           28.36
               7           80.04           19.37
               8          -101.1           9.518
               9          -36.81           16.59
              10              36           16.76
              11           81.65           17.03
              12          -103.8           9.631
              13           14.93            17.3
              14            72.7           17.84
              15           80.06            14.6
              16          -131.5           19.94
              17          -81.51           9.768
              18          -16.73           55.32
              19           57.64           12.32
              20          -126.5           16.48
              21           -47.9           11.41
              22           27.21           26.51
              23           83.46           9.024
              24          -81.43           13.34
              25          -24.98           14.53
              26            42.1           18.37
              27            77.7           10.61
              28          -62.29           10.62
              29          -9.286           25.35
              30           55.32           13.96
              31             103           11.56
              32          -131.7           19.24
              33           -87.4           16.11
              34           27.58           16.72
              35           79.32           21.11
              36          -119.2           13.07
              37          -30.41           17.23
              38           36.45           19.15
              39           84.59           16.47
              40          -90.93           9.666
              41          -23.91           13.63
              42           34.88           20.41
              43           96.45           17.79
              44          -86.73           17.65
              45          -2.324            9.42
              46           68.59           15.31
              47           100.4           14.23
              48          -114.6           24.17
              49          -74.16           10.11
              50           27.63           43.53
              51           100.5           11.19
              52          -117.2           15.63
              53          -60.33           12.19
              54           37.28           24.14
              55           85.75           8.987
              56          -93.43           12.11
              57          -9.226           18.41
              58           54.03           16.95
              59           84.74           10.74
              60          -62.16           9.998
              61         -0.5161           31.12
              62           69.39           12.97
              63           96.75           11.42
              64          -121.9           17.37
              65          -64.35           11.07
              66           23.87           30.09
              67            81.8           24.12
              68          -111.4           12.89
              69          -31.75           15.91
              70           37.08            24.3
              71           81.12           17.93
              72          -93.72           9.236
              73          -21.86            13.7
              74           52.35           20.44
              75           91.75           17.28
              76          -75.01           12.89
              77            6.34           12.49
              78           63.54           17.68
              79           97.51            17.1
              80          -127.8           22.71
              81           -67.7           8.969
              82           13.01           34.41
              83           73.98           9.101
              84          -95.65           17.06
              85           -36.7           10.91
              86           27.28           18.45
              87           83.78           9.352
              88          -66.08            12.2
              89          -17.93           19.88
              90           51.23           13.56
              91           98.79            12.1
              92          -42.86           9.674
              93           14.31           33.71
              94           61.49           11.07
              95           113.8           14.47
              96            -120           14.86
              97          -64.17           15.15
              98           28.89           25.56
              99           95.88           22.74
             100          -116.8           12.18
             101          -27.81           18.22
             102           39.58           20.07
             103           87.53           17.04
             104          -81.08           10.17
             105         -0.5523            9.54
             106           66.41            20.1
             107           104.8           19.43
             108          -54.18           12.38
             109           17.19           9.694
             110           71.95           22.51
             111           116.9           17.34
             112          -117.1            22.1
             113          -53.82           8.829
             114           27.06           30.16
             115           87.22           9.231
             116          -110.3           14.81
             117          -27.22           12.54
             118           51.41           16.88
             119           81.95           9.386
             120          -79.83           10.05
             121           2.062           20.17
             122           65.69           12.23
             123           84.04           13.28
             124          -67.12           8.878
             125           11.55           43.72
             126           44.88           10.69
             127           139.6           15.06
APV               11              11               0              12
               0           12.56           37.37
               1          -57.57           29.67
               2           -36.7            30.2
               3          -69.48           28.26
               4          -120.9           15.36
               5          -46.97           14.22
               6          -3.219           31.46
               7           74.26           20.38
               8          -85.04           9.754
               9           -22.1           17.22
              10            39.9           17.81
              11           51.99           17.42
              12          -71.38           10.05
              13          -25.73           18.23
              14           32.85           18.58
              15           87.94           16.49
              16          -82.43              21
              17          -43.16           10.62
              18           17.42           64.93
              19            63.7           14.13
              20           -82.6           17.86
              21          -42.78           11.15
              22            1.79           29.84
              23           59.91           9.493
              24          -55.37           14.36
              25          -10.82           14.48
              26           37.55           21.68
              27           61.53           10.26
              28          -53.03           11.77
              29          -19.77           26.72
              30           36.91           16.56
              31           95.16           12.32
              32           -90.4            20.2
              33          -53.38           15.98
              34          -7.139           17.18
              35           39.79           22.68
              36          -76.22            13.9
              37          -46.29            17.7
              38           16.95           21.38
              39           59.18           17.31
              40          -78.57           9.882
              41          -33.44           14.03
              42           27.42           22.69
              43           67.63           17.61
              44          -60.41           19.11
              45           -11.3           10.37
              46           68.02           15.68
              47           90.53            15.6
              48          -82.87            25.7
              49           -38.3           10.43
              50           4.594           49.15
              51            70.3           12.77
              52          -80.61           16.56
              53          -36.16           12.06
              54           36.49           27.65
              55            56.8           9.375
              56          -84.65           12.98
              57          -48.91           18.67
              58            29.8           19.28
              59            72.6           10.86
              60          -60.24           10.77
              61          -14.14            32.3
              62           33.58           15.31
              63           104.8           12.42
              64          -62.22           18.18
              65           -27.4           11.75
              66           13.55           35.91
              67           49.99           26.78
              68          -106.7           13.02
              69          -24.83           16.88
              70           21.04           28.86
              71           68.48            19.3
              72          -69.21           9.573
              73          -18.99           14.45
              74           35.43           22.79
              75           80.61           17.77
              76          -46.95            13.8
              77          -18.51           13.47
              78           67.38           20.38
              79           119.9           18.03
              80          -76.26           24.93
              81          -26.27           10.27
              82          -2.578           36.67
              83            62.6           9.541
              84          -84.04           17.61
              85          -29.16           11.15
              86           24.33           19.92
              87           57.35           9.429
              88          -71.73           12.55
              89          -12.27           21.79
              90           32.55           15.55
              91           94.32           11.97
              92          -60.94           10.28
              93          -5.167           36.34
              94           57.02           12.11
              95             129           15.34
              96          -82.79           15.19
              97          -35.79           16.53
              98           21.73           31.63
              99           45.75           24.64
             100          -77.69           12.61
             101          -12.19           19.38
             102           24.62           23.64
             103           86.56           14.86
             104          -76.96           11.11
             105       -0.001233           8.984
             106           59.69           21.89
             107           78.63           18.84
             108          -53.16           13.14
             109           5.377           10.13
             110           41.59           25.54
             111           131.6           18.37
             112          -72.09           23.75
             113          -46.85           9.692
             114           4.832           32.46
             115           46.33           9.767
             116          -89.06           14.91
             117          -20.51           13.07
             118           23.26           18.39
             119            65.1           9.739
             120          -74.99           10.78
             121          -27.51           21.93
             122           44.85           13.57
             123           77.71           12.99
             124          -54.36           9.675
             125           2.562           47.09
             126           55.66           11.44
             127           140.9           15.75
APV               11              11               4               0
               0             125           20.42
               1           63.83           13.67
               2           50.08           11.72
               3         -0.2315           10.63
               4          -36.96           8.175
               5           24.74           8.089
               6           17.16           13.61
               7          -9.675           9.575
               8          -15.45           7.748
               9            26.8           8.732
              10           18.62           9.723
              11           -31.3           8.985
              12          -35.65           8.387
              13          -2.154           8.883
              14            4.38           9.504
              15          -10.11           8.815
              16          -20.86            9.05
              17          0.1986           7.159
              18           24.73           18.63
              19          -1.783           7.529
              20          -30.59           8.398
              21           15.37           7.589
              22           10.07           10.12
              23          -10.72           7.123
              24          -36.23           7.759
              25           24.35           8.143
              26           19.65           8.326
              27          -8.842           7.369
              28          -2.356           7.465
              29            28.9            10.5
              30           25.43           7.624
              31          -7.734           7.992
              32          -23.04           9.011
              33          -4.157           8.584
              34           33.66           10.07
              35           4.375           9.808
              36          -27.01           8.054
              37           10.46           8.553
              38           38.67           10.33
              39          -4.717           8.938
              40          -15.84           7.925
              41           25.32           8.136
              42           29.88           10.69
              43           -6.01            9.03
              44          -5.261           9.341
              45           24.64           8.512
              46           26.39             8.8
              47          -1.177           9.452
              48          -27.58           9.614
              49          -2.344           7.212
              50           8.454           13.77
              51          -10.44           7.224
              52          -54.79           8.115
              53           4.521           7.706
              54           19.34           9.373
              55           -9.69           7.036
              56          -24.57           7.714
              57         -0.6532           8.765
              58           19.68           8.145
              59          -22.02           7.497
              60          -6.159           9.222
              61          -11.83           12.67
              62           23.22           7.402
              63           -4.97           8.688
              64          -1.792           8.608
              65           9.409           7.307
              66           22.61              13
              67           12.02           9.227
              68          -33.35           8.018
              69          -7.961           7.347
              70           11.68            11.1
              71          -13.33           8.204
              72          -15.73           7.822
              73           15.78           7.231
              74           28.39           9.621
              75          -12.39            8.04
              76          -16.34           7.687
              77          -4.709            7.56
              78          -5.561           8.149
              79          -2.016           9.845
              80          -24.34           9.651
              81         -0.8581           6.941
              82           12.09           11.64
              83           4.719           7.207
              84          -16.75           8.692
              85           4.859           7.075
              86           16.48           8.654
              87          -10.87           7.082
              88           1.695           7.702
              89          -11.34           8.219
              90           12.88           7.747
              91           -16.7           7.367
              92          -11.75            7.19
              93          -5.271           11.14
              94           10.84           7.482
              95          -12.82            8.99
              96          -39.09           8.222
              97           23.43            7.87
              98           25.05           11.82
              99           8.348           9.096
             100          -33.18           7.889
             101          -2.469           7.851
             102           10.01           9.766
             103          -11.33           8.082
             104          -32.66           7.964
             105          -3.225           7.533
             106           -1.31           8.848
             107          -2.897           8.342
             108          -20.52           7.452
             109           -18.8           7.652
             110           5.128           9.305
             111           1.677           10.03
             112          -19.37           9.565
             113          -3.901           6.792
             114           3.235           10.34
             115          -4.539           7.161
             116          -28.87           8.112
             117           2.376            6.96
             118            10.1           8.201
             119          -17.08           7.017
             120          -15.18           7.367
             121          0.5337           8.234
             122           13.85           7.522
             123          -15.07           7.524
             124          -7.243           6.962
             125          -2.218           14.26
             126          -6.277            7.79
             127           16.89           9.941
APV               11              11               4               1
               0           91.08           34.18
               1         -0.3364           29.75
               2          -55.26           27.98
               3          -106.8           12.76
               4          -65.34             9.5
               5           4.712           8.995
               6          -11.78           13.48
               7           7.603           9.691
               8          -19.64            8.33
               9          0.7453           9.133
              10          -14.28           9.342
              11           4.305           9.174
              12           6.803            9.17
              13          -49.53           9.258
              14          -10.78           9.186
              15            16.5           9.305
              16             6.6           10.15
              17           21.07           8.093
              18          -22.71           21.31
              19           10.67           8.376
              20          -5.523           9.263
              21           6.103            8.29
              22          -4.343           10.86
              23           11.74           7.794
              24           1.293           8.527
              25          -14.91           8.549
              26          -2.942           9.313
              27           25.64           8.175
              28           13.92           8.096
              29          -47.55           10.86
              30          -16.17           8.637
              31        -0.06613           8.521
              32           18.42           9.993
              33           20.88           9.532
              34           1.744           9.822
              35           12.11            9.56
              36          -18.13           8.702
              37          -4.885           9.289
              38           5.779           10.05
              39           30.11           9.292
              40         -0.4376           8.694
              41          -12.06           8.685
              42          -1.378           10.37
              43           21.78           9.393
              44           3.421           10.22
              45          -44.37           8.648
              46         -0.2795           8.494
              47           5.893           9.548
              48          -12.41           10.74
              49           15.37           8.058
              50          -26.26           16.26
              51           14.14           8.111
              52          -40.79           8.832
              53         -0.2135           8.255
              54          -4.083           10.56
              55           25.25           7.757
              56           18.74           8.426
              57          -14.34           9.368
              58          -1.661           9.161
              59           17.59           8.134
              60           11.74           7.941
              61          -40.35           12.63
              62          -15.73           8.261
              63           22.87           8.888
              64          -4.055            9.45
              65           47.34           8.233
              66           4.378           14.64
              67           18.63           10.29
              68          -8.029           8.652
              69          -7.128           8.239
              70            11.7           11.91
              71          -5.326           9.296
              72          -9.465           8.505
              73          -7.588           7.863
              74           1.043            10.3
              75           8.189           9.488
              76           25.98            8.81
              77           -17.3           7.919
              78           21.22           9.121
              79           30.62            9.59
              80          -21.96            10.7
              81           20.08           8.036
              82          -10.87           12.79
              83           11.29            7.61
              84          -17.43           9.592
              85          -2.785           7.738
              86          -8.325           8.911
              87           3.824            7.66
              88           7.688           8.441
              89          -34.33           8.857
              90         -0.5439           8.098
              91           28.57           8.357
              92           34.24           7.966
              93          -41.53              12
              94           17.23           7.647
              95           31.15           9.142
              96          -10.54           8.989
              97           18.47           8.524
              98          -4.464           13.27
              99           24.24           10.58
             100           1.271            8.69
             101          -21.51           8.702
             102          -15.16           10.34
             103           29.93           9.329
             104           5.756           8.757
             105          -18.58           7.995
             106           1.424           9.948
             107           34.04           9.555
             108           7.135           8.523
             109          -14.12           7.924
             110           9.519           10.16
             111           25.24           9.876
             112          -21.06           10.47
             113           20.82           7.827
             114          -24.89           11.54
             115          -12.57           7.604
             116           -8.46             8.8
             117          -22.25           7.708
             118          -3.524           8.498
             119           10.27           7.678
             120         -0.6568            8.13
             121          -21.13           9.032
             122            8.37           7.858
             123           26.65           8.619
             124           32.97           7.787
             125          -37.25           15.15
             126           17.07           7.791
             127           47.56           9.859
APV               11              11               4               2
               0           75.43           32.99
               1          -40.95           27.91
               2          -42.06           26.26
               3          -98.42           13.03
               4          -74.71           9.911
               5          -53.85           8.557
               6          -11.36           12.83
               7           29.87           9.754
               8          -29.37           8.526
               9          -33.74           8.871
              10           13.47               9
              11           46.72           9.439
              12          -16.63           9.188
              13          -19.99           8.946
              14            18.9           9.172
              15           58.47           9.554
              16          -14.53            10.1
              17          -56.19            7.92
              18          -28.61           18.62
              19           13.18           8.532
              20          -27.63           9.241
              21          -53.01           8.172
              22          -4.996           10.62
              23           22.15           7.761
              24          -12.49           8.584
              25          -62.72           8.514
              26           15.62           9.237
              27           49.44            8.19
              28          -20.33           8.028
              29          -31.51            10.5
              30           2.674            8.56
              31           64.42           8.752
              32          -2.779           10.34
              33          -28.45           8.673
              34           2.882           9.223
              35            29.7           9.846
              36          -9.926           9.101
              37          -36.97            8.72
              38          -3.783           9.273
              39           54.34           9.402
              40           -25.2           8.832
              41          -22.59           8.393
              42           22.89           10.13
              43           55.32           9.533
              44          -18.51            9.35
              45          -22.54           9.254
              46           13.11           8.483
              47           54.93           9.862
              48          -17.76            10.7
              49          -47.87           8.042
              50           3.617           15.33
              51            29.4           8.159
              52          -28.48           8.955
              53          -36.27           8.301
              54          0.2936           10.11
              55           54.15           7.834
              56          -37.31           8.335
              57          -41.59           9.038
              58           10.19            8.97
              59           50.51           8.281
              60          -24.75           7.927
              61          -42.53            11.9
              62           11.12            8.33
              63           83.47           9.491
              64           3.107           10.03
              65        -0.06393           7.621
              66          0.2265           13.77
              67           35.08           10.45
              68          -13.59           9.179
              69           -35.4           7.827
              70           6.498           11.37
              71           44.54            9.24
              72          -14.77            8.82
              73          -29.77           7.663
              74           6.807           10.08
              75           62.79           9.684
              76          -18.31           8.226
              77          -22.74           8.044
              78           34.85           9.043
              79           75.29           10.18
              80          -14.56           10.72
              81          -44.29           7.836
              82          -1.997           11.56
              83            38.9           7.542
              84          -22.21           9.419
              85          -31.81           7.744
              86           14.86           8.587
              87           39.92           7.506
              88          -5.504           8.428
              89          -39.58           8.712
              90           7.736            7.85
              91           50.93           8.345
              92          -40.18           7.771
              93          -38.95           11.09
              94           19.29           7.634
              95           70.24           9.559
              96           4.937           9.684
              97          -20.36            7.93
              98           6.157           12.74
              99           27.71           10.52
             100          -23.63           8.956
             101          -46.69           8.079
             102          -7.108           10.11
             103            43.4           9.113
             104          -36.73           8.798
             105          -20.38           8.408
             106           29.17           9.781
             107           52.18           9.585
             108          -28.94           7.934
             109          -24.74           8.436
             110           40.64           10.34
             111           88.31           10.64
             112           2.267           10.69
             113          -31.11             7.7
             114          -14.11           10.73
             115           22.78           7.468
             116          -24.29           8.783
             117          -48.12           7.569
             118           6.708           8.286
             119           44.24           7.586
             120          -44.22           8.082
             121          -26.43           8.631
             122           27.74           7.666
             123           62.55           8.683
             124           -26.6           7.566
             125          -28.47           13.62
             126           26.23            7.59
             127           123.1           10.43
APV               11              11               4               3
               0           58.72           30.58
               1          -17.07           25.69
               2          -26.25           24.59
               3          -91.54           13.37
               4          -89.03           8.875
               5          -21.69           8.178
               6          -10.39           13.61
               7            22.6           9.413
               8           -48.8           7.752
               9          -9.337           8.559
              10           9.659           8.891
              11           33.66           8.972
              12           -22.9           8.765
              13          -33.72           8.623
              14            10.8           9.022
              15           32.55           8.965
              16          -47.89           8.837
              17          -35.34           7.374
              18           -32.4           20.44
              19           31.84           7.821
              20          -42.83           8.365
              21          -13.41           7.679
              22          -1.169           10.23
              23           40.41           7.272
              24          -40.03           7.789
              25          -3.969           7.982
              26           8.913           8.808
              27           50.37           7.462
              28          -22.51            7.34
              29          -22.69           9.805
              30           27.95           8.023
              31           50.89           7.988
              32          -30.05           8.872
              33          -5.213           8.599
              34           12.25           10.49
              35           19.61           9.724
              36          -42.97           8.012
              37          -16.62           8.486
              38           7.761           9.765
              39           41.92            8.94
              40          -46.64           7.985
              41          -30.09           7.922
              42            21.7            10.2
              43           49.14           9.058
              44          -27.35           9.341
              45          -7.501           8.646
              46           1.171           8.117
              47           57.92           9.157
              48          -47.87           9.436
              49          -8.747           7.489
              50           5.955           15.38
              51           17.65           7.429
              52          -45.64           8.137
              53          -12.21           7.718
              54            12.7           9.774
              55           21.22             7.1
              56          -41.41           7.639
              57             -24           8.544
              58           12.68           8.526
              59           45.12           7.674
              60          -41.82            7.15
              61          -6.451           11.05
              62           23.14            7.77
              63           69.53           8.444
              64          -47.36           8.455
              65           5.066           7.438
              66           27.47           15.29
              67           31.23           11.08
              68          -41.17           8.076
              69          -13.79           7.397
              70          0.5682           11.88
              71           41.43           9.236
              72          -36.93           7.926
              73          -16.56           7.217
              74           17.72           10.38
              75           45.15           8.981
              76          -4.195           8.036
              77          -14.17           7.539
              78           32.12           9.248
              79           64.47           9.227
              80          -52.24           9.214
              81          -11.99            7.26
              82           2.322           11.65
              83           34.08           7.091
              84          -51.47           8.419
              85          -22.39           7.058
              86           18.22           8.091
              87           26.54           7.089
              88          -27.61           7.602
              89          -18.36           8.061
              90           26.82           7.481
              91           29.16           7.588
              92          -20.88           7.157
              93          -14.06           10.51
              94           14.35           7.124
              95            67.1           8.612
              96          -57.71            8.16
              97          -39.78           7.779
              98         -0.1549           13.33
              99           45.47           10.72
             100             -39           7.848
             101           7.399           7.805
             102           16.47           10.52
             103           46.37           8.915
             104          -29.23           8.173
             105          -7.602           7.335
             106           38.18           9.987
             107           34.78            9.05
             108          -21.85           7.795
             109          -1.997            7.61
             110            32.6           10.54
             111           66.87           9.466
             112          -61.91           9.083
             113          -26.93           7.105
             114        -0.02103           10.79
             115           28.89            7.01
             116          -42.31           7.979
             117          -5.887           7.024
             118         -0.8237           7.876
             119           57.15           7.084
             120          -27.97           7.291
             121          -12.92           8.077
             122           32.56           7.241
             123           32.28           7.855
             124          -20.96           6.944
             125           4.986           13.28
             126           45.92           7.293
             127           86.25            9.26
APV               11              11               4               4
               0           110.6           28.93
               1           -16.3           22.22
               2          -16.71           19.76
               3          -70.96           14.39
               4          -70.05            9.63
               5          -57.42           8.478
               6          -6.038           12.77
               7          0.7119           9.444
               8          -60.77           7.968
               9          -28.37            8.56
              10           20.53            9.12
              11           16.79           8.982
              12          -34.25           8.621
              13          -19.75           8.648
              14           31.34           9.042
              15           56.53           8.789
              16          -42.07           9.441
              17          -31.81           7.678
              18         -0.2278           18.36
              19           2.392           7.974
              20          -67.11           8.714
              21          -26.44            7.67
              22           7.033           10.53
              23           15.49           7.273
              24          -32.41           8.234
              25          -2.857           7.994
              26           -10.7           8.829
              27           24.36           7.597
              28          -37.76           7.717
              29           -11.4           9.709
              30           17.89           8.242
              31           55.24           8.256
              32          -31.63           9.496
              33          -38.77           8.602
              34          -2.338           9.057
              35          0.2639            9.56
              36          -63.16           8.286
              37          -12.78           8.551
              38           11.07           9.494
              39           32.28           8.955
              40           -21.6           8.349
              41           -7.91           8.145
              42           25.46           10.35
              43           64.32           9.224
              44          -41.61           9.015
              45           5.746           8.548
              46            29.6           8.415
              47           61.98           10.56
              48          -67.25           9.771
              49          -23.24           7.604
              50         -0.4687           15.18
              51           16.01           7.602
              52          -57.34           8.431
              53          -36.46           7.737
              54         -0.5916           10.01
              55           17.19           7.238
              56           -55.3           7.855
              57           1.351           10.77
              58           1.344           8.537
              59           30.94           7.721
              60          -25.01           7.466
              61          -20.79           11.22
              62           18.64           7.905
              63           39.82            35.9
              64          -30.01           8.938
              65           -15.6           7.736
              66           29.43           14.08
              67           20.64           11.57
              68          -45.39           8.639
              69           2.755           7.559
              70           19.01           11.79
              71           34.33           9.236
              72          -17.17           8.294
              73          -6.281           7.531
              74           40.95           10.25
              75           54.79           9.562
              76          -25.12           7.965
              77          -9.864           7.599
              78           29.41           9.377
              79           61.93           9.397
              80          -51.46           10.07
              81          -20.71           7.648
              82           14.21           11.15
              83           21.03           7.313
              84           -33.5            9.12
              85          -16.75           7.353
              86           10.13           8.231
              87            21.1           7.269
              88          -42.49           7.899
              89          -11.18           8.343
              90           21.47           7.609
              91           38.94           8.178
              92          -19.12           7.468
              93          -9.152           10.96
              94           25.75           7.325
              95            85.4           8.846
              96          -43.17           8.506
              97          -19.87           7.954
              98           22.75           12.95
              99           24.61           10.64
             100          -47.16           8.235
             101           -3.22           8.077
             102           32.89           10.51
             103           45.18           9.111
             104          -42.87           8.243
             105           1.151           8.119
             106           22.48           10.01
             107           52.12             9.7
             108          -20.96           7.819
             109          -25.11           7.915
             110           36.35           10.63
             111           86.78           10.24
             112          -43.52           9.787
             113          -12.67           7.411
             114           26.08           10.41
             115           25.89           7.259
             116          -40.55           8.445
             117          -16.89           7.211
             118           36.46           7.994
             119           31.22           7.207
             120           -29.4            7.73
             121          -15.59           8.245
             122            26.3           7.351
             123           63.28           8.503
             124          -36.15           7.185
             125          -10.99           13.66
             126           12.44           7.505
             127           118.8            31.1
APV               11              11               4               5
               0               0               0
               1               0               0
               2               0               0
               3               0               0
               4               0               0
               5               0               0
               6               0               0
               7               0               0
               8               0               0
               9               0               0
              10               0               0
              11               0               0
              12               0               0
              13               0               0
              14               0               0
              15               0               0
              16               0               0
              17               0               0
              18               0               0
              19               0               0
              20               0               0
              21               0               0
              22               0               0
              23               0               0
              24               0               0
              25               0               0
              26               0               0
              27               0               0
              28               0               0
              29               0               0
              30               0               0
              31               0               0
              32               0               0
              33               0               0
              34               0               0
              35               0               0
              36               0               0
              37               0               0
              38               0               0
              39               0               0
              40               0               0
              41               0               0
              42               0               0
              43               0               0
              44               0               0
              45               0               0
              46               0               0
              47               0               0
              48               0               0
              49               0               0
              50               0               0
              51               0               0
              52               0               0
              53               0               0
              54               0               0
              55               0               0
              56               0               0
              57               0               0
              58               0               0
              59               0               0
              60               0               0
              61               0               0
              62               0               0
              63               0               0
              64               0               0
              65               0               0
              66               0               0
              67               0               0
              68               0               0
              69               0               0
              70               0               0
              71               0               0
              72               0               0
              73               0               0
              74               0               0
              75               0               0
              76               0               0
              77               0               0
              78               0               0
              79               0               0
              80               0               0
              81               0               0
              82               0               0
              83               0               0
              84               0               0
              85               0               0
              86               0               0
              87               0               0
              88               0               0
              89               0               0
              90               0               0
              91               0               0
              92               0               0
              93               0               0
              94               0               0
              95               0               0
              96               0               0
              97               0               0
              98               0               0
              99               0               0
             100               0               0
             101               0               0
             102               0               0
             103               0               0
             104               0               0
             105               0               0
             106               0               0
             107               0               0
             108               0               0
             109               0               0
             110               0               0
             111               0               0
             112               0               0
             113               0               0
             114               0               0
             115               0               0
             116               0               0
             117               0               0
             118               0               0
             119               0               0
             120               0               0
             121               0               0
             122               0               0
             123               0               0
             124               0               0
             125               0               0
             126               0               0
             127               0               0
APV               11              11               4               6
               0           100.3            27.6
               1          -30.41           21.05
               2          -37.83           18.69
               3           -42.3           14.29
               4          -116.7            9.46
               5          -60.78           18.38
               6          -20.69           11.48
               7           47.45           9.299
               8          -68.75            7.93
               9          -42.57           20.34
              10           25.12            8.56
              11           83.37           8.951
              12          -49.85           8.354
              13          -21.67           20.47
              14            4.69           8.329
              15           87.02           9.439
              16          -54.03            9.42
              17           -42.5            7.71
              18          -26.87           15.59
              19           28.91           7.653
              20          -82.47           8.578
              21          -50.55           20.07
              22         -0.1296            9.69
              23           70.11           7.354
              24          -56.51           7.966
              25          -48.55           20.53
              26           2.995           8.243
              27            78.1           7.726
              28          -47.33           7.197
              29          -31.96           22.05
              30           22.91           7.764
              31           100.9           8.685
              32          -45.81           9.356
              33          -30.38           7.914
              34          -9.557           9.456
              35           48.96           9.855
              36          -50.32            8.48
              37          -41.94           20.77
              38           18.12           8.698
              39           82.85           9.111
              40          -60.57           8.104
              41          -40.84              20
              42           -10.4           9.336
              43           78.34            9.24
              44          -55.22           8.116
              45           -10.8           19.69
              46           34.47            7.92
              47           95.36            9.65
              48          -35.71           9.887
              49          -53.61           8.107
              50          -31.46           12.47
              51           56.83           7.399
              52          -75.15           8.323
              53          -27.76           20.86
              54           4.598           9.164
              55           63.23           7.234
              56           -58.6           7.683
              57          -24.95           21.13
              58         -0.4203           8.013
              59           81.56           7.853
              60          -53.84           7.139
              61          -19.72           22.28
              62           34.32            7.42
              63           102.6           9.167
              64          -44.19           8.897
              65          -14.31           7.479
              66          -3.911            13.7
              67           43.65           10.86
              68           -55.4           8.735
              69           -20.2           7.224
              70         -0.0885           11.73
              71           57.55            9.56
              72          -51.03           8.244
              73          -9.152           7.304
              74           6.015           10.18
              75           92.61           9.628
              76          -49.78           7.353
              77          -5.038           7.585
              78           41.52           9.193
              79           129.4           10.07
              80          -45.01           10.03
              81          -38.64           7.811
              82           10.43           9.794
              83           26.75           7.173
              84          -45.31           9.072
              85           -30.4           7.381
              86           1.885           7.481
              87           78.31           7.481
              88          -48.05           8.087
              89          -34.74           7.785
              90           30.95           7.158
              91           89.93           8.394
              92           -46.9           7.532
              93          -57.34           9.344
              94           21.04           6.851
              95           118.9           9.388
              96          -55.31            8.62
              97          -26.72           7.515
              98           3.823           12.53
              99           44.68           10.65
             100          -55.08           8.581
             101          -31.56           7.408
             102           18.69            10.6
             103           61.38           9.389
             104          -62.31           8.217
             105          -17.62           8.214
             106           4.249           9.842
             107           84.53           9.831
             108          -47.02           7.266
             109          -8.061           8.231
             110           30.61           10.22
             111           139.9            10.4
             112          -67.65            9.51
             113          -38.68           7.521
             114           17.39           9.122
             115            32.4            7.09
             116          -79.86           8.408
             117          -55.27           7.132
             118           13.73           7.263
             119           72.85           7.411
             120          -42.64           7.866
             121          -27.47           7.771
             122           20.99           6.982
             123           75.68           8.555
             124          -36.14           7.384
             125          -13.45           11.51
             126           43.69           7.146
             127           167.4           10.13
APV               11              11               4               7
               0           147.2           29.74
               1           5.212           22.27
               2          -22.16           20.31
               3          -40.78           16.54
               4          -83.23           9.976
               5          -63.11           8.642
               6          -3.872           12.56
               7           36.36           9.372
               8          -33.75           8.164
               9           -46.6           8.753
              10           14.29           8.785
              11           24.11           8.967
              12          -61.68            8.57
              13          -9.099           8.992
              14           29.41           9.027
              15           54.95           9.238
              16          -25.93           9.531
              17          -56.08           7.682
              18           -13.2           19.54
              19           41.72           8.515
              20          -45.46           9.004
              21          -46.39           7.954
              22          -4.878           11.16
              23           31.25           7.633
              24          -31.54           8.268
              25          -9.376            8.24
              26           29.87           9.366
              27           48.84           7.624
              28          -41.74           7.712
              29           -41.7           10.31
              30           31.18           8.542
              31           33.95           8.365
              32          -18.86           9.565
              33          -40.59           8.845
              34          -17.31           9.259
              35           46.63           9.459
              36          -52.89           8.484
              37          -27.61            8.68
              38            28.3           9.437
              39            45.9           8.906
              40          -49.73           8.202
              41          -21.66           8.161
              42           30.88           9.824
              43           62.33           9.042
              44          -42.39           9.483
              45          -13.97           8.554
              46            35.2           8.375
              47           58.46           9.421
              48          -37.89            10.1
              49          -35.97           7.715
              50          -19.83           15.18
              51           58.61           8.066
              52          -40.16           8.599
              53          -26.67           7.939
              54           8.518           10.47
              55           51.02           7.492
              56          -48.09           7.929
              57          -13.58           8.855
              58           31.08           9.232
              59           50.58           7.736
              60          -45.27            7.47
              61          -36.38           11.85
              62           43.66           8.251
              63           67.13           8.918
              64          -43.97           9.111
              65          -24.04            7.67
              66          -4.739           14.51
              67           59.64            10.7
              68          -46.09           8.457
              69          -41.53           7.767
              70           19.18            11.6
              71           63.23           9.344
              72          -45.37           8.029
              73          -31.03           7.556
              74           39.92           10.06
              75           57.76           9.225
              76          -38.85            8.13
              77          -22.33           7.813
              78           29.79           8.917
              79           60.55           9.769
              80          -36.05           10.22
              81          -27.38           7.594
              82           6.883           11.82
              83           48.41           7.477
              84          -42.03           9.099
              85          -28.38           7.388
              86          -0.193           8.676
              87           42.92           7.302
              88          -37.03           7.941
              89          -21.37           8.584
              90           37.64           7.941
              91           39.72           8.002
              92          -44.69           7.364
              93          -30.36           11.29
              94           50.06            7.65
              95            74.6           9.142
              96          -48.89           8.461
              97          -28.87           8.158
              98          -4.933           12.66
              99           58.63           10.56
             100          -43.22           8.317
             101          -29.08           8.141
             102           29.99           10.13
             103           62.14           9.054
             104          -29.14           8.197
             105          -31.45           7.634
             106           27.21           9.909
             107           81.78           9.542
             108          -41.22           7.908
             109          -7.742           7.921
             110            45.1           10.09
             111           77.95           10.12
             112          -44.03           9.975
             113          -32.45            7.45
             114          -25.06           10.72
             115           31.57           7.555
             116          -61.84           8.441
             117          -45.45           7.346
             118           32.45           8.398
             119            34.6           7.402
             120          -41.96           7.679
             121          -9.775           8.452
             122           31.28           7.738
             123           47.86           8.266
             124          -52.28           7.182
             125          -41.64           14.65
             126           24.61           7.808
             127           91.41           10.05
APV               11              11               4               8
               0           103.5           31.25
               1          -63.26           25.51
               2          -46.01           23.37
               3          -80.96           14.56
               4          -85.37           9.662
               5          -65.68           8.761
               6          -10.12           13.23
               7           69.85           9.636
               8          -64.07             8.1
               9          -31.85            9.08
              10           20.31           9.336
              11           100.7           9.482
              12          -39.76           8.884
              13           -29.4           9.121
              14           25.23            9.37
              15           84.51           9.301
              16          -36.58           9.521
              17          -41.41           7.938
              18          -28.77           19.92
              19           37.17           8.519
              20          -82.87           9.014
              21          -58.17           8.229
              22          -23.03              11
              23           58.85           7.799
              24          -55.44           8.295
              25           -48.9           8.424
              26           23.55           9.346
              27           98.31           8.137
              28           -57.4           7.778
              29          -60.05           10.28
              30           39.14           8.623
              31           72.94           8.565
              32          -19.06           9.785
              33          -52.49           8.973
              34          -6.528           9.816
              35           47.26           9.809
              36          -69.68           8.599
              37          -70.22           9.041
              38           4.051            9.84
              39           77.84           9.078
              40          -64.36           8.406
              41          -36.35           8.438
              42           33.54           10.52
              43           101.4           9.491
              44          -32.48           9.796
              45          -15.45           8.945
              46           36.41           8.656
              47            98.1           9.617
              48          -67.09           10.15
              49          -56.82           7.885
              50          -21.68           15.87
              51           42.19           8.183
              52          -63.76           8.744
              53           -55.8           8.188
              54           3.346           10.33
              55           80.56            7.79
              56          -55.94           8.035
              57          -24.47           9.074
              58           21.49           9.112
              59           90.84           8.217
              60          -52.37           7.747
              61          -45.94           11.89
              62           40.61           8.203
              63           97.05            9.01
              64           -51.8           9.107
              65          -44.56           7.828
              66           12.16           15.25
              67           64.19           10.86
              68          -69.79           8.575
              69          -47.23           7.916
              70           5.655           12.13
              71              97           9.587
              72           -47.3            8.23
              73          -15.09           7.737
              74           42.27           10.43
              75           96.61           9.595
              76          -60.84           8.323
              77          -13.18           7.835
              78            51.1           9.611
              79           112.9           9.783
              80          -53.28           10.09
              81          -51.96           7.751
              82          -16.38           12.01
              83           33.69           7.573
              84          -68.92           8.976
              85           -43.2           7.492
              86          -2.365           8.564
              87           68.89           7.596
              88          -48.08            8.04
              89          -36.66           8.619
              90           31.73           8.012
              91           104.8           8.466
              92          -43.06           7.526
              93           -28.8            11.1
              94            43.6            7.52
              95           119.6           9.298
              96          -55.76           8.641
              97          -47.88           8.223
              98           12.81           13.66
              99           62.67           10.84
             100          -54.87           8.478
             101          -42.38           8.227
             102           21.09           10.86
             103           92.01           9.385
             104           -55.7           8.433
             105          -11.09            7.82
             106           22.84           10.04
             107           102.4           9.748
             108          -56.37           8.011
             109          -23.85           7.862
             110           33.75           10.72
             111           125.4           10.24
             112           -84.1           9.721
             113          -40.67           7.686
             114           4.174           11.24
             115           32.18            7.53
             116          -57.07           8.457
             117          -31.92           7.457
             118          -9.656           8.334
             119           94.04           7.623
             120          -52.61           7.763
             121          -29.56           8.595
             122           22.81           7.756
             123           72.69             8.7
             124          -52.23           7.362
             125          -28.45           14.29
             126           48.67           7.868
             127           155.8           10.07
APV               11              11               4               9
               0           160.3            30.6
               1           8.381           24.38
               2          -19.59            21.5
               3            -107            15.1
               4          -39.56           9.463
               5          -22.54           8.369
               6          -18.02           11.07
               7          -7.104           8.711
               8          -18.63             7.7
               9          -23.96           8.138
              10             -44            8.03
              11           23.46           8.743
              12          -19.59           8.277
              13          -14.69           8.308
              14           -14.3           8.156
              15           21.83           8.655
              16           25.54            9.25
              17          -11.59           7.478
              18          -31.49           19.09
              19           1.566           8.392
              20          -15.99           8.408
              21          -29.35           7.475
              22           -23.3           10.16
              23           6.973           7.443
              24          -21.31           7.817
              25          -36.29           7.683
              26          -42.82           8.645
              27            12.9           7.668
              28          -5.063           7.341
              29          -23.82           9.258
              30          -8.509           8.088
              31           45.01           8.223
              32           14.43           9.201
              33            8.54           8.342
              34          -6.511           8.555
              35           8.145           8.753
              36          -12.71           8.125
              37          -30.87           8.255
              38          -4.163           8.545
              39           6.298           8.379
              40           1.081           8.184
              41          -2.073           7.843
              42           2.458           8.856
              43           35.25           8.787
              44          -4.125           8.942
              45          -20.99           7.992
              46           -13.4           7.674
              47           68.65           9.164
              48           12.23           9.881
              49          -16.03           7.415
              50          -26.42           14.03
              51          -1.818           7.954
              52          -32.41           8.111
              53          -25.32           7.514
              54          -2.034           9.731
              55           15.81           7.464
              56          -4.519           7.626
              57          -28.53           8.195
              58          -10.84           8.629
              59           26.13           7.848
              60            15.9           7.241
              61           -18.2           10.85
              62          -3.619            7.88
              63           57.49           8.721
              64           11.33           8.588
              65          -12.15           7.356
              66          -21.72           12.69
              67          -1.773           9.821
              68           4.184           8.411
              69           12.53           7.438
              70          -15.69           10.28
              71           11.82           8.617
              72           4.522           7.901
              73           -20.8           7.265
              74          -15.59            9.05
              75           38.62           9.002
              76          -1.762           7.816
              77          -20.66           7.216
              78           1.198           8.332
              79           65.74           9.344
              80            27.9           9.751
              81          -13.35           7.382
              82           3.182           10.94
              83          0.4113           7.288
              84          -8.698           8.651
              85           -9.62           7.131
              86          -33.54           8.019
              87            10.1           7.227
              88           -9.27           7.737
              89          -10.29           7.998
              90          -8.883           7.518
              91           22.58           7.948
              92           24.85           7.377
              93           -27.1           10.22
              94          -11.61           7.182
              95           79.56           8.927
              96          -3.172           8.206
              97          -16.95           7.701
              98          -13.93            11.5
              99            20.3           9.956
             100          -6.357           7.996
             101          -17.54           7.649
             102          -9.484           9.304
             103           24.69            8.56
             104         -0.5109           7.997
             105          -7.105           7.606
             106             -15           9.032
             107           54.37            9.12
             108           4.224           7.532
             109          -9.697           7.509
             110          -3.386           9.258
             111           92.78           9.689
             112           7.715           9.327
             113          -4.506           7.282
             114          -3.798           10.14
             115           2.316           7.323
             116           2.925           8.157
             117          -13.81           7.022
             118          -22.05           7.735
             119           18.05           7.313
             120          -10.34           7.417
             121          -11.07           7.931
             122          -3.784           7.402
             123           52.59           8.229
             124          -3.282           7.055
             125          -14.73           12.61
             126          -3.596           7.502
             127           122.8           9.731
APV               11              11               4              10
               0           181.8           31.76
               1          -67.14           24.89
               2           -33.8           22.15
               3          -52.22            12.7
               4          -102.6           9.744
               5          -107.9           8.005
               6          -17.07           8.416
               7           57.75           8.487
               8          -63.71           8.338
               9           -47.1           7.723
              10          -4.335           7.904
              11           80.93           8.837
              12          -65.25           8.636
              13          -44.72           7.657
              14           37.85           7.825
              15             118           9.046
              16           32.66           11.31
              17           -76.4           8.081
              18          -7.044           13.62
              19           54.62            8.02
              20          -34.09           9.934
              21          -72.83           7.665
              22          -13.18           8.593
              23           58.98            7.81
              24           -68.7           8.887
              25          -61.05           7.783
              26           13.24           8.036
              27           97.33           8.273
              28             -70            7.96
              29          -34.03           9.234
              30           42.15           7.952
              31           111.5           8.725
              32           4.548           10.89
              33           -73.8           7.975
              34          -25.94            7.95
              35           51.51           8.024
              36          -55.76           8.854
              37          -81.75           7.659
              38           19.44           7.755
              39           69.74           8.524
              40           -52.6           8.441
              41          -57.86           7.807
              42           21.83           8.034
              43           95.66           9.006
              44          -71.57           7.985
              45          -27.66           10.58
              46           56.25           7.818
              47           144.2           9.595
              48          -30.04           12.09
              49          -83.46           7.959
              50          -12.43           11.18
              51            55.2           7.823
              52          -64.03           9.453
              53          -69.72           7.703
              54           1.215           8.414
              55           69.81           13.26
              56          -78.82           8.563
              57          -64.35           7.883
              58           20.92           7.996
              59           98.03           8.408
              60          -90.09           7.625
              61          -51.81           10.09
              62           41.29           7.668
              63           142.5           9.353
              64           3.691           10.03
              65          -78.76           7.372
              66         -0.7976           7.477
              67           67.66           8.192
              68          -41.87           8.783
              69          -73.11           7.146
              70           14.92           7.629
              71           54.64           8.287
              72           -61.5           8.353
              73          -53.11            7.16
              74           2.167           7.401
              75           109.4           9.061
              76          -69.04           7.443
              77          -18.79           9.156
              78           29.91           7.526
              79           139.1           9.568
              80          -28.35           11.48
              81          -94.01           7.858
              82          -8.806           8.724
              83            58.8           10.99
              84          -77.63           9.539
              85          -66.51           7.494
              86          -10.66           7.362
              87           87.04           10.13
              88          -57.64           8.359
              89          -45.62           7.638
              90           29.72           7.199
              91           95.22           8.547
              92          -71.33           7.685
              93          -32.07           9.885
              94           41.59           7.286
              95           145.1           9.339
              96          -31.81           9.609
              97          -67.33           7.195
              98           8.255           7.865
              99           73.22           8.833
             100          -65.24           8.699
             101          -69.62            7.36
             102           4.603           7.514
             103           85.13           8.435
             104          -72.74           8.186
             105           -42.8           11.02
             106           36.28            7.52
             107           128.5           9.349
             108           -57.6           7.314
             109          -39.45           10.55
             110           54.43           7.681
             111           186.7           10.23
             112          -31.08              11
             113          -68.75           7.819
             114           10.16           8.339
             115              54           7.566
             116          -71.79           9.214
             117          -67.25           7.246
             118           13.99           7.274
             119           103.3           7.731
             120           -75.1           8.151
             121          -41.83           7.942
             122           50.82           7.178
             123           124.7           8.798
             124          -82.53           7.466
             125          -36.76           10.56
             126           63.07           7.624
             127           191.2           10.29
APV               11              11               4              11
               0           103.1           32.03
               1           9.167           25.99
               2          -31.34           24.19
               3          -96.87           13.59
               4          -106.4           9.921
               5          -11.94           8.681
               6          -32.93           11.58
               7           29.61           9.556
               8          -54.37           8.292
               9           1.843           8.856
              10           -32.2           8.905
              11           77.28           9.369
              12          -37.92           8.932
              13          0.3856           8.812
              14          -6.378           8.604
              15           81.42           9.365
              16          -39.98           9.902
              17           -17.4           8.345
              18          -31.31           24.22
              19           14.41           8.969
              20          -71.14           9.027
              21           -1.41           8.096
              22          -29.51           12.79
              23           48.16            7.82
              24          -36.46           8.619
              25           1.347           8.403
              26          -9.622           9.871
              27           66.46           8.148
              28          -50.85           7.913
              29           0.306           9.729
              30          -16.39           8.863
              31           71.06           8.461
              32          -66.56           9.787
              33         -0.5109           8.844
              34          -4.028           10.19
              35           27.65           9.258
              36          -56.54           8.706
              37           4.655           8.667
              38          -11.55           9.319
              39           42.95           9.187
              40          -48.26           8.626
              41           17.04           8.491
              42          -15.87           9.497
              43            40.8           9.326
              44          -29.94           9.118
              45          -7.844           8.945
              46          -4.722           8.281
              47           89.43           9.625
              48          -50.83            10.6
              49          -11.22           8.297
              50           -17.3           18.51
              51           32.75            8.31
              52          -73.73            8.72
              53          -15.71            8.12
              54          -31.63           11.31
              55           55.81           7.744
              56          -41.94           8.411
              57          -0.461           8.832
              58         -0.6653           9.629
              59           79.52           8.101
              60          -25.56           7.848
              61          0.5656           10.95
              62           9.403           8.304
              63           70.31           8.901
              64          -53.52           9.754
              65           3.529           8.146
              66          -33.01           13.34
              67           26.64           10.46
              68          -46.25           8.881
              69           9.568           7.824
              70          -27.62            11.2
              71           44.16           9.418
              72          -36.89           8.431
              73           1.878           7.795
              74           -13.9           9.966
              75           73.18           9.319
              76          -34.38           8.194
              77           3.311           8.025
              78           20.01           8.942
              79           90.91           9.876
              80          -57.86           27.77
              81          -5.478           7.704
              82          -9.802           11.88
              83            14.5           7.497
              84          -53.85           9.639
              85          -4.747           7.603
              86          -18.94           8.132
              87           50.42           7.575
              88          -44.81           8.208
              89            3.08            8.17
              90          -1.996           7.584
              91           84.06           8.191
              92          -15.01           7.662
              93           11.97           10.62
              94           20.11           7.335
              95           105.5           9.255
              96          -52.77            9.41
              97            1.85           7.954
              98          -12.39           12.08
              99           19.43           10.43
             100          -47.44           8.623
             101           7.002            8.22
             102          -24.82           10.03
             103            71.5           9.387
             104          -50.08           8.296
             105          -21.13           8.576
             106          -8.484           9.926
             107           86.16           9.496
             108          -25.05           8.023
             109          -5.829           8.419
             110           33.34           9.924
             111           101.6           10.12
             112          -50.07            10.2
             113          -2.169           7.963
             114          -20.62           10.24
             115           36.68           7.511
             116          -58.93           8.676
             117          -6.305           7.371
             118          -30.12           7.793
             119           55.99           7.581
             120          -38.62           7.974
             121          -4.314           8.159
             122          0.1476           7.337
             123           85.45           8.369
             124          -37.46           7.387
             125           1.123           13.02
             126           16.57           7.711
             127           128.8           10.05
APV               11              11               5               0
               0           75.49           32.86
               1          -17.64           28.96
               2          -3.196           27.02
               3          -89.07           13.67
               4          -112.5            9.81
               5           -39.1            29.5
               6          -16.51           14.31
               7           41.68           10.29
               8          -57.94            8.94
               9          -18.66           11.53
              10          -14.41           9.884
              11            53.1            9.96
              12          -32.73           9.708
              13          -12.52           15.02
              14            14.3           9.732
              15           85.37           10.06
              16          -42.94           10.43
              17          -41.52           8.657
              18           3.646           22.06
              19            11.6           9.075
              20          -75.54           9.568
              21          -37.49           11.21
              22          -10.43            11.4
              23           36.85            8.35
              24          -62.11            9.06
              25          -15.05           12.04
              26             5.9           9.801
              27           49.48           8.592
              28           -32.3           8.602
              29          -9.786           17.73
              30           1.464           9.027
              31           79.69           9.336
              32          -44.69           10.53
              33          -26.25           10.24
              34           5.064           11.14
              35           32.48            10.3
              36          -62.65            9.27
              37          -31.31           10.94
              38           10.27           10.74
              39           42.42            9.75
              40          -46.11           9.281
              41          -27.73           12.58
              42           4.373           10.96
              43           64.95           10.02
              44          -54.19           10.59
              45          -19.11           16.41
              46           12.32           9.009
              47           67.67           10.44
              48          -28.07           11.37
              49          -37.23           10.43
              50           10.76           16.54
              51           19.45           8.661
              52          -70.22           9.507
              53          -40.16           10.48
              54          -15.19           11.17
              55           57.57           8.392
              56          -56.15           8.857
              57          -3.462           14.32
              58           15.79            9.69
              59           57.42           8.741
              60          -36.85           8.494
              61          -16.35           22.16
              62           25.63           8.816
              63           94.67           10.17
              64          -50.94           9.688
              65          -16.68           8.655
              66           18.28            15.4
              67           38.12           10.98
              68          -68.28           9.036
              69          -18.64           8.211
              70           18.05           12.33
              71           37.55           9.942
              72          -49.41           8.812
              73           16.32           8.213
              74           21.03           10.51
              75           81.42           10.15
              76          -41.96           9.008
              77          -25.08           8.221
              78           12.39           9.203
              79           99.26           10.94
              80          -65.98           11.14
              81          -14.28           8.156
              82          -3.634            13.2
              83           35.75           8.213
              84          -58.03           9.808
              85          -15.18           7.979
              86           1.613            9.29
              87            55.8           8.265
              88          -50.77            8.77
              89           1.401           9.312
              90          -8.528           8.602
              91           73.37           8.983
              92          -33.42           8.132
              93          -25.78           12.38
              94           31.02           8.301
              95           108.4           10.34
              96          -33.12           9.411
              97          -36.02           8.436
              98           18.95           13.48
              99            44.2           11.19
             100          -52.35           9.103
             101          -10.23            8.62
             102           31.24           10.95
             103           51.85           10.67
             104          -46.48           8.999
             105          -4.062           8.364
             106            7.57            10.1
             107           82.33           10.43
             108          -10.43           8.693
             109          -7.577           8.331
             110           27.89            10.4
             111           124.3           11.43
             112          -66.97           11.07
             113          -3.139           8.062
             114           2.222           11.94
             115           37.22           8.132
             116          -56.93           9.272
             117          -27.18            7.91
             118           1.493           9.085
             119           48.82           8.413
             120          -30.74           8.378
             121          -11.13           9.212
             122           -4.77           8.341
             123           73.67           9.431
             124          -27.63           7.948
             125          -17.11           16.09
             126           24.63           8.554
             127             144            11.7
APV               11              11               5               1
               0           77.15            32.2
               1          -11.48           27.96
               2          -23.34            26.1
               3          -114.8           14.59
               4          -79.06           10.01
               5          -35.67           9.352
               6          -14.07           15.75
               7           7.923           10.68
               8          -31.88           8.796
               9          -26.96           9.635
              10          -8.427           10.58
              11           55.36            10.1
              12          -25.47           9.743
              13          -8.044           9.798
              14           17.42           10.26
              15           52.38            9.79
              16          -56.11           10.39
              17          -37.53           8.419
              18          -4.944           22.76
              19          -10.46           8.706
              20          -55.89            9.75
              21          -38.86           8.736
              22           -0.64           11.74
              23           37.04            8.02
              24          -25.26           8.875
              25          -26.48           9.125
              26            22.7           9.994
              27              53           8.344
              28          -32.59           8.356
              29          -12.47            11.8
              30          -7.401           8.919
              31           45.06           8.944
              32          -43.16           10.39
              33          -27.39            9.91
              34          -16.33           11.19
              35           5.197           10.96
              36          -56.11            9.09
              37          -25.55           9.679
              38           7.061            11.4
              39           22.19           9.979
              40          -45.43           9.157
              41           2.419           9.038
              42           11.49           11.91
              43              54           10.27
              44          -38.15           10.81
              45          -2.595           9.231
              46              25            9.43
              47           65.02           10.19
              48           -51.5           11.32
              49          -31.36           8.445
              50          -12.31           18.33
              51           10.58           8.318
              52          -42.11            9.43
              53          -16.37           8.779
              54           16.91           11.05
              55           42.07           7.864
              56           -32.6           8.714
              57          -14.93           10.12
              58           15.14           9.574
              59           49.92           8.388
              60          -16.04            8.21
              61          -38.12           13.61
              62           20.96           8.534
              63           72.89           9.506
              64          -18.64           9.823
              65          -9.747           8.394
              66           17.96           17.24
              67           24.29           12.08
              68          -26.59           9.088
              69          -4.593           8.572
              70           12.71           13.71
              71            34.2           10.22
              72          -35.34           8.873
              73          -8.473            8.27
              74           2.695           11.48
              75           66.79           9.946
              76           -19.7           9.145
              77          -27.71           8.447
              78           23.69           10.22
              79           73.04           10.76
              80          -43.98           11.27
              81           0.159           8.126
              82           3.477           13.69
              83           32.75           7.885
              84          -22.03           9.927
              85          -20.74           8.075
              86           15.86           9.406
              87           34.51           7.833
              88          -40.27           8.501
              89          -10.11           9.715
              90           11.88           8.486
              91            74.8           8.692
              92          -33.67           8.016
              93          -24.33           13.41
              94           4.104           7.987
              95           64.33           10.12
              96          -35.61           9.278
              97           -12.9            8.85
              98           16.18           15.11
              99           22.62           11.83
             100          -62.03           8.889
             101          -8.955           9.025
             102           20.45              12
             103           40.76           9.804
             104          -28.44           9.283
             105         -0.1901           8.488
             106           30.09           11.21
             107           60.04           10.31
             108           1.185           8.891
             109          -6.901           8.565
             110           27.22           11.95
             111           80.53           11.13
             112          -54.26           10.79
             113          -14.98           7.938
             114           3.073           12.39
             115           16.46           7.822
             116          -23.95           9.147
             117          -7.977           8.013
             118           22.11           9.055
             119           20.51           7.743
             120          -31.42            8.29
             121          -17.16           9.541
             122           24.25             8.2
             123            59.9           9.047
             124          0.5561            7.78
             125          -7.199           17.21
             126           22.17            8.27
             127           101.3           10.93
APV               11              11               5               2
               0           108.5           31.62
               1          -25.86           26.75
               2           -39.7           23.77
               3          -86.47            11.8
               4          -59.84           9.271
               5          -46.02            8.17
               6          -25.22           10.57
               7           34.47           8.793
               8          -51.96           7.557
               9          -17.35           8.086
              10           -15.4            7.95
              11           68.87           8.796
              12          -43.32           8.443
              13          -21.72           8.237
              14           21.61           8.046
              15            69.6           8.892
              16          -25.47            9.46
              17          -39.52           7.461
              18           -16.8           18.14
              19            14.4           8.071
              20           -24.4           8.796
              21          -26.45           7.412
              22          -35.19           10.22
              23            41.1           7.451
              24          -55.57           7.862
              25          -52.48           7.748
              26          -6.432           8.882
              27           65.85            7.72
              28             -46           7.334
              29          -33.56           9.837
              30          0.8986           8.043
              31           90.15            8.36
              32          -3.672             9.5
              33          -20.54           8.662
              34           -8.05           7.866
              35           43.84           8.429
              36           -48.6           8.087
              37          -39.62           8.119
              38          -30.03             8.1
              39           60.88           8.491
              40          -58.25           7.839
              41          -27.61           7.671
              42           2.136           8.654
              43           57.18           8.729
              44          -50.14            9.22
              45          -28.87           8.728
              46           9.581           7.716
              47           100.9           9.267
              48          -21.44           10.46
              49          -18.52           7.378
              50           -37.1           14.46
              51           25.98           7.635
              52          -48.28           8.449
              53          -32.09           7.472
              54          -13.97           9.669
              55           45.81            7.29
              56          -40.84           7.733
              57           -26.3           8.219
              58           9.622           8.541
              59           70.96           7.694
              60          -40.94           7.115
              61          -23.92           11.36
              62           6.223           7.727
              63           88.82           8.724
              64          -24.66            8.99
              65          -13.18           7.532
              66          -14.14           10.93
              67           21.68           9.036
              68          -30.24           8.217
              69          -29.72           7.374
              70           14.35           9.755
              71            63.4           8.527
              72          -45.68           7.888
              73          -30.33           7.256
              74           4.425           8.496
              75           81.16           8.816
              76          -40.42           8.154
              77          -10.09           8.449
              78           33.88           7.905
              79           98.31           9.156
              80          -10.68           10.16
              81          -25.16           7.351
              82          -18.68           11.42
              83           52.01           7.243
              84          -34.63           8.984
              85          -26.21           7.056
              86          -14.02            8.21
              87           65.17           7.202
              88          -43.87           7.751
              89          -18.43           8.024
              90           7.094           7.549
              91           69.81           7.917
              92          -27.96           7.175
              93          -23.16           11.08
              94           29.68           7.341
              95           112.7           8.864
              96          -36.19           8.305
              97          -20.54            7.86
              98           3.616           10.27
              99           36.08           9.472
             100          -29.96           8.034
             101          -25.44           7.737
             102           2.399            8.87
             103           59.31           8.449
             104          -31.56           8.097
             105          -6.199           9.425
             106            7.68           8.443
             107           87.98           9.166
             108          -53.44           7.839
             109          -13.47           9.075
             110           33.42           8.744
             111           120.8           9.751
             112           -36.5           10.04
             113           -36.6           7.178
             114          -10.71           10.57
             115            56.4           7.265
             116          -59.63           8.253
             117          -35.98           6.976
             118            4.76           7.999
             119           56.56           7.301
             120          -39.87           7.508
             121          -31.34           8.346
             122           7.721           7.445
             123           82.91           8.271
             124          -35.76           7.019
             125          -31.89           13.81
             126           22.74           7.598
             127           156.2           9.677
APV               11              11               5               3
               0           101.4           32.13
               1          -31.54           27.68
               2          -4.481           31.81
               3          -97.26           14.23
               4          -88.73           9.642
               5          -58.65           8.768
               6           7.372           13.39
               7           38.66           9.933
               8          -68.25           8.338
               9          -15.05           8.892
              10           4.901           9.409
              11           38.61           9.726
              12          -27.37           9.112
              13          -5.986           9.013
              14           28.75           9.261
              15           47.85           9.604
              16          -49.61            9.42
              17          -52.88           8.028
              18          -1.308           20.08
              19           20.24           8.466
              20          -75.74           8.803
              21          -27.17           8.231
              22           12.62            10.7
              23           34.27           7.817
              24          -53.41           8.333
              25          -40.47           8.691
              26           20.12            9.13
              27           55.18           8.204
              28          -57.53            7.83
              29          -24.85           10.74
              30           18.95           8.452
              31           59.62           8.741
              32          -27.79           9.467
              33          -30.05           9.238
              34           14.41           10.18
              35           24.81           10.09
              36          -64.52           8.608
              37          -31.18           8.933
              38           15.92           9.726
              39           30.88           9.308
              40          -36.69           8.597
              41          -21.18           8.334
              42           33.37           10.64
              43           58.46           9.905
              44          -37.76           10.17
              45          0.3324           8.683
              46           34.34           8.622
              47           64.75           10.12
              48           -57.2           10.17
              49          -34.44           7.987
              50           1.818           15.31
              51           28.29           7.995
              52          -72.05           8.641
              53          -43.01           8.317
              54            9.06           10.38
              55           39.02           7.635
              56          -39.84           8.037
              57          -19.37           9.385
              58           25.06           8.957
              59           35.33           8.304
              60          -47.84           7.677
              61          -26.42           12.34
              62           33.52           8.223
              63           81.07           9.293
              64          -63.04           8.916
              65          -25.74           7.982
              66           11.29            15.1
              67           25.35           11.17
              68           -58.4           8.453
              69          -13.42           8.084
              70           26.57           12.02
              71           32.03           9.927
              72          -24.98           8.366
              73          -8.457           7.708
              74           46.24           10.29
              75           60.85           9.734
              76          -42.34           8.619
              77           12.91           7.836
              78            26.7            9.24
              79           79.56           10.56
              80          -51.01           9.917
              81          -50.96           7.714
              82           17.92           11.99
              83           21.04           7.482
              84          -71.52           8.954
              85          -30.26           7.712
              86             3.1           8.741
              87           56.66            7.83
              88          -26.92           8.084
              89          -11.29           9.009
              90           27.95           7.901
              91           44.51           8.477
              92          -37.58           7.545
              93          -8.432           11.94
              94           51.22           7.685
              95           85.62            9.67
              96          -49.79            8.65
              97          -47.38            8.26
              98           14.19           13.22
              99            19.7           10.94
             100          -51.11            8.45
             101          -29.36            8.34
             102           29.62           10.81
             103           47.58           9.904
             104          -53.96           8.756
             105           9.991           8.086
             106           44.52           9.994
             107           70.73           10.06
             108          -23.67           8.363
             109           3.732           8.041
             110           30.85           10.57
             111           112.6           11.12
             112          -66.54           9.648
             113          -13.13           7.759
             114           12.64           11.07
             115           22.08           7.616
             116          -55.63           8.405
             117          -14.79           7.848
             118            16.5           8.366
             119           49.99           7.814
             120          -42.18           7.985
             121          -10.59           9.094
             122           39.29           7.786
             123           78.09           8.876
             124          -55.32           7.419
             125          -21.61           15.46
             126            37.6           7.982
             127           140.9           11.01
APV               11              11               5               4
               0           137.5           28.83
               1           7.521           22.41
               2          -13.48           19.98
               3          -84.74           14.82
               4          -58.14           9.856
               5          -60.48           8.696
               6          -18.56           13.45
               7           4.974           9.872
               8           -27.7           8.332
               9          -18.83           8.763
              10           19.67           9.409
              11          0.4113           9.333
              12          -33.01           8.864
              13          -7.932           8.714
              14           10.51           9.066
              15           51.95           9.611
              16          -8.132            9.76
              17          -36.43             7.9
              18           3.694           20.47
              19          -15.59           8.506
              20          -42.08            8.98
              21          -17.98           8.224
              22          -10.07           11.27
              23           10.07           7.743
              24          -23.41           8.408
              25          -29.93           8.479
              26          -13.48           9.525
              27           30.27           7.994
              28          -32.88           7.846
              29          -15.84            10.3
              30          -4.599           8.513
              31           64.47           8.664
              32          -5.576            9.75
              33          -18.61            8.95
              34          -1.009           9.713
              35          -10.16           9.592
              36          -47.77           8.474
              37          -29.24           8.768
              38          -1.804           9.835
              39           41.65             9.4
              40          -21.97           8.506
              41          -1.126           8.264
              42          -4.105           10.37
              43           65.46           9.716
              44          -24.36           9.614
              45          -4.939           8.807
              46          -22.04           8.253
              47           72.65           10.04
              48           -19.9           10.23
              49          -31.12           7.952
              50          -9.286           16.02
              51          -25.05            8.17
              52          -26.31           8.693
              53          -30.94           8.221
              54          -30.46           10.73
              55           29.04           7.633
              56          -35.82           8.138
              57          -31.88           9.096
              58          -24.02            9.15
              59           28.77           8.053
              60          -26.76           7.674
              61             -19           11.85
              62          -1.326            8.17
              63            82.8           9.315
              64           -9.27           9.251
              65          -17.87           7.922
              66           7.205           14.69
              67          0.5103           10.97
              68          -25.73            8.43
              69          -16.45           7.884
              70           18.94           12.29
              71           8.816           9.417
              72          -8.557           8.326
              73          -12.09             7.7
              74           10.68           10.39
              75           62.71           9.935
              76         -0.2564           8.355
              77           2.973           7.867
              78           11.33               9
              79           93.15           10.51
              80         -0.6169           10.35
              81          -15.56           7.729
              82           17.42           12.33
              83           25.49           7.633
              84          -15.28           9.089
              85          -24.85           7.642
              86           11.58           8.878
              87           34.27           7.559
              88          -16.82             8.1
              89          -25.38           8.856
              90          -7.768           8.042
              91           49.79            8.47
              92          -8.349           7.525
              93          -1.777            11.8
              94           5.387            7.64
              95           77.32            9.61
              96          -22.04           8.768
              97          -19.66           8.109
              98           5.869            13.3
              99           15.35           10.93
             100           -31.1           8.379
             101         -0.9139           8.291
             102            -1.5           10.64
             103            37.9           9.309
             104          -32.28           8.674
             105          -3.212           7.948
             106          0.7768           9.903
             107           37.62           9.992
             108          -14.03           8.104
             109           -7.28           8.049
             110         -0.3327           10.15
             111           100.1           10.94
             112          -19.63           9.845
             113          -15.32           7.662
             114          -3.531           11.11
             115           24.25           7.556
             116          -15.92           8.577
             117          -12.29           7.702
             118           3.354           8.522
             119           38.94           7.491
             120          -25.31            7.81
             121          -8.781           8.777
             122           10.63           7.788
             123           68.27           8.841
             124           -29.6           7.372
             125          -9.817           14.82
             126          -17.73           7.828
             127           132.6           10.65
APV               11              11               5               5
               0           179.5            30.5
               1          -17.33           23.17
               2          -31.14           20.09
               3          -45.57           20.08
               4          -133.6           10.16
               5          -64.61           8.512
               6           -22.8           13.89
               7           50.18           10.45
               8          -70.05           7.659
               9          -25.48           8.491
              10           0.236           9.558
              11           92.59           9.759
              12          -56.44            8.47
              13          -31.75           8.562
              14            30.2           9.536
              15           90.27           9.779
              16          -63.55           8.729
              17          -55.38           7.778
              18          -43.31            19.2
              19           20.11           8.875
              20           -83.3           8.304
              21          -53.67           8.023
              22          -37.37           10.81
              23           48.79           7.626
              24          -70.66           7.818
              25          -48.36           8.178
              26          -6.434           9.182
              27           75.55           8.116
              28          -55.21           7.355
              29          -34.92           9.954
              30           4.112           8.477
              31           115.1           8.763
              32          -45.27           9.055
              33          -41.41           8.592
              34        -0.09547           9.513
              35           39.44           9.897
              36          -67.22           8.294
              37          -37.76           8.269
              38          -9.218           10.01
              39           75.28           9.669
              40          -55.18            8.04
              41          -9.094           8.015
              42           19.81           10.83
              43           95.89           9.866
              44          -45.86            8.95
              45          -21.84           8.803
              46           13.85           8.814
              47           97.89           10.01
              48          -57.71           9.334
              49          -36.04           7.748
              50           -34.1           15.04
              51           38.54           8.349
              52          -74.56           8.152
              53          -32.49             8.1
              54          -11.87           10.28
              55           97.32           7.667
              56          -60.26           7.559
              57          -57.89           8.691
              58         0.07027           9.061
              59           88.71           8.024
              60          -66.33           7.208
              61          -32.39           11.43
              62           23.03             8.2
              63           108.5           9.209
              64          -52.21            8.46
              65          -39.04           7.477
              66           14.17           14.89
              67           61.05           11.83
              68          -72.77           8.208
              69          -28.63           7.446
              70          -2.406           12.27
              71           86.82           10.12
              72          -77.91           7.769
              73          -20.88           7.331
              74           27.95            10.8
              75             105           10.66
              76          -56.79           7.732
              77          -6.668           7.899
              78           44.02           9.504
              79           111.6           10.27
              80          -84.69           9.054
              81           -59.3           7.596
              82          -19.31           11.58
              83           59.25           7.533
              84          -70.24            8.49
              85           -40.1           7.521
              86          -10.88            8.75
              87           103.3            7.71
              88          -51.49           7.526
              89          -38.18           8.444
              90           11.53           8.023
              91            98.5           8.333
              92          -52.21           7.098
              93          -28.46              11
              94           41.94           7.741
              95           148.4           9.481
              96          -68.25           8.101
              97          -18.99           7.902
              98           22.95           13.63
              99           51.67           11.48
             100          -72.33            8.01
             101          -31.66           7.846
             102           12.94           11.04
             103           98.38           10.59
             104          -69.55           8.121
             105          -22.55           7.937
             106            15.9           10.47
             107           104.3           10.02
             108          -53.56           7.581
             109          -20.31           8.238
             110           46.26           10.91
             111             146           10.81
             112          -52.19           9.115
             113          -22.74           7.563
             114           14.25           10.86
             115           47.41           7.526
             116          -38.94           8.191
             117           -34.1           7.425
             118           11.67           8.291
             119           102.8            27.8
             120          -56.18           8.069
             121          -27.53           8.961
             122           45.84           7.884
             123           105.1           8.656
             124           -48.3           7.009
             125          -46.26           13.77
             126           35.72           8.034
             127           163.5           10.34
APV               11              11               5               6
               0           199.4           29.24
               1           1.792           21.93
               2          -22.68           18.94
               3          -95.67           14.29
               4          -53.65           9.949
               5          -31.08           8.325
               6          -21.18           12.53
               7          -33.62           9.494
               8             -18           8.264
               9          -13.73           8.056
              10            -2.3           9.139
              11           1.354           9.153
              12          -28.46           8.808
              13          -16.27           7.971
              14          -7.117           8.796
              15           52.88           9.377
              16           20.17           9.707
              17          -22.55           7.836
              18           -28.3           18.92
              19           -22.4           8.211
              20          -14.43           9.045
              21          -6.314           7.771
              22           -12.1           10.31
              23           1.731           7.521
              24          -10.47           8.364
              25          -6.673           7.948
              26          -22.13           8.719
              27           9.298           7.894
              28          -6.795            7.82
              29          -4.795            9.55
              30           0.416           8.259
              31           29.37           8.438
              32           21.67           9.763
              33          -11.96           8.587
              34          -11.64           9.129
              35           1.501           9.504
              36          -9.154           8.679
              37           -16.3           8.105
              38          -13.73           9.451
              39            5.59           9.242
              40          -10.06           8.494
              41           4.762           7.852
              42           9.397           10.07
              43           19.48           9.372
              44           -35.3           9.145
              45          -5.121           8.328
              46           5.447           8.277
              47           50.27           9.622
              48           23.22           10.47
              49          -22.63           7.658
              50          -32.91           14.56
              51           4.296           7.852
              52           3.127            8.85
              53          -8.582             7.7
              54          -24.71           9.733
              55          -6.508           7.457
              56          -22.66            8.14
              57          -19.44           8.333
              58           -21.4           8.604
              59            27.7           7.981
              60          -22.82            7.47
              61          -22.99           11.03
              62           3.369            7.99
              63           57.86           8.946
              64           21.39           9.397
              65          -15.49           7.723
              66           6.056           13.93
              67           25.35            10.5
              68            9.25           23.96
              69           4.043           7.968
              70           2.442           11.09
              71           1.574           9.053
              72          -8.749            8.64
              73           3.781           25.01
              74          -9.118           8.941
              75           21.45           9.263
              76          -11.01           8.308
              77          -4.365            7.69
              78           -2.15           9.462
              79           68.88           10.21
              80           15.94            10.7
              81          -17.75           7.872
              82          -10.56           11.32
              83           6.452           7.329
              84          -20.03           9.323
              85          -4.324           24.38
              86          -15.02           8.895
              87         -0.9887           7.315
              88          -18.67           8.152
              89          -11.49           25.23
              90          -1.211           8.108
              91           36.76           8.203
              92          -18.67           7.479
              93          -16.68           10.35
              94           5.065           7.346
              95           73.07           9.573
              96           18.15           9.264
              97          -21.36            7.86
              98          -9.184           12.68
              99          -23.16           10.46
             100          -14.66           8.571
             101          0.7354           8.195
             102          -11.14           10.37
             103           26.83           9.044
             104           -9.35           8.489
             105           6.883           8.966
             106          -5.851           9.803
             107           24.43           9.646
             108          -10.75           7.919
             109          -13.01           8.025
             110           -1.78           10.19
             111           82.37           10.54
             112           26.45            11.1
             113          -6.679           7.666
             114           -23.9           10.12
             115           4.981           7.366
             116          -13.28           8.708
             117          0.8971            8.03
             118           5.092           7.983
             119           10.87           7.281
             120          0.8139           8.088
             121          -13.07           8.224
             122          -6.669            7.31
             123           28.03           8.487
             124          -10.83           7.449
             125          -9.615            13.1
             126          -7.924           7.581
             127           125.2           10.31
APV               11              11               5               7
               0           145.5           28.62
               1          -20.86           21.15
               2          -24.24           18.44
               3          -50.38           17.19
               4            -103           25.08
               5          -55.16           9.667
               6           9.568           12.46
               7           29.73           9.826
               8          -69.91           8.149
               9          -23.34           8.161
              10           13.73            9.55
              11           48.28           9.636
              12          -50.89           8.711
              13          -9.461           8.404
              14           17.27           9.007
              15           61.58            9.57
              16          -35.41           9.828
              17          -31.15            7.96
              18          -20.46           18.89
              19           18.04           8.513
              20          -58.73           9.195
              21          -40.96           7.987
              22           1.077           10.56
              23           34.61           7.703
              24          -38.88           8.336
              25          -24.26           8.164
              26          -3.915           9.048
              27           27.68           7.956
              28          -32.93           7.706
              29          -25.25              10
              30            28.3           8.408
              31           46.82           8.462
              32          -32.52           24.66
              33          -34.83           9.829
              34           5.171           9.187
              35              27           9.282
              36          -33.69           23.78
              37           -15.2           9.342
              38          -2.276           9.232
              39           19.61           9.153
              40          -30.48            8.53
              41          -3.708           7.858
              42           21.79           10.49
              43           68.74           9.704
              44          -34.94           9.071
              45          -14.73           8.571
              46           27.61           8.538
              47           68.58           9.693
              48          -35.63           11.41
              49          -17.13            7.83
              50             -23           15.06
              51           25.59           8.106
              52          -60.52           8.671
              53          -32.79           7.911
              54         -0.8204           10.12
              55           20.37           7.464
              56          -47.03           8.068
              57          -31.32           8.723
              58          -7.309           8.879
              59            40.5           8.019
              60          -20.96           7.618
              61          -15.32           11.35
              62           20.02           8.059
              63           69.84           9.024
              64           -45.9           8.779
              65          -32.83           7.597
              66           14.56           13.92
              67           20.39           10.83
              68          -62.43           8.492
              69          -9.417           7.449
              70           15.18           11.54
              71           33.66           9.603
              72          -46.79           8.174
              73            0.21           7.508
              74           13.98           10.17
              75           48.02            9.58
              76          -46.74            7.82
              77           10.92           7.652
              78           30.24           8.826
              79           54.44           10.22
              80          -42.14           10.15
              81          -4.239           7.958
              82           14.31           11.59
              83           39.51           7.497
              84          -38.43           9.044
              85           -21.1           7.507
              86           10.91           8.621
              87           25.35           7.363
              88          -49.91            7.98
              89          -19.07           8.374
              90            2.79           7.827
              91           50.26            8.08
              92          -9.658           7.667
              93          -1.104           10.85
              94           20.03           7.551
              95           50.35           9.279
              96          -24.38           8.636
              97          -14.34           7.858
              98           6.275           12.56
              99           36.07           10.87
             100          -33.07           8.537
             101          -21.72           7.714
             102           9.989           10.33
             103           39.16           9.386
             104          -27.49           8.372
             105          -8.577           8.303
             106           27.03           10.05
             107           52.93           9.639
             108          -21.96           7.878
             109          -2.199           8.235
             110           18.16           9.914
             111           94.97           10.58
             112          -28.72            9.99
             113          -16.88           7.747
             114           11.62           10.72
             115           25.32           7.545
             116          -41.22           8.541
             117           -16.7           7.389
             118           17.43           8.223
             119           29.89           7.392
             120          -15.43           7.912
             121          -21.74           8.354
             122           31.36           7.643
             123           57.49           8.441
             124          -5.317            7.42
             125            1.05           13.58
             126           23.68           7.888
             127           108.2           10.21
APV               11              11               5               8
               0           123.2           29.06
               1            13.2           22.85
               2          -6.911           19.79
               3          -96.47           13.58
               4          -85.23           9.284
               5          -12.98           8.238
               6          -13.93           11.63
               7           15.03           9.319
               8          -43.86           7.819
               9          -7.387           8.036
              10           6.836           8.491
              11           13.77           8.816
              12          -36.79           8.552
              13          -1.352           8.164
              14              24            8.38
              15           22.37           9.076
              16          -30.43           9.056
              17          -38.12           7.518
              18          -13.64           18.73
              19          -8.157           8.111
              20          -57.99           8.535
              21          -20.42           7.782
              22          -2.595           10.19
              23           34.34           7.368
              24          -43.46           7.812
              25           4.895           7.971
              26           9.191           8.572
              27           25.26            7.54
              28          -37.42           7.389
              29           6.804           10.15
              30          -1.414           7.962
              31           37.51           8.367
              32          -45.18           9.039
              33          -23.79           8.573
              34          -10.26           8.672
              35           11.22           9.209
              36          -65.51           8.045
              37          -23.91            8.15
              38           15.91           8.738
              39           33.39           8.745
              40          -13.41           8.159
              41           30.77           7.743
              42           16.41           9.318
              43           35.99           8.907
              44           -36.5           9.217
              45           5.233           8.731
              46           13.24           7.972
              47              70            9.63
              48          -45.33           9.807
              49          -15.26           7.568
              50           20.76            14.9
              51           6.602           7.733
              52          -24.23           8.252
              53          -21.94           7.772
              54            3.97           9.657
              55           12.76            7.24
              56          -40.32           7.556
              57          0.1183           8.502
              58         -0.4471           8.539
              59           21.31           7.651
              60           -42.6           7.185
              61          -5.936           11.35
              62            6.73           7.727
              63           47.77           8.819
              64          -25.21           8.745
              65          -10.46           7.453
              66           17.79           12.98
              67           8.169           10.04
              68           -46.5           8.278
              69           10.66           7.308
              70           2.077           10.69
              71           23.57           8.939
              72          -22.48           24.14
              73           20.14           7.602
              74          -1.352            8.86
              75           52.36           9.162
              76          -24.88           7.888
              77           5.394           7.462
              78          -12.36           8.386
              79            57.6           9.755
              80          -51.91           9.706
              81          -19.82           7.416
              82          -1.766           11.02
              83           22.89           7.153
              84          -34.13           8.699
              85          0.4747           7.229
              86           33.31           8.122
              87            26.7           7.074
              88           -40.4           7.759
              89           -15.4           8.098
              90           16.14           7.455
              91           26.52           7.898
              92          -15.95           7.149
              93           3.661           10.57
              94           1.556           7.073
              95           50.49           9.139
              96          -45.79           8.268
              97          -4.552           7.607
              98           8.905           11.82
              99            15.7           10.08
             100          -33.74           8.245
             101          -4.615           7.525
             102           15.02           9.634
             103           29.95           8.817
             104           -36.9           8.266
             105           19.71            8.03
             106           28.72           9.184
             107           45.06           9.301
             108          -15.35           7.725
             109           28.64           7.959
             110           11.71            9.44
             111           79.79           10.28
             112          -46.58           9.326
             113           -12.2           7.241
             114           3.039           10.15
             115           15.49            7.18
             116          -54.82           8.395
             117           21.83            7.22
             118          -2.779           7.722
             119           13.83           7.081
             120          -21.48            7.41
             121           9.719           8.235
             122           12.69           7.191
             123           34.73           8.273
             124          -1.358           7.063
             125            20.4            13.6
             126          -11.66           7.652
             127           105.1           10.14
APV               11              11               5               9
               0           128.3           29.93
               1          -4.531            24.1
               2          0.4413           21.41
               3          -94.35           14.93
               4          -83.41           9.488
               5          -45.13           8.565
               6           16.08              14
               7           10.04           9.872
               8          -42.88           7.996
               9           -13.9           8.551
              10           10.16           9.437
              11           7.342           9.434
              12          -39.95           8.656
              13          -3.953           8.843
              14           21.69           9.371
              15           31.81           9.457
              16          -41.74           9.185
              17          -34.09           7.585
              18           8.981           20.06
              19           17.68           8.333
              20          -39.71           8.744
              21          -26.56           7.876
              22          -11.75           10.81
              23          0.2199           7.435
              24          -39.33            7.99
              25          -7.304           8.336
              26           10.71           9.018
              27           26.02           7.863
              28          -36.78           7.489
              29         -0.7903           10.33
              30            14.3           8.215
              31            48.6            8.59
              32          -23.96            9.23
              33          -27.22           8.997
              34           26.38           10.13
              35           3.644           9.937
              36          -53.26           8.289
              37          -14.99           8.719
              38           1.065           10.21
              39           21.35           9.293
              40          -46.49           8.187
              41          -16.53           7.947
              42           41.55            10.7
              43           26.18           9.565
              44          -14.81           9.735
              45          -7.419           8.396
              46           5.943           8.487
              47           46.14           9.744
              48          -29.88           9.878
              49          -20.99           7.653
              50            4.14           15.87
              51           8.797           7.798
              52          -58.81           8.282
              53          -13.86           7.911
              54           18.96           10.16
              55           9.933           7.348
              56          -43.24           7.746
              57          -8.535            8.89
              58           12.21            8.74
              59           30.95           8.015
              60          -33.61           7.296
              61          -11.52            12.1
              62           15.91            7.99
              63           53.54           9.174
              64          -30.72           8.808
              65         -0.6367           7.734
              66            15.2           14.75
              67           6.124           10.81
              68          -34.44           8.407
              69           11.59            7.73
              70           16.71           12.21
              71           31.72           9.553
              72          -27.87           8.184
              73          -4.216           7.355
              74           29.12            10.3
              75           27.24           9.554
              76          -24.01           8.366
              77           26.25           7.579
              78           22.33           8.798
              79           56.47           10.07
              80          -41.22           9.757
              81          -32.31           7.328
              82          0.7097           12.24
              83          -6.991           7.324
              84          -28.14           8.907
              85          -12.38           7.343
              86           21.98             8.7
              87           25.43           7.239
              88          -12.35           7.929
              89          -9.781           8.613
              90           13.38            7.78
              91           26.74           8.241
              92          -38.57           7.247
              93          -10.72           11.46
              94           20.33           7.403
              95           57.21           9.394
              96          -38.83           8.451
              97          -10.01           8.134
              98           16.21           13.18
              99           17.02           10.83
             100          -41.34           8.185
             101           2.028               8
             102            22.9           10.75
             103              46           9.266
             104          -12.86           8.543
             105           10.46           7.359
             106            16.4           9.952
             107           28.77           9.838
             108          -24.27           8.079
             109           1.696           7.474
             110           23.29           10.05
             111           63.95           10.48
             112           -36.1           9.687
             113          -11.47           7.367
             114           12.88           11.14
             115           10.38           7.256
             116          -37.54           8.297
             117          -15.62           7.265
             118           21.13           8.272
             119           35.18           7.376
             120          -37.75           7.473
             121           9.744           8.524
             122           14.46           7.507
             123           32.74           8.537
             124          -16.24           7.122
             125          -2.125            15.4
             126           31.21           7.859
             127           86.18           10.26
APV               11              11               5              10
               0           125.9           32.11
               1          -32.01           26.24
               2          -51.34           23.92
               3          -94.58           15.21
               4          -68.82           9.837
               5           -41.3           8.755
               6          -13.67           14.95
               7            32.7           10.46
               8          -55.93           8.519
               9          -31.91           9.093
              10            6.22           10.04
              11           59.19           9.999
              12          -59.08           9.222
              13          -30.38           9.412
              14           9.871           9.906
              15           77.49           9.933
              16          -15.33           9.541
              17          -57.37           8.008
              18          -16.07           20.52
              19           21.05           8.722
              20          -42.72           8.863
              21          -36.97           8.368
              22          -0.321           11.04
              23           54.57           7.991
              24          -43.69            8.31
              25          -39.57           8.759
              26          -17.83           9.376
              27           58.73           8.333
              28          -46.22           7.739
              29          -23.13            10.7
              30           29.04           8.781
              31           107.7           9.108
              32          -10.17            9.42
              33          -49.76           9.009
              34          -23.47            10.4
              35           32.43            11.2
              36           -56.3           8.656
              37          -38.21           8.956
              38          -4.898           10.46
              39           54.59            9.87
              40          -35.73           8.711
              41          -41.31           8.375
              42           12.18           11.68
              43           70.58           10.13
              44          -38.33           9.816
              45           -9.29           9.698
              46           33.61           9.025
              47           111.5           10.46
              48          -24.55           10.02
              49          -44.27           8.007
              50          -5.545           16.15
              51           25.09            8.28
              52          -58.25           8.623
              53          -49.03            8.31
              54           -23.1           10.38
              55           54.23           7.744
              56          -43.73           8.137
              57          -38.23           9.539
              58          -1.616           9.316
              59            73.2           8.409
              60          -56.17           7.675
              61          -41.82           12.36
              62           25.52           8.544
              63             128           9.692
              64          -14.72           8.956
              65          -20.73           7.928
              66          -15.65           16.39
              67           24.63           11.85
              68          -44.66           8.762
              69          -16.81           8.147
              70          -4.679           13.15
              71            61.2           10.29
              72          -54.51           8.555
              73          -8.947           7.821
              74          -7.404           11.14
              75           68.04           9.876
              76          -41.12           8.395
              77          -16.44           8.545
              78           14.62           9.834
              79           111.8           10.88
              80          -38.75           9.697
              81          -38.49           7.741
              82          -23.16           12.52
              83            18.6           7.767
              84          -25.34           8.895
              85          -18.25           7.862
              86           7.606           8.827
              87           70.45           7.917
              88          -57.42           7.961
              89          -33.07           9.139
              90           3.959            8.06
              91           96.91           8.586
              92          -34.58           7.533
              93          -39.18           11.77
              94           18.25            7.81
              95           143.1           10.26
              96           -35.8           8.801
              97          -19.29           8.361
              98         -0.7056           14.53
              99           19.28           11.53
             100           -49.2           8.534
             101          -13.59           8.459
             102          -5.479           11.56
             103           60.94           9.911
             104           -49.3           8.921
             105          -25.18           8.406
             106           21.11           10.82
             107           99.97           10.23
             108          -28.78           8.126
             109          -10.87           8.716
             110           20.28           11.44
             111           145.9           11.53
             112          -4.309           9.805
             113          -17.19           7.853
             114           -21.6           11.43
             115           14.38           7.701
             116          -48.01           8.423
             117          -47.24           7.676
             118          -1.992           8.637
             119           58.37           7.745
             120          -51.11           7.846
             121          -19.37           8.942
             122           27.62               8
             123           86.51           9.006
             124          -30.02           7.328
             125          -36.72           15.21
             126           26.98           8.325
             127           157.7           11.47
APV               11              11               5              11
               0           110.6           31.97
               1          -46.48           25.85
               2          -46.18           24.02
               3            -116           13.68
               4          -89.57           10.07
               5           -63.8           8.204
               6          -8.398           13.49
               7           41.91           9.884
               8          -41.56           8.584
               9          -34.93           8.485
              10           5.442           9.325
              11            59.2           9.546
              12          -56.04           8.979
              13          -46.01           8.525
              14           9.687           9.426
              15            64.8           9.757
              16          -18.82           10.37
              17          -55.91           8.234
              18           -38.1           20.27
              19           21.33           9.083
              20           -33.5           9.454
              21          -30.94           7.929
              22           6.837           11.42
              23           56.49           8.203
              24          -60.97           8.714
              25          -34.08           8.144
              26           6.812            9.75
              27           92.25           8.418
              28          -46.73           7.964
              29          -26.94           9.487
              30           11.79           9.078
              31           59.78           8.881
              32          -23.04           10.12
              33          -39.45           8.673
              34           6.331           10.15
              35           25.39           9.897
              36          -41.19           9.163
              37          -52.16           8.024
              38          -1.059           9.988
              39           62.99            9.41
              40          -53.26           8.666
              41          -35.89           8.008
              42          -3.317           10.12
              43           80.06           9.631
              44          -29.16           9.365
              45          -19.93           8.432
              46            24.4           8.689
              47           105.8            10.2
              48          -32.82           11.03
              49          -36.88           8.149
              50          -2.751           16.49
              51           42.92           8.534
              52          -63.33           9.001
              53          -46.71           7.759
              54          -17.06           10.92
              55           55.68           8.082
              56          -26.18           8.743
              57          -31.64           8.352
              58           9.895           9.683
              59           78.21           8.417
              60          -36.51           7.783
              61          -29.27           10.86
              62           18.91           8.681
              63           77.04           9.594
              64          -14.72           9.552
              65          -31.21           7.949
              66           5.227           14.69
              67           43.08           10.62
              68          -38.73           8.494
              69           -8.91           7.846
              70           15.88           11.88
              71           54.83           9.469
              72          -34.09           8.221
              73          -28.62           7.765
              74            29.9           10.04
              75           68.17           9.488
              76          -38.21           8.344
              77          -7.289           8.101
              78           44.02           9.176
              79           85.24           10.26
              80          -42.51           10.65
              81          -44.23           7.684
              82           4.354           12.81
              83           40.47           8.048
              84          -44.33           8.847
              85           -38.5           7.611
              86           18.62           9.348
              87           83.91           7.856
              88          -32.71           7.967
              89          -35.12           8.882
              90           17.05           8.452
              91           61.68           8.398
              92          -44.85           7.401
              93          -33.64           11.73
              94           27.15            8.05
              95           103.7           9.829
              96          -41.29           9.438
              97          -60.85           8.032
              98           11.63           13.18
              99           33.31           10.55
             100           -55.9           8.176
             101          -55.39           8.222
             102           7.894           10.35
             103           87.81           10.53
             104           -34.4           8.854
             105           -18.8           7.901
             106           18.18           9.484
             107           88.98           9.948
             108          -18.55           8.278
             109           -4.38           8.189
             110            21.9           10.14
             111           105.8           10.87
             112          -40.42           10.89
             113          -44.25           7.601
             114          -10.22           11.78
             115           53.26           7.922
             116          -42.96           8.375
             117          -50.12           7.604
             118           8.686           8.911
             119            84.3           7.826
             120          -37.84           7.743
             121          -38.51           8.787
             122           23.68           8.329
             123           75.51             8.8
             124          -43.17           7.245
             125          -16.96           15.15
             126           43.03            8.75
             127           146.8           11.28
APV               11              11               3               1
               0           12.47           38.61
               1          -50.74           48.71
               2          -17.31           34.58
               3          -91.43           19.57
               4          -100.4           11.81
               5          -67.74           34.31
               6           16.02           20.89
               7            71.5           15.32
               8          -69.03           10.12
               9          -18.11           34.91
              10           20.85           14.25
              11            39.7           14.64
              12          -65.67           14.98
              13          -22.85           35.21
              14           51.32           14.59
              15           46.48           14.68
              16          -52.33           13.38
              17          -35.18           34.45
              18           5.542           21.65
              19           48.34           9.268
              20             -66            11.2
              21          -39.98            35.6
              22           28.32           10.31
              23           65.16           10.23
              24           -62.5           10.55
              25          -24.78           36.11
              26           18.96           9.171
              27           46.68           11.78
              28          -66.85           16.25
              29          -32.55           36.96
              30           45.44           8.425
              31           55.64           45.14
              32          -49.94           12.54
              33          -38.41           36.03
              34          -2.239           14.18
              35           62.69           19.28
              36          -87.13           19.23
              37          -27.79           34.04
              38           25.09           15.96
              39           68.36           14.48
              40          -69.11           11.75
              41           7.933           35.39
              42           30.17           16.58
              43           50.47           14.73
              44          -72.74           22.22
              45          -9.128           35.71
              46           54.65           12.53
              47           53.16           14.55
              48          -58.21           14.13
              49           -36.3           34.83
              50           9.474           16.28
              51           64.53           9.341
              52          -74.33           10.57
              53          -33.95           35.75
              54           26.38           9.721
              55           44.97           10.27
              56          -45.75           12.21
              57          -41.01           36.35
              58           22.92           8.965
              59           58.54           11.95
              60          -85.18           23.38
              61             -26           36.86
              62           63.48           8.254
              63           67.89           13.29
              64          -73.76           13.24
              65          -27.39           11.01
              66           5.495           21.74
              67           64.95           17.53
              68          -48.31           12.92
              69          -21.73           9.408
              70           26.98           18.86
              71            62.2           15.14
              72          -43.74           11.57
              73          -19.38           9.792
              74            39.6           16.26
              75           49.06           14.71
              76          -35.21           9.442
              77          -9.966           9.277
              78           74.75           15.32
              79           70.77           14.88
              80          -73.26           33.33
              81          -28.24           9.581
              82           12.48           12.72
              83           45.66           9.081
              84          -70.68           14.81
              85          -13.54           9.895
              86           15.13           8.877
              87            56.1           11.08
              88          -54.26            11.7
              89          -13.09           9.972
              90           15.48           8.659
              91           58.19           12.68
              92          -53.49           10.28
              93           3.642           12.09
              94           48.85            8.74
              95           58.11           13.87
              96          -56.15           12.48
              97          -28.77           9.375
              98           17.53           20.27
              99           35.93            16.8
             100          -63.99           12.53
             101          -1.051           9.589
             102           33.69           16.98
             103           69.82           14.75
             104          -38.27           10.81
             105          -33.36           11.48
             106           54.59           15.87
             107           58.24           15.03
             108          -58.44           9.155
             109          -4.021           10.44
             110           49.35           17.32
             111            75.1           15.23
             112          -68.21           14.45
             113          -22.99           10.23
             114           20.67           11.36
             115           50.47           9.723
             116          -71.89           12.44
             117          -10.85           9.619
             118           36.22             8.8
             119           58.68           11.16
             120          -56.85           11.41
             121          -13.24           9.819
             122           38.22           8.905
             123           52.96           13.45
             124          -47.25           10.21
             125           1.392           15.19
             126           46.62            9.11
             127           112.3           14.53
APV               11              11               3               2
               0           43.73           36.07
               1          -41.99           31.59
               2          -41.92           30.48
               3          -92.47           15.39
               4          -91.58           10.98
               5          -36.37           9.868
               6          -2.656           17.11
               7           58.72           11.44
               8          -43.82            9.04
               9           -31.5           10.19
              10           4.544           10.89
              11           50.86           11.08
              12           -41.8           9.646
              13          -18.37           10.48
              14           32.08           10.68
              15           44.71           10.58
              16          -37.86            12.3
              17          -21.16            8.92
              18           2.065           25.73
              19           40.66           8.622
              20          -30.65           10.96
              21          -16.43           9.506
              22           3.489           12.04
              23           39.45           8.039
              24          -42.67           9.408
              25          -35.49           10.45
              26           10.08           10.08
              27           48.52           8.968
              28          -39.77           8.654
              29          -33.58           13.92
              30           26.63           14.04
              31           72.36           9.852
              32          -48.03           12.09
              33          -44.26           10.36
              34          -4.269           11.89
              35           55.42           12.49
              36          -59.38            10.1
              37          -14.59           10.58
              38          -8.426           11.78
              39           66.44           10.74
              40          -44.87           9.317
              41          -34.42           9.511
              42           21.67           12.73
              43            57.4           11.29
              44          -30.38           11.05
              45          -26.18           9.342
              46           32.46           9.444
              47           66.06           10.97
              48          -48.23           13.54
              49          -10.85            8.93
              50           6.389           19.57
              51           52.58           8.503
              52          -38.86           10.38
              53           -31.2            9.66
              54           11.25           11.51
              55           45.94           8.174
              56          -53.82            9.19
              57          -34.79           11.59
              58           5.844           9.737
              59           61.43            9.48
              60          -23.76           8.492
              61          -29.75           16.06
              62           15.51           8.522
              63           92.05           10.35
              64          -40.51           11.81
              65          -32.16           8.284
              66           -2.81           17.53
              67           63.65           12.85
              68          -59.37           10.12
              69          -34.91           9.027
              70           -4.47           13.89
              71           55.57           10.49
              72          -39.68           9.083
              73          -20.54           8.217
              74           16.29           12.31
              75           68.23           11.15
              76          -31.65           9.394
              77          -21.78           8.374
              78           32.92           10.04
              79           74.49           11.78
              80          -37.95           13.38
              81          -30.71           8.154
              82           12.69           15.98
              83            49.9           7.919
              84          -55.97           10.96
              85           -22.9           8.233
              86           24.53           10.01
              87           39.57           7.893
              88           -23.6           9.191
              89          -42.64           10.81
              90           24.56           8.696
              91           52.11           9.489
              92          -33.79           8.291
              93          -32.97           15.68
              94            44.6           7.932
              95           92.67           11.14
              96          -30.48           10.76
              97          -28.03           8.952
              98          -8.851           15.75
              99           29.29            12.4
             100          -56.12           9.803
             101          -25.82           9.559
             102           10.11           12.09
             103           61.35           10.42
             104          -41.55            9.25
             105          -13.89           8.014
             106           30.18           11.15
             107           63.59           11.16
             108          -32.93           8.826
             109          -9.083           8.231
             110            34.2           12.17
             111           92.57           12.32
             112          -35.74           12.76
             113          -24.19           8.073
             114          -7.621           14.18
             115           50.55           7.929
             116           -60.9            9.91
             117          -24.14           8.437
             118           14.64           9.482
             119           60.54           8.238
             120          -40.51           8.577
             121          -28.69           10.64
             122           16.65           8.352
             123           52.38           10.01
             124          -25.84           8.051
             125             -23           20.39
             126           40.02           8.017
             127           95.94           11.99
APV               11              11               3               3
               0           84.31           36.43
               1          -49.73            31.1
               2          -66.86           30.02
               3          -100.6           17.21
               4          -95.42           11.39
               5          -55.85           8.978
               6          -22.26           18.15
               7           53.04           12.69
               8          -58.64            9.17
               9          -32.53           9.633
              10          -21.67           11.12
              11           74.37           12.35
              12          -54.78            9.61
              13          -19.41           9.879
              14           8.921           11.46
              15           105.2           12.86
              16          -21.04           12.98
              17          -31.59           8.657
              18          -39.22           24.11
              19           35.58           9.225
              20          -63.54           10.87
              21          -42.52           8.769
              22          -19.53           11.52
              23           66.22           9.016
              24          -62.58           9.491
              25          -29.99            9.27
              26          -15.79           9.842
              27           66.28           10.27
              28          -39.01           8.618
              29          -23.98           12.57
              30           3.091           9.092
              31           129.7           10.52
              32           -23.2           12.76
              33           -38.1           11.39
              34          -19.88            11.7
              35           41.27           14.23
              36          -49.81           10.29
              37          -34.26           9.573
              38          -8.439           12.21
              39           66.51           11.96
              40          -53.73            9.43
              41          -34.35            8.93
              42           13.29           13.22
              43              64            12.4
              44          -51.95           10.22
              45          -23.94           9.221
              46           15.67           10.55
              47           99.33           13.08
              48          -26.25           13.89
              49          -56.06           8.517
              50          -28.25           18.91
              51           55.63           8.989
              52          -63.69           10.35
              53          -27.85           8.815
              54          -10.82            11.3
              55           63.35           9.069
              56           -50.7           9.339
              57          -26.87           10.42
              58           20.47           9.672
              59           94.52           10.29
              60          -32.77            8.38
              61          -19.38           14.35
              62           14.21           8.588
              63           126.8           12.26
              64          -32.99           11.82
              65          -30.58            8.17
              66          -19.92           18.44
              67           45.06           13.81
              68          -49.09           10.37
              69          -22.37           8.499
              70           6.448           15.16
              71           53.35           11.41
              72          -41.63           25.98
              73           -9.69           8.429
              74          -1.125           28.24
              75           89.92           10.88
              76          -36.43           8.779
              77          -11.02           8.416
              78            17.3           12.03
              79           108.5            13.3
              80          -31.91           13.54
              81          -28.82           8.322
              82          -30.86           15.25
              83           60.62           8.534
              84          -49.21           11.02
              85          -27.09           7.974
              86          -18.56           10.31
              87           46.72           8.746
              88          -40.96           9.095
              89          -13.78           10.07
              90           14.99           33.88
              91           76.05           9.778
              92             -28            8.41
              93          -25.65           14.77
              94            42.1           8.277
              95           123.5           12.58
              96          -32.08           11.16
              97          -23.74           8.386
              98          -15.73           16.49
              99           71.23           13.38
             100          -38.66           10.11
             101          -36.77           9.015
             102            3.26           26.44
             103           58.05           10.33
             104          -73.26           9.203
             105          -19.52           8.561
             106           2.851           25.88
             107           91.14           11.62
             108          -56.84           8.571
             109           12.59           8.602
             110           39.11           14.94
             111           130.3            13.9
             112          -33.72           13.08
             113           -33.4           8.079
             114          -16.58           13.99
             115           43.67           8.668
             116          -45.83           9.875
             117          -45.31            8.09
             118          -5.271           33.35
             119           85.77            8.68
             120          -55.45           8.633
             121          -13.45           10.02
             122           14.78           31.08
             123           86.83           10.47
             124          -35.67           8.109
             125          -16.34           18.73
             126           29.47           8.644
             127           138.8            13.5
APV               11              11               3               4
               0           44.27           34.47
               1          -14.73           28.25
               2          -36.73           26.48
               3          -117.1           17.14
               4          -124.2           11.92
               5          -52.91           10.46
               6           0.412              18
               7            32.1           11.83
               8          -85.14           9.143
               9          -21.75            10.7
              10           3.686           11.05
              11           20.14           12.67
              12          -65.36           9.688
              13          -18.71            11.1
              14           34.27           11.77
              15           69.31           11.35
              16          -54.42           13.15
              17          -42.37           8.889
              18           22.96           29.57
              19           33.28            9.92
              20          -70.08           11.63
              21          -20.26           9.881
              22           19.39           14.08
              23           34.46           8.604
              24          -61.12           9.977
              25          -11.61           10.75
              26           18.86           11.36
              27           39.51           9.876
              28          -44.65            8.99
              29           1.043           14.95
              30           32.63           9.965
              31           35.35           10.27
              32          -64.05            13.5
              33          -47.19           10.19
              34           22.22           10.96
              35           23.98           12.98
              36           -57.6           10.76
              37          -13.96           11.19
              38           28.93           12.09
              39           43.49           11.12
              40          -72.47           9.383
              41           5.796           9.968
              42           31.95           13.29
              43           52.85           12.05
              44          -33.55           11.35
              45           6.932           9.812
              46           45.98            10.4
              47            58.8            11.9
              48          -56.49           15.18
              49          -41.66           8.841
              50            11.4           22.55
              51           38.25           9.469
              52          -69.66           11.07
              53          -11.97           10.32
              54           15.41              13
              55           32.17           8.773
              56          -46.55            9.67
              57          -13.93           12.14
              58           17.07           10.83
              59           48.58           9.949
              60          -42.39           8.745
              61           4.288           17.38
              62           28.01           9.506
              63           64.61           10.88
              64          -56.85           12.43
              65          -29.57           8.571
              66           18.53           18.36
              67           41.87           13.35
              68           -61.3           10.75
              69          -29.35           9.433
              70           13.99           14.59
              71           34.87            10.8
              72          -39.55           9.404
              73           4.555           8.812
              74           37.46           12.29
              75           54.36           11.66
              76          -57.55           9.342
              77          -6.144           8.869
              78           45.34           10.87
              79           81.23           12.69
              80          -63.96           14.78
              81          -21.18           8.611
              82           18.16           17.79
              83           49.83           8.534
              84          -57.73           11.65
              85          -7.629           8.748
              86           1.776           11.44
              87           74.92           8.391
              88          -58.33           9.493
              89           5.436           11.32
              90           42.54           9.743
              91           60.68           10.14
              92          -24.69           8.584
              93          -5.205            17.1
              94           29.45           8.942
              95           76.71           11.54
              96          -74.16           11.52
              97           -40.1           9.381
              98           29.82           16.93
              99           54.41           13.24
             100          -69.64            10.3
             101           1.912           10.34
             102           27.57           12.57
             103           50.32            10.7
             104          -40.33            9.48
             105          -2.503            8.58
             106           37.11           12.07
             107           49.84           12.95
             108          -37.17           9.049
             109          -8.761           8.793
             110           34.05           13.12
             111           91.96           12.72
             112          -60.19           14.22
             113          -35.81           8.326
             114           10.65           15.84
             115           41.93           8.682
             116          -52.43           10.61
             117           8.042           8.886
             118           19.67           10.82
             119           70.18           8.611
             120          -46.62           8.909
             121          -11.11           11.38
             122           23.89           9.335
             123           31.82           12.66
             124          -54.48           8.182
             125           13.52            22.3
             126           41.55           8.848
             127           112.9           12.23
APV               11              11               3               5
               0           93.31           33.51
               1          -65.45           27.34
               2          -37.77           25.01
               3          -50.24            16.5
               4          -102.4           12.71
               5          -92.47           10.74
               6          -7.211           18.24
               7           68.55           12.44
               8          -55.01           10.09
               9          -46.45            11.6
              10           24.16           11.34
              11           75.83           11.91
              12          -52.13           10.46
              13          -31.31              12
              14           43.89           11.61
              15           70.82           11.65
              16          -28.89           14.73
              17           -56.9           9.394
              18          -16.25           33.94
              19           47.22           10.66
              20           -47.2           12.47
              21           -42.3           10.14
              22          -4.576           15.07
              23           77.08           9.161
              24          -63.93            10.5
              25          -52.13           11.32
              26           16.05           12.57
              27           67.28           9.895
              28          -64.06           9.293
              29          -49.19           16.14
              30            36.6           10.98
              31           93.32           10.91
              32          -45.29           14.65
              33          -71.71           11.27
              34          -16.41            10.8
              35           67.17           13.39
              36          -42.88           11.57
              37          -50.77           11.95
              38          0.5301            12.1
              39           73.25           11.41
              40          -67.72           10.15
              41          -41.56           10.62
              42           29.86           13.58
              43           79.04           12.27
              44          -45.64           12.23
              45          -25.57           10.22
              46           34.49           10.45
              47           86.45           12.42
              48          -56.62           16.19
              49          -53.48           9.475
              50          -1.641           23.96
              51           65.74           10.28
              52          -47.18           11.65
              53          -50.22           10.32
              54          -6.677           14.32
              55           81.54           9.144
              56          -43.86           10.07
              57          -53.63           12.72
              58           27.96           11.93
              59           83.52           10.08
              60          -44.46           9.147
              61          -32.43           18.83
              62           54.95           10.34
              63           98.49           11.53
              64           -55.3           13.65
              65          -59.66            9.17
              66          -15.73           18.45
              67           56.48           14.58
              68          -53.12           11.62
              69          -45.22           10.31
              70           16.73           15.76
              71           85.88            11.8
              72          -64.91           9.994
              73          -49.34           9.564
              74           44.27            13.5
              75             101           12.55
              76           -52.4           10.05
              77          -12.63            9.66
              78           48.85           32.38
              79           73.46           13.12
              80          -52.56           16.11
              81          -57.71           8.862
              82          -13.59           19.41
              83           57.66           9.117
              84          -52.26           12.36
              85           -61.6           9.053
              86           -4.35           12.23
              87            58.8           8.977
              88          -50.19           9.834
              89          -31.98           12.54
              90            32.4           10.71
              91           93.78           10.68
              92          -42.13           8.931
              93          -50.49           19.24
              94            64.6           9.345
              95           99.49              12
              96          -56.85           12.72
              97           -51.3           10.22
              98           -11.1           16.98
              99           67.59           14.38
             100          -47.68           11.19
             101          -47.13           11.24
             102           23.16           13.57
             103           62.81           11.33
             104          -61.17           9.867
             105          -17.16           10.06
             106           43.35           13.01
             107            94.1           12.61
             108          -35.89           9.616
             109          -26.45            9.78
             110           54.73           14.29
             111           102.5           13.68
             112          -46.17           15.38
             113          -54.49           8.773
             114           10.02           17.28
             115           64.39           9.375
             116          -66.65           11.03
             117           -20.6           9.411
             118           14.93           11.42
             119           89.03           9.154
             120          -44.03           9.396
             121          -43.63           12.73
             122           43.47           10.08
             123           80.38           11.17
             124          -29.09           8.601
             125          -33.54           24.16
             126           63.46           9.597
             127           137.7           13.42
APV               11              11               3               6
               0           124.5           31.75
               1          -25.19           24.61
               2          -11.15           23.07
               3          -80.78           17.43
               4          -102.6           12.02
               5          -39.35           10.27
               6         0.03983              19
               7           15.23           12.09
               8          -57.38           9.398
               9          -17.08           11.35
              10           7.246           12.02
              11           6.693            11.5
              12           -35.3           9.874
              13           14.74           11.76
              14           15.67           11.95
              15              33           11.23
              16          -21.76           26.82
              17          -40.39           9.423
              18            36.6           33.18
              19            43.5           10.45
              20          -73.46           11.65
              21          -10.53           9.289
              22           15.89           15.25
              23           33.72           8.722
              24          -67.51           9.997
              25           9.197            10.4
              26           9.816           12.02
              27           25.17           9.235
              28          -43.61           9.008
              29           2.302           15.04
              30            10.6           10.38
              31           24.82            10.1
              32          -48.33           13.45
              33          -29.96           10.71
              34           18.97           11.63
              35           18.87           13.03
              36          -73.11           10.78
              37         0.09777           11.17
              38           17.39           12.99
              39           22.03           11.19
              40          -27.72           9.652
              41           30.55           10.19
              42           16.87            14.5
              43           12.09           11.96
              44          -54.58           11.51
              45           4.421           10.15
              46            36.9           10.53
              47           45.41           11.66
              48          -49.42           15.05
              49          -21.43           8.861
              50            20.3           24.81
              51           20.71           9.501
              52          -65.95           11.09
              53          -13.16           9.616
              54           6.345           14.37
              55           20.24           8.603
              56          -41.91           9.787
              57          -3.283           12.01
              58           12.88           11.43
              59           12.48            9.26
              60          -34.19            8.79
              61            1.43           17.79
              62            11.4           9.993
              63           30.96            10.6
              64          -45.59           12.68
              65          -15.49           8.884
              66           6.535           20.55
              67           26.84           15.24
              68          -65.55           10.98
              69          -12.42           10.11
              70           24.01           16.38
              71           37.15           11.81
              72          -34.62           9.508
              73           30.24           9.358
              74           2.179           13.46
              75           38.63           11.95
              76          -28.94           9.506
              77           19.64           9.767
              78           8.465           11.74
              79           26.78           12.06
              80          -63.44           14.84
              81           -13.2           8.593
              82           1.436           18.64
              83           37.39           8.712
              84          -46.72           11.95
              85           1.542           8.763
              86           14.93           11.56
              87           13.87           8.393
              88          -43.64           9.555
              89           17.64           12.16
              90           18.02           9.984
              91           24.54           9.729
              92          -12.04           8.712
              93          -1.477           18.65
              94           -5.92           8.848
              95           65.26           11.55
              96          -47.07           11.55
              97          -8.693            9.96
              98           6.111           18.81
              99           36.28           14.78
             100          -48.47           10.55
             101           13.56           11.04
             102           15.52           13.83
             103           13.52           11.28
             104          -45.86           9.554
             105           35.36           9.389
             106            30.2           13.23
             107           45.28           12.33
             108          -40.22           9.305
             109           7.458           9.646
             110           19.83           14.51
             111           70.99           12.88
             112          -45.05           14.49
             113          -9.463           8.402
             114           30.18           16.68
             115           37.36           8.625
             116          -39.86           10.77
             117           9.003            9.04
             118           6.943           11.02
             119           30.29           8.581
             120          -30.67           9.136
             121           24.55           11.95
             122           31.19            9.43
             123           30.05            10.3
             124          -19.52           8.351
             125          -4.682           24.13
             126           1.929           9.193
             127           118.3           12.76
APV               11              11               3               7
               0           57.81           34.19
               1          -54.02           28.12
               2           7.071            27.9
               3          -35.38           18.27
               4          -139.9           10.81
               5          -56.14           8.746
               6            37.9           20.27
               7           69.25           13.06
               8          -77.46           8.615
               9           -44.3           9.748
              10            28.7           11.96
              11           75.92           11.29
              12          -95.42           8.551
              13          -15.52           10.22
              14           45.82           11.92
              15           83.78           10.98
              16          -84.45           11.82
              17          -51.25           8.073
              18           6.467           27.86
              19           75.14           13.28
              20          -121.2           10.49
              21          -49.14            7.86
              22           24.01           12.69
              23           81.12           8.753
              24          -75.72           9.277
              25          -11.73           8.372
              26           51.59           10.43
              27           71.92           8.606
              28          -82.29           7.921
              29          -21.66            11.8
              30           63.25           9.726
              31           67.85           9.508
              32          -75.97            11.7
              33          -59.89           9.197
              34           8.821           13.63
              35           69.05           14.25
              36          -101.4           9.221
              37          -54.49           9.435
              38           46.18           13.98
              39           67.47            11.8
              40          -102.8           8.438
              41          -22.01           8.458
              42           50.41           14.41
              43           79.43           11.87
              44          -84.52           10.19
              45          0.0039            8.87
              46            67.5           10.26
              47           77.38           11.28
              48          -83.99           13.18
              49          -63.42           7.753
              50            14.4           20.51
              51           53.43           10.85
              52          -71.01           10.01
              53          -43.68           7.901
              54           29.14              12
              55           86.53           8.337
              56          -100.6           8.792
              57          -17.53           9.505
              58            21.4           10.01
              59           83.13           8.775
              60          -45.84           7.682
              61          -3.955           14.12
              62           53.93           9.685
              63           78.31           10.09
              64          -91.92           11.33
              65          -57.65           7.785
              66           31.91           21.29
              67           55.11           15.28
              68          -79.38           36.76
              69          -21.43           10.01
              70           50.88           16.43
              71           70.97           11.37
              72          -83.68           8.916
              73           -19.4           8.009
              74            48.7            14.2
              75           71.71           11.78
              76          -77.83           8.649
              77          -12.08           8.403
              78            53.2           11.88
              79           84.55            12.2
              80          -87.92           13.14
              81          -55.05           7.984
              82           16.01           15.53
              83           67.81           7.289
              84          -70.56           37.55
              85          -29.71           8.199
              86           49.03           9.995
              87           67.73           7.581
              88          -83.65           9.194
              89          -16.17            9.39
              90           39.86           8.031
              91           70.64           9.239
              92          -80.82           29.44
              93          -6.937           16.07
              94           56.02           7.709
              95           99.04           10.71
              96            -102           10.73
              97          -53.51            8.62
              98            44.1           19.22
              99            57.7           14.84
             100          -88.01           8.856
             101          -39.97           9.339
             102           45.64            14.7
             103           81.77           11.53
             104          -83.09           38.24
             105           0.658           8.359
             106           60.51            12.8
             107           66.47           11.24
             108          -60.41           8.304
             109           5.196            7.97
             110           69.51           14.47
             111           101.2           12.77
             112           -89.7           12.57
             113          -28.81           7.709
             114           38.65           13.52
             115           49.37           7.197
             116          -100.7           9.563
             117          -34.95            7.49
             118            14.5             8.7
             119           83.29           7.706
             120          -92.02           38.82
             121          -14.82           11.07
             122           49.91           8.106
             123           57.87           9.336
             124          -50.44            8.05
             125           -3.12           18.78
             126           51.89           7.242
             127           117.4           12.05
APV               11              11               3               8
               0           68.89           36.93
               1          -54.92           52.22
               2          -55.29           31.37
               3          -96.96           20.51
               4          -102.2           34.96
               5           -48.5           43.44
               6          -17.09           20.04
               7           47.46            13.4
               8          -55.95           10.71
               9          -15.87           41.11
              10          -5.632           13.56
              11           63.16           13.42
              12          -67.49           9.933
              13          -20.16           42.17
              14           30.12           13.39
              15           92.29           12.75
              16          -61.58           13.58
              17          -32.44            41.5
              18          -34.15            26.3
              19           32.83           8.007
              20           -74.5           10.99
              21          -32.19           42.73
              22          -20.11              11
              23           63.14           7.695
              24          -79.42           10.33
              25          -15.99           42.78
              26          -20.83            9.01
              27           100.3           9.688
              28          -59.93            10.1
              29          -13.08           43.58
              30           34.29           7.885
              31           108.4           11.33
              32          -47.11            13.2
              33          -34.69           41.68
              34             -19           14.43
              35           39.06            16.8
              36          -63.19           10.84
              37          -33.96           41.62
              38          -23.66           14.57
              39           65.61           12.75
              40          -66.68           9.485
              41           -9.98           41.71
              42          -1.182           15.92
              43            76.6           13.73
              44          -58.41           12.15
              45           3.384           43.23
              46           35.78           11.65
              47           114.3           12.93
              48          -48.92            34.1
              49          -16.82           44.87
              50          -26.92           19.39
              51           30.59             7.7
              52          -77.28           12.35
              53          -16.78           42.39
              54         -0.2623           10.14
              55           76.68           7.829
              56           -49.2           9.902
              57          -22.66           43.12
              58            4.25           8.517
              59           89.62           9.712
              60          -51.88           11.56
              61          -20.61            43.5
              62           28.03           7.417
              63           122.4           11.51
              64           -26.9           13.83
              65          -34.84           11.58
              66          -8.532           26.87
              67           47.69           20.41
              68          -35.73           13.17
              69          -14.42           9.365
              70          -3.515           21.15
              71           71.45           14.74
              72          -32.04            11.7
              73          -31.65           9.871
              74           23.81           18.49
              75           96.33           14.93
              76          -38.18           9.874
              77          -2.038           8.368
              78           44.45           16.08
              79           123.7           14.86
              80          -45.49           16.33
              81          -40.97           11.15
              82          -34.02           12.75
              83           43.92           9.193
              84          -56.55           13.83
              85          -28.22           9.658
              86           9.713           8.427
              87           76.88           9.406
              88          -46.55           12.37
              89          -38.53           9.873
              90          -2.262           8.104
              91           111.1           12.18
              92          -25.32            11.1
              93          -37.24           12.43
              94           39.26           7.805
              95           129.1           13.32
              96          -56.28           13.48
              97          -35.89           9.772
              98           -21.3           24.33
              99           50.75            18.5
             100          -76.48           12.67
             101          -24.22           9.659
             102           10.51           18.71
             103           78.91           14.44
             104          -38.25           10.64
             105          -5.011           9.343
             106           29.51           17.91
             107           86.03           15.17
             108          -49.12           9.744
             109          -14.51           8.749
             110           34.18           18.89
             111           111.7           15.21
             112          -65.87            16.4
             113          -40.47           10.22
             114          -35.64           11.41
             115           47.53           9.037
             116          -57.47           12.85
             117          -38.46           9.171
             118           8.225           8.244
             119           89.84           9.681
             120          -52.06           11.48
             121          -35.67           10.03
             122            5.12            8.19
             123           96.72           12.68
             124          -29.06           11.07
             125          -23.12           15.59
             126           29.87           8.054
             127           136.3           14.16
APV               11              11               3               9
               0           78.38           42.42
               1          -65.11           45.58
               2          -37.31           36.22
               3          -124.3           23.68
               4            -127           13.85
               5          -60.39           31.39
               6          -10.91           26.34
               7           36.32           16.95
               8          -53.83           10.21
               9             -18           31.51
              10           4.903           15.04
              11              47           15.54
              12          -60.38           18.92
              13          -15.45            33.4
              14           41.84            16.2
              15           57.24           14.51
              16          -25.52           18.69
              17           -34.4           28.37
              18           3.706            46.2
              19           37.86           11.33
              20          -74.93           14.26
              21           -29.7           32.28
              22           18.35            19.1
              23           65.82           9.322
              24          -39.34           11.88
              25          -3.772              33
              26           17.51           14.98
              27           42.56           11.02
              28          -57.32           10.78
              29          -18.19           38.56
              30           19.31           11.74
              31            75.4           12.27
              32           -48.6           17.54
              33           -42.4           31.08
              34           15.95           16.85
              35           37.45           19.64
              36          -60.65           12.24
              37          -21.48           33.13
              38              15           18.23
              39           50.22           15.27
              40          -51.57           10.57
              41           -8.84           30.84
              42           15.53           19.12
              43           65.02           16.49
              44          -44.06           18.07
              45           9.754            29.6
              46           28.93           13.73
              47           73.44           14.35
              48           -48.5           20.63
              49          -23.24           29.64
              50          0.4461              35
              51           22.27           10.65
              52          -64.34           13.52
              53          -5.337           33.18
              54           3.856           18.06
              55           47.78           9.244
              56          -51.96           11.25
              57          -20.72           34.97
              58           18.22           13.77
              59           69.01           11.55
              60          -34.67           10.95
              61          -1.271           42.16
              62           27.41           11.12
              63           75.78           12.81
              64          -43.91           18.63
              65          -47.55           10.75
              66           1.474           30.64
              67           24.25           21.91
              68          -58.58           14.29
              69          -25.13           12.41
              70           1.676           24.07
              71           44.48           16.48
              72          -61.12           10.88
              73           5.885           11.65
              74           34.54           20.19
              75           58.96           17.07
              76          -48.87           11.03
              77           2.459           11.43
              78           22.89           16.55
              79           85.52           17.69
              80          -44.85           23.13
              81          -30.68           10.56
              82           3.061           25.77
              83           36.91           9.537
              84          -47.58           16.39
              85           -22.8           9.314
              86           23.67           13.89
              87            44.2           9.723
              88          -44.53           12.29
              89          -32.17           14.88
              90           26.88           11.25
              91           60.36           12.88
              92          -60.33           9.937
              93          -17.44           25.48
              94           29.09           9.592
              95           90.76           16.01
              96          -60.64           16.77
              97          -42.86           12.51
              98           10.89           27.28
              99           29.54           20.38
             100           -52.2           13.53
             101          -23.33           14.02
             102            16.2           20.96
             103           35.98           15.64
             104          -41.08            10.6
             105          -4.358           11.55
             106           38.94           19.09
             107           80.22           17.47
             108          -21.46           10.84
             109           30.03           11.36
             110           37.86           20.68
             111           94.65           17.57
             112          -47.11           22.04
             113          -21.07           9.853
             114           10.54           22.23
             115           23.29           9.544
             116          -52.55            14.4
             117          -15.24           9.804
             118           15.11           13.06
             119           64.15           10.01
             120          -43.49           10.99
             121          -1.639           15.16
             122           34.58           10.71
             123           43.57           13.87
             124          -33.53           9.652
             125          -17.76           33.57
             126           28.18           9.838
             127           137.5           15.97
APV               11              11               3              10
               0           25.72           35.96
               1           -52.7           29.91
               2          -31.58           29.58
               3          -94.04           19.46
               4          -119.1           12.58
               5          -66.59            11.4
               6          -11.59           23.55
               7           68.29           14.01
               8          -73.12           8.911
               9          -21.14            12.9
              10           40.39           15.27
              11           69.11           12.46
              12             -77           9.552
              13          -19.83           13.74
              14           47.07           13.95
              15           105.3           12.13
              16          -64.71           17.96
              17          -58.17           8.906
              18          -15.13           41.61
              19           30.75           11.05
              20          -68.35           13.06
              21           -55.4           9.915
              22             9.8           18.26
              23           47.96           8.597
              24          -59.92           12.48
              25          -25.58           11.71
              26           24.48           13.76
              27           61.64           8.896
              28           -41.2            9.32
              29          -17.76           18.33
              30            32.3           11.77
              31           91.51           10.54
              32          -58.43           15.33
              33          -55.58           11.83
              34           -4.47           14.08
              35           51.73           15.75
              36          -89.46            11.2
              37          -57.69           13.22
              38           21.05           15.58
              39           65.58           12.53
              40          -61.36            9.27
              41          -9.296           11.19
              42           25.19            17.1
              43           103.7           13.26
              44          -39.65           13.86
              45           -0.31           9.563
              46           54.84           11.95
              47           96.66           12.52
              48          -82.45            17.9
              49          -34.98           8.816
              50          -1.362            31.3
              51           59.78           10.19
              52          -66.32           12.38
              53           -32.9           10.53
              54          -2.691           17.02
              55           50.93           8.465
              56          -59.82           10.12
              57          -17.98           13.94
              58           20.93           13.14
              59            76.8           9.407
              60          -39.05           8.991
              61          -14.72           22.15
              62            34.9           11.01
              63           90.08           10.93
              64          -78.12           14.17
              65          -36.54           9.091
              66           8.087           26.39
              67           63.81           18.55
              68          -42.02            11.4
              69          -45.31           11.32
              70           14.89           20.48
              71           57.67           13.05
              72          -79.12           8.879
              73          -17.52           10.14
              74           10.52           16.14
              75           80.26           13.78
              76          -34.91           10.31
              77          -5.081            9.95
              78           64.54           14.58
              79           76.78           12.81
              80          -65.83           18.18
              81          -60.78           8.325
              82          -6.375           23.28
              83              63            8.59
              84          -65.88           13.32
              85          -57.51           8.901
              86           24.71           13.56
              87           70.19            8.33
              88          -55.29           9.924
              89          -29.16           14.55
              90           20.26           10.94
              91           65.76           10.58
              92          -45.26           8.531
              93          -15.88           23.75
              94           44.55           9.324
              95           84.26            11.7
              96          -77.19           12.44
              97          -52.89            11.1
              98           29.85            23.3
              99           55.58           16.54
             100          -56.01            10.7
             101          -28.12           12.88
             102            25.8           16.94
             103           64.49           12.91
             104          -65.09           9.449
             105          -21.17           7.925
             106           28.68           15.74
             107           86.14           13.73
             108          -38.22           10.03
             109           11.35           8.808
             110           57.07           17.85
             111           94.53           13.63
             112          -62.55           17.17
             113          -41.88            8.29
             114          -1.263           20.66
             115           61.06           20.89
             116           -69.1           11.62
             117          -16.22           9.758
             118           24.75           12.78
             119           79.63           8.862
             120          -60.87           8.983
             121           2.737           14.48
             122            42.8           10.05
             123           86.83           11.17
             124          -36.84           8.408
             125          0.8389           32.92
             126           49.52           9.501
             127           113.7           12.54
APV               11              11               3              11
               0           61.65           36.99
               1          -22.27           29.93
               2          -20.46           31.27
               3          -106.7           23.23
               4          -103.5           13.85
               5           -29.7           12.48
               6          -4.422           28.51
               7           44.49            15.7
               8          -55.29           9.688
               9           -9.88           14.41
              10           12.02            15.5
              11           39.84           14.68
              12          -47.27           10.65
              13          -22.13           14.82
              14           20.12           16.48
              15           58.48           13.77
              16          -44.92           17.37
              17          -36.34           9.507
              18          -26.13           47.66
              19           30.08           12.22
              20          -48.46            14.9
              21          -8.682           10.79
              22          -12.12           21.75
              23           32.58           9.159
              24          -53.95            11.9
              25          0.8696           12.84
              26          -3.687           16.45
              27           63.15           10.01
              28          -45.26           10.33
              29           -14.5           69.83
              30           24.18           15.72
              31           62.95           10.97
              32          -51.63           16.57
              33          -33.55           12.33
              34           25.93           18.03
              35           58.61           18.73
              36          -37.16           12.25
              37          -18.04           14.83
              38            0.79            18.5
              39           53.13           13.93
              40          -48.28           10.08
              41          -31.99           12.09
              42           2.953            20.2
              43           51.02            15.5
              44           -61.6           16.05
              45          -17.46           10.69
              46           41.41           13.79
              47           82.68           14.06
              48          -58.02           20.27
              49          -5.273           9.565
              50           2.385           36.92
              51            40.9            11.3
              52           -72.2           13.66
              53          -20.12           11.01
              54          -4.275           19.88
              55           63.76           8.981
              56           -50.1           11.19
              57           1.207           15.89
              58           14.49           14.99
              59           42.96            10.2
              60           -35.3           10.13
              61           4.414            24.4
              62           26.73           12.16
              63           55.82           12.33
              64          -67.26           15.65
              65          -12.13           9.782
              66          -4.521            30.8
              67           55.89           21.96
              68          -63.49            12.4
              69          -27.89           12.76
              70          -4.671           24.51
              71           49.28            15.3
              72          -45.37           9.702
              73          -14.51           11.03
              74           15.78           19.76
              75           66.57           14.71
              76          -28.29           11.61
              77          0.5777            11.5
              78           36.41           17.06
              79           91.34           16.34
              80          -51.41           19.96
              81             -24           8.961
              82          -3.408           28.49
              83           33.28           9.122
              84          -39.99            15.2
              85          -11.98           9.692
              86           5.768           15.46
              87           26.09           8.811
              88          -22.33            11.2
              89          -17.12           16.01
              90           2.297           12.52
              91           59.61           11.02
              92           -36.8           9.247
              93           -3.28           26.31
              94           26.03           9.992
              95           81.62           13.96
              96          -61.91           13.49
              97          -11.78           12.45
              98           2.103           27.62
              99           47.41           20.18
             100          -68.13           11.82
             101          -14.98           14.24
             102           18.51           20.07
             103              55           14.52
             104          -35.04           10.64
             105          -9.908           8.472
             106              20           18.72
             107           96.27           16.85
             108          -25.46           11.18
             109          -14.81           9.854
             110           45.94           21.73
             111           91.88           16.04
             112          -68.73              19
             113          -22.81           8.733
             114           4.255           24.22
             115           46.34           9.309
             116          -67.84           12.86
             117          -10.59           10.58
             118           4.267           14.66
             119           29.79           8.958
             120          -43.96           9.769
             121          -8.639           15.74
             122           26.63           11.25
             123           74.44           15.17
             124          -33.99           8.792
             125          -27.51           35.04
             126           17.93           10.31
             127           127.3           14.79
APV               11              11               3              12
               0           55.14           36.97
               1          -54.49           29.67
               2          -33.18           29.02
               3          -93.16           17.78
               4           -81.5           14.37
               5          -61.77            10.8
               6           1.911           19.96
               7           54.01           12.28
               8          -54.74            10.7
               9          -25.06           12.13
              10           43.36           12.33
              11              86           12.12
              12          -53.17           10.26
              13          -22.32           12.75
              14           41.47           12.64
              15           87.35           11.68
              16          -58.74           18.86
              17          -48.43           9.388
              18          -10.47           39.84
              19            32.4           11.89
              20          -78.42           14.85
              21          -30.42           9.136
              22           24.27           31.05
              23           44.47           9.995
              24          -42.72           12.64
              25          -27.36           10.47
              26           29.39           14.47
              27           53.12           14.86
              28          -74.86           10.04
              29          -27.65           16.21
              30           28.48           12.68
              31           81.16           10.97
              32          -53.11            18.3
              33          -29.63           10.86
              34           16.43           12.37
              35           60.04           14.17
              36          -52.03           13.32
              37          -35.85           11.97
              38              31              14
              39           64.08           11.45
              40          -72.27           10.29
              41          -22.13           10.68
              42           36.22           14.87
              43           54.41           12.27
              44           -53.1           12.25
              45          -18.25           9.784
              46           44.22           10.82
              47           88.58           12.14
              48          -70.26           20.99
              49          -20.14           9.036
              50          -1.598            30.6
              51           51.18           11.09
              52          -57.38           14.38
              53          -9.128           9.267
              54            22.4           29.39
              55           67.63           9.827
              56          -52.02           11.74
              57          -27.17           12.11
              58           43.52           13.39
              59            77.7           10.15
              60          -32.84           9.541
              61          -28.06           19.57
              62           37.39           11.69
              63           72.52           11.41
              64          -78.13           15.86
              65          -52.24           8.949
              66            9.01           23.81
              67           54.09           51.96
              68          -80.83           12.09
              69          -10.75           11.37
              70           30.48           18.82
              71           36.14           14.25
              72          -46.54           10.29
              73          -21.33           9.834
              74           39.21            15.7
              75           71.13           13.21
              76          -69.04           9.862
              77           -17.8           9.809
              78           27.29            13.3
              79           61.54           13.09
              80          -49.52           20.67
              81          -41.21           8.908
              82          0.2822           21.71
              83           38.02           10.19
              84          -62.02           15.18
              85          -45.86           8.719
              86           12.77           12.42
              87           51.39           9.014
              88          -51.38           11.46
              89          -38.29           12.95
              90           20.11           11.05
              91           60.56           11.23
              92          -57.27           9.374
              93          -13.09            21.2
              94           28.78           9.854
              95           93.99            12.7
              96          -56.57           15.19
              97          -24.26           10.33
              98           1.992           21.86
              99           47.83           15.42
             100          -52.16           12.66
             101          -28.45           11.76
             102           28.49           16.72
             103           58.19           11.87
             104          -44.73           9.556
             105          -32.73           9.369
             106           31.12           14.84
             107            43.8           13.34
             108          -46.97           9.527
             109           -28.5           9.416
             110           51.77           16.32
             111           97.48           14.04
             112          -64.78           19.48
             113          -32.54           8.494
             114           11.35           19.19
             115           46.15           53.85
             116          -37.59            12.9
             117          -14.14           9.656
             118           24.61           12.47
             119           56.74           9.906
             120          -66.14           10.46
             121          -42.92           12.82
             122           38.88           10.37
             123            76.7           11.88
             124          -33.63           8.993
             125           2.618           27.29
             126           59.12           10.39
             127           116.7           13.63
