#Fri May 30 14:23:36 2025
# Copy file into sbs-onl@sbsvtp#:~/cfg/pedestals for online pedestal subtraction
# format = APV        crate       slot       mpd_id       adc_ch followed by 
# APV channel number      pedestal mean      pedestal rms 
APV               11              11               1               0
               0           88.95           36.87
               1          -31.01           33.03
               2          -54.61           32.04
               3          -139.8           14.11
               4          -69.88           9.571
               5          -39.99           9.623
               6          -13.22           15.29
               7           32.61           10.49
               8          -39.73           7.984
               9          -20.68           10.52
              10          -12.55           10.08
              11           25.22            9.97
              12          -32.33           8.705
              13          -11.64           12.43
              14           13.91           10.22
              15            55.8            9.64
              16          -23.17           9.844
              17          -36.85           7.762
              18          -10.73            22.8
              19           21.49           8.219
              20          -33.13           9.213
              21          -42.59           8.522
              22            -9.8           10.95
              23           24.13           7.728
              24          -40.46           8.249
              25          -22.36           10.47
              26          -9.463           9.294
              27           43.25           8.164
              28           -37.3           7.746
              29          -23.61           15.69
              30          -3.416           8.465
              31           75.16           8.894
              32          -13.28           9.765
              33          -16.47           9.729
              34           5.665           11.52
              35           42.32           10.86
              36          -33.03             8.4
              37           -9.77           10.17
              38           8.336           11.32
              39           53.33           9.967
              40          -32.89           8.426
              41          -10.21           10.73
              42           17.65           11.67
              43           60.29           10.05
              44          -29.81           10.47
              45          -1.032           12.63
              46           17.37           9.109
              47           69.68           10.02
              48          -16.02           11.03
              49          -43.23            7.96
              50          -4.494           17.48
              51           24.87           7.988
              52          -37.71           8.761
              53          -15.43           9.059
              54           1.391           10.47
              55           50.15           7.587
              56          -33.06           7.994
              57          -26.02           12.26
              58          -2.972           9.116
              59           60.16            8.31
              60          -39.84           7.693
              61          -25.53           20.77
              62           2.102           8.139
              63           101.4           9.385
              64          -32.81           9.401
              65          -12.77           7.706
              66           25.95           16.85
              67           28.95           11.89
              68          -43.64           8.372
              69          -5.611           7.943
              70           2.206           13.01
              71           32.26           9.828
              72           -14.4            8.16
              73          -3.235           7.641
              74           12.85            11.3
              75           57.99           9.988
              76          -14.95           8.416
              77          -3.112           7.913
              78           23.88           10.06
              79           96.48           10.64
              80          -42.33           10.98
              81          -39.12           7.545
              82           7.138           13.52
              83           21.59           7.552
              84          -47.78            9.44
              85          -22.76           7.315
              86           9.615           8.823
              87           38.78           7.672
              88           -48.9           8.165
              89           6.199           8.543
              90           22.08           7.986
              91           67.45           8.589
              92          -19.27           7.565
              93          -23.27           11.87
              94           20.42           7.423
              95            97.4           9.916
              96          -5.652           8.749
              97          -26.76           8.116
              98           14.04           14.79
              99           17.37           11.55
             100          -32.26           8.381
             101          -11.47           8.261
             102           12.76           11.55
             103           55.65           9.924
             104          -35.91           8.258
             105          -12.93           8.413
             106           4.362           11.24
             107           63.86            10.3
             108           4.405           8.171
             109           18.88           8.349
             110           45.88           11.52
             111           121.2           10.99
             112           -20.5           10.74
             113           -23.3            7.37
             114          -4.399           12.13
             115           8.439           7.551
             116          -30.99           8.919
             117           -21.2           7.123
             118           22.42           8.432
             119           54.57           7.662
             120          -34.44           7.803
             121          -9.206           8.568
             122           17.59           7.636
             123           57.85           8.894
             124           -30.9           7.443
             125          -2.577            15.8
             126            41.9           8.033
             127             126           10.68
APV               11              11               1               1
               0           79.74           37.54
               1          -47.53           33.49
               2          -37.53           31.77
               3            -139           12.43
               4           -77.7           9.981
               5           -48.9           8.325
               6          -23.27           11.44
               7           33.03           9.445
               8          -50.79           8.382
               9          -23.15           8.596
              10           8.202           8.722
              11            47.7           9.421
              12          -54.45           8.953
              13          -26.22           8.966
              14           22.92           8.692
              15           72.96           9.824
              16          -6.995           17.77
              17          -34.82           7.935
              18          -20.03           16.76
              19           6.389           8.399
              20          -35.29           9.496
              21          -43.39             7.9
              22          -6.757           9.782
              23           46.63           8.151
              24          -48.23           8.478
              25           -19.6           8.278
              26           22.77           8.852
              27           66.78           8.529
              28           -45.4           7.952
              29          -24.93           9.953
              30           21.27           8.489
              31            63.4           9.241
              32          -4.697           10.79
              33          -17.92           8.297
              34           -18.6           8.713
              35           22.16           9.041
              36          -28.66           9.117
              37          -19.32           8.295
              38           5.028           8.849
              39            45.6           9.419
              40          -33.79           8.758
              41          -36.58           8.342
              42           21.33           9.616
              43           68.88           9.686
              44          -49.56           8.818
              45          0.3129           9.049
              46           16.92           8.311
              47           75.84           10.39
              48          -14.59           17.08
              49           -24.2           7.915
              50           5.243           13.57
              51           15.22           8.151
              52           -35.6           9.148
              53             -32           7.888
              54           10.19           9.364
              55           39.83           8.114
              56           -49.9           8.319
              57          -15.01           8.669
              58           3.043           8.835
              59           71.84           8.703
              60          -32.31           7.707
              61          -31.17            11.4
              62           23.23           8.111
              63           76.36           9.928
              64          -21.21           15.53
              65          -16.16           7.589
              66           9.062           12.31
              67           45.58           9.929
              68          -25.93           9.295
              69          -17.78            7.38
              70           24.59           10.71
              71           61.72            9.35
              72          -34.37           8.671
              73           4.319           7.442
              74           8.655           9.464
              75           68.58            9.73
              76          -22.26           7.936
              77          -40.15           7.879
              78           38.23           8.919
              79           86.41           10.76
              80          -31.14           12.53
              81           -21.2           7.918
              82          -5.362           10.67
              83           37.75           7.779
              84          -43.76           9.878
              85          -12.01           7.529
              86           1.731           7.915
              87           25.41           7.969
              88          -63.49           8.527
              89          -17.91           7.925
              90          -4.341           7.622
              91           68.95           8.949
              92          -27.46           7.897
              93          -11.64           9.677
              94           23.04           7.462
              95           111.3           10.44
              96          -4.244           11.84
              97          -26.97           7.561
              98           12.01           11.64
              99           35.85           10.03
             100          -56.54           9.254
             101           -15.7            7.67
             102           19.16           9.843
             103           45.29             9.2
             104          -43.39           8.533
             105          -3.852           8.701
             106           30.78           9.471
             107            72.8           10.03
             108          -20.96            7.73
             109           11.92           8.648
             110           40.92           9.666
             111           116.4           11.19
             112           -1.41            11.1
             113          -21.64            7.67
             114           6.921           9.842
             115           30.37           7.722
             116          -51.12            9.16
             117          -22.66           7.195
             118          -13.51           7.718
             119           51.52           8.042
             120          -33.28           8.268
             121          -10.02           7.952
             122           30.54           7.668
             123            71.4           9.071
             124          -26.53           7.686
             125          -35.76            11.7
             126           41.11           8.112
             127           138.3            11.3
APV               11              11               1               2
               0           120.1           36.17
               1          -25.48           32.37
               2          -51.51           31.81
               3          -159.7            14.4
               4          -47.39            9.73
               5          -31.99           9.058
               6           -10.4           15.34
               7            10.4           10.34
               8          -20.86           8.222
               9          -12.62           9.613
              10          -7.661           10.16
              11           18.22           9.823
              12          -10.71           9.023
              13           -25.7           9.808
              14           1.541           10.24
              15           35.09           9.706
              16           25.37           10.04
              17          -24.08           7.898
              18           1.893           22.62
              19           2.797           8.622
              20          -17.76           9.183
              21          -17.14           8.145
              22          -3.906           11.41
              23           -11.2           7.878
              24          -18.93           8.268
              25          -15.28           8.795
              26          -1.448           9.752
              27           31.87           8.127
              28          -20.28            7.84
              29          -11.82           11.28
              30          -14.26           8.823
              31           49.23           8.742
              32           22.98           10.06
              33           5.109           9.524
              34            -3.2           11.24
              35           3.639           11.01
              36          -1.753           8.607
              37          -9.092            9.54
              38          -15.68           10.91
              39            9.26            9.84
              40          -6.925           8.543
              41           5.723           8.787
              42           4.825           11.59
              43            23.7           9.894
              44          -27.49           10.33
              45          -1.568           9.276
              46          -17.51           9.134
              47           37.94           10.04
              48              13           10.76
              49          -19.82           7.898
              50           -3.52            17.4
              51           3.748           8.236
              52           -15.6           8.877
              53           -34.8           8.139
              54          -3.223           10.84
              55           7.158           7.771
              56          -9.539             8.1
              57          -28.67           9.635
              58           11.95           9.509
              59           36.82           8.233
              60          -9.136           7.777
              61          -12.09           13.09
              62           7.963           8.438
              63            37.8           9.095
              64           15.73           9.598
              65          -14.75           7.927
              66           11.28           17.81
              67          0.6731           11.97
              68          -10.64           8.743
              69           8.391           8.196
              70          -8.497            13.8
              71           6.241           10.08
              72           -1.96            8.43
              73            6.49           7.909
              74           11.54            11.4
              75           25.08           9.989
              76          -19.56            8.49
              77          -4.571           8.119
              78          -1.613           10.28
              79           62.35           10.83
              80           11.56           10.78
              81          -2.998            7.77
              82           9.912           13.64
              83          -15.49           7.616
              84         -0.2094           9.587
              85          -15.32           7.497
              86           10.87           9.033
              87           19.05           7.787
              88          -21.46            8.13
              89          -15.99           8.891
              90          -8.635           8.205
              91           44.31            8.77
              92           14.31           7.698
              93          -1.647           11.87
              94           3.028           7.738
              95           75.06           10.03
              96          -1.135           8.892
              97           -25.8           8.351
              98           10.48            15.8
              99           -6.66           11.45
             100          0.7367           8.576
             101          -12.53           8.574
             102         -0.5559           12.02
             103           12.59           10.02
             104          -17.71            8.59
             105          -11.47            8.16
             106           3.396           10.91
             107           41.09           10.17
             108          -9.876           8.295
             109            18.7           8.038
             110          -5.757           11.72
             111           87.14            11.2
             112          0.1477           10.45
             113           -8.88            7.59
             114          -6.656            12.4
             115          -8.308           7.642
             116          -9.208           8.613
             117          0.2623            7.46
             118           8.359           8.747
             119           22.45           7.804
             120           -15.8           7.768
             121           4.373           8.816
             122          0.3337           7.918
             123           42.39           9.044
             124          -5.924           7.485
             125          -9.155           15.47
             126          -2.926           8.051
             127           108.1           10.94
APV               11              11               1               3
               0           1.358           34.05
               1          -36.98           29.52
               2          -18.11           29.65
               3          -107.4           14.61
               4          -140.4           9.723
               5          -15.46            8.83
               6          -4.244           15.26
               7           41.53            10.9
               8             -86           8.154
               9          -22.97           9.006
              10           19.88           10.35
              11           59.42           10.61
              12          -59.81           9.041
              13           -15.6           9.172
              14           26.89           10.71
              15           72.45           10.35
              16          -103.5           10.03
              17          -34.08           7.954
              18           7.201           23.21
              19           21.03           8.208
              20            -108           9.458
              21          -22.45           8.116
              22           15.96           11.35
              23           51.33           7.761
              24          -77.03           8.616
              25          -26.39           8.546
              26           7.645           9.354
              27           53.78           8.313
              28          -49.23           7.929
              29           -12.8           11.24
              30           37.66           8.393
              31            65.4            9.15
              32          -104.7           10.06
              33          -17.21           9.334
              34           2.863           11.73
              35           50.34           11.57
              36          -97.38           8.677
              37          -31.72           9.122
              38           18.77           11.17
              39           42.13           10.16
              40          -73.32           8.426
              41          0.6931           8.414
              42            23.6           11.74
              43           73.36           10.88
              44          -52.55           10.12
              45            3.75           8.665
              46           30.19            9.67
              47              68           10.89
              48          -115.3           11.16
              49          -29.65           7.902
              50          -12.14            17.4
              51           28.62           7.758
              52          -112.3           9.007
              53          -27.94           8.213
              54           4.083           10.76
              55           68.03           7.731
              56          -52.72           8.325
              57          -8.397           9.255
              58           19.42           9.013
              59           72.53           8.631
              60          -29.28           7.831
              61          -17.54           13.21
              62            19.6           7.942
              63           70.22           9.754
              64          -105.5            9.67
              65          -19.36           7.802
              66           30.53           17.46
              67           34.81            12.8
              68          -86.64           8.773
              69          -22.62           7.809
              70           25.41           13.97
              71           54.15           10.76
              72          -72.77           8.244
              73          -7.757           7.626
              74           42.93           11.86
              75           60.41           10.76
              76          -27.37           8.398
              77           2.326            7.66
              78           30.92           10.71
              79           82.08           10.98
              80          -110.1           11.14
              81          -7.573           8.023
              82           13.52           13.68
              83           33.33           7.549
              84           -97.5           9.692
              85          -23.89           7.454
              86           16.41           8.685
              87           74.79           8.006
              88          -74.77           8.349
              89          -6.121           8.595
              90           35.73           7.966
              91           52.01           8.895
              92          -21.09           7.853
              93         -0.5962            12.4
              94           48.39           7.526
              95           98.15           10.17
              96          -125.5           8.895
              97          -16.99           8.108
              98           26.13           15.48
              99           36.84           12.73
             100           -87.4            8.51
             101          -29.03           8.232
             102         -0.4255           12.03
             103           55.13           10.58
             104          -51.21           8.514
             105           8.933            8.45
             106           42.38           11.54
             107           59.21           11.07
             108          -46.52           8.066
             109           21.81           8.326
             110            36.5           12.34
             111           108.4           11.54
             112          -110.6           11.01
             113          -27.02           7.617
             114          -10.15           12.03
             115           44.09           7.553
             116          -64.75           8.994
             117          -23.48           7.299
             118           26.65           8.412
             119           62.78            7.97
             120          -42.31           7.955
             121          -4.994           8.704
             122           35.18           7.744
             123           49.69           9.356
             124          -17.82           7.601
             125           12.64            16.5
             126           43.96           7.844
             127           136.9           11.45
APV               11              11               1               4
               0           64.48           30.47
               1          -56.97           24.85
               2          -31.14           24.48
               3          -41.46           15.48
               4          -134.5            10.1
               5          -78.04             8.5
               6           10.59           15.83
               7           90.74           11.03
               8           -91.2           8.364
               9          -69.25           9.206
              10           30.43           10.61
              11           101.8           10.58
              12          -85.54           9.105
              13          -33.83           9.373
              14           51.56           10.55
              15           101.9           10.36
              16          -77.33           10.23
              17          -56.13           7.956
              18          -32.91           20.79
              19           62.34            8.68
              20          -86.54             9.6
              21          -62.41           8.151
              22           9.344            11.1
              23           93.97           7.918
              24          -88.58           8.617
              25          -59.97            8.49
              26           31.22           9.346
              27           102.5            8.55
              28          -64.48           7.924
              29          -30.81           10.98
              30           51.64           8.625
              31           119.1            9.21
              32          -76.77           10.34
              33          -59.86           8.795
              34           -8.89           11.15
              35           65.66            11.4
              36           -83.3           9.007
              37          -51.08           9.005
              38           23.66           11.37
              39           100.1           10.37
              40          -71.93           8.651
              41          -45.22           8.347
              42           43.46           11.99
              43           100.5           10.68
              44          -49.26           9.728
              45          -6.226           9.393
              46           48.75           9.491
              47           129.7           10.85
              48           -84.4           11.16
              49          -59.36           8.063
              50          -6.495           16.48
              51           77.83           8.192
              52          -93.02           9.184
              53          -55.45           8.224
              54           2.172           10.52
              55           94.62           7.819
              56          -74.36           8.322
              57          -37.32           9.333
              58           43.38           9.227
              59           90.51           8.508
              60          -72.37           7.723
              61          -18.85           14.11
              62            62.2            8.35
              63           130.9           9.823
              64          -80.73           9.892
              65          -37.49           7.635
              66          -5.452           17.64
              67           68.78           14.22
              68          -79.59           9.103
              69          -50.81           7.749
              70            46.3           14.06
              71           97.71           10.96
              72          -53.86            8.48
              73          -16.79            7.58
              74           60.92           13.54
              75           112.7           10.84
              76          -47.63           7.986
              77          -10.32           8.304
              78           62.04            10.6
              79           134.2           11.44
              80          -72.17           11.35
              81           -31.2           7.893
              82          -4.063           12.88
              83           77.58           35.48
              84          -55.93           9.704
              85          -30.66           7.754
              86           19.99           9.066
              87           92.18           8.191
              88          -67.01           8.506
              89          -19.98           8.698
              90           45.21           7.909
              91           113.5           8.985
              92          -60.25           7.801
              93          -3.551           12.01
              94           61.11           7.558
              95           154.5           10.46
              96          -76.81           9.375
              97          -53.31           7.919
              98           17.39           15.88
              99           78.14           13.74
             100          -77.58           8.959
             101          -40.46           8.264
             102            44.6           11.79
             103           98.91           10.52
             104          -81.69            8.54
             105          -16.74           8.619
             106           43.71           11.57
             107           126.2            11.1
             108          -47.15           7.788
             109           6.704           8.948
             110           56.75           12.24
             111           149.6            11.9
             112          -100.1           10.96
             113           -52.2           7.617
             114           16.44           11.72
             115           65.97           7.839
             116          -80.61           9.105
             117          -29.89           7.496
             118           21.01           9.709
             119           94.18           7.929
             120          -67.61           8.079
             121          -25.62           8.624
             122           25.29           7.632
             123           109.2           9.422
             124          -47.96           7.545
             125           -23.1           16.32
             126           70.82           7.969
             127           144.8           11.43
APV               11              11               1               5
               0           159.4           30.61
               1          -16.62            23.7
               2          -15.57           21.88
               3          -84.35           19.37
               4          -100.8           10.56
               5          -35.39           8.975
               6          0.1133           15.03
               7           22.41           10.55
               8           -23.9           7.934
               9          -21.48           8.831
              10           7.519           9.573
              11           25.72           9.749
              12          -58.58           8.664
              13          -11.61           8.927
              14           5.066           9.334
              15           32.18            9.83
              16          -52.93           9.755
              17          -24.84            7.84
              18          -12.67           21.68
              19           14.71           8.959
              20          -40.43           9.189
              21          -17.46           7.894
              22           2.595           11.62
              23           37.74           7.757
              24          -46.93           8.358
              25          -5.863           8.307
              26            18.4           9.464
              27           28.82           8.015
              28          -26.58           7.628
              29          -1.928           10.82
              30           2.087           8.731
              31           52.18           8.813
              32          -44.79           9.782
              33          -16.64           9.091
              34           2.399           10.29
              35           37.41           10.61
              36          -22.08           8.831
              37           -14.1           8.928
              38           18.82           10.77
              39           31.77           9.687
              40          -36.12           8.229
              41           6.066           8.193
              42           14.65            10.8
              43           41.93            9.86
              44          -11.38           9.733
              45           16.32           8.253
              46           18.43           8.664
              47           44.69           10.13
              48          -39.22           10.83
              49          -22.35           7.696
              50         -0.8637           16.93
              51           18.71           8.325
              52           -49.2           8.923
              53          -13.89           7.978
              54          -14.48           10.82
              55           29.68           7.618
              56          -21.73           8.155
              57          -16.85           8.957
              58          -8.754           9.304
              59           38.87           8.122
              60           -19.5           7.548
              61          -16.43           12.65
              62           2.576           8.367
              63           52.83           9.258
              64          -42.71           9.365
              65          -11.44           7.817
              66           1.965           16.62
              67           20.05           12.23
              68          -25.36           8.948
              69           2.643           7.677
              70           16.71           13.16
              71            45.8           10.22
              72          -25.54           8.091
              73          -3.557            7.53
              74           15.93           10.88
              75           46.78           10.14
              76          -23.49           8.247
              77           10.22           7.457
              78            33.6           9.677
              79           79.23           10.54
              80          -28.86           10.79
              81          -16.74           7.642
              82          0.1337           13.13
              83           43.29           7.661
              84          -29.74           9.404
              85           -10.6           7.248
              86           10.13           8.983
              87           29.72            7.49
              88          -24.67           8.097
              89          -23.81           8.414
              90           27.31           8.043
              91           43.63           8.428
              92          -19.07           7.444
              93          -2.073           11.93
              94           5.788           7.771
              95           92.45           9.704
              96          -40.26           8.783
              97          -13.67           8.117
              98         -0.3642           14.62
              99            11.7           11.91
             100          -34.87           8.612
             101          -4.909           8.019
             102           8.675           11.33
             103           33.42           9.779
             104          -28.24           8.236
             105          -2.923           7.876
             106           3.384           10.48
             107           47.97           10.24
             108          -26.49           7.902
             109            2.42            7.72
             110           28.84           11.24
             111           71.87           10.81
             112          -25.66           10.62
             113          -3.619           7.404
             114          -12.15           11.57
             115           19.84           7.539
             116          -34.85           8.652
             117          -28.88           7.252
             118           6.091            8.62
             119           38.81           7.558
             120          -39.13           7.709
             121          0.9578           8.563
             122           15.64            7.82
             123            39.9           8.741
             124          -26.11           7.203
             125            7.88           15.62
             126           16.45           8.005
             127           118.6           10.38
APV               11              11               1               6
               0           97.75           30.26
               1          -8.853           24.29
               2          -12.42           22.52
               3          -84.41           15.53
               4          -120.4           33.11
               5          -51.11           10.28
               6           2.496            14.7
               7           43.28           10.69
               8          -66.37           8.399
               9          -11.54           8.942
              10           26.16           10.38
              11           49.82           10.39
              12          -53.33           9.132
              13          -6.837           9.167
              14           55.76           10.24
              15           32.48           10.27
              16          -58.29           10.46
              17          -30.32           8.141
              18           4.658            23.4
              19           34.36           8.891
              20          -76.06           9.605
              21          -34.97           8.186
              22           32.45           11.86
              23            37.6            7.96
              24          -52.11           8.779
              25          -27.14            8.62
              26           9.652           9.648
              27           63.83           8.383
              28          -39.62           8.102
              29          -14.28            11.2
              30           45.49           8.855
              31           71.36           9.083
              32          -51.82           10.47
              33          -23.02           9.409
              34           9.894           10.81
              35           42.65            10.9
              36          -76.33           8.964
              37           -20.9           9.232
              38           11.39           10.98
              39           57.57           10.21
              40          -44.63           8.752
              41          -14.76           8.543
              42           34.24           11.73
              43           59.81           10.65
              44          -35.01           10.19
              45          -3.021            8.85
              46            49.4           9.322
              47           73.61           10.84
              48          -58.92           12.37
              49          -37.39           8.033
              50         -0.3221           18.28
              51           26.33           8.406
              52          -82.67            9.32
              53           -30.4           8.282
              54           23.45           11.06
              55           62.49           7.842
              56          -51.54           8.489
              57          -27.04           9.225
              58           11.45           9.563
              59           74.75           8.531
              60          -29.06           7.885
              61          0.1776           13.25
              62           47.13           8.513
              63           80.86           9.799
              64           -58.2           9.696
              65          -42.59            8.17
              66           8.141           16.49
              67           41.91           12.43
              68          -71.47           8.928
              69          -33.63           8.026
              70           37.65           13.61
              71           42.45           10.75
              72          -51.71           8.516
              73          -16.78            7.92
              74           27.01           11.62
              75           39.21           10.37
              76           -38.5           8.748
              77          -29.34           7.994
              78           19.28           10.16
              79            84.6           11.47
              80          -55.81            11.2
              81          -26.41           8.116
              82          -5.263           13.77
              83           40.24           7.798
              84           -56.9           9.807
              85          -31.21           7.708
              86           16.14           9.197
              87           42.66             7.8
              88          -39.75           8.665
              89           -26.1           8.739
              90           20.25           8.115
              91           35.99           8.554
              92          -54.34           7.798
              93           -15.3           12.28
              94           37.74           7.819
              95           91.84           10.45
              96          -76.12           9.093
              97          -30.03           8.395
              98           35.07           15.36
              99           48.79           12.38
             100             -61           8.881
             101          -22.47           8.426
             102           42.79           11.69
             103           66.66           10.73
             104          -50.12           8.694
             105          -9.428           9.126
             106           14.42           11.25
             107           72.47            10.8
             108          -51.29           8.425
             109          -23.79           8.638
             110           60.61           11.81
             111           108.5           11.88
             112          -61.68           11.09
             113          -48.51            7.81
             114           7.526           12.26
             115           39.54           7.757
             116          -58.23           9.178
             117          -23.16           7.479
             118           48.06           8.703
             119           63.05           7.886
             120          -45.75           8.044
             121          -16.08           8.702
             122           56.01           7.959
             123           56.78           8.952
             124          -38.52           7.713
             125          -12.21           15.84
             126              50           8.168
             127           112.1           11.48
APV               11              11               1               7
               0           116.9           30.03
               1          -27.11           24.54
               2          -33.32           23.06
               3          -43.08           17.92
               4          -103.8           9.876
               5          -75.12           8.662
               6           4.899           15.17
               7           67.95           11.21
               8          -47.68           7.824
               9          -33.61           8.924
              10           19.07            10.2
              11           92.23           10.35
              12          -74.38           8.644
              13          -44.06           9.174
              14           25.48           10.17
              15           134.5           10.58
              16          -28.54           9.508
              17          -51.86           7.545
              18          -7.584           22.34
              19           49.57           8.939
              20          -59.41           8.979
              21           -58.4           7.996
              22          -11.05           11.31
              23           60.67           7.795
              24          -54.48           8.094
              25          -39.75           8.298
              26           13.16           9.503
              27           90.36           8.272
              28          -52.32           7.499
              29          -25.38           10.86
              30           33.18           8.706
              31           120.5            9.25
              32          -34.69           9.571
              33          -61.61           8.915
              34          -1.986           10.71
              35           49.69           11.01
              36          -69.24           8.418
              37          -66.23           8.892
              38           4.311           10.64
              39           66.75           10.31
              40          -67.56           8.177
              41          -38.96           8.298
              42           20.69           11.65
              43           86.67           10.45
              44          -69.98           9.738
              45           2.597           9.033
              46           45.53           9.438
              47           167.5           11.04
              48          -35.54           10.37
              49          -41.47           7.737
              50          -5.928           17.08
              51           53.91           8.373
              52          -55.94           8.607
              53             -55           8.007
              54           17.54           10.93
              55           85.04           7.735
              56          -65.83           7.819
              57          -39.27           9.167
              58           20.56            9.42
              59             123            8.41
              60          -45.42           7.411
              61          -41.77           12.95
              62           28.81           8.339
              63           166.2           9.932
              64          -30.88           9.121
              65          -43.46           7.534
              66           7.181           16.89
              67           63.63           12.64
              68          -59.49            8.54
              69          -27.72           7.763
              70           33.37           13.57
              71           80.63           10.83
              72          -62.51            8.07
              73          -18.87           7.436
              74           21.44           11.56
              75           131.8           10.59
              76          -32.68            8.13
              77          -37.67            7.83
              78           50.43           10.17
              79             185           11.47
              80          -23.16           10.44
              81          -44.62           7.524
              82          -15.79           12.91
              83           77.35           7.689
              84           -56.6           9.169
              85           -44.6           7.386
              86         -0.5524           8.811
              87           86.77           7.759
              88          -47.48           7.864
              89          -26.45           8.621
              90           47.66           8.009
              91           147.7           8.772
              92          -57.68           7.281
              93          -23.68           11.84
              94           52.62           7.621
              95           159.1           10.37
              96          -26.32            8.56
              97          -39.52           7.989
              98           14.99           14.98
              99           73.12           12.25
             100          -62.42           8.314
             101          -20.86            8.22
             102           32.65           11.81
             103             107           10.79
             104          -75.41           8.341
             105          -15.42            8.08
             106              44           11.32
             107           134.1           10.72
             108          -45.31           7.761
             109            23.5           8.257
             110           56.43           11.82
             111           177.7           11.72
             112          -55.37           10.05
             113           -40.1           7.524
             114          -9.053           11.88
             115           44.85           7.651
             116          -71.14           8.362
             117          -45.77           7.319
             118          -7.881           8.621
             119           89.94           7.795
             120          -58.12           7.624
             121          -8.562           8.471
             122            54.7            7.76
             123           125.9           8.948
             124          -58.51           7.083
             125          -10.61           15.36
             126           51.39           7.977
             127           193.7           11.27
APV               11              11               1               8
               0           150.8           33.36
               1          -30.87           28.86
               2           -40.8           27.27
               3          -98.18           15.39
               4          -72.92           9.537
               5          -59.58           8.569
               6          -18.15           14.83
               7           38.73           10.26
               8           -49.1           7.911
               9          -31.06            9.05
              10           24.28           9.788
              11           56.24           9.687
              12          -29.62           8.536
              13          -18.74           9.179
              14           46.64           9.966
              15           79.12           9.917
              16           10.13           9.578
              17          -25.94           7.645
              18          -23.67           20.33
              19           35.84           8.731
              20          -44.55           8.617
              21          -25.36           7.907
              22          -10.96              11
              23            45.9           7.848
              24          -57.92           7.897
              25          -32.86           8.255
              26           6.272           9.357
              27            56.7           8.086
              28          -37.49           7.499
              29           -42.8           10.47
              30           30.81           8.682
              31           84.67           8.998
              32           17.98           9.722
              33          -29.61            8.65
              34          -16.37           10.45
              35            35.6           10.83
              36          -44.71           8.366
              37          -39.72           8.861
              38          -10.54           10.47
              39           55.33            9.78
              40          -50.08           8.084
              41          -6.639           8.305
              42           19.12           11.19
              43           81.64            9.94
              44          -49.89           9.378
              45          -35.85           10.54
              46           36.03           9.008
              47           93.83           10.31
              48           -15.5           10.07
              49          -25.48           7.792
              50          -17.96           16.68
              51           37.49           8.348
              52          -26.23            8.45
              53          -21.69           7.891
              54          -12.17           10.46
              55           43.22           7.744
              56          -55.87           7.666
              57           -36.1           8.935
              58           27.91           9.224
              59           72.84           8.255
              60          -23.81           7.344
              61           -21.7           12.65
              62           28.56           8.281
              63           95.84           9.598
              64          -6.135           8.958
              65           -29.6           7.413
              66           -8.61           16.67
              67           45.87           12.18
              68          -36.58           8.313
              69          -1.763           7.684
              70          -5.502           13.23
              71           53.43            10.1
              72          -37.55               8
              73          -15.38            7.65
              74           31.22           11.29
              75           78.32           10.18
              76          -29.34           7.861
              77          -20.47           7.947
              78           32.77           10.17
              79           115.3           10.84
              80           -32.9           10.06
              81          -24.54           7.598
              82          -26.99           12.58
              83           44.07           7.578
              84          -42.84           8.818
              85          -31.79           7.311
              86          -14.85           8.593
              87           58.06           7.647
              88           -42.7           7.771
              89          -15.36           8.571
              90           9.028            7.91
              91            66.4           8.475
              92          -40.91           7.243
              93          -23.21           11.13
              94           38.97            7.52
              95           107.2           9.961
              96          -9.658           8.592
              97          -27.61           7.831
              98           4.648           14.98
              99           47.22           11.67
             100          -43.25           8.252
             101          -35.18           8.118
             102            16.3            11.7
             103           65.32           9.932
             104          -32.96           8.173
             105          -32.77           7.932
             106           47.27           11.04
             107           76.16           10.31
             108          -25.74           7.736
             109           -38.5            8.13
             110           42.78           11.74
             111           129.7           11.32
             112          -20.79            9.86
             113          -3.661           7.427
             114          -24.18            11.5
             115           44.07            7.61
             116          -35.78           8.392
             117          -36.91           7.262
             118           8.092           8.338
             119           63.13           7.707
             120          -44.55           7.436
             121          -21.73           8.396
             122           40.39           7.694
             123           51.49            8.75
             124          -14.82           7.208
             125          -22.32           14.36
             126           23.49           7.933
             127           158.7           10.98
APV               11              11               1               9
               0           103.1           33.28
               1          -52.28           28.63
               2          -5.993           27.13
               3          -112.9           15.56
               4          -107.5           9.359
               5          -64.76           8.065
               6           4.221            13.7
               7           31.97           10.32
               8          -79.34            7.43
               9          -30.03           8.174
              10           25.87           9.373
              11           68.14           9.362
              12          -70.55           8.131
              13          -16.21           8.367
              14           36.03           9.415
              15           100.5           9.517
              16           -36.7           8.999
              17          -67.68           7.086
              18          -2.794           20.64
              19           16.81           8.202
              20          -53.48           8.517
              21          -39.81           7.288
              22           2.445           10.28
              23            44.9           7.367
              24          -68.39           7.566
              25          -33.45           7.648
              26           21.95           8.637
              27           77.98           7.763
              28           -50.4           7.028
              29           1.172           9.829
              30           10.08           7.988
              31           92.73           8.557
              32          -30.88             9.1
              33          -54.72           8.305
              34           13.38           9.816
              35           34.02           10.07
              36          -59.34           8.049
              37          -36.98           8.032
              38           22.06           10.12
              39            69.4           9.767
              40          -68.37           7.661
              41           -21.2           7.741
              42           14.44           10.45
              43           69.31           9.545
              44          -66.76           8.916
              45          -3.627           8.176
              46           49.06           8.524
              47           106.8           9.892
              48          -37.93           9.752
              49          -44.47           7.108
              50            14.6            15.8
              51            48.8           7.785
              52          -63.05           8.141
              53          -61.05           7.333
              54           14.29           9.776
              55           78.36           7.303
              56          -72.73           7.283
              57          -18.07           8.267
              58           23.78           8.691
              59           61.71            7.68
              60          -36.47           6.859
              61          -13.89           11.47
              62           32.03            7.69
              63           111.6           9.072
              64          -41.64           8.662
              65          -57.09           6.989
              66           31.12           15.29
              67           54.02           11.64
              68          -60.93           8.127
              69          -31.18           7.118
              70           26.18           12.27
              71           52.58           9.688
              72          -58.27            7.63
              73          -20.76            6.91
              74           22.08           10.35
              75           65.17           9.631
              76          -24.98           7.571
              77            16.4           7.316
              78           40.56           9.494
              79           106.5           10.19
              80          -33.84           9.955
              81          -61.93            7.08
              82          -10.58           11.96
              83           24.04           7.096
              84          -48.36           8.564
              85          -33.18           6.816
              86           8.794            8.08
              87           57.35           7.159
              88          -52.06           7.395
              89          -10.88           7.904
              90           8.176           7.369
              91            92.7           8.148
              92          -29.23           6.889
              93          -4.973           10.65
              94           41.24           7.121
              95             134           9.653
              96          -61.75           8.069
              97          -42.03           7.246
              98           31.06           13.87
              99           34.39           11.16
             100          -65.27            7.86
             101          -49.31           7.452
             102           29.35           10.85
             103           82.56           9.572
             104          -43.13           7.927
             105          -7.586           7.475
             106           59.74           10.38
             107           94.28           9.898
             108          -57.03           7.346
             109          -10.92           7.536
             110            42.2           10.89
             111           151.8           10.89
             112          -45.89           9.584
             113          -42.66           6.939
             114           32.47            11.1
             115           52.34           7.055
             116          -59.01           7.983
             117          -11.86           6.851
             118           45.56           7.801
             119            83.4           7.367
             120          -68.28           7.092
             121          -10.58           7.901
             122           47.42           7.375
             123           100.2           8.557
             124           -52.7           6.726
             125           3.041           13.96
             126           36.33           7.575
             127           163.7           10.61
APV               11              11               1              10
               0           163.7           33.37
               1          -15.43           27.74
               2          -29.01           26.43
               3          -92.68           14.96
               4          -60.79            9.74
               5          -46.52           9.099
               6          -12.13           15.08
               7           27.02            10.8
               8          -42.88           8.235
               9          -28.67            9.52
              10          -6.642           10.73
              11           44.61           10.27
              12          -16.61           9.141
              13          -15.47           9.832
              14           11.21           10.24
              15           40.31           10.25
              16          -8.055            9.85
              17          -10.02           7.674
              18          -38.12           22.95
              19           20.77           8.933
              20          -18.73           9.216
              21          -32.69           8.059
              22             -12           12.12
              23           36.58           8.187
              24          -6.674           8.516
              25          -10.37           8.664
              26           8.776           9.882
              27           36.79           8.319
              28          -8.845           7.822
              29          -43.56           11.19
              30          -14.18           9.176
              31           55.49           9.267
              32          -18.55           9.815
              33          -28.81           9.545
              34          -8.744           11.07
              35           24.08           10.96
              36          -26.14           8.551
              37           -35.4           9.401
              38           2.071           11.19
              39           44.15           10.23
              40          -29.56           8.618
              41           -19.6           8.739
              42          -6.489           12.12
              43           51.24            10.4
              44           -2.56           10.49
              45          -12.84           9.113
              46           6.366           9.291
              47           58.68           10.51
              48          -5.636           10.89
              49          -12.91           7.792
              50          -34.56           18.63
              51           16.99           8.505
              52          -27.63           8.957
              53          -22.49           8.099
              54          -18.59           11.63
              55            29.8           7.954
              56          -26.13           8.177
              57          -27.58           9.485
              58          -16.51           9.857
              59            38.7           8.424
              60          -12.93           7.626
              61         -0.1975           13.43
              62           21.39           8.721
              63            51.2           9.682
              64          -6.673           9.353
              65          -39.83           8.024
              66           1.109           17.88
              67            24.7           12.69
              68          -36.56           8.552
              69          -20.91           8.268
              70           15.44           14.09
              71           51.47           10.61
              72           6.458           8.579
              73          -16.38           7.954
              74           14.28           11.67
              75           50.98           10.48
              76          -1.457           8.725
              77          -24.17           8.218
              78           30.53           10.62
              79           73.06           10.91
              80          -27.94           10.81
              81          -27.55           7.694
              82          -8.909           13.81
              83           44.93            8.02
              84          -23.23           9.576
              85             -21           7.463
              86          -8.235           9.258
              87           32.18           7.881
              88          -21.63           8.394
              89          -28.83           9.079
              90           17.43           8.268
              91           58.18           8.919
              92           2.103           7.625
              93          -21.92           12.98
              94           36.59           7.835
              95           74.67           10.16
              96          -23.98           8.782
              97           -19.2           8.584
              98           3.047           15.58
              99            40.8           12.61
             100          -2.685           8.634
             101          -17.19           8.728
             102           12.44           12.32
             103           41.66           10.29
             104          -20.48           8.862
             105          -18.85           8.188
             106           15.85           11.37
             107            48.8            10.6
             108           -25.8           8.371
             109          -9.741           8.249
             110           45.83           12.26
             111           72.04           11.38
             112          -24.71           10.57
             113          -27.91           7.561
             114          -3.595           12.62
             115            46.8           7.949
             116          -22.98            8.76
             117          -36.38           7.502
             118           -7.94           9.005
             119           46.34           8.032
             120           1.366           8.084
             121          -31.14            9.13
             122           15.34           8.152
             123           64.84           9.339
             124          -12.39           7.447
             125          -14.92           16.97
             126           26.71           8.334
             127           103.3           11.15
APV               11              11               1              11
               0           87.86           31.96
               1          -26.99           26.44
               2          -27.79           26.04
               3          -89.92           14.61
               4           -92.8           9.875
               5          -49.98           8.224
               6           1.326           14.66
               7           52.11           10.67
               8          -48.69            8.09
               9          -8.022           8.552
              10           32.02           10.33
              11           60.95           10.22
              12           -59.1           8.642
              13          -15.02           8.556
              14           12.65           9.969
              15           94.92           10.23
              16           -31.8           9.768
              17          -18.88           7.978
              18          -23.65           21.51
              19            35.6           8.688
              20           -50.7           9.195
              21          -33.65           7.694
              22           20.63           11.23
              23           74.45           7.873
              24           -35.4           8.485
              25           -18.9           7.844
              26           40.73           9.362
              27           86.33           8.224
              28          -32.95           7.873
              29          -11.21           9.417
              30           47.42           8.683
              31           97.27           8.988
              32          -42.89           9.866
              33          -28.28           8.596
              34           14.03           10.89
              35           53.41            10.8
              36          -45.33           8.649
              37          -32.05           8.268
              38           43.52           10.85
              39           60.68           10.02
              40          -38.21           8.463
              41          -30.29           7.974
              42           23.51            11.5
              43           77.29            10.4
              44           -40.9           8.913
              45          -22.06           8.708
              46           30.47           9.466
              47           101.9           10.35
              48          -29.87           10.78
              49          -25.47           7.965
              50          -2.927           16.86
              51           50.93           8.211
              52          -56.41           8.758
              53          -35.14           7.616
              54           28.32           10.78
              55           79.43           7.676
              56          -23.74           8.252
              57          -12.01           8.332
              58           41.23           9.209
              59           70.33            8.34
              60          -28.62           7.632
              61          -10.52           10.95
              62           29.18           8.276
              63           96.61           9.503
              64          -37.87           9.567
              65          -31.21           8.128
              66          -9.447           16.28
              67           12.83           11.86
              68          -57.65            8.41
              69          -23.09           8.123
              70           14.79           13.01
              71           56.24           10.36
              72          -53.59           7.988
              73          -21.48           7.742
              74           6.906           11.08
              75           75.13           10.49
              76          -31.47           8.413
              77           -24.1           8.135
              78              30           9.951
              79            96.6           10.92
              80          -51.92           10.73
              81          -39.54           7.535
              82           5.312           12.96
              83           14.75           7.394
              84          -41.54           8.848
              85          -27.45           7.371
              86           11.38           8.874
              87           57.99           7.637
              88          -27.66           7.795
              89          -15.39           8.731
              90              11           7.894
              91           61.77           8.596
              92          -31.84           7.396
              93          -1.579           11.86
              94           10.12           7.456
              95           87.92           9.773
              96          -45.71            9.05
              97          -34.39           8.383
              98          -4.434           14.41
              99           32.83            11.7
             100          -51.26           8.119
             101          -11.62             8.6
             102          -3.305           11.28
             103           59.03           8.742
             104          -40.98           8.461
             105          -11.72           8.034
             106           13.91           10.64
             107           66.08           10.44
             108          -19.89           8.137
             109          -9.636           8.315
             110           18.58           11.07
             111           104.5           11.21
             112          -44.47           10.62
             113          -21.74           7.535
             114            15.6           11.73
             115           17.53           7.313
             116          -57.94           8.188
             117          -40.78           7.331
             118           7.057           8.498
             119           71.29           10.97
             120          -45.98           7.591
             121          -40.49           8.673
             122           11.19           7.739
             123           96.57           8.994
             124          -24.17           7.181
             125          -24.18            15.4
             126            12.6           8.141
             127           121.6           10.88
APV               11              11               2               0
               0           60.13           33.55
               1             -77           29.97
               2          -55.01           29.37
               3           -90.3           13.94
               4          -49.38           8.817
               5          -66.64           8.229
               6          -23.25           14.94
               7           52.47           10.77
               8          -57.49           7.649
               9           -65.8           8.842
              10            13.9           10.11
              11           55.33           10.37
              12          -39.82           8.546
              13          -62.43           9.036
              14           22.54           10.19
              15            98.3           10.44
              16          -20.49            8.24
              17          -59.41           7.197
              18          -31.58           17.03
              19           34.54           8.006
              20          -34.63           7.882
              21          -56.97           7.487
              22          -10.21           9.452
              23           57.61            7.95
              24          -26.15           7.465
              25          -60.73           7.962
              26           1.214           8.332
              27           72.07           8.667
              28          -30.49           7.168
              29          -63.12           9.648
              30           23.55           7.933
              31           101.9           9.402
              32          -12.53           8.396
              33          -35.89           8.297
              34          -18.83           10.88
              35           47.54           10.96
              36          -43.36           7.718
              37          -62.88           8.465
              38           9.706              11
              39           41.58           10.19
              40          -29.76            7.89
              41          -46.29           8.121
              42           29.57           11.46
              43           67.83           10.62
              44          -57.83           9.199
              45             -70           9.041
              46           35.81           9.369
              47           102.3           11.03
              48          -33.76           8.676
              49          -41.67           7.401
              50          -43.34           13.68
              51           53.89            7.91
              52          -42.32           7.658
              53          -47.49           7.672
              54          -9.229           8.781
              55           37.07           7.813
              56          -38.05           7.264
              57           -77.3           8.587
              58           10.75           8.414
              59           78.69           8.763
              60          -37.46           7.095
              61          -62.31           12.12
              62            23.4            7.71
              63           130.2           10.44
              64          -3.778            8.11
              65          -23.78            7.03
              66            23.6           14.72
              67           34.16           10.26
              68          -21.69           7.699
              69          -41.84           7.427
              70            17.7            11.4
              71           68.27           9.232
              72          -25.52           7.719
              73          -22.19           7.224
              74           43.41           9.948
              75           98.31           9.398
              76          -11.81           7.602
              77          -19.06           8.098
              78           49.35           8.889
              79             122            12.1
              80          -17.92           8.593
              81           -19.4           6.892
              82          -2.828           11.67
              83           56.48           7.664
              84          -6.262           8.155
              85          -20.93           6.966
              86           11.26           8.496
              87            54.3           7.508
              88          -29.38           7.172
              89          -24.04           8.233
              90           40.49           7.897
              91           79.48            8.47
              92           2.467           6.893
              93          -19.32            10.5
              94           44.52           7.555
              95           140.4           10.97
              96          -24.59            7.87
              97          -19.02           7.439
              98          -7.699           12.76
              99           51.77           10.22
             100          -27.91           7.604
             101          -44.25           7.892
             102           37.01           10.14
             103           62.02           9.106
             104           -22.8           8.077
             105          -17.42           8.015
             106            44.5            9.55
             107             104           9.736
             108          -20.29           7.402
             109          -34.19           8.258
             110           51.64           10.07
             111           128.5           12.05
             112          -19.27           8.542
             113          -28.07           6.843
             114           8.616            10.9
             115           65.19           7.655
             116          -9.035           7.628
             117          -28.93           6.943
             118          -5.664             8.3
             119           63.28           7.535
             120          -30.62           7.101
             121          -31.32           7.941
             122            52.1           7.711
             123           90.53           8.869
             124          -18.69           6.858
             125          -23.44           13.37
             126           31.35           8.048
             127           143.2           11.97
APV               11              11               2               1
               0           87.62           38.18
               1          -39.63           33.22
               2          -28.59           32.07
               3          -141.2           12.71
               4          -50.38           9.568
               5          -64.03            8.27
               6          -12.72           13.38
               7           -8.94           9.086
               8          -46.04           7.985
               9          -46.28             8.7
              10           14.53           9.285
              11           33.94           9.468
              12          -35.14           8.689
              13          -24.92           8.831
              14           9.104            9.03
              15           64.83           9.443
              16          -10.13           9.384
              17          -55.42            7.42
              18          -13.71           20.23
              19           9.198           8.217
              20          -31.76           8.588
              21          -37.69           7.512
              22           -5.68           10.14
              23           21.91           7.592
              24          -40.24           8.013
              25             -23           7.975
              26            23.3           8.844
              27           32.43           7.912
              28          -30.34           7.435
              29           -9.35           9.739
              30           1.647            8.19
              31           57.96           8.703
              32          -1.146           9.557
              33          -53.96           8.402
              34          -14.48           9.844
              35           27.71           9.564
              36          -22.32           8.416
              37          -43.27           8.415
              38           10.85           9.824
              39           40.76           8.936
              40          -18.36           8.399
              41          -24.11           8.178
              42           24.81           10.26
              43           54.27           9.643
              44          -42.86           9.149
              45          -14.83           8.799
              46           29.24           8.456
              47           90.06           9.944
              48          -10.97           9.963
              49          -40.56           7.427
              50          -2.184           15.38
              51          -13.54           7.829
              52          -47.04            8.32
              53          -44.01           7.557
              54           12.99           9.654
              55           54.65           7.576
              56          -66.39           7.636
              57          -2.844           8.578
              58           26.16           8.697
              59           26.17           8.024
              60           -23.3           7.383
              61          -41.69           11.11
              62           7.977           7.984
              63           90.43           9.321
              64           9.302           9.186
              65           -23.3           7.284
              66            24.3           14.53
              67           27.22           10.69
              68          -14.94           8.454
              69          -26.04           7.326
              70           7.523           11.97
              71           40.77           9.399
              72          -17.51           8.212
              73          -2.973           7.437
              74           42.64           10.01
              75           70.08           9.503
              76          -14.54           7.874
              77          -20.23           7.676
              78            32.9            8.94
              79           71.45           10.11
              80          -32.59           9.891
              81          -30.59           7.391
              82           36.08           11.86
              83           31.05           7.427
              84          -34.63           8.699
              85          -16.77           7.127
              86           24.18           8.317
              87           44.24           7.614
              88          -13.27           7.886
              89          -21.69           8.063
              90           23.64           7.659
              91           66.82           8.373
              92           -15.1           7.251
              93          -16.11           10.27
              94           49.63           7.371
              95           66.78           9.494
              96          -31.76            8.69
              97          -37.23           7.508
              98           2.577           13.14
              99            28.8           10.34
             100          -31.52           8.242
             101          -40.87           7.911
             102           22.76           10.67
             103           57.42           9.221
             104          -29.37           8.355
             105          -2.306           8.165
             106           45.85           9.684
             107           64.13           9.632
             108          -30.26            7.74
             109          -6.998           8.207
             110           39.72           10.25
             111           98.08           10.45
             112           -31.2           9.753
             113          -27.91           7.242
             114           21.21           10.84
             115           25.49            7.31
             116          -24.36           8.254
             117           -10.7           7.029
             118           6.145           7.903
             119           25.23           7.477
             120          -21.23           7.646
             121          -24.33           7.884
             122           42.93           7.444
             123              26           8.478
             124          -6.182           7.314
             125           2.043           12.86
             126           17.32           7.638
             127           110.3           10.34
APV               11              11               2               2
               0           63.41              35
               1          -26.97           29.78
               2          -32.17           28.32
               3          -88.19           13.61
               4          -102.8           9.699
               5          -55.39           8.504
               6          -7.389           13.66
               7           68.54           10.36
               8          -58.32           8.284
               9          -48.92           8.989
              10           28.09           9.613
              11           47.27           9.595
              12          -55.51            8.91
              13          -27.02           9.151
              14           29.82           9.674
              15           52.38           9.605
              16          -51.31           9.659
              17          -53.92           7.788
              18          -12.46           18.93
              19           36.77           8.444
              20          -48.32           9.019
              21          -34.66            7.89
              22         -0.2171           10.43
              23           76.75           7.984
              24          -49.67           8.136
              25          -38.84           8.336
              26           34.08            9.13
              27           75.15           8.202
              28          -45.01            7.72
              29           -26.3           10.19
              30           27.76           8.416
              31           65.54           8.778
              32          -31.83           9.881
              33          -48.54           8.741
              34          -4.809           9.838
              35           57.11           10.49
              36          -62.51           8.585
              37          -39.11           8.678
              38           18.69           10.06
              39           68.47           9.845
              40          -56.54           8.537
              41          -38.16           8.513
              42           26.48           10.77
              43           65.71           9.674
              44          -55.11           9.361
              45          -21.48           9.335
              46           48.23           8.973
              47           85.97           10.16
              48          -43.25           10.39
              49          -51.25            7.79
              50           -5.64           15.11
              51           39.47           8.069
              52          -83.92           8.581
              53          -57.23           7.854
              54           7.723           9.923
              55           59.87           7.883
              56          -42.72           7.991
              57          -33.49           8.778
              58           22.93           8.964
              59           50.79             8.2
              60          -67.49           7.635
              61          -16.68           11.62
              62           28.67           8.125
              63           97.34           9.444
              64           -42.6           9.294
              65          -28.14           7.584
              66            29.6           15.26
              67           71.37           11.38
              68          -60.73           8.712
              69          -35.11           7.708
              70           24.27           12.14
              71              52           10.01
              72          -48.53           8.449
              73          -13.23           7.758
              74            38.3           10.85
              75           66.01           10.09
              76          -33.27           8.116
              77           8.389           8.324
              78           51.64           9.541
              79           84.91           10.45
              80           -51.7           10.26
              81          -46.72           7.696
              82           14.08           11.93
              83           52.19           7.735
              84          -49.51           9.172
              85           4.633            7.58
              86           21.53           8.486
              87           58.18           7.736
              88          -32.96           8.251
              89          -23.12           8.449
              90           27.22           7.892
              91           61.84           8.703
              92          -47.14           7.597
              93          -11.19           11.05
              94           27.11           7.594
              95           104.4           9.729
              96          -76.17           8.918
              97          -60.87           7.881
              98           14.75           13.88
              99           54.42           11.29
             100          -51.07           8.585
             101          -25.07           8.236
             102           31.84           10.81
             103            53.5           9.718
             104          -42.78           8.578
             105          -18.82           8.915
             106           54.35           10.64
             107           83.97           10.34
             108          -20.49           7.829
             109          -14.77           8.805
             110           42.75            10.8
             111           107.2           10.94
             112          -46.96           10.06
             113          -35.07           7.637
             114           7.969           10.83
             115           43.64           7.544
             116          -44.69           8.649
             117          -39.96           7.413
             118            42.6           8.204
             119           73.76           7.914
             120          -41.97           7.871
             121          -5.798           8.539
             122           44.36           7.726
             123           69.02           8.949
             124          -45.48           7.407
             125            18.7           13.85
             126           17.15           7.807
             127           149.6           10.84
APV               11              11               2               3
               0           78.38           32.11
               1          -18.22           27.28
               2          -13.59           25.25
               3          -89.97           12.48
               4          -87.83             9.8
               5          -43.85           8.831
               6            18.6           11.97
               7           56.76           9.682
               8          -61.97           8.445
               9          -18.98           9.024
              10           21.78           9.043
              11           23.79           9.388
              12          -26.54           9.341
              13          -8.748           9.128
              14           36.28           9.072
              15           31.88           9.627
              16          -39.26           10.35
              17          -31.49           8.059
              18          -4.718           19.11
              19           37.61           8.608
              20          -66.88           9.471
              21          -34.15           7.941
              22           9.109            10.2
              23           40.77            8.12
              24          -64.72           8.754
              25          -36.33           8.283
              26           12.17           9.009
              27           32.11           8.286
              28           -48.4           8.099
              29            -6.7           10.07
              30           28.35           8.558
              31           33.11           8.953
              32          -69.69           10.07
              33          -31.84           9.212
              34         0.05653           10.96
              35           38.92           9.096
              36          -71.76           8.881
              37          -34.49           8.836
              38           19.82           9.547
              39           38.68           9.344
              40          -34.22           8.826
              41          -13.14           8.549
              42           48.93            9.93
              43           38.08           9.454
              44          -45.23           9.696
              45           7.594            10.2
              46           69.62           8.813
              47           60.43            10.1
              48          -72.98           10.92
              49          -35.43           8.011
              50           17.61           14.57
              51           36.11            8.28
              52          -58.61           9.158
              53          -42.15           7.955
              54           16.08           9.789
              55           34.28           7.927
              56          -58.75            8.44
              57          -22.48           8.661
              58           13.13           9.003
              59           32.01           8.377
              60          -41.59           7.897
              61          -38.56           11.28
              62           32.59           8.252
              63           55.36           9.543
              64          -41.73           9.694
              65           -23.7           8.101
              66            17.3              12
              67           18.56           9.883
              68          -52.99            9.04
              69          -12.12           7.997
              70           43.16           11.05
              71           31.63           9.353
              72           -32.3            8.69
              73          -10.09           7.781
              74           37.08           9.623
              75           47.35           9.481
              76          -35.98           8.672
              77           -13.5           9.028
              78           45.35           8.949
              79           62.92           10.38
              80          -46.69           10.99
              81          -46.42           8.132
              82            27.6           11.65
              83           20.35           7.869
              84          -61.85            9.64
              85          -32.64             7.8
              86           7.057           8.384
              87           26.65           7.989
              88          -31.47           8.604
              89          -1.001             8.3
              90           37.95           8.017
              91           38.37           8.582
              92          -9.717           8.051
              93          -20.85           10.86
              94           43.83            7.86
              95           60.71           9.785
              96          -43.39           9.391
              97          -22.72             8.3
              98           29.72           11.37
              99           6.127           10.17
             100          -41.44           8.879
             101          -9.985           8.289
             102           37.16           9.993
             103           23.71           9.275
             104           -28.5           8.805
             105          -9.318           10.05
             106           27.71           9.443
             107           47.56           9.708
             108           -35.1           8.405
             109          -12.19           9.985
             110           53.95           9.684
             111           76.53           10.72
             112          -53.01           10.84
             113          -7.074           8.034
             114           23.96           10.69
             115           34.79           7.835
             116          -48.92           9.059
             117          -23.58           7.618
             118              42            8.31
             119           47.36           7.949
             120          -41.62            8.29
             121          -23.61           8.415
             122           25.99           7.836
             123           29.02           8.718
             124          -24.58           7.879
             125            4.68           13.39
             126           52.69           8.301
             127             103           10.61
APV               11              11               2               4
               0           131.9           29.64
               1          -29.09           24.14
               2          -36.08           21.89
               3          -69.91           14.77
               4          -85.96           9.754
               5          -52.06           8.966
               6          -16.01            14.1
               7           43.74           10.59
               8          -55.67           8.336
               9          -35.84           9.176
              10            38.5           9.794
              11           64.72           10.14
              12           -36.6           9.277
              13          -49.88           9.246
              14           34.97           9.851
              15           84.01           10.12
              16          -21.55           9.423
              17          -56.36           7.813
              18           -34.2           19.44
              19           27.77           8.726
              20          -40.61           9.008
              21          -46.72           8.054
              22           1.622           10.53
              23           51.13           8.174
              24          -56.42           8.281
              25           -44.8           8.412
              26           16.88           9.152
              27           68.75            8.65
              28          -13.71           7.887
              29          -47.72           10.11
              30           19.04           8.654
              31           56.26           9.063
              32          -21.26           9.398
              33          -65.09           9.224
              34           4.885           10.49
              35           32.85           10.45
              36          -53.06           8.614
              37          -45.56           9.888
              38           13.53           10.38
              39           62.03           10.03
              40          -33.87           8.526
              41          -36.57           8.589
              42           23.64           10.86
              43           64.89           10.19
              44          -40.27           9.811
              45           -21.5            9.04
              46           40.69           9.042
              47           86.12           10.63
              48          -30.37           9.937
              49          -47.58           7.833
              50          -2.207           14.84
              51           46.85           8.278
              52           -61.2           8.519
              53          -45.79           8.913
              54           6.826           10.05
              55            49.6            7.99
              56          -61.73           8.031
              57          -47.15           9.032
              58           16.71           9.033
              59            49.1           8.506
              60          -43.09           7.587
              61          -41.98           11.56
              62           27.92           8.345
              63           94.37           9.846
              64          -33.15           9.131
              65          -46.86           7.985
              66            29.5           15.09
              67           55.06           11.39
              68          -35.42           8.567
              69          -15.16           7.935
              70           7.673           12.08
              71           53.74           10.12
              72          -24.36           8.515
              73          -24.12           7.835
              74           43.51           10.62
              75           66.28           10.09
              76          -39.45           8.525
              77         -0.1316           8.014
              78            32.9            9.59
              79           86.48           10.78
              80          -30.89           9.941
              81          -38.23           7.864
              82           2.247           11.85
              83           69.18           7.943
              84          -30.62           9.019
              85          -43.43           7.551
              86           10.93           8.548
              87           56.42           7.898
              88          -31.77           8.099
              89          -19.94           8.467
              90           38.43            8.05
              91           71.09            8.81
              92          -30.47           7.677
              93          -2.305           10.82
              94           40.39           7.931
              95           89.36           10.13
              96          -38.04           8.772
              97          -55.09           8.339
              98           14.32           13.71
              99           63.68           11.35
             100          -44.36           8.468
             101          -38.49           8.271
             102           15.89           10.67
             103           78.78           9.984
             104          -20.69           8.713
             105          -33.86           8.291
             106            46.1           10.28
             107           67.93           10.26
             108          -32.46           8.379
             109          -19.51           8.371
             110           31.88            10.9
             111           114.1           11.28
             112          -55.63           9.663
             113          -46.33           7.724
             114           14.32           10.71
             115           49.78           7.794
             116          -61.63           8.399
             117          -24.11           7.582
             118           24.41            8.45
             119           71.54           8.018
             120           -27.7           7.884
             121          -17.31           8.454
             122           50.17           7.931
             123           90.88           9.188
             124          -25.42           7.557
             125           1.447           13.46
             126              38           8.159
             127           133.7            11.1
APV               11              11               2               5
               0           202.1            38.3
               1          -2.076           23.78
               2          -42.07            20.6
               3          -82.27           18.63
               4          -84.79           10.03
               5          -33.96            8.67
               6          -33.83           13.77
               7           46.78           10.74
               8           -13.7           8.005
               9           1.392           8.943
              10           4.495           9.854
              11           29.39           9.841
              12          -27.51           8.555
              13          -28.16           9.097
              14           11.92           9.491
              15            38.6           9.774
              16          -12.52           9.185
              17          -11.86           7.742
              18          -23.89           16.04
              19           16.66           8.241
              20          -23.34           8.345
              21          -29.86           7.813
              22          -12.41           9.497
              23           42.08           7.818
              24           -2.46           8.036
              25          -12.72           8.022
              26          -11.52           8.451
              27           36.75           8.211
              28          -42.19           7.349
              29          -26.81           9.504
              30           13.11           8.101
              31           62.17           8.992
              32           7.704           8.955
              33          -17.88           8.601
              34          -1.237           9.866
              35           45.26           10.58
              36          -13.22           8.264
              37           3.446           8.559
              38           2.154           10.24
              39           39.93           10.15
              40           -16.8           8.164
              41          -28.21           8.533
              42           10.83           10.78
              43           44.99           10.04
              44          -25.76           8.794
              45          -24.83           9.315
              46           9.337           8.855
              47           55.93            10.4
              48          -29.71           9.074
              49          -18.26           7.762
              50          -30.73           12.74
              51           14.23           7.848
              52          -18.35           8.178
              53          -10.05           7.886
              54          -9.689           9.016
              55           45.81           7.725
              56          -30.75            7.73
              57           -18.3           8.485
              58         -0.2638           8.292
              59           29.85           8.261
              60          -14.76            7.41
              61          -2.847           10.83
              62           22.07           7.828
              63           70.61           9.519
              64          -26.22           10.13
              65          -2.557            7.64
              66           14.64           14.81
              67           40.29            11.7
              68          -31.69           9.033
              69          -16.01           7.561
              70            10.5           12.07
              71           47.95           10.28
              72          -26.36            8.11
              73          -21.58           7.521
              74           8.069           10.41
              75            32.8           9.739
              76          -16.32           7.709
              77          -47.33           7.894
              78           -0.84           9.341
              79            57.3           10.63
              80           -19.8           24.14
              81           -27.3           7.488
              82          -18.42           10.85
              83           43.65           7.684
              84          -19.92           8.884
              85          -10.98           7.565
              86          -3.696           7.885
              87           26.58           7.667
              88          -23.81           7.841
              89          -28.15           8.013
              90           17.31           7.533
              91           46.72           8.449
              92          -18.46           7.271
              93          -24.24           9.812
              94           16.74           7.376
              95           75.44           9.936
              96          -22.91           25.27
              97           -29.7           8.498
              98          -1.095           12.75
              99           44.25           11.32
             100          -50.95           8.284
             101           -12.9           7.737
             102           11.33           10.93
             103           49.65           9.931
             104          -17.97           8.292
             105          -15.43           8.246
             106           28.99           10.15
             107           57.11           10.06
             108          -20.06            7.48
             109          -15.34           8.476
             110           12.82            10.7
             111           68.47           11.22
             112           3.524           24.74
             113          -18.65           7.476
             114          -4.886           10.13
             115           39.24           7.661
             116          -29.47            8.25
             117          -3.718            7.37
             118           9.989            7.67
             119           54.82           7.773
             120          -31.69           7.595
             121          -14.39           7.953
             122           3.523           7.337
             123           45.07           8.816
             124          -15.29           7.156
             125          -17.06           12.11
             126           20.76           7.701
             127           101.7           10.97
APV               11              11               2               6
               0           105.6           29.09
               1           -20.7           23.21
               2          -13.34            21.1
               3          -84.57           14.36
               4          -91.06           9.558
               5          -58.33            8.68
               6           10.16           13.06
               7           38.79            10.2
               8          -53.72           7.888
               9           -20.6           8.689
              10           20.63            9.58
              11           43.23           9.629
              12          -42.82           8.964
              13          -6.054           9.041
              14           31.04            9.36
              15           69.62           9.838
              16          -54.05           9.119
              17          -40.06           7.685
              18            -1.7           26.93
              19           13.29           8.117
              20          -37.24           8.855
              21          -29.21           7.979
              22            7.42           9.448
              23           42.52           7.569
              24          -55.55           7.951
              25           -24.4            8.27
              26           20.45           8.304
              27           56.08           8.189
              28          -50.04           7.536
              29          -18.44           9.909
              30           6.592           7.845
              31           74.11           8.998
              32          -39.42           9.125
              33          -6.706           8.979
              34            16.4           10.01
              35           31.87           9.815
              36          -48.49           8.254
              37          -36.56           8.693
              38           2.179           9.777
              39           29.56           9.502
              40          -62.68           8.259
              41          -3.579           8.505
              42            13.5           10.48
              43           45.15            9.79
              44          -50.42           9.366
              45          -13.91           8.711
              46           32.67           8.766
              47           76.49           10.23
              48          -39.02           9.722
              49          -30.34            7.74
              50           8.995           13.59
              51           27.92           7.606
              52          -52.79           8.287
              53           -20.4           7.817
              54           2.762           9.251
              55           61.06            7.64
              56          -40.41           7.803
              57          -2.519           8.872
              58           10.73           8.322
              59            42.8           8.225
              60          -38.16           7.371
              61           -13.8           11.59
              62           32.54           7.512
              63           89.63            9.58
              64          -57.05            8.64
              65          -29.34           7.667
              66              35            13.6
              67            33.5           10.71
              68          -45.26           8.446
              69          -26.57           7.485
              70           21.99            11.5
              71           36.99           9.548
              72          -53.56           8.194
              73           -4.77           7.383
              74           10.45           9.792
              75           75.49           9.816
              76          -50.59           8.083
              77            6.17           7.622
              78           37.89            8.87
              79           97.43           10.56
              80             -54           9.733
              81          -12.95           7.497
              82           13.46           10.96
              83           36.73           7.376
              84          -41.16           8.865
              85          -24.18           7.247
              86         -0.3164           8.024
              87           53.81           7.657
              88          -49.99            7.91
              89          -3.955           8.094
              90           21.06           7.499
              91           68.89           8.533
              92           -32.8           7.372
              93           2.289           10.44
              94            24.1           7.362
              95           79.05           9.898
              96          -75.97           8.459
              97          -45.57           7.794
              98           26.22            12.3
              99           20.49           10.63
             100          -55.43           8.266
             101          -17.41           7.878
             102           45.46           10.36
             103           45.46           9.445
             104           -45.3           8.444
             105          -4.303           7.903
             106           9.419           9.759
             107           60.34           9.975
             108          -37.91           7.886
             109          -10.81           7.868
             110           43.22            10.1
             111           94.84           10.93
             112          -42.15           9.496
             113           -18.7           7.393
             114           24.76           10.01
             115           13.62           7.284
             116           -71.1           8.329
             117          -16.74           7.358
             118           26.19           7.736
             119           57.04           7.629
             120          -29.89           7.727
             121          -3.628           7.976
             122           20.42           7.301
             123           84.25           8.872
             124          -28.56           7.243
             125          -3.221           13.04
             126           24.31           7.459
             127           106.4            10.9
APV               11              11               2               7
               0           134.6           28.93
               1          -33.61           21.74
               2          -29.29           20.34
               3          -65.78           16.26
               4          -92.91           9.413
               5          -62.28           8.429
               6         -0.4747           13.42
               7           58.29           10.18
               8          -64.99            7.68
               9          -44.73           8.688
              10           30.16           9.657
              11           65.88           9.647
              12          -41.31           8.472
              13          -5.467           9.033
              14           43.77           9.341
              15           80.42           9.808
              16          -33.71           8.772
              17          -62.93           7.277
              18          -25.87           16.52
              19           44.96           7.819
              20          -86.03           7.997
              21          -35.73           7.597
              22          -4.419           9.636
              23           44.95           7.307
              24          -51.11           7.516
              25          -22.62           8.136
              26           9.168           8.276
              27            75.3           7.944
              28          -44.75           7.159
              29          -21.44           10.07
              30           31.26           7.703
              31           74.53           8.762
              32          -42.79           8.845
              33          -55.56           8.329
              34         -0.2961           9.922
              35           40.91           10.09
              36          -59.95           7.972
              37           -20.2           8.508
              38           39.29           9.891
              39            57.4           9.569
              40          -62.14           7.922
              41          -21.54           8.284
              42           35.44           10.75
              43           86.46           9.817
              44          -56.97           8.853
              45          -13.78            9.08
              46           31.39           8.601
              47           98.34            10.1
              48          -37.22           9.103
              49          -27.83           7.297
              50          -6.331           13.38
              51           52.11           7.582
              52          -64.13           7.758
              53          -46.17           7.719
              54          -17.08           9.065
              55           46.04           7.381
              56          -59.71           7.331
              57          -26.23           8.695
              58           25.93           8.035
              59           72.43           8.037
              60          -60.49           6.953
              61          -9.267           11.36
              62           42.41           7.496
              63           127.2           9.302
              64          -26.32           8.571
              65          -35.22           7.135
              66           4.568           13.56
              67           56.47           10.69
              68          -40.65            8.12
              69          -23.53           7.128
              70           21.22           11.28
              71           65.29           9.518
              72          -36.07            7.88
              73           -15.7           7.148
              74           33.78           9.842
              75           93.31           9.772
              76          -59.59           7.349
              77           -6.37           7.427
              78              33           8.875
              79           102.3           10.29
              80          -47.15           9.202
              81          -14.75           7.352
              82           16.16           10.92
              83            60.2           7.007
              84          -57.96           8.281
              85          -36.49           7.044
              86           9.847           7.957
              87           64.36            7.32
              88          -63.09           7.335
              89           -15.2           7.951
              90           22.59           7.302
              91           75.66           8.242
              92          -52.82           6.943
              93          -20.91           10.23
              94           36.78           7.002
              95             101           9.571
              96          -41.16           8.304
              97          -35.77           7.396
              98           31.39           12.75
              99            57.4            10.7
             100          -55.64           7.924
             101          -12.97           7.527
             102           18.84           10.13
             103           63.21           9.562
             104          -55.68           7.905
             105          -24.24           7.966
             106           30.04           9.498
             107           77.95           9.851
             108          -54.49           7.252
             109           -5.57           8.046
             110           50.93           10.05
             111           141.7            10.8
             112          -49.58           8.949
             113          -36.74           7.143
             114          -8.964            9.91
             115            45.8           7.125
             116          -39.21           7.882
             117          -19.68           6.976
             118           34.34           7.739
             119           51.09             7.3
             120          -62.58           7.094
             121           -13.9           7.867
             122           34.51           7.092
             123           86.33           8.572
             124          -47.14           6.853
             125          -27.63           12.69
             126           31.66           6.999
             127           171.4           10.47
APV               11              11               2               8
               0           82.52           31.55
               1          -25.97           26.93
               2          -5.756           25.75
               3          -89.75           14.66
               4          -102.4            9.26
               5          -44.28           8.835
               6           7.806           14.57
               7           29.74            10.5
               8          -49.16           8.023
               9          -17.22           9.281
              10           28.72            10.3
              11            46.6           9.954
              12          -53.44           8.807
              13          -1.304            9.74
              14           14.37            9.92
              15           59.44             9.9
              16          -51.51           9.168
              17          -35.56           7.798
              18           6.955           17.76
              19           26.29           7.894
              20          -86.07           8.601
              21          -35.89           8.058
              22           2.646           9.693
              23           18.13           7.417
              24          -76.62           7.949
              25          -9.153           8.558
              26           19.26           8.374
              27            36.8           8.042
              28          -68.05           7.489
              29          -7.091           10.72
              30           31.62           7.793
              31           39.32           8.777
              32          -49.04           9.244
              33          -37.44           9.199
              34            3.11           10.83
              35           41.45           10.79
              36          -77.53           8.341
              37          -36.64            9.19
              38           8.368           10.82
              39           22.07           9.806
              40           -56.6           8.301
              41          -13.52           8.704
              42           43.72           11.67
              43           35.18           9.946
              44          -37.33           9.805
              45          -32.27           8.948
              46           21.32           9.225
              47           65.22           10.13
              48          -68.16           9.915
              49          -26.97           7.817
              50           6.976           14.09
              51           38.71           7.573
              52          -51.86            8.42
              53          -38.13           8.038
              54           10.96           9.268
              55           27.99           7.443
              56           -55.1            7.78
              57          -27.31           9.295
              58           8.909           8.184
              59           68.26           8.144
              60          -60.67           7.387
              61          -8.944            12.8
              62           30.88           7.472
              63           51.05           9.266
              64          -52.32             8.9
              65          -28.03           7.561
              66           40.83           15.67
              67           36.98           11.65
              68          -53.93             8.3
              69           2.541           7.603
              70           32.13           12.46
              71           29.42           10.01
              72          -58.07           8.089
              73          -7.644           7.362
              74           26.21           10.68
              75           70.11           10.18
              76          -28.82             8.1
              77          -15.95            7.71
              78           50.86           9.857
              79           67.72           10.38
              80          -55.43            10.1
              81           -11.8           7.682
              82           2.394           11.58
              83           39.22           7.369
              84          -59.23           8.823
              85          -22.31           7.412
              86           13.22           8.163
              87           34.62           7.421
              88          -40.05           7.896
              89          -22.94           8.411
              90           35.43           7.449
              91           43.19           8.505
              92          -11.64           7.441
              93           12.39           11.05
              94           42.22           7.166
              95           75.45            9.81
              96          -71.55           8.494
              97          -13.09           7.829
              98           27.82           13.78
              99           19.18           11.43
             100          -35.76           8.391
             101          -19.38           7.955
             102           15.26           10.91
             103           47.59           9.864
             104          -27.83           8.339
             105          0.9193           7.931
             106           55.91           10.58
             107           65.34           10.35
             108          -17.57           7.793
             109            6.66           7.861
             110           32.38           10.82
             111           85.43           10.93
             112          -71.04           9.683
             113          -41.38           7.477
             114            4.49            10.6
             115           39.64           7.286
             116          -79.63           8.242
             117           1.486           7.377
             118           39.52           7.941
             119           53.02           7.579
             120          -43.57           7.639
             121            5.85           8.377
             122           10.32           7.163
             123           45.53           8.874
             124          -28.58           7.194
             125           9.655           14.38
             126           36.76           7.484
             127           103.9           10.75
APV               11              11               2               9
               0           117.8           31.65
               1          -28.71           26.81
               2          -50.37           25.21
               3          -77.63           15.51
               4          -76.34           9.096
               5          -52.57            8.78
               6          -21.02            13.9
               7           51.58           10.45
               8          -47.79           7.517
               9          -51.76           9.143
              10            14.5           9.662
              11           92.95           10.04
              12           -31.5           8.394
              13          -30.39           9.525
              14           12.11            9.39
              15           105.8           10.11
              16          -16.88           8.796
              17          -52.09           7.215
              18          -23.28           19.26
              19           39.43           8.068
              20          -40.96           8.238
              21          -48.23           7.532
              22          -12.91           9.952
              23           50.45           7.494
              24          -48.73           7.571
              25          -43.45            8.12
              26          -5.342           8.385
              27           80.96           8.253
              28          -32.82           7.113
              29          -8.298           10.43
              30           14.61           7.923
              31           102.7           9.007
              32          -13.95           8.791
              33          -30.31            8.99
              34          -22.66           10.01
              35           36.23            10.6
              36          -34.76           7.874
              37          -21.57           9.033
              38           14.65           10.46
              39           79.13           9.723
              40          -31.94            7.76
              41           -31.6           8.612
              42         0.05387           10.57
              43           95.79            10.1
              44           -42.7           9.674
              45          -26.99           8.912
              46            34.5           8.761
              47           97.31           10.18
              48          -53.03           9.636
              49          -21.14           7.376
              50          -27.14           14.75
              51           47.54           7.825
              52          -42.54           7.993
              53          -19.92           7.622
              54           19.79           9.513
              55           75.75           7.482
              56          -28.08            7.48
              57          -42.37           8.805
              58          0.4521           8.432
              59           92.24           8.263
              60          -38.17           6.991
              61          -35.09           12.01
              62           22.65           7.692
              63           101.5           9.454
              64           -28.6           8.373
              65          -33.74           7.415
              66           9.602           15.01
              67            42.9           11.45
              68          -30.87           8.027
              69          -17.65            7.45
              70           11.19           12.06
              71           55.43           9.973
              72           -19.5           7.667
              73          -6.427           7.342
              74           10.55            10.2
              75           69.57            9.91
              76           -22.6           7.917
              77          -30.57            7.44
              78           29.99           9.467
              79           119.2           10.46
              80          -28.85           9.678
              81          -20.32            7.28
              82           14.37           11.85
              83           34.76            7.34
              84          -33.28           8.498
              85          -9.742           7.023
              86           7.889           8.212
              87           67.96           7.549
              88          -38.82           7.547
              89          -8.426           7.968
              90           19.32            7.55
              91           74.57           8.528
              92           -23.3            6.95
              93          -24.16           10.91
              94            11.9           7.175
              95           117.1           9.731
              96          -28.86           8.023
              97          -29.37           7.848
              98           6.485           13.43
              99           41.08           11.35
             100          -29.43           7.872
             101           -24.2           7.898
             102           30.74           10.78
             103           75.58           9.696
             104          -20.14           8.044
             105           -16.1           7.568
             106           7.657           9.903
             107           97.93           10.33
             108          -13.07           7.734
             109          -9.281           7.687
             110           33.76           10.76
             111           128.2           10.95
             112          -34.08           9.465
             113          -19.37            7.08
             114          -9.355           10.86
             115           44.73           7.433
             116          -38.36           7.968
             117          -24.05           6.846
             118          -4.382           7.838
             119           66.68           7.651
             120          -25.56           7.277
             121          -16.92           7.952
             122           22.04           7.347
             123           112.7           9.016
             124          -19.37           6.736
             125          -6.424           14.14
             126            16.4           7.598
             127           154.3           10.73
APV               11              11               2              10
               0           66.45            33.3
               1          -71.53           28.26
               2          -26.37           26.73
               3           -78.3           15.72
               4          -128.1           9.648
               5          -84.32           9.293
               6           31.63           16.77
               7           71.78           11.48
               8          -96.77            8.16
               9          -49.68           9.788
              10           46.82           12.72
              11           67.72           34.39
              12          -66.52           10.42
              13          -32.78           10.74
              14           33.07            10.7
              15           94.97           11.68
              16          -78.85           10.01
              17          -80.26           7.983
              18          -4.259            21.4
              19           74.28           8.431
              20          -97.48           9.116
              21          -77.02           8.209
              22           19.45           10.31
              23           66.36           8.093
              24           -79.1           8.605
              25          -20.19           8.669
              26           22.71             9.5
              27           83.47           9.735
              28          -79.28            7.92
              29          -40.98           10.82
              30           38.45           8.319
              31            81.7            9.58
              32          -84.44           9.498
              33          -62.48           9.565
              34           4.512           12.54
              35           50.23           11.86
              36          -79.29           8.591
              37          -62.86           9.712
              38           20.86           13.14
              39           92.67           11.13
              40          -46.06           8.711
              41          -37.54           9.245
              42           36.65           12.92
              43           95.55           11.02
              44          -66.54           10.33
              45          -7.815           9.361
              46           57.19           10.25
              47           110.1           11.14
              48          -68.18           10.98
              49           -60.1           7.962
              50           8.719           16.49
              51           74.99           8.042
              52          -81.58            8.98
              53          -39.82           8.235
              54           29.48           34.53
              55           75.43           8.121
              56          -71.12           8.453
              57           -48.1           9.478
              58           63.69           8.692
              59           83.87           8.882
              60          -82.85           7.794
              61            13.5           12.62
              62           47.62           8.052
              63           111.1           11.34
              64           -67.1           9.501
              65          -59.52           8.271
              66           33.25           17.99
              67           53.74            12.8
              68          -72.39           8.641
              69          -28.51           8.109
              70           52.42           14.39
              71           86.95           10.86
              72          -54.64           8.409
              73          -30.08           7.969
              74           53.31           12.35
              75           87.96           10.63
              76          -65.45           8.628
              77           -2.64           8.193
              78           46.94           11.24
              79           88.27           11.35
              80          -89.09            30.7
              81          -64.37           7.828
              82           8.488           13.63
              83           46.33            7.95
              84          -77.33           10.05
              85          -42.86           7.744
              86           44.99           8.551
              87           67.02            8.15
              88          -66.03           8.626
              89           -18.4           8.565
              90           51.15           7.813
              91           71.08           9.056
              92           -56.7           7.816
              93           -2.41           11.67
              94           56.31           7.748
              95           108.3           10.69
              96          -81.89           9.367
              97          -69.56           8.339
              98           29.57           16.01
              99           73.83            12.6
             100          -66.03           8.527
             101          -51.26           8.605
             102           53.75           12.76
             103           80.39           10.41
             104          -65.68           8.549
             105          -6.971           8.288
             106           36.44           11.94
             107           69.12           10.81
             108          -48.87           8.388
             109           8.628           8.324
             110           66.78            12.9
             111            92.2           12.94
             112          -85.19           10.68
             113          -47.36           7.893
             114           34.57           11.48
             115           51.65           7.687
             116          -77.17            9.04
             117          -38.22           7.517
             118           38.44           8.497
             119           73.79           8.106
             120           -54.7           8.323
             121          -15.03            8.52
             122           53.39            7.81
             123           91.02            9.57
             124          -50.87           7.633
             125           3.048           15.21
             126           73.38           8.613
             127           113.8              36
APV               11              11               2              11
               0           65.12           32.56
               1          -35.36           29.19
               2          -13.05           29.32
               3          -95.66           16.69
               4          -74.86           10.15
               5          -30.95           10.85
               6         -0.7461            17.3
               7           36.86           12.42
               8          -51.06           8.413
               9          -30.15           10.83
              10           19.19           12.56
              11           41.31           11.93
              12          -33.92           9.926
              13          -13.15           11.16
              14           9.404           11.56
              15           67.22           11.82
              16          -41.24           9.539
              17          -32.09           7.871
              18          -3.947           30.01
              19           39.16           9.279
              20          -53.64           8.647
              21          -15.46           8.249
              22           12.47           14.93
              23           44.83           8.262
              24          -33.49           8.261
              25          0.1923           8.681
              26           7.805           10.94
              27           48.06            9.03
              28          -12.92           7.715
              29             -13           11.48
              30           9.772            9.26
              31           59.37           10.26
              32          -62.97           9.077
              33           -21.2           11.11
              34           24.31           15.51
              35           41.95           13.37
              36          -38.35           8.604
              37          -8.382              11
              38            11.5           13.37
              39           39.19           11.83
              40          -48.29            9.72
              41          -14.45            10.8
              42          -21.61           13.13
              43           50.33           12.16
              44          -33.26           11.62
              45          -4.749           9.465
              46           20.39           10.91
              47            54.8           12.75
              48           -42.4           11.02
              49          -4.079           8.095
              50          -4.532           23.22
              51           58.16           8.656
              52          -37.53           8.472
              53          -24.53           8.313
              54           10.27           13.19
              55           40.63           8.081
              56          -41.58           8.167
              57          0.8213           9.287
              58           11.64           10.23
              59           46.02           9.108
              60          -27.59           7.658
              61           22.59           13.28
              62           39.35           8.771
              63           42.89           13.05
              64          -45.55           9.157
              65           -30.7           10.84
              66           7.961           19.43
              67           36.99           14.36
              68          -44.35           8.784
              69          -14.88           9.866
              70           10.14           14.55
              71           19.06           12.08
              72          -32.57           8.689
              73          -18.37           9.727
              74           4.984           12.94
              75           42.01           11.92
              76          -5.549           10.57
              77          0.4539           9.263
              78           14.15           11.96
              79           47.44           12.66
              80          -48.07           10.14
              81           -26.3           7.511
              82           10.93           14.38
              83            37.3           7.582
              84          -29.32           8.745
              85          -10.99            7.39
              86          -4.517           9.176
              87           42.42            8.16
              88          -24.55           7.975
              89          -12.68           8.755
              90           8.658           7.959
              91           62.28           9.482
              92          -14.86           7.302
              93          -23.05           39.68
              94           29.01           8.103
              95           65.22           13.04
              96          -42.36           8.289
              97          -36.05           9.412
              98           7.476           17.65
              99           27.17           14.09
             100           -60.8           8.471
             101             -49           10.33
             102          -2.824           13.03
             103           52.36           12.06
             104          -9.808            9.04
             105           -15.2           8.292
             106           38.18           13.05
             107            58.9           12.28
             108          -16.77           10.16
             109            -7.2           8.976
             110           38.31           14.03
             111              78           39.24
             112          -63.19           9.125
             113          -16.17           7.433
             114           8.762           13.53
             115           44.26           8.325
             116          -33.11           8.339
             117          -16.79           7.167
             118           5.666           8.462
             119           33.29            8.23
             120          -33.46           7.732
             121            -4.6           8.731
             122           19.35           7.739
             123            55.3           9.766
             124          -24.49           7.092
             125          -16.14           17.14
             126           44.69           8.129
             127           74.67           42.24
APV               11              11               0               1
               0           58.07           38.39
               1          -39.86           58.57
               2           -53.5           34.23
               3          -129.6            18.8
               4          -52.32           11.22
               5          -31.44           46.39
               6          -8.078           20.95
               7           44.38           13.58
               8          -43.02           12.44
               9          -30.89           46.76
              10          -18.45           13.62
              11           50.23           13.31
              12           5.544           23.33
              13          -19.99           47.52
              14            10.9           12.88
              15            85.8           13.07
              16          -10.65            12.9
              17          -37.26           46.12
              18          -18.55           25.12
              19           38.03            8.83
              20          -21.99           10.68
              21          -29.26           47.37
              22          -19.19           10.86
              23           31.73           8.852
              24          -31.22           13.28
              25          -26.01           47.77
              26           7.255           9.438
              27           56.46           10.82
              28          -16.64           25.92
              29          -33.55            48.8
              30           -6.74            8.72
              31           61.87           11.73
              32           -9.87           12.85
              33           -12.2           46.58
              34          -34.85            14.5
              35           35.45           15.19
              36          -52.22           10.34
              37          -39.43           46.76
              38          -19.52           15.21
              39           22.07           12.33
              40           -23.2           16.05
              41           -22.5           46.99
              42          -17.41           15.38
              43           57.14           13.51
              44          -17.55           35.63
              45          -25.02           47.84
              46           21.25            11.3
              47           83.66           13.25
              48          -14.72           13.53
              49          -7.703           46.92
              50          -12.52           18.25
              51           33.96           8.774
              52          -36.71           11.22
              53          -44.58           47.54
              54          -17.67           10.22
              55           39.55           8.908
              56          -28.26           18.06
              57           -55.4           47.91
              58          -17.51           9.232
              59           58.13           11.12
              60          -23.41           39.16
              61          -24.78           48.59
              62           28.68           8.381
              63           97.83           12.26
              64          -19.33           12.93
              65          -21.12            10.7
              66          -6.499           23.41
              67           24.98           15.69
              68          -15.69            11.2
              69          -13.26           8.991
              70          -25.43           19.82
              71           63.04           13.73
              72          -13.98           10.74
              73          -39.88           9.115
              74           2.998           15.98
              75           71.63           14.25
              76          -7.363           9.681
              77          -18.54            8.87
              78           32.82           13.93
              79           93.44           15.39
              80          -19.09           14.29
              81          -12.56           10.23
              82          -14.38           14.85
              83           32.55           9.444
              84          -21.28           12.46
              85          -20.24           9.105
              86          -2.011           9.122
              87           50.23           9.778
              88          -29.05           10.89
              89          -16.89           9.811
              90          -2.573           8.893
              91           42.79           11.86
              92          -19.74           10.48
              93           -16.4           12.83
              94           13.75           8.152
              95           94.45           14.53
              96          -23.03           11.67
              97           -13.1           9.448
              98           2.734           20.67
              99           25.52           16.27
             100          -49.07           11.14
             101          -37.72           9.575
             102          -7.373           16.62
             103           64.74           13.19
             104          -12.77           9.933
             105          -22.06           9.874
             106           5.359           15.72
             107           65.97           14.39
             108          -24.64           9.641
             109          -23.97           9.457
             110           8.894            15.9
             111           100.2           15.93
             112          -12.79           14.17
             113          -6.223           9.803
             114           5.109           13.06
             115           31.07           9.421
             116          -29.17           11.71
             117          -20.26            9.21
             118          -19.37           8.891
             119           48.02           10.02
             120          -13.18           10.51
             121          -30.53           9.528
             122            4.38           8.783
             123           49.42           12.56
             124           -25.6           10.36
             125          -37.12           16.03
             126           26.37           8.703
             127           101.5           15.31
APV               11              11               0               2
               0           55.33           36.17
               1          -33.04           31.69
               2          -37.31           30.95
               3          -103.5           17.78
               4          -77.28           11.45
               5          -15.34           11.39
               6          -13.36           19.21
               7           29.86           13.09
               8          -20.34            9.02
               9          -1.618           12.58
              10          -16.76           12.45
              11           44.82            12.3
              12          -23.99           9.865
              13          -7.813           13.21
              14           -4.88           12.53
              15           90.56           12.93
              16          -48.91           12.95
              17          -15.23           8.903
              18           3.732           28.25
              19           28.24           9.293
              20           -41.5           11.34
              21          -10.78           10.29
              22           -21.4           12.43
              23           25.55           8.854
              24           -27.1           9.502
              25          -35.04           11.45
              26           1.893           10.12
              27           38.83           9.794
              28          -25.59           8.823
              29          -17.45           15.92
              30           15.77           9.408
              31           75.99           11.88
              32           -31.9           13.06
              33           -28.5           11.48
              34          -8.332           12.58
              35            33.8           14.06
              36          -35.19           10.13
              37          -22.46           12.54
              38          -6.176           13.39
              39           40.98           12.16
              40          -20.51           9.454
              41          -3.938           11.41
              42          -8.505           14.62
              43           69.95           13.01
              44          -39.35           12.41
              45          -3.474           11.18
              46           8.788            11.3
              47           101.8           13.54
              48          -45.79           14.65
              49           -2.11           9.229
              50          -28.74           20.91
              51            13.5           8.822
              52          -51.27           10.38
              53          -19.55           10.64
              54           -13.9            11.7
              55           64.75           8.817
              56          -28.83           9.288
              57         -0.1818           13.06
              58          -14.92           9.951
              59           62.14           10.27
              60          -19.33            8.69
              61          -10.58           18.54
              62           35.07           8.874
              63           101.5           12.27
              64          -46.81            12.6
              65          -5.869             8.1
              66           4.755           19.13
              67           23.55           15.41
              68          -20.28           10.48
              69          -5.985           9.228
              70           3.159           15.67
              71           44.58           12.72
              72          -46.06            8.96
              73          -5.415           8.512
              74           1.299           13.07
              75           84.38           13.41
              76          -24.44           8.918
              77          -5.823           8.897
              78           8.439           11.83
              79           117.7            14.1
              80          -50.67           14.64
              81          -21.04           8.115
              82          -11.41           17.34
              83           23.78           8.604
              84          -29.15           11.67
              85           -16.6           7.811
              86           7.596           10.43
              87           62.34           9.586
              88          -35.21           9.165
              89           3.801           10.37
              90          -1.043           8.993
              91           82.49           11.41
              92          -16.51           8.151
              93          -14.66           16.06
              94           15.22           8.178
              95           93.75           12.92
              96          -42.36           11.08
              97          -11.16           9.183
              98           12.89           17.68
              99           44.39           15.09
             100           -32.1           10.11
             101          -22.85           9.859
             102             -15           13.22
             103           35.68           12.51
             104          -36.96           9.085
             105          -16.67           8.798
             106          -4.912           12.75
             107           79.47           13.71
             108          -14.43           8.642
             109           28.35           8.945
             110           22.01           14.37
             111             113           14.81
             112          -24.01           14.25
             113          -12.69           7.776
             114           4.367           15.33
             115           15.17           8.921
             116          -35.34           10.35
             117           4.173            8.03
             118          -15.25           9.902
             119           64.37           9.466
             120          -23.55           8.642
             121           12.56           10.35
             122            5.89           8.733
             123           79.58           12.22
             124           -5.19           7.758
             125           -6.43           20.62
             126           9.069            8.83
             127           124.9           14.29
APV               11              11               0               3
               0           41.17            37.5
               1          -34.37           33.23
               2          -26.69           34.63
               3          -133.6           22.77
               4          -96.25           11.77
               5          -31.25            11.7
               6          -26.14            22.8
               7            15.3           14.09
               8          -52.92           9.267
               9          -12.66           12.96
              10           16.28           14.74
              11           44.86           14.21
              12          -59.02           9.982
              13           -6.87           13.48
              14           27.26           14.81
              15           46.34           12.67
              16          -38.21            13.6
              17          -7.834            9.25
              18          -11.34           31.14
              19            13.4             9.2
              20          -69.54           11.64
              21          -33.33           10.42
              22           14.74            12.7
              23           40.92           8.563
              24          -48.85           9.937
              25          -8.333           11.77
              26           32.33           10.38
              27           44.38           10.99
              28          -40.22           8.939
              29          -1.535           16.88
              30            19.5           8.985
              31           57.14           11.18
              32          -49.06            23.7
              33          -12.68           12.59
              34           18.46           16.36
              35           23.63           19.81
              36           -76.2           10.55
              37          -13.04           13.29
              38           39.96           16.15
              39           30.31           13.85
              40           -54.1            9.42
              41           3.365           11.62
              42           31.04           17.81
              43            60.4           14.78
              44          -47.13           13.16
              45            6.28           11.16
              46           5.241           12.42
              47           59.46           13.13
              48          -59.57           15.23
              49          -16.49           9.457
              50         -0.5505           23.06
              51           22.04           8.869
              52          -61.62           10.86
              53          -4.434           10.93
              54          -2.848           11.87
              55           44.74           8.501
              56          -67.03           9.481
              57           10.61           13.79
              58          -1.407           9.851
              59           50.57           11.23
              60          -52.64           8.865
              61          -17.74           19.85
              62           23.28           9.876
              63           58.63           11.68
              64          -29.38            12.8
              65          -9.687            8.44
              66           14.35           24.24
              67           12.27           17.38
              68          -59.44           10.89
              69           1.899           9.768
              70          -5.479           18.08
              71           33.82           13.63
              72          -47.68           9.171
              73          -1.191           8.936
              74           20.02           15.73
              75            36.3           13.31
              76          -11.15           9.536
              77          -14.69           9.057
              78           14.18           13.57
              79           69.67           14.36
              80          -70.75           15.19
              81          -18.47           8.395
              82           17.84           19.06
              83           31.12           8.486
              84          -67.14            12.1
              85          -12.51           8.198
              86           18.94           10.85
              87           50.61           9.173
              88          -43.84           12.25
              89          -7.817           11.48
              90           7.599            9.18
              91           42.91           10.88
              92          -46.41           8.403
              93          -7.848           22.55
              94           18.44            8.14
              95           69.16           13.53
              96          -69.21           11.36
              97          -2.861            9.75
              98           19.16           20.99
              99           4.552           15.97
             100          -48.08           10.43
             101           -2.43            10.7
             102           22.96           14.16
             103           48.15           13.06
             104           -61.9           9.379
             105          -1.135           8.345
             106           38.46           15.54
             107           61.19           14.05
             108          -36.36           9.235
             109           19.14           8.841
             110           38.09           17.08
             111           97.05           15.32
             112          -35.98           14.94
             113        -0.03813            8.26
             114           28.44           29.24
             115           25.57           23.24
             116           -61.8           10.93
             117           17.11           15.51
             118           25.66           10.05
             119           37.05           16.66
             120          -44.99           8.901
             121          -12.97           11.14
             122           28.63            8.84
             123           44.78           12.11
             124          -37.88           8.116
             125           14.25           23.22
             126           25.95           8.476
             127            96.7           14.81
APV               11              11               0               4
               0           71.38            32.1
               1          -34.92           25.34
               2          -17.35           26.08
               3          -86.04           21.76
               4          -89.71           12.27
               5           -30.2           12.08
               6          -19.59           26.08
               7           23.37           22.72
               8          -48.58           9.532
               9           -40.7           14.11
              10          0.4095           21.65
              11           6.775           13.32
              12          -26.03           10.11
              13          -8.243           15.24
              14           33.66           16.07
              15            56.3           13.44
              16          -30.39           14.41
              17           -37.4           8.913
              18          -26.43           35.12
              19           4.693           31.14
              20          -48.82           12.37
              21          -16.52           10.93
              22           2.188           15.18
              23           12.64           8.989
              24          -35.94           9.929
              25          -18.56           12.21
              26           25.76           11.82
              27           53.15           10.46
              28          -14.86           8.889
              29          -16.68           18.68
              30           29.55            27.3
              31           69.11           11.01
              32          -15.41           14.12
              33          -15.67           12.56
              34           11.82            16.6
              35           15.25           17.47
              36          -43.51           10.85
              37          -25.98           13.89
              38           6.865           17.85
              39           42.69            13.5
              40          -30.63           9.441
              41          -21.23           12.16
              42           14.34           19.06
              43           42.51           14.15
              44           -25.1           13.92
              45           1.788           12.02
              46           30.44           12.77
              47           66.62           13.66
              48          -27.09           15.96
              49          -9.316           9.191
              50           24.81           25.27
              51            29.3           9.327
              52          -50.51           11.18
              53          -3.261           11.16
              54           6.099           14.16
              55           23.12            8.59
              56          -28.81           9.554
              57          -3.882           14.88
              58           26.54           11.07
              59           32.39           10.68
              60          -23.66           8.613
              61          -5.924           22.04
              62           21.58           9.445
              63           53.26           12.03
              64          -37.03           13.08
              65          -20.69           8.604
              66           14.65           26.24
              67           10.87           18.55
              68          -44.24            11.1
              69          -26.85           10.59
              70           7.307           21.42
              71           32.25           14.29
              72          -28.27           9.329
              73           3.821           9.651
              74           6.543            16.7
              75            67.5           14.98
              76          -25.86           9.813
              77          -5.042           10.23
              78           35.19              15
              79            61.7           19.59
              80          -40.86           16.08
              81          -39.28           8.284
              82           1.284           20.74
              83           31.87           8.876
              84          -36.97           12.47
              85          -5.466            8.61
              86           34.32           12.08
              87           24.65           9.269
              88          -28.49           9.834
              89          -15.48           12.78
              90           8.829           10.02
              91           48.11           11.82
              92          -21.53            8.34
              93         -0.9849           20.37
              94           25.99           8.768
              95           75.43           14.98
              96          -53.65           11.62
              97          -14.02            10.6
              98          -16.18           23.05
              99           8.673            17.2
             100          -46.78           10.52
             101          -13.83           11.68
             102           25.21           18.41
             103           48.98           11.76
             104          -46.09           9.346
             105           1.182           8.848
             106           24.41            15.9
             107           64.02           15.72
             108           -43.6           9.422
             109          0.2558           9.424
             110           39.82           18.66
             111           73.26           16.45
             112          -45.03           15.42
             113          -21.08           8.129
             114          0.8928           17.93
             115           15.65           8.847
             116          -25.75           11.07
             117          -22.15           9.186
             118            27.5            11.3
             119           55.29           9.519
             120          -38.42           8.845
             121          -8.745           12.58
             122            35.5            9.72
             123           63.14           16.34
             124          -8.238            8.18
             125          -1.831           26.48
             126           13.67           9.194
             127           105.4           15.06
APV               11              11               0               5
               0           37.85           36.01
               1          -22.82           28.61
               2          -42.13            26.3
               3           -86.2           17.77
               4          -110.9           13.16
               5          -32.05           11.99
               6          -3.842            19.2
               7           18.15           12.77
               8          -59.37           9.474
               9           -2.18           12.67
              10           3.533           12.15
              11           46.42            12.8
              12          -52.61           9.639
              13          -19.74           13.24
              14           15.61           11.73
              15           74.61           12.48
              16          -66.64           17.87
              17          -33.47           8.814
              18          -7.547           36.93
              19           28.43           9.714
              20          -52.36           14.36
              21          -13.27           9.337
              22           14.15            15.2
              23           46.94            8.42
              24           -60.2           11.73
              25           11.91           11.24
              26           7.753           11.25
              27           59.99           10.11
              28          -34.84           9.119
              29          -20.63           18.36
              30          0.6153           9.974
              31           53.58           11.14
              32          -70.01           17.32
              33          -23.29           12.76
              34           7.023           12.69
              35           27.51           12.79
              36          -77.79            11.7
              37          -17.56           13.48
              38           6.037           14.12
              39           44.11           11.76
              40          -38.95           9.302
              41          -29.03           11.71
              42           21.21           14.08
              43           45.54           12.89
              44          -45.06            13.7
              45          -6.436            11.6
              46           22.05           10.85
              47           89.37           12.96
              48           -46.4           21.27
              49          -35.44           8.731
              50          -7.494           27.18
              51           23.91           9.106
              52          -58.83           13.32
              53          -12.13           9.682
              54           10.73           13.88
              55           36.29            8.43
              56          -58.27           10.95
              57          -16.98           13.49
              58            5.75           10.97
              59           64.34           10.52
              60          -31.19           8.604
              61          -11.46           22.33
              62           42.39           9.465
              63           89.62            11.8
              64          -54.05           15.56
              65          -8.318           8.898
              66           19.42           19.38
              67           22.81           14.42
              68          -63.99           11.83
              69          -18.86           10.79
              70            11.2           15.31
              71           40.35           11.92
              72          -44.37           9.155
              73          -2.619            9.46
              74           30.28           12.77
              75           68.96           12.33
              76          -35.54           10.43
              77           6.885           10.93
              78           38.42           11.04
              79            60.2           13.03
              80          -69.75           20.38
              81          -28.38           8.596
              82           10.92           21.53
              83           16.61           8.492
              84          -61.04           14.72
              85           -20.7           8.075
              86           10.22              12
              87           51.17           8.999
              88           -31.1           10.93
              89          -20.73           12.09
              90           19.01           10.05
              91           69.74           10.65
              92          -32.37           8.627
              93          -6.752           21.66
              94           19.52           9.029
              95           103.9           12.33
              96           -80.5           13.94
              97           3.712            10.7
              98           24.99           17.38
              99           22.45           14.64
             100          -52.76           11.28
             101           3.901           12.15
             102           16.61           13.28
             103           50.01           11.91
             104          -64.05           9.248
             105           -2.53           13.39
             106           22.24           12.82
             107           64.19            12.7
             108          -32.35           29.91
             109            2.85           11.07
             110           39.27           13.14
             111           102.8           13.79
             112          -60.62           20.12
             113          -34.88           7.989
             114           13.41           18.76
             115            39.3           8.875
             116           -51.2           12.71
             117          -15.87           8.441
             118           17.73           11.43
             119           38.99           8.835
             120           -53.2           9.828
             121          -7.605           12.96
             122           30.54           9.497
             123            78.5            11.2
             124          -13.66           8.138
             125          -11.45           28.29
             126           26.43           9.352
             127           117.5           13.39
APV               11              11               0               6
               0           76.88           33.11
               1          -38.78           26.32
               2          -34.36           26.34
               3          -94.87           20.47
               4           -90.9           12.56
               5             -42           12.33
               6         -0.9291           26.61
               7           32.53           15.53
               8          -50.34           9.264
               9          -10.98           14.45
              10           18.35           14.71
              11           25.75           13.67
              12          -64.22           10.16
              13          -8.971           15.47
              14              13            15.2
              15           56.17           13.31
              16          -17.29           15.03
              17          -31.03           8.809
              18          -11.77           39.42
              19           8.813            10.9
              20          -60.94           12.22
              21          -30.97           10.53
              22           4.482           17.74
              23           28.36           8.758
              24          -48.12           10.07
              25          -14.64           12.06
              26           34.99           13.66
              27           26.15           9.489
              28          -29.58           9.191
              29           -6.35           19.27
              30           21.41           11.25
              31           70.97           11.12
              32          -25.52           14.56
              33          -39.22           12.67
              34           9.369            16.1
              35            29.1           17.54
              36          -56.71           11.12
              37          -48.38           14.19
              38           5.785           17.48
              39           46.54           13.83
              40          -50.63            9.38
              41            4.54           12.07
              42           23.43           18.38
              43           50.62           14.02
              44          -31.71           14.78
              45          -2.239           12.33
              46           28.23           12.53
              47           72.35           13.36
              48          -21.59           17.22
              49          -27.99           9.073
              50           3.986           29.55
              51           15.06           9.892
              52          -43.04           11.54
              53          -23.39           10.77
              54           23.95            16.6
              55           22.63            8.66
              56             -55           9.645
              57          -12.71           15.04
              58           40.21           12.56
              59           59.03           9.921
              60          -35.73           9.134
              61          -9.488           22.89
              62           12.01           10.74
              63           80.28           11.62
              64          -26.56           13.32
              65          -11.72            9.07
              66           2.557           29.38
              67           28.69           20.59
              68          -38.05           11.28
              69          -7.629           11.34
              70           28.69           23.25
              71           42.57           14.01
              72           -32.3           9.094
              73          -1.915           10.05
              74           40.52           17.87
              75           42.03           13.94
              76          -37.06           10.22
              77          -11.57           10.89
              78           22.62           15.47
              79           92.64           16.14
              80          -36.77            16.8
              81          -18.17           8.413
              82           1.415           22.82
              83           16.78           8.526
              84          -54.23           12.64
              85          -13.03           9.273
              86           21.17           12.98
              87           39.56           8.471
              88          -62.76           9.463
              89           12.36           13.72
              90           23.72           10.96
              91           56.86           11.13
              92          -30.13           8.325
              93          -1.681           21.73
              94              26           9.106
              95           97.39           14.58
              96           -38.9           11.91
              97          -39.13           11.27
              98           15.28           25.15
              99            11.2           18.23
             100          -51.96           10.49
             101          -10.12           12.62
             102           13.59           18.84
             103           33.03           13.22
             104           -32.6           9.512
             105          -7.795           8.942
             106           28.51           16.78
             107           62.05           14.73
             108          -27.28           9.895
             109          -5.726           9.894
             110           37.91           19.83
             111            89.8           16.56
             112          -49.25           15.96
             113          -45.62           8.333
             114          0.1177           20.46
             115           41.34           8.914
             116          -63.88           11.13
             117          -12.31              10
             118           15.22           12.33
             119           55.42           8.538
             120          -33.32           8.807
             121          -5.693           13.73
             122           15.95           9.928
             123           65.31           12.03
             124          -36.26           8.071
             125           3.141           28.77
             126           34.74           9.461
             127           104.4           15.16
APV               11              11               0               7
               0           54.36           36.47
               1          -20.54           30.35
               2          -34.17           29.75
               3          -119.8           16.62
               4          -101.8           10.59
               5          -41.16           10.22
               6          -8.821           18.45
               7           22.27           11.35
               8           -60.6           7.762
               9          0.6579           10.65
              10           23.66           9.965
              11           61.23           11.08
              12          -59.59           8.347
              13            4.89           11.67
              14           13.33           10.23
              15           85.32           10.71
              16          -49.11           14.12
              17          -46.34            7.71
              18          -5.456           34.68
              19           7.932           13.24
              20          -64.31            11.6
              21          -4.841           8.555
              22           15.01           16.11
              23           33.39           8.384
              24          -59.64           9.903
              25          -29.98           9.256
              26          -1.146           12.71
              27           49.22           8.311
              28          -49.78           8.111
              29            5.87           15.65
              30           32.43            11.3
              31           99.67           9.405
              32          -47.98           13.26
              33          -8.901           10.34
              34           2.013           12.29
              35           37.18           12.55
              36          -59.35           9.226
              37          -24.63           11.59
              38          -4.338           12.57
              39           29.21           10.43
              40          -45.82           7.845
              41          -20.67           9.414
              42           8.323           12.44
              43           57.35           11.27
              44          -31.01           12.16
              45          -9.075           8.259
              46           28.92           8.468
              47           62.91           10.78
              48          -64.17            16.8
              49          -26.76           7.562
              50          -17.91           26.71
              51           29.67           10.61
              52          -59.93           10.98
              53          -11.59           8.847
              54           22.23           15.57
              55           45.24           7.761
              56          -26.15             9.6
              57          -13.39           11.09
              58           27.54           12.22
              59           64.62           8.531
              60          -17.25           7.687
              61          -27.25           19.19
              62            18.2           11.26
              63           104.3           9.728
              64          -56.69           11.84
              65          -20.17           7.717
              66           14.03           23.34
              67           59.29           15.74
              68          -37.85           9.628
              69          -5.006           8.833
              70           12.91           17.72
              71           39.83           11.56
              72          -67.41           7.799
              73          -5.953           7.912
              74          -3.623           13.93
              75            61.6           11.88
              76          -31.34            8.67
              77          -7.167           7.921
              78           45.53           12.42
              79             108           11.68
              80          -65.75           16.26
              81           -6.56           8.058
              82          -14.64           18.24
              83           41.14           7.277
              84          -41.46           12.13
              85          -12.68           7.058
              86           22.99           10.05
              87           43.99           7.753
              88          -34.12           9.797
              89          -5.836           10.31
              90           27.44           8.209
              91           58.09           9.501
              92          -46.53           7.869
              93          -10.67           18.14
              94           20.35           7.464
              95             101           10.54
              96          -42.47           11.13
              97          -22.81           8.767
              98           5.733           19.54
              99           28.89           14.85
             100          -66.33           9.011
             101          -15.42           9.811
             102           16.33           14.56
             103           79.36           11.69
             104          -32.06            7.81
             105          -3.723           7.823
             106              39           13.94
             107           91.75            12.4
             108          -33.44           8.457
             109          -10.36            7.34
             110           32.11           15.25
             111           125.9           12.14
             112          -51.54           15.96
             113          -1.872           7.173
             114           20.19           15.57
             115           11.65           7.232
             116          -38.88           10.89
             117          -9.502           7.167
             118           26.25           9.232
             119           68.28           7.793
             120          -48.83           8.653
             121          -45.03           10.67
             122            7.29           7.687
             123           76.01            10.4
             124          -44.38            7.48
             125          -23.05           24.91
             126           20.82           7.645
             127           141.8           11.38
APV               11              11               0               8
               0           131.3           35.08
               1          -73.08           43.96
               2          -52.82           28.41
               3          -87.72           15.79
               4          -64.96              10
               5          -61.89           32.38
               6          -4.585           14.79
               7           44.24           11.07
               8          -25.43           8.124
               9          -48.66           32.29
              10            3.02           10.03
              11           43.75           10.21
              12          -35.53           9.475
              13          -31.38           32.81
              14           29.55           9.871
              15           44.98           9.453
              16           22.68           11.88
              17          -48.58           32.16
              18           5.298           24.25
              19           34.24           7.651
              20          -14.71           9.895
              21          -32.26           33.38
              22          -10.01           11.17
              23           38.74           7.176
              24          -30.26           8.679
              25           -27.6           33.55
              26           9.693           9.133
              27           35.78           8.021
              28          -26.04           9.186
              29          -33.57           34.58
              30           17.42           8.043
              31           41.38           8.503
              32          -22.49            11.3
              33          -36.26           32.78
              34          -4.842           10.19
              35           55.18           11.99
              36          -30.65           8.705
              37          -31.43           32.83
              38           22.51           10.81
              39            28.1           9.921
              40          -32.78           8.451
              41          -42.44           32.34
              42           28.16           11.72
              43           42.49           10.39
              44          -36.91           13.26
              45          -19.69           32.65
              46           52.01           8.942
              47           50.32           9.654
              48           10.87           13.06
              49          -41.26           32.68
              50          -9.089           18.65
              51            49.4           7.277
              52          -19.36            9.25
              53          -52.87           33.46
              54           2.375           10.52
              55           35.56           7.144
              56          -46.33           8.516
              57          -40.02           33.62
              58           32.51           8.495
              59            41.6           8.333
              60          -44.08           11.05
              61          -33.96           34.38
              62           18.91           7.493
              63           56.99           9.076
              64          -15.81           10.97
              65          -44.19           8.246
              66           7.435           17.33
              67           34.48           13.55
              68          -30.55           9.701
              69          -51.82           7.158
              70           16.65           13.89
              71           45.09           10.68
              72          -32.36           8.544
              73          -58.76           7.153
              74           29.31           12.12
              75           37.57           10.76
              76          -39.39           7.456
              77          -23.82           7.044
              78           38.83           10.67
              79           44.07           10.95
              80           -17.6           13.05
              81          -36.32           7.783
              82           6.547           12.87
              83           42.19           7.166
              84          -14.73           10.73
              85          -40.99           6.859
              86           11.21           7.757
              87           38.77           7.615
              88          -61.85           9.005
              89          -39.56           8.029
              90            32.9           6.978
              91           44.91           9.217
              92          -53.36           7.902
              93           -26.2            11.4
              94           32.76           6.752
              95           58.26           10.09
              96           6.935           10.31
              97          -52.24           7.622
              98           11.86           15.75
              99           48.56           13.01
             100          -31.75           9.205
             101          -40.07           7.611
             102           22.11           12.36
             103           18.26           10.32
             104          -38.08               8
             105          -40.71           7.498
             106           35.56           11.89
             107           39.72            11.1
             108          -40.66           7.253
             109          -18.68           7.098
             110           38.11           12.49
             111           66.14           11.14
             112          -14.54           12.81
             113          -50.13           7.178
             114          -7.386           10.67
             115           23.32           7.162
             116         -0.7319            9.98
             117          -33.27            6.77
             118           35.84           7.319
             119           53.29           7.808
             120          -47.45           8.332
             121          -38.18           7.781
             122           17.88           6.783
             123           41.84           9.512
             124          -40.66           7.645
             125          -20.74           14.08
             126           31.12           7.013
             127           72.05           10.59
APV               11              11               0               9
               0           90.22           38.07
               1          -42.24           40.23
               2          -31.46           34.05
               3          -120.3           23.28
               4          -75.97           12.26
               5          -47.05           25.61
               6           6.764           26.15
               7           34.25           16.47
               8          -50.58           9.454
               9           -33.1            26.3
              10           -4.79           16.24
              11           56.92           15.91
              12          -40.44           10.13
              13          -11.16           27.99
              14           29.72           16.69
              15           86.78           14.86
              16          -2.824           14.96
              17          -50.24           22.52
              18           4.448           36.76
              19           39.94           9.689
              20          -63.32           12.26
              21          -54.34           25.55
              22           2.026           15.26
              23           26.02           8.671
              24             -45           10.73
              25          -22.05           26.84
              26         0.08513           11.92
              27            68.8           10.75
              28             -37           9.942
              29          -10.46           31.68
              30           26.75           9.874
              31           94.19           12.85
              32          -21.23           14.73
              33          -37.19           25.08
              34          -5.165           15.95
              35            31.5           19.14
              36          -50.51            10.9
              37          -22.58           27.19
              38          -5.598           17.91
              39           60.22           15.18
              40          -46.23           9.591
              41          -31.92           25.26
              42          -5.881           19.67
              43            78.5           16.39
              44           -22.5            14.7
              45           12.03           26.87
              46           32.53            14.2
              47           97.39           15.58
              48          -25.32           17.05
              49          -44.62           23.38
              50           3.459           28.13
              51           30.71           8.918
              52          -37.03           11.84
              53          -43.93           26.47
              54           3.039           14.26
              55           52.18           8.571
              56          -33.78           10.35
              57            -8.1           28.75
              58           16.36           11.39
              59           62.33           11.31
              60          -30.56            9.97
              61          0.9542           34.42
              62           33.13           9.341
              63           113.4           13.49
              64          -10.38           14.16
              65          -50.91            9.18
              66          -8.175           26.72
              67           33.45           20.74
              68          -46.93            11.7
              69          -37.85           10.69
              70            31.9           22.79
              71           54.07           16.18
              72          -39.51           9.471
              73          -18.61           9.937
              74           18.97           18.62
              75           83.28           15.53
              76          -29.09           9.772
              77         -0.8321           10.34
              78           28.29           16.13
              79           106.3           15.98
              80          -36.79           17.59
              81          -24.77           9.242
              82          -3.485           21.57
              83           29.36           8.649
              84          -51.47            13.5
              85          -43.54            8.79
              86           7.517           11.72
              87           56.81           9.658
              88          -43.88           10.55
              89          -21.89           12.89
              90           21.58           9.959
              91           68.07           11.37
              92          -22.35           8.988
              93          -10.03           20.52
              94           30.17           8.754
              95           104.6           14.53
              96          -31.03           13.03
              97          -46.61           10.74
              98             -13            23.8
              99           34.63           19.33
             100          -44.21           10.92
             101          -43.34           11.96
             102           15.06           19.07
             103           55.22           15.43
             104          -36.02           9.518
             105          -9.739           9.157
             106           22.82           17.66
             107           80.66           42.91
             108          -39.04           10.92
             109           0.788           9.949
             110           26.59           19.21
             111           123.5           19.06
             112           -28.5           17.31
             113           -34.7           8.687
             114          -20.51           18.57
             115           35.34           8.737
             116          -35.64           12.08
             117          -20.09           9.215
             118          -6.657           11.15
             119            85.7           10.09
             120          -55.22           9.298
             121          -16.74            12.6
             122           29.83           9.272
             123           89.31           12.43
             124          -42.47           8.595
             125          -31.29           26.76
             126            24.1            9.04
             127           131.8            15.7
APV               11              11               0              10
               0           116.2           31.59
               1          -21.95           25.42
               2          -6.134           26.74
               3          -86.31           23.74
               4          -77.06           12.47
               5           -42.7           12.71
               6          -16.27           27.39
               7            54.5           16.95
               8          -38.03           9.489
               9          -14.37           14.23
              10          -7.379           16.79
              11              47           15.33
              12          -48.83           9.724
              13          -13.17           15.06
              14           25.75           17.06
              15            59.3           13.38
              16          -37.65           16.36
              17          -25.06           9.387
              18          -8.264           42.62
              19           55.99           10.87
              20          -24.26           13.97
              21           -17.7           11.25
              22          -2.722            18.8
              23           27.08           8.582
              24          -22.59           11.99
              25          -26.24           13.15
              26           3.063           13.98
              27           44.76           9.689
              28          -27.29           9.777
              29           9.521           20.25
              30           13.66           11.66
              31           59.58           10.89
              32           -38.9           15.54
              33          -23.46           13.31
              34           1.899           16.54
              35           28.54           19.51
              36          -42.18           11.24
              37          -10.07           14.53
              38           3.079            18.8
              39            33.6           14.69
              40          -34.22           9.296
              41          -10.02           12.35
              42           -7.97           20.22
              43           56.47           14.84
              44          -26.25           15.05
              45          -1.669           11.05
              46           23.04           14.75
              47           38.49              13
              48          -41.07           19.29
              49          -15.07           9.599
              50           -13.1           32.09
              51            34.4            10.1
              52          -38.51           13.07
              53          -9.653           11.83
              54           6.327           17.86
              55           52.57           8.508
              56          -45.87           10.58
              57          -2.445           15.98
              58           5.276           13.01
              59           37.26           9.878
              60          -34.52           9.384
              61           4.587           24.42
              62           16.85           10.65
              63           43.86           10.84
              64          -36.78            14.2
              65          -20.59           10.03
              66           12.31           29.37
              67           36.69           21.64
              68          -47.82            11.1
              69          -15.19           12.46
              70           3.789           23.34
              71            39.9           15.08
              72          -39.02           8.897
              73          -17.58           11.37
              74           16.49           18.52
              75           34.42           14.11
              76          -33.78           11.36
              77          -9.349           11.65
              78           29.84           16.32
              79           69.76           14.36
              80          -27.76           18.43
              81          -22.23           8.814
              82          -6.528           24.88
              83           50.29           8.725
              84          -46.16           13.95
              85          -17.98           9.544
              86           10.67           14.59
              87           46.65           8.514
              88          -37.76           10.32
              89          -21.27           15.85
              90           5.847           11.76
              91           44.46           10.14
              92          -27.97           8.809
              93           -1.79           25.63
              94            15.6           9.925
              95           78.77           12.59
              96          -43.43           12.16
              97          -37.46            12.6
              98           -5.82           25.45
              99           26.17           19.96
             100          -61.96           10.46
             101          -10.34           14.19
             102           4.915           19.51
             103           55.32           14.39
             104          -15.29           9.919
             105          -2.424           8.711
             106           18.77           17.31
             107           57.36           13.96
             108          -30.99           11.08
             109          -15.69           10.01
             110           27.63           20.48
             111           87.34            14.8
             112          -30.51           17.74
             113          -6.531           8.643
             114          -4.173           21.58
             115           45.21           8.784
             116          -44.29           12.08
             117          -20.84           10.44
             118           16.57           13.43
             119           57.14           8.523
             120          -41.05           9.361
             121          -14.42           15.78
             122           6.772           10.79
             123           50.73            10.8
             124          -30.68           8.476
             125          -2.431           32.81
             126           26.44           9.996
             127           109.3            13.5
APV               11              11               0              11
               0          -39.14           33.96
               1          -70.32           27.13
               2           -23.5            25.6
               3          -54.27           20.21
               4          -161.5           13.23
               5          -65.17           10.57
               6           23.01           21.48
               7           75.65           15.13
               8          -103.4            9.18
               9          -37.42           11.57
              10           31.24           13.17
              11            78.6           13.77
              12          -105.1            9.23
              13           14.66           11.98
              14           68.63           13.83
              15           77.08           12.42
              16          -139.6           16.94
              17          -83.74           8.969
              18          -24.16           36.15
              19           55.89           9.287
              20          -133.9           14.26
              21          -50.04           9.059
              22           25.68           16.63
              23              81           8.099
              24          -86.18           11.65
              25          -26.25            10.5
              26           40.22            12.2
              27            75.4            9.73
              28          -65.44            9.54
              29          -9.749           16.56
              30           53.24           9.756
              31           99.98           10.59
              32          -140.3           16.56
              33          -88.55           11.41
              34              22           13.48
              35           75.22           15.97
              36          -123.8           11.93
              37          -31.19           11.87
              38           30.18           14.94
              39           81.27            13.3
              40          -93.04           9.249
              41          -25.05           10.06
              42           29.07           15.85
              43           92.92           14.36
              44          -86.91            12.6
              45          -3.758           8.308
              46           64.47           12.02
              47           97.38           12.45
              48            -124           19.86
              49          -76.63           8.938
              50           23.84           28.14
              51           98.39           8.661
              52          -123.3           13.62
              53          -62.08           9.401
              54           35.71           15.28
              55           83.44            8.14
              56          -97.65           10.97
              57           -10.2            12.5
              58           52.67           11.27
              59           82.51           9.833
              60          -64.96            8.89
              61         -0.5072           20.19
              62           67.58           9.275
              63           94.41           10.75
              64          -129.2           15.12
              65          -66.09           8.806
              66           16.01           22.62
              67           76.81           18.14
              68          -116.2           11.87
              69          -33.36           10.84
              70           30.71           18.47
              71           77.71           14.14
              72          -96.03           9.055
              73           -23.4            9.72
              74           47.08           15.65
              75           88.63           14.15
              76          -76.07           9.804
              77           4.514           9.248
              78           59.31           13.83
              79            93.6            14.8
              80          -137.4            18.9
              81          -71.18            8.39
              82           11.29           22.26
              83           71.55            7.96
              84          -102.5           14.46
              85          -39.37           8.628
              86           26.05           12.15
              87           81.68            8.61
              88          -70.47           10.64
              89           -19.2           13.13
              90           49.41           9.583
              91           96.14           11.25
              92          -46.94           8.811
              93           12.52           21.84
              94           59.81           8.363
              95           110.6           13.02
              96          -126.1           13.43
              97          -66.05           10.61
              98           22.06           19.44
              99           91.38           17.31
             100          -121.1           11.18
             101          -29.26           12.07
             102           33.66           15.53
             103              84            13.6
             104          -82.81           9.088
             105          -3.561           8.382
             106           61.33           15.35
             107           101.4           19.69
             108          -55.71           9.429
             109           14.71           8.136
             110           66.86           16.94
             111           113.5           14.83
             112          -126.8           18.47
             113          -57.41            7.98
             114           26.07           19.05
             115           85.27           7.964
             116          -116.8           13.38
             117          -29.81           9.098
             118           49.52            11.3
             119           79.93            8.73
             120          -84.02           9.401
             121          0.2524           13.29
             122           63.92           9.014
             123            81.1           14.04
             124          -70.64           8.209
             125           8.806           28.53
             126           42.66           8.515
             127           136.1            13.6
APV               11              11               0              12
               0           8.897           34.74
               1          -54.44           28.28
               2          -40.26           28.18
               3          -71.12           21.68
               4          -121.1           13.03
               5          -43.37           10.88
               6          -8.319           24.45
               7           75.62           16.01
               8          -83.11            9.28
               9          -18.42           12.54
              10           38.37           14.08
              11           54.42           14.04
              12          -68.49           9.504
              13          -21.43           13.04
              14           31.85           14.59
              15           90.94           13.71
              16          -85.76           16.85
              17           -41.4           9.072
              18           10.34           43.18
              19           66.02           10.58
              20          -85.55           14.44
              21          -40.64           9.147
              22           3.617           19.39
              23            63.1           8.567
              24          -55.31           11.75
              25          -8.045           10.85
              26           38.78           14.46
              27            65.3           9.761
              28          -51.79           9.859
              29          -15.43           18.25
              30           38.66           11.68
              31           98.21           11.31
              32          -94.05           16.47
              33           -49.9           11.99
              34          -9.751           14.06
              35           40.01           17.41
              36          -76.15           11.85
              37           -43.1           12.71
              38           13.78           16.86
              39            60.9           14.02
              40           -76.2           9.273
              41          -30.23           10.69
              42           24.48            17.7
              43           70.19            14.5
              44          -56.21           13.89
              45          -8.428           9.108
              46           68.33           12.38
              47           93.75           13.66
              48          -87.87           20.22
              49          -36.39           8.924
              50           2.297           32.68
              51           73.43           9.747
              52          -82.23            13.6
              53          -33.43           9.554
              54           37.86           17.91
              55           60.17           8.398
              56          -84.61           10.97
              57          -45.33           13.24
              58           32.07           13.15
              59           75.78           10.06
              60          -58.94           9.217
              61           -9.74            21.8
              62           36.14           10.99
              63           107.8           11.66
              64          -64.44           14.56
              65          -24.56           9.462
              66           6.575           27.14
              67           48.48           20.19
              68          -106.9           11.42
              69          -22.52           11.82
              70           16.32           21.87
              71           69.57           15.21
              72          -67.36           9.048
              73          -17.13            10.5
              74           33.31           17.45
              75           83.06           14.57
              76          -43.81           10.72
              77           -16.2           10.25
              78           67.39           15.52
              79           122.2            15.3
              80          -81.28           19.49
              81           -25.3           8.953
              82         -0.8832           24.57
              83           64.97           8.464
              84          -86.54           14.38
              85          -28.07           8.962
              86           26.19           13.66
              87           60.06           8.787
              88          -72.17           10.69
              89          -9.761           14.73
              90            34.2           11.11
              91           97.21           10.88
              92          -59.86           8.869
              93          -3.502           24.44
              94           59.07           9.253
              95           131.4            13.7
              96          -84.58           12.93
              97          -33.47           11.74
              98           16.71           23.88
              99           45.56           18.79
             100          -77.08           10.93
             101            -9.4           13.37
             102           21.73           18.32
             103            89.6           12.09
             104           -74.6           9.682
             105          0.9049           8.216
             106           58.52           16.59
             107            80.6           15.42
             108          -50.22            10.1
             109           6.442           8.788
             110           39.45           19.25
             111           134.3           15.89
             112          -76.56           18.67
             113          -45.81           8.413
             114           6.839           21.56
             115           49.64           8.577
             116          -90.65           12.48
             117          -18.85           9.736
             118           24.79           12.74
             119           67.64           9.093
             120          -74.54           9.483
             121          -25.12           14.82
             122           46.57            10.1
             123           80.59           11.81
             124          -53.41            8.36
             125           1.749           31.81
             126           58.15           9.259
             127           143.9           14.48
APV               11              11               4               0
               0           68.44              32
               1           1.111           27.44
               2          -11.85           26.31
               3          -125.8           12.55
               4          -57.05           9.287
               5           12.73           8.372
               6           10.12           12.88
               7          -6.281           9.529
               8          -15.38           8.162
               9           22.88           8.559
              10           17.39            9.26
              11          -26.78           9.112
              12          -39.12           8.979
              13          -7.738           8.635
              14           3.698           9.275
              15          -1.059           9.153
              16          -20.31           9.277
              17          -3.674           7.819
              18           25.94           17.99
              19          0.5089            7.88
              20           -32.6           8.852
              21           10.53           8.144
              22           8.269           9.375
              23          -7.238           7.414
              24          -40.16           8.201
              25           19.88           8.421
              26           19.14           8.266
              27           -2.97           7.782
              28          -3.993            7.97
              29           25.46           10.01
              30           26.29           7.862
              31          0.5143           8.477
              32          -23.79            9.55
              33          -9.897            8.62
              34           32.27           10.14
              35           7.319           9.979
              36          -28.24           8.654
              37           6.771           8.481
              38           37.23           9.921
              39         -0.7143           9.085
              40          -15.71           8.563
              41            21.9           8.198
              42           28.74           10.33
              43          0.9931           9.331
              44          -7.243           9.422
              45           19.84           8.902
              46           28.19            8.73
              47           8.707           9.786
              48          -31.17           9.977
              49          -8.899           7.958
              50           6.463           13.61
              51          -8.264           7.549
              52          -59.12           8.602
              53         -0.9233           8.082
              54           18.89           8.939
              55          -4.045           7.363
              56          -26.22           8.149
              57           -5.35           8.694
              58           19.98           8.248
              59          -15.56            7.89
              60          -11.29           10.31
              61          -17.23           12.27
              62           25.46           7.582
              63           5.941           9.163
              64           1.831           9.074
              65           15.42           7.489
              66            26.2           13.12
              67           18.73           9.298
              68          -32.75           8.559
              69          -5.504           7.327
              70           14.36           10.71
              71          -8.531           8.348
              72          -12.12           8.267
              73           21.06           7.232
              74           33.91           9.394
              75          -4.283           8.293
              76          -12.45           7.882
              77          -2.004           7.482
              78          -3.052           8.206
              79           8.982           10.53
              80          -23.82           10.06
              81           1.255           7.543
              82           18.05           11.28
              83           10.55           7.421
              84          -13.97           8.761
              85           8.293           7.385
              86           20.97           8.245
              87          -5.491           7.084
              88           4.077            8.02
              89          -8.239           8.115
              90           16.78           7.642
              91          -9.169           7.663
              92          -9.951           7.529
              93         -0.3957           10.28
              94           16.09           7.345
              95          -2.353            9.66
              96          -39.77           8.699
              97           28.64           7.708
              98           29.93           12.08
              99           14.98           9.121
             100          -30.02           8.341
             101         -0.7434           7.587
             102           13.56           9.537
             103          -5.681            8.12
             104          -30.47            8.39
             105          0.1093            7.79
             106           2.439           8.823
             107           6.448           8.743
             108          -16.31           7.698
             109          -16.11           7.795
             110           10.78           9.138
             111           13.21           10.57
             112          -17.65           9.835
             113          0.1693           7.257
             114           7.507           10.25
             115           1.122           7.271
             116          -27.77           8.296
             117            6.08           7.158
             118            14.8           7.986
             119          -11.05           7.109
             120          -12.76           7.713
             121           4.761           8.099
             122           19.02           7.466
             123          -6.315           7.914
             124            -4.1           7.345
             125           3.027           12.92
             126          -1.968           7.791
             127           31.09           10.52
APV               11              11               4               1
               0           91.29           33.79
               1          -0.485           29.37
               2           -58.4           27.55
               3          -107.9            12.3
               4          -64.18           9.558
               5           4.802           8.947
               6          -16.72           12.32
               7           5.541           9.317
               8          -18.64           8.177
               9          0.1663           8.953
              10           -18.2           8.762
              11           2.962           9.055
              12           6.462           9.103
              13          -50.87           8.999
              14          -14.25           8.666
              15           15.78            9.14
              16           7.784           9.639
              17           21.36           8.056
              18          -23.37           19.75
              19           8.606           8.532
              20          -4.473           9.078
              21           5.502           8.244
              22          -7.442           10.81
              23           10.05           7.779
              24           1.197           8.382
              25          -15.76           8.466
              26          -5.928           9.273
              27           24.43           8.075
              28           14.21           8.026
              29          -47.42           10.18
              30           -18.5           8.779
              31         -0.3153           8.506
              32           19.13           9.675
              33            20.2           9.243
              34          -2.317           8.979
              35           9.443           9.138
              36          -17.58           8.536
              37          -5.016           9.036
              38          0.9673           9.115
              39           28.55           8.991
              40          0.4329           8.569
              41          -14.01           8.535
              42          -5.275           9.705
              43           21.05           9.236
              44           4.137           10.03
              45          -44.35            8.85
              46          -2.873           8.151
              47           5.506           9.435
              48          -11.74           10.06
              49           15.43           7.968
              50          -28.45           15.41
              51           12.35           8.167
              52          -39.99           8.712
              53         -0.6408           8.351
              54          -7.101           10.35
              55           23.91            7.81
              56           18.73           8.189
              57          -15.01           9.058
              58          -4.244           9.272
              59           17.45           8.121
              60           11.44           7.918
              61          -40.16            11.8
              62           -17.8           8.231
              63            22.6           8.916
              64          -2.983           9.288
              65           45.97           8.187
              66           1.544            13.9
              67           16.83              10
              68          -7.712           8.663
              69          -8.198           7.929
              70           9.541           11.28
              71          -6.723           9.107
              72          -9.946           8.463
              73          -9.495           7.726
              74          -1.143           9.901
              75           6.519           9.403
              76           25.07           8.602
              77          -18.41           7.656
              78           19.29           8.817
              79           30.32           9.523
              80          -21.33           10.16
              81           19.06           7.861
              82          -11.45           11.88
              83           9.641           7.548
              84          -17.42            9.08
              85          -3.791           7.523
              86          -8.848           8.536
              87           2.533           7.582
              88           7.282           8.151
              89          -35.22           8.478
              90           -1.75           7.827
              91           27.65            8.36
              92           33.31           7.777
              93          -41.44           10.94
              94           15.65           7.535
              95           30.69           9.024
              96          -9.574            8.79
              97            18.2           8.321
              98          -6.638            12.7
              99           22.26           10.14
             100          0.9276            8.49
             101          -22.91           8.149
             102          -17.38           9.893
             103           28.85           9.132
             104           5.479           8.496
             105          -19.63             7.9
             106         -0.6272           9.643
             107            33.5           9.501
             108           5.932           8.269
             109          -15.09           7.705
             110           7.001           9.694
             111           24.88           9.846
             112          -20.41           9.911
             113           20.19           7.616
             114          -25.72           10.77
             115           -13.6           7.525
             116          -8.767           8.395
             117          -22.92           7.387
             118          -4.797           8.251
             119           9.046           7.586
             120          -1.268           7.893
             121          -22.24           8.437
             122           6.871           7.656
             123           26.82           8.715
             124           31.92           7.575
             125          -36.64           13.54
             126           16.02           7.667
             127           47.01             9.8
APV               11              11               4               2
               0           76.91           32.66
               1          -37.69           27.65
               2          -41.13           25.93
               3          -96.67           12.93
               4          -71.76           9.807
               5          -50.66           8.261
               6          -11.34           12.09
               7           29.89           9.612
               8          -26.51           8.218
               9          -30.25           8.534
              10           13.67           8.774
              11           47.67           9.494
              12          -14.35           8.881
              13          -16.71           8.675
              14           19.22           8.949
              15           58.44           9.814
              16          -11.81           9.638
              17          -52.93           7.823
              18          -26.56           17.54
              19           13.71           8.581
              20          -24.88           8.867
              21          -49.62           8.011
              22          -4.369           10.51
              23           22.81           8.006
              24          -9.659           8.276
              25          -59.02            8.29
              26           15.92           9.214
              27           49.64           8.377
              28          -17.48           7.839
              29          -28.33           9.866
              30           3.213           8.727
              31            64.3           9.109
              32         0.04313           9.875
              33          -25.34           8.234
              34           3.042           8.906
              35           30.02           9.751
              36          -7.064           8.725
              37          -33.97            8.39
              38          -3.823           8.873
              39           54.74           9.525
              40          -22.24           8.541
              41          -19.03           8.145
              42           22.95           9.769
              43            55.3           9.633
              44          -15.45           8.817
              45          -19.95           9.358
              46            13.4           8.307
              47           54.57           10.14
              48          -14.88           9.933
              49          -44.66           7.729
              50           4.677            14.7
              51           30.78           8.364
              52          -25.75           8.639
              53          -32.72             8.1
              54           1.086           10.05
              55           54.67           8.152
              56          -33.94           8.081
              57          -37.74           8.683
              58           10.76           9.043
              59            50.9           8.396
              60          -21.39           7.711
              61          -39.25           11.22
              62           11.89           8.516
              63           82.81           9.768
              64           5.399           9.521
              65           2.319           7.333
              66           1.696           13.65
              67           36.21           10.43
              68          -10.88           8.828
              69          -32.47           7.454
              70            8.51           11.17
              71           45.32           9.389
              72          -12.38           8.504
              73          -27.49            7.32
              74            7.95           9.944
              75           63.12           9.926
              76          -15.57           7.698
              77          -20.13           7.852
              78           36.25           9.092
              79           74.67           10.56
              80          -11.66           10.08
              81          -41.66           7.511
              82          0.6732           10.82
              83           40.27           7.628
              84           -19.6            8.94
              85          -28.97            7.35
              86           17.36           8.249
              87           40.37           7.553
              88          -2.833           8.011
              89          -36.79           8.143
              90           10.02           7.715
              91           50.82           8.605
              92          -37.26           7.617
              93          -35.89           9.982
              94           20.84           7.476
              95           69.66           9.966
              96           7.779           9.318
              97          -17.23           7.516
              98           7.776            12.7
              99           28.53           10.45
             100          -21.14           8.621
             101          -43.88           7.814
             102          -5.471           10.05
             103           43.82           9.234
             104          -33.71           8.391
             105           -17.9           8.414
             106           30.69             9.8
             107           52.12           9.933
             108          -26.19           7.554
             109          -22.47           8.471
             110           41.85           10.27
             111           87.43           11.07
             112           5.083            10.1
             113          -28.42           7.369
             114          -11.63           10.07
             115           23.87           7.628
             116          -21.46           8.397
             117          -45.62           7.283
             118           8.806           8.027
             119           45.11           7.867
             120          -41.23           7.789
             121          -23.02           8.129
             122           29.45           7.637
             123            62.6           8.942
             124          -24.35           7.346
             125          -25.51           12.25
             126           28.12           7.491
             127           122.3           10.74
APV               11              11               4               3
               0           59.16           30.39
               1          -14.13           25.31
               2          -29.16           24.52
               3          -88.47            13.3
               4          -86.55           8.926
               5           -18.6           7.744
               6          -11.29           13.34
               7           22.59           9.281
               8          -47.44           7.521
               9          -6.597           7.936
              10           8.092           8.591
              11           32.95           8.959
              12           -18.2           28.99
              13          -30.99           9.045
              14           11.09           8.589
              15           31.59           8.752
              16          -46.19            9.03
              17          -32.66           7.308
              18          -34.81           18.57
              19           31.57           7.765
              20           -40.9           8.277
              21          -10.87           7.403
              22          -2.719           9.739
              23           39.89           7.144
              24          -38.55           7.629
              25          -1.124           7.444
              26           7.206           8.493
              27           49.44            7.48
              28          -21.23           7.183
              29          -19.89           8.856
              30           27.23           7.821
              31           49.21            8.12
              32          -29.08           8.826
              33          -3.145            8.08
              34           9.846           10.73
              35           19.23           9.682
              36          -41.37           7.941
              37          -14.09           7.937
              38           6.864           9.339
              39           41.81           8.976
              40          -45.04           7.938
              41          -27.05           7.429
              42           20.87           10.04
              43           48.34             9.2
              44          -25.76           8.638
              45          -4.972           8.599
              46          0.3159           7.989
              47            56.1           9.184
              48          -45.83           9.143
              49          -5.804           7.269
              50           4.641           14.11
              51           17.11           7.386
              52          -43.67           8.002
              53          -9.371           7.501
              54           11.46           9.234
              55           20.65            7.07
              56          -39.72           7.586
              57          -21.21            7.86
              58           11.86           8.318
              59           43.82           7.642
              60          -40.17            7.04
              61          -3.954           9.985
              62           23.11           7.549
              63           67.47           8.472
              64          -46.45            8.43
              65           5.051           7.161
              66           27.22            15.4
              67           30.83           11.12
              68          -40.62            8.07
              69          -13.83           6.904
              70          0.5067           12.01
              71           40.99           9.238
              72          -36.51           7.742
              73          -16.68           6.768
              74           17.64           10.43
              75           43.43           9.044
              76          -4.597           7.487
              77          -14.28           7.108
              78           31.65            9.25
              79           61.99           9.418
              80          -51.11            9.14
              81          -11.56           7.137
              82           1.872           10.51
              83           33.76           6.875
              84          -50.54           8.374
              85          -22.33           6.788
              86           18.61           7.476
              87           26.24           6.992
              88           -27.4           7.481
              89          -17.97           7.418
              90           26.42           6.974
              91           27.63           7.758
              92          -20.49           6.956
              93          -13.77           9.228
              94           14.04           6.756
              95           64.45           8.829
              96          -56.85           8.028
              97          -39.49           7.193
              98        -0.03407           13.64
              99           45.31           10.82
             100           -38.6           7.854
             101           7.696           7.132
             102           16.05           10.56
             103           45.38           9.064
             104          -29.39           7.877
             105          -7.697            7.14
             106           37.65            10.1
             107           33.04           9.193
             108          -21.94             7.2
             109          -1.973           7.284
             110           32.13           10.62
             111           64.54           9.617
             112          -60.51           9.003
             113           -26.5           6.943
             114         -0.1713           9.708
             115           28.31           6.951
             116          -41.48             7.8
             117          -5.273           6.709
             118          -1.033           7.297
             119           55.99           7.167
             120          -27.44           7.287
             121          -12.52           7.318
             122           31.85           6.865
             123           30.62           8.036
             124           -20.5           6.805
             125           5.175            11.7
             126           45.29           6.993
             127           82.89           9.402
APV               11              11               4               4
               0           108.8           28.71
               1          -15.99           21.95
               2           -15.4           19.35
               3          -59.64              14
               4          -69.17           9.508
               5          -55.45           8.205
               6          -1.051           11.99
               7           8.925           9.123
               8          -59.67           7.981
               9          -26.82            8.13
              10           29.59           8.798
              11           20.44           8.851
              12          -33.32           8.577
              13          -18.73           8.022
              14           41.48           8.638
              15            57.3           8.794
              16          -41.92           9.267
              17          -30.27           7.669
              18           1.291           16.94
              19           11.84           7.947
              20           -65.6           8.759
              21           -24.2           7.652
              22           12.35           10.07
              23           22.95           7.316
              24          -30.92            8.12
              25          -1.704            7.74
              26          -1.804           8.607
              27           26.65           7.699
              28          -36.68           7.622
              29          -10.01           8.978
              30           27.79           8.093
              31           55.38           8.308
              32          -31.95           9.417
              33          -37.74           8.364
              34        0.003467           8.574
              35           9.399           9.162
              36          -62.77           8.429
              37           -11.3           8.157
              38           17.85           8.975
              39           38.01           8.868
              40           -20.8           8.351
              41           -7.97           7.815
              42           35.68           10.02
              43           65.97           9.106
              44          -40.82           8.663
              45           7.522           8.647
              46           38.97           8.097
              47           61.92           10.87
              48          -67.35           9.604
              49          -21.57           7.669
              50           2.207           14.16
              51           24.93           7.543
              52          -56.28           8.357
              53          -34.66           7.666
              54           6.986            9.66
              55           21.71            7.18
              56          -53.64           7.865
              57             1.4           10.95
              58           11.51           8.294
              59           32.62           7.732
              60          -23.63           7.515
              61          -18.93           10.49
              62           28.25            7.82
              63           46.14           43.83
              64          -30.06           9.251
              65          -17.36             7.5
              66           29.93           13.65
              67           21.27           11.55
              68          -46.49           8.523
              69             1.9            7.13
              70            19.9           11.49
              71           34.64           9.212
              72          -18.12           8.013
              73          -7.179           7.242
              74           42.75           10.12
              75           51.87           9.684
              76           -26.9           7.676
              77          -9.909           7.322
              78           30.92           9.266
              79           58.41           9.413
              80          -52.38           9.744
              81          -21.97           7.445
              82           14.29            10.3
              83           21.37           7.146
              84          -34.74           8.881
              85          -17.46           7.105
              86           11.24           7.751
              87           20.76           7.191
              88          -43.52           7.823
              89          -11.52            7.74
              90           22.95           7.386
              91              36           8.396
              92          -20.74           7.325
              93          -9.197           9.898
              94           26.22            7.16
              95           82.26           8.976
              96          -44.32           8.455
              97          -21.09           7.469
              98           23.47           12.64
              99           26.11           10.51
             100           -48.4           8.292
             101          -4.006           7.554
             102           34.46           10.38
             103           44.26           9.066
             104          -43.82            7.99
             105          0.9009           7.937
             106           23.88           9.835
             107            48.8           9.838
             108          -22.81           7.452
             109          -25.15           7.803
             110           37.52           10.49
             111           83.56           10.54
             112          -44.45           9.492
             113          -12.96           7.164
             114           26.58           9.643
             115            26.3           7.333
             116          -41.87            8.21
             117          -17.55            7.01
             118            37.4           7.628
             119           29.54           7.128
             120          -30.09           7.563
             121          -15.77           7.736
             122           27.13           7.194
             123           60.19           8.736
             124          -37.37           7.086
             125           -10.8           12.26
             126           12.44           7.261
             127           121.2           34.29
APV               11              11               4               5
               0               0               0
               1               0               0
               2               0               0
               3               0               0
               4               0               0
               5               0               0
               6               0               0
               7               0               0
               8               0               0
               9               0               0
              10               0               0
              11               0               0
              12               0               0
              13               0               0
              14               0               0
              15               0               0
              16               0               0
              17               0               0
              18               0               0
              19               0               0
              20               0               0
              21               0               0
              22               0               0
              23               0               0
              24               0               0
              25               0               0
              26               0               0
              27               0               0
              28               0               0
              29               0               0
              30               0               0
              31               0               0
              32               0               0
              33               0               0
              34               0               0
              35               0               0
              36               0               0
              37               0               0
              38               0               0
              39               0               0
              40               0               0
              41               0               0
              42               0               0
              43               0               0
              44               0               0
              45               0               0
              46               0               0
              47               0               0
              48               0               0
              49               0               0
              50               0               0
              51               0               0
              52               0               0
              53               0               0
              54               0               0
              55               0               0
              56               0               0
              57               0               0
              58               0               0
              59               0               0
              60               0               0
              61               0               0
              62               0               0
              63               0               0
              64               0               0
              65               0               0
              66               0               0
              67               0               0
              68               0               0
              69               0               0
              70               0               0
              71               0               0
              72               0               0
              73               0               0
              74               0               0
              75               0               0
              76               0               0
              77               0               0
              78               0               0
              79               0               0
              80               0               0
              81               0               0
              82               0               0
              83               0               0
              84               0               0
              85               0               0
              86               0               0
              87               0               0
              88               0               0
              89               0               0
              90               0               0
              91               0               0
              92               0               0
              93               0               0
              94               0               0
              95               0               0
              96               0               0
              97               0               0
              98               0               0
              99               0               0
             100               0               0
             101               0               0
             102               0               0
             103               0               0
             104               0               0
             105               0               0
             106               0               0
             107               0               0
             108               0               0
             109               0               0
             110               0               0
             111               0               0
             112               0               0
             113               0               0
             114               0               0
             115               0               0
             116               0               0
             117               0               0
             118               0               0
             119               0               0
             120               0               0
             121               0               0
             122               0               0
             123               0               0
             124               0               0
             125               0               0
             126               0               0
             127               0               0
APV               11              11               4               6
               0           106.1           27.17
               1           -28.3           20.72
               2          -31.84           18.17
               3          -34.85           13.82
               4          -109.9            9.23
               5          -56.26           20.62
               6          -15.15           10.68
               7           53.58           9.058
               8          -63.37           7.624
               9          -38.39           22.63
              10           31.76           8.174
              11           88.73           9.075
              12          -45.24           8.005
              13           -17.2           22.71
              14           11.06           7.936
              15           91.48           9.423
              16           -48.1           8.898
              17          -41.41           7.559
              18          -20.45           14.61
              19           35.23           7.829
              20          -77.31           8.223
              21          -46.46           22.66
              22           6.066           9.412
              23           76.06           7.432
              24          -51.91           7.704
              25          -43.94           22.75
              26            10.3           8.265
              27           83.38           8.001
              28          -43.13           7.074
              29          -27.49           23.91
              30           28.81           7.682
              31           105.2           8.964
              32          -39.09           8.934
              33          -28.32           7.527
              34          -4.005            9.04
              35           55.18           9.449
              36          -44.85           8.218
              37          -37.23           23.09
              38            24.4           8.232
              39           88.24           8.964
              40          -55.43           7.796
              41          -36.79           22.27
              42          -4.094           8.925
              43           82.94           9.176
              44          -51.22           7.716
              45            -6.6           22.44
              46           40.28           7.696
              47            99.5           9.939
              48          -29.49           9.269
              49          -51.18           8.166
              50          -25.34           11.92
              51           62.79            7.61
              52          -70.18           7.992
              53          -23.31            23.4
              54           11.88           9.044
              55           68.73           7.333
              56          -54.04           7.463
              57          -20.37           23.33
              58           6.367             8.1
              59           86.37            8.03
              60          -51.18           6.896
              61          -14.98           23.74
              62           40.61            7.39
              63           106.2           9.367
              64          -37.06           8.611
              65          -10.23           7.339
              66          -1.872           13.17
              67           47.92           10.54
              68          -48.79            8.53
              69          -16.58           6.896
              70           3.137           11.39
              71           61.98           9.616
              72          -45.13           8.081
              73          -6.575           7.203
              74           9.549           9.965
              75           96.72           9.942
              76          -44.97           7.098
              77          -2.091           7.356
              78           45.13            8.93
              79           132.7           10.26
              80          -39.07           9.418
              81          -34.88           7.625
              82           13.52           9.211
              83           30.84           7.255
              84          -39.91           8.777
              85          -26.87           7.249
              86           5.095            7.41
              87           82.14           7.691
              88          -42.85           7.935
              89          -31.18           7.396
              90           34.97           7.033
              91           93.72           8.732
              92          -42.64           7.306
              93          -54.17           8.655
              94           25.07           6.769
              95           121.7           9.758
              96          -48.83           8.309
              97          -22.32            7.25
              98           6.451           12.18
              99           48.69           10.53
             100          -49.19           8.328
             101          -28.46           7.146
             102           21.46           10.29
             103           65.66           9.422
             104          -56.76           7.963
             105          -14.96           8.388
             106           7.461            9.61
             107           88.37           10.07
             108           -42.4           7.021
             109          -5.246           8.239
             110           34.31           9.835
             111           142.7           10.77
             112          -61.62            9.15
             113          -35.21           7.372
             114            20.6           8.644
             115           36.92           7.216
             116          -73.85           8.087
             117          -51.83           6.993
             118            17.2           7.253
             119           77.01           7.755
             120          -38.31           7.595
             121          -24.54           7.352
             122           24.67           7.001
             123           79.33            9.06
             124          -31.85           7.202
             125          -10.25           10.28
             126            47.3           7.234
             127           169.7           10.67
APV               11              11               4               7
               0           149.7            29.5
               1           5.545           22.14
               2          -20.51           20.31
               3           -36.2           16.16
               4          -78.88           9.828
               5          -62.65           8.312
               6          -1.634           11.72
               7           39.63           9.081
               8          -31.04           7.972
               9          -47.07           8.217
              10           17.26           8.408
              11           27.19           8.667
              12           -59.9           8.358
              13           -8.56           8.365
              14           32.22           8.562
              15           56.39            9.29
              16          -22.17           9.243
              17          -55.23           7.668
              18          -10.04           17.53
              19           45.13           8.376
              20          -42.57           8.661
              21          -46.69           7.846
              22           -2.05           10.61
              23           34.28           7.568
              24           -30.1           8.036
              25          -9.403            7.84
              26           33.65           9.007
              27           51.73           7.729
              28          -40.66           7.611
              29          -41.01           9.351
              30           34.84           8.245
              31           35.07           8.428
              32           -15.8           9.175
              33          -39.95           8.293
              34           -15.9            8.96
              35           49.56           9.265
              36           -49.4           8.402
              37          -27.83            8.26
              38           30.97           8.766
              39           49.05           8.742
              40           -46.8           8.116
              41          -21.49           7.784
              42           34.04           9.447
              43           64.79           9.056
              44          -40.45           8.928
              45          -14.36           8.623
              46           37.35           8.129
              47              60           9.619
              48          -34.92           9.523
              49          -35.98           7.598
              50          -16.83              14
              51           61.91           8.033
              52          -37.27           8.451
              53          -27.09           7.717
              54           12.07           9.921
              55           53.93           7.489
              56          -46.89            7.82
              57          -13.27           8.233
              58           34.37            8.94
              59           52.94           7.753
              60          -44.69           7.483
              61          -36.38            10.5
              62            47.3            8.18
              63           68.02           9.018
              64             -40            8.77
              65          -20.56           7.404
              66          -3.214           13.89
              67           61.64           10.55
              68          -41.62           8.236
              69          -38.69           7.305
              70           20.74           11.25
              71           65.42           9.305
              72          -41.39           7.829
              73          -28.73           7.036
              74            41.6           9.857
              75           59.35           9.246
              76          -34.69           7.688
              77          -20.35           7.431
              78           32.31           8.751
              79           61.15           9.849
              80          -32.38           9.599
              81          -24.13           7.426
              82           9.709           10.62
              83           51.08           7.426
              84           -37.9           8.637
              85          -25.63           7.179
              86           1.897           7.948
              87           44.66           7.389
              88          -33.51            7.73
              89          -18.37           7.833
              90           39.78           7.579
              91           41.89           8.038
              92          -41.08           7.146
              93          -27.61           9.893
              94           52.39           7.417
              95           75.21           9.353
              96          -44.83           8.315
              97             -26           7.611
              98          -3.775           12.32
              99            60.5           10.41
             100          -38.72           8.175
             101          -26.37            7.56
             102           31.82           9.882
             103           64.23           8.968
             104          -25.36           7.916
             105          -29.86            7.51
             106           29.08           9.681
             107           83.01           9.683
             108          -37.21           7.482
             109          -5.377           7.686
             110           47.04           9.897
             111           78.94           10.22
             112          -40.02           9.456
             113           -29.4           7.218
             114          -22.16           9.786
             115           33.77           7.374
             116           -57.6           8.129
             117          -42.73           6.979
             118           34.72           7.867
             119           36.48           7.372
             120          -38.66           7.494
             121          -7.348             7.7
             122           33.69           7.357
             123           49.32            8.33
             124          -48.92           7.093
             125          -38.78           12.62
             126           27.28           7.582
             127           92.22           10.18
APV               11              11               4               8
               0             111            30.8
               1          -57.34           25.08
               2          -41.68           23.05
               3          -74.71           14.39
               4          -77.13           9.593
               5          -59.95            8.62
               6          -4.785            12.7
               7           74.31           9.582
               8          -57.16           7.999
               9          -27.45           8.613
              10            25.1           9.159
              11             104           9.681
              12          -33.51           8.689
              13          -23.96           8.742
              14           30.19           9.234
              15           86.66            9.38
              16          -28.86            9.21
              17          -35.55            7.82
              18          -23.19           18.07
              19           42.39           8.467
              20          -75.35           8.744
              21          -53.01           8.204
              22          -17.52           10.37
              23            63.2           7.851
              24          -48.96           8.116
              25           -43.2           8.105
              26           28.69           9.115
              27           101.8           8.329
              28          -51.46           7.724
              29          -54.45           9.224
              30           44.09           8.379
              31            74.9           8.624
              32          -11.16           9.386
              33          -46.73           8.546
              34          -2.034           9.537
              35           51.77           9.768
              36           -61.8           8.446
              37          -65.28           8.628
              38           9.085            9.51
              39           82.21           9.046
              40          -57.17            8.42
              41          -31.18           8.127
              42           38.09           10.21
              43           104.4             9.7
              44          -26.76           9.134
              45          -10.35            8.82
              46           41.81            8.57
              47            99.4           9.842
              48           -60.2           9.652
              49          -51.21             7.8
              50          -15.61           14.62
              51           46.83           8.085
              52           -56.7           8.555
              53          -50.43           8.217
              54           8.502           9.909
              55            85.1            7.66
              56          -49.69           8.039
              57          -18.37           8.529
              58           26.61           8.837
              59           93.38           8.437
              60          -47.32           7.675
              61          -40.75           10.46
              62           46.14           8.055
              63           98.84           9.176
              64          -43.29           8.897
              65          -37.31           7.497
              66           17.48           15.05
              67            69.5           10.97
              68          -61.55            8.34
              69          -40.62           7.292
              70           11.27           11.97
              71             101           9.784
              72          -39.05            8.04
              73          -8.633           7.343
              74           48.02            10.4
              75           99.72           9.856
              76          -53.33           7.866
              77           -7.17           7.582
              78           55.93           9.733
              79           114.8           10.18
              80          -45.55           9.759
              81          -44.81           7.598
              82          -10.27           10.78
              83              39           7.425
              84             -61           8.651
              85          -36.66           7.245
              86           3.914           7.972
              87            73.2           7.678
              88          -40.52           7.847
              89          -30.29           7.922
              90           37.42           7.577
              91           107.6           8.833
              92          -36.46           7.323
              93          -22.49           9.718
              94           49.49           7.325
              95           121.5           9.584
              96             -48           8.468
              97          -41.19           7.677
              98           18.25            13.6
              99           67.93           10.81
             100          -46.74           8.252
             101          -36.18           7.668
             102           26.31           10.83
             103            96.1           9.563
             104          -48.08           8.134
             105          -5.098           7.691
             106           28.21           9.961
             107           104.7           10.12
             108          -49.27            7.52
             109          -18.31           7.782
             110           39.29           10.77
             111           127.3            10.7
             112          -76.44            9.49
             113          -33.85           7.381
             114           10.61           10.13
             115           37.53           7.437
             116          -48.96           8.207
             117          -24.77           7.103
             118          -3.838           7.743
             119           97.94            7.88
             120          -45.81           7.552
             121          -23.03           7.806
             122           28.52           7.408
             123           75.29           9.085
             124           -45.3           7.172
             125          -21.48           12.27
             126           54.42           7.669
             127           157.2           10.41
APV               11              11               4               9
               0           161.7           30.34
               1           11.72           24.15
               2          -17.29           21.17
               3          -102.5           14.92
               4          -35.74           9.316
               5          -19.28           8.026
               6          -15.61           10.51
               7           -5.16           8.551
               8          -14.67           7.477
               9          -20.22           7.963
              10          -41.85           7.928
              11           25.77           8.777
              12           -16.2           8.047
              13          -11.14           7.985
              14          -12.38           7.869
              15           23.48           8.846
              16           30.14           8.729
              17          -7.159           7.305
              18          -28.32           17.59
              19            3.93           8.422
              20          -11.87           8.019
              21          -24.56           7.433
              22          -20.15           9.785
              23           9.546           7.525
              24          -17.18           7.576
              25          -32.37           7.566
              26          -40.82           8.604
              27           15.19           7.915
              28         -0.6612           7.261
              29          -19.65           8.828
              30          -5.945           8.072
              31           46.48           8.522
              32           17.79           8.637
              33           11.99           8.043
              34          -4.084           8.232
              35           10.26           8.529
              36          -8.635            7.95
              37          -27.01           8.023
              38          -1.798           8.122
              39           8.147           8.383
              40           4.711           7.844
              41          0.4163           7.641
              42           4.605           8.539
              43           37.02            9.06
              44         -0.8421            8.38
              45          -16.89           8.251
              46          -10.67           7.605
              47           69.35           9.379
              48           16.88           9.207
              49          -11.61           7.357
              50          -23.66           13.21
              51          0.7301           7.947
              52          -28.32           7.847
              53          -21.01           7.357
              54          0.8271           9.393
              55           18.06           7.514
              56           0.353           7.361
              57           -24.7           7.841
              58          -8.545           8.496
              59           28.04           7.907
              60           19.87           7.157
              61          -13.24           10.03
              62         -0.9563           7.858
              63           58.09           9.088
              64           14.23           8.137
              65          -10.54           7.079
              66          -19.17           12.19
              67           1.541           9.724
              68            7.27           7.923
              69           14.63           7.102
              70          -13.15           9.932
              71           14.71           8.669
              72           7.318           7.711
              73          -18.38           7.015
              74          -12.71           9.044
              75           40.93           9.166
              76          0.7481           7.329
              77          -17.89           7.062
              78           4.371           8.333
              79           66.86           9.593
              80           31.21           9.061
              81          -10.82            7.09
              82           6.148           10.03
              83           4.037           7.366
              84          -5.547           8.159
              85          -6.965           6.864
              86          -30.45           7.558
              87           13.19           7.326
              88          -6.341           7.453
              89          -7.497           7.469
              90          -5.658           7.281
              91           24.73           8.317
              92           27.28           7.097
              93           -24.3           9.145
              94          -8.085           7.033
              95           80.25           9.306
              96         -0.1608            7.83
              97          -14.58           7.151
              98          -11.26           11.31
              99           23.68           9.859
             100          -3.663           7.741
             101          -15.05            7.24
             102          -6.875           9.152
             103           26.98           8.659
             104           2.293           7.621
             105           -4.09           7.521
             106           -11.7           8.911
             107           56.46           9.525
             108           6.252           7.245
             109          -7.293           7.353
             110         -0.2552           8.966
             111              93           10.08
             112           11.19           8.863
             113          -1.571           6.895
             114         -0.6826           9.364
             115           5.124           7.297
             116           6.293           7.698
             117             -11           6.768
             118          -18.71           7.405
             119           20.61           7.393
             120          -7.328           7.172
             121          -7.852           7.422
             122         -0.7399           7.134
             123           54.54           8.734
             124         -0.7731           6.791
             125          -11.57           11.27
             126         -0.0274           7.432
             127           122.4           10.16
APV               11              11               4              10
               0           186.6           31.22
               1          -57.69            24.7
               2          -24.91           21.77
               3          -43.25           12.64
               4          -95.31           9.307
               5          -97.65           7.894
               6          -9.029           8.368
               7           64.77           8.585
               8           -55.3           8.122
               9          -37.12           7.785
              10           3.085           7.846
              11           87.73           8.896
              12          -56.15           8.441
              13          -35.12           7.887
              14           45.31           7.798
              15           124.5           9.323
              16            40.9           10.65
              17           -66.1           7.884
              18           1.763           13.05
              19           61.93           7.995
              20          -25.62           9.441
              21          -61.89           7.703
              22          -5.177           8.465
              23            66.3           7.794
              24          -59.01           8.628
              25          -50.43           7.724
              26           21.12           7.823
              27           104.6           8.576
              28          -60.28           7.814
              29          -23.24           8.926
              30           49.81           7.856
              31             118           8.925
              32           11.44           10.31
              33          -63.99           7.825
              34          -17.54           7.832
              35           58.31           8.025
              36          -47.99           8.585
              37          -71.33           7.603
              38           27.16            7.65
              39           75.89            8.64
              40          -44.45           8.286
              41          -48.62           7.804
              42            29.1           8.124
              43           102.2           9.215
              44          -61.84           7.817
              45          -17.43           10.76
              46           62.82           7.955
              47           149.3           9.762
              48          -21.77           11.47
              49          -73.46            7.87
              50          -4.269           10.72
              51           61.82           7.673
              52          -54.94             9.1
              53          -58.71           7.698
              54           9.622           8.196
              55           77.81           13.46
              56          -68.64           8.403
              57          -53.97           7.695
              58           28.76           7.938
              59           104.8           8.588
              60          -79.98           7.676
              61          -40.95           9.832
              62           48.47           7.727
              63           148.1           9.455
              64           9.715           9.487
              65          -72.95           7.059
              66           7.127           7.502
              67           75.05           8.469
              68          -35.85           8.439
              69          -66.18           6.943
              70           22.73           7.577
              71           61.76           8.403
              72          -54.93           8.032
              73          -46.16           7.035
              74           10.49           7.403
              75           116.7           9.479
              76          -63.08           7.286
              77          -11.18           9.189
              78            37.9           7.502
              79           145.2           9.946
              80          -21.91           10.72
              81          -86.27           7.556
              82         -0.3428           8.143
              83            67.4           12.51
              84          -71.23           9.015
              85           -58.6            7.24
              86          -2.664           7.037
              87           93.87           10.75
              88          -50.59           8.157
              89          -37.29           7.276
              90           38.35           7.077
              91           102.5           9.051
              92           -64.6           7.458
              93          -23.24           9.233
              94            49.6           7.101
              95           150.6           9.731
              96          -24.68           9.226
              97          -60.48           6.999
              98           16.35           8.027
              99           80.69           9.157
             100          -59.55            8.26
             101          -62.49           7.128
             102           12.57           7.455
             103           92.64           8.599
             104          -65.24           7.811
             105          -35.24           10.83
             106           45.06           7.683
             107           135.4           9.671
             108           -51.4            7.09
             109          -32.12           10.47
             110           61.79            7.75
             111           191.5            10.5
             112          -24.32           10.39
             113          -60.33           7.491
             114           18.62           7.858
             115           61.47           7.597
             116          -64.69           8.783
             117          -59.29           6.945
             118           22.57           6.944
             119           111.2           7.998
             120          -67.74           7.907
             121          -33.13           7.488
             122           59.39           7.042
             123           131.4           9.265
             124          -75.17           7.227
             125          -27.84           9.804
             126           70.45           7.605
             127           195.9           10.66
APV               11              11               4              11
               0           104.6           31.57
               1           14.13           25.73
               2          -25.06            24.1
               3          -93.81           13.43
               4          -102.5           9.657
               5          -7.177           8.423
               6          -29.39           11.28
               7           30.05           9.691
               8          -49.24           8.186
               9           6.619            8.46
              10          -29.12           8.871
              11           75.82           9.581
              12          -33.78           8.696
              13           4.467           8.324
              14           -4.46           8.552
              15           79.19           9.601
              16          -35.11           9.547
              17          -11.96           8.191
              18          -25.17           22.44
              19           16.49           8.729
              20          -66.77           8.767
              21           4.077           7.979
              22          -25.03           12.02
              23           48.33            7.86
              24          -31.08           8.376
              25           6.333           8.154
              26           -6.04           9.445
              27           65.66           8.377
              28          -45.85           7.971
              29           5.096           9.078
              30          -14.15           8.454
              31           68.62           8.765
              32          -62.59           9.495
              33           4.768           8.453
              34          0.7173            10.1
              35           28.62           9.278
              36          -52.51           8.564
              37           9.543           8.375
              38          -7.803           9.221
              39           42.33           9.267
              40          -44.45           8.417
              41           20.87           8.253
              42          -13.14           9.475
              43           39.32           9.573
              44          -24.59           8.602
              45          -3.312           9.011
              46          -3.235            8.33
              47           86.74           10.01
              48          -45.45           10.19
              49          -5.698            8.14
              50          -12.58           17.19
              51           33.88           8.116
              52          -68.27           8.579
              53          -10.56           8.071
              54          -27.26           10.62
              55           55.33           7.818
              56          -36.57           8.258
              57           4.237           8.458
              58           2.521           9.175
              59           77.89           8.443
              60          -20.56           7.759
              61           4.533           10.04
              62           11.37           8.105
              63           67.31           9.198
              64          -51.08           9.588
              65           6.003           7.772
              66          -30.77            13.1
              67           28.31            10.4
              68          -43.07           8.573
              69           12.97           7.411
              70          -24.54           11.06
              71           44.47           9.561
              72          -33.47           8.194
              73           5.082           7.569
              74          -11.29            10.1
              75           72.09            9.61
              76          -32.03           7.691
              77           6.856           7.774
              78           22.14           9.013
              79           88.79           10.32
              80          -52.69            31.6
              81          -1.754           7.573
              82          -5.725           10.58
              83           17.01           7.351
              84          -51.26           9.215
              85          -1.343           7.414
              86          -15.32           7.481
              87           51.06           7.579
              88          -40.87           8.003
              89           7.167           7.667
              90          0.6373            7.26
              91           83.16           8.519
              92          -11.58             7.5
              93           15.92           9.521
              94           23.21           7.068
              95             103           9.869
              96           -48.7           9.489
              97           5.459            7.63
              98          -9.991           12.09
              99              21           10.57
             100          -44.33           8.478
             101           10.47            7.73
             102          -21.96           10.11
             103           71.24           9.716
             104          -46.12           7.994
             105          -17.43           8.536
             106           -5.33           9.971
             107           84.37           9.925
             108          -22.43           7.547
             109           -2.27           8.336
             110            35.5           10.01
             111           98.71           10.65
             112          -46.46           9.998
             113           1.831           7.682
             114          -17.03           9.294
             115           38.31           7.441
             116          -55.49           8.383
             117          -2.891           7.075
             118          -26.85           7.283
             119           56.34            7.75
             120          -34.57           7.848
             121         -0.6351           7.563
             122            3.65           7.163
             123           84.33           8.777
             124          -33.75           7.289
             125           4.369           11.53
             126           19.63           7.402
             127           125.6           10.65
APV               11              11               5               0
               0           52.28           34.22
               1          -18.92           30.91
               2          -8.994           29.15
               3          -97.81           11.81
               4          -99.01           9.335
               5          -32.46           31.97
               6          -12.08           12.45
               7           39.16           9.034
               8          -52.63           8.233
               9          -18.31           9.474
              10          -8.931           9.108
              11           50.99           8.973
              12          -28.75           9.122
              13          -11.15           11.68
              14           20.39           8.884
              15           81.36           9.277
              16          -39.98           9.575
              17           -38.3            7.84
              18            3.08           19.06
              19           7.144           8.323
              20          -69.32           9.083
              21          -34.79           10.08
              22          -7.627           10.44
              23           33.21           7.654
              24          -57.13           8.588
              25          -13.35           10.04
              26           8.661           9.196
              27            47.1           7.911
              28           -29.5           8.435
              29          -11.33           13.62
              30            7.24           8.541
              31           76.17           8.606
              32          -39.25           9.449
              33          -22.82           8.528
              34            6.37           9.668
              35           28.39           9.104
              36          -56.74            8.57
              37           -27.5           8.817
              38            12.5            9.25
              39           40.14           8.785
              40          -40.75           8.607
              41          -25.17            10.4
              42           9.294           9.933
              43           61.48           9.322
              44          -50.14           9.272
              45          -17.69           13.92
              46           18.08           8.323
              47           67.38           9.734
              48          -26.49           10.26
              49          -33.87           9.544
              50           10.12           14.81
              51           15.11           7.905
              52           -65.5           8.899
              53          -38.16           9.135
              54          -10.24           10.19
              55           52.96           7.567
              56          -51.63           8.492
              57          -3.271           11.26
              58           18.66           9.025
              59           54.95           7.987
              60          -34.16           8.496
              61          -15.07           17.35
              62           31.29           8.233
              63           91.34           9.204
              64          -43.34            9.03
              65          -9.049           7.342
              66           21.72            14.1
              67           34.08           10.01
              68          -59.94           8.311
              69          -12.31           7.056
              70           21.46           11.21
              71           35.23            9.03
              72          -40.86           8.065
              73           20.16           7.201
              74           27.32            9.83
              75           77.83           9.519
              76          -37.22           7.925
              77          -19.16           7.272
              78           20.83           8.893
              79           93.87           10.25
              80          -58.79           10.15
              81          -10.74           7.385
              82         0.03573           10.78
              83           31.66           7.296
              84          -50.32           8.866
              85          -11.41           7.148
              86           6.242           7.913
              87            51.8           7.722
              88           -45.3           8.072
              89           2.871           7.985
              90          -1.429           7.504
              91           70.33           8.465
              92          -30.11           7.304
              93          -19.54           10.09
              94           38.68           7.347
              95           104.5           9.888
              96          -29.79           8.744
              97          -28.83           7.151
              98           22.73           12.69
              99           40.14           10.13
             100          -44.73           8.274
             101          -3.909           7.291
             102           34.75           9.778
             103           49.48           10.74
             104          -40.27           8.149
             105         -0.7273           7.988
             106           14.95           9.594
             107           81.61           9.986
             108          -6.389           7.521
             109          -2.364            7.81
             110            37.3           9.791
             111           117.8           10.84
             112          -59.79           9.828
             113         -0.2059           7.295
             114           5.939           10.03
             115           32.91            7.37
             116          -51.38           8.428
             117           -23.1           7.041
             118           6.674           7.788
             119           46.99           7.765
             120          -27.38           7.781
             121          -8.215           7.983
             122           2.634           7.392
             123           71.59           8.917
             124          -24.75           7.095
             125          -11.79           12.74
             126           35.19           7.791
             127           118.7           10.95
APV               11              11               5               1
               0           47.39           34.37
               1          -16.15           30.25
               2          -28.54           28.68
               3          -122.3           12.86
               4          -71.21           9.661
               5          -33.34           8.283
               6          -13.67           13.86
               7           8.755           9.819
               8           -31.2           8.447
               9          -25.49           8.561
              10          -6.491           9.723
              11            53.8           9.642
              12          -24.67           9.388
              13           -5.93           8.654
              14           18.72           9.587
              15           50.57           9.299
              16          -55.62            9.74
              17          -36.61            8.08
              18          -4.778           19.18
              19          -11.56           8.219
              20          -53.51           9.233
              21          -37.19           8.163
              22          0.4796           10.69
              23           36.11           7.793
              24          -25.41           8.617
              25          -23.87           8.427
              26           23.54           9.277
              27           51.39           8.333
              28          -32.71            8.15
              29          -11.48           9.968
              30          -5.722            8.54
              31           43.82           8.663
              32          -41.82           9.874
              33          -26.46            8.68
              34          -16.12           9.935
              35           4.227            9.98
              36          -53.45           8.925
              37          -23.59           8.499
              38           6.288           10.15
              39           20.92           9.327
              40          -42.62           8.785
              41           3.567            8.16
              42           12.58           10.88
              43           52.46           9.703
              44          -36.77           9.522
              45          -1.056           9.231
              46           26.44            8.88
              47           64.03           9.867
              48           -51.8           10.36
              49          -30.92           8.085
              50          -11.82           15.79
              51           9.253            7.91
              52          -40.85           9.056
              53          -15.08            8.26
              54            17.5           10.11
              55           40.42           7.644
              56          -32.53            8.53
              57           -12.5           8.917
              58           16.21           8.991
              59           49.72           8.351
              60          -17.64           8.002
              61          -34.66           11.08
              62           23.37           8.072
              63           72.81           9.269
              64          -16.15           9.467
              65           -5.13           7.491
              66           19.17           15.76
              67           22.92           11.11
              68          -23.41            8.67
              69          -1.208           7.454
              70           14.66           12.68
              71           32.72           9.565
              72          -32.12           8.496
              73          -5.124           7.439
              74           6.242           10.91
              75           66.03           9.758
              76          -17.93           8.278
              77          -22.56           7.771
              78           26.61           9.817
              79           71.71           10.57
              80          -41.54           10.47
              81           2.949           7.668
              82           6.476           11.38
              83            31.4           7.482
              84          -19.77             9.4
              85          -17.78           7.405
              86           17.67           8.294
              87           33.14            7.56
              88          -37.81           8.144
              89          -5.674           8.352
              90           15.01           7.649
              91           72.83           8.679
              92          -31.78           7.611
              93          -19.94           10.74
              94           6.971           7.506
              95           63.71           9.981
              96          -33.94           8.972
              97          -9.072           7.641
              98           17.64           14.17
              99           20.17           11.01
             100          -57.33           8.614
             101          -4.389           7.812
             102           22.46           11.27
             103           39.32           9.318
             104          -25.12           8.555
             105           3.416           8.319
             106           31.74           10.58
             107           60.33           9.853
             108           3.004           7.899
             109          -2.379           8.349
             110           29.38           11.28
             111           78.84           10.99
             112          -52.67           10.11
             113          -11.59           7.547
             114           5.552           10.43
             115           15.66           7.487
             116           -21.7           8.653
             117          -3.972           7.275
             118           23.21           7.956
             119           19.88           7.547
             120          -29.39           7.917
             121          -12.62           8.189
             122           26.64             7.5
             123           59.98           8.932
             124           2.365           7.483
             125          -1.985           13.43
             126           25.71           7.831
             127           90.46            10.9
APV               11              11               5               2
               0           80.85           33.32
               1          -26.92            29.2
               2          -39.74           26.65
               3          -90.95           10.55
               4           -49.8           8.839
               5           -39.1           7.611
               6          -20.19           9.394
               7           40.12           8.454
               8          -46.44           7.423
               9          -11.91           7.423
              10          -10.23           7.647
              11           73.55           8.673
              12          -38.68           8.152
              13          -15.08           7.412
              14           26.56           7.703
              15           74.36            9.05
              16          -20.32           8.924
              17          -34.08           7.044
              18          -10.72           15.89
              19           19.03           7.854
              20          -18.66            8.51
              21          -21.68           7.125
              22          -29.57           9.467
              23           46.44           7.403
              24          -51.35           7.661
              25          -46.22           7.324
              26         -0.1892           8.413
              27           70.99           7.888
              28           -41.8           7.305
              29          -27.27           8.943
              30           7.037           7.925
              31           95.55           8.535
              32           1.629           9.106
              33          -15.47           7.964
              34          -3.209           7.302
              35           48.06           7.994
              36          -43.06           8.001
              37          -34.85           7.453
              38          -24.96           7.661
              39           65.87           8.428
              40          -53.04           7.715
              41          -21.52           7.331
              42           7.299           8.144
              43           61.98           8.703
              44          -45.61            8.54
              45          -22.71           8.672
              46           15.46           7.462
              47           106.4           9.489
              48          -16.68            9.82
              49          -13.84           7.197
              50          -31.51           12.98
              51           30.41           7.531
              52          -43.11           8.165
              53          -26.39            7.22
              54          -8.336           9.037
              55           51.09           7.332
              56          -36.24           7.599
              57          -19.99           7.544
              58           15.41            8.32
              59           76.05           7.903
              60          -37.43           7.165
              61          -17.65           10.01
              62           12.26           7.627
              63           94.37           8.964
              64          -18.33           8.659
              65          -5.257           7.129
              66          -7.779            9.82
              67           26.85           8.649
              68          -22.84           7.945
              69          -21.72           6.773
              70           20.68           9.021
              71           68.57            8.39
              72          -39.44           7.623
              73          -22.02            6.83
              74           11.27           7.996
              75              86           8.987
              76          -33.54           7.624
              77          -1.343           7.793
              78           40.51           7.634
              79           103.5           9.504
              80           -5.11           9.726
              81          -18.62           6.938
              82          -11.07           9.809
              83           57.28            7.26
              84          -27.84           8.525
              85          -18.52            6.67
              86          -6.513            7.45
              87            70.8           7.201
              88          -37.53           7.374
              89          -10.06           7.363
              90            13.8            6.96
              91           75.35           8.182
              92          -21.68           6.922
              93          -14.84           9.619
              94           36.85           6.944
              95           117.5           9.188
              96          -31.24           8.132
              97          -12.93           7.215
              98           9.911           9.542
              99           41.23            9.22
             100          -22.86           7.794
             101          -17.32           7.024
             102           9.363           8.364
             103           64.88           8.344
             104          -24.95           7.743
             105           1.397           8.899
             106           14.75           8.067
             107            92.8           9.257
             108          -47.02            7.31
             109          -4.786           8.688
             110           40.17           8.293
             111           125.4           9.953
             112          -31.17           9.522
             113          -29.08           6.836
             114           -3.11           9.137
             115           61.61           7.159
             116          -53.22           7.887
             117           -27.6           6.546
             118           11.99           7.278
             119           61.56            7.26
             120          -33.77           7.227
             121          -23.58           7.449
             122           15.38           6.908
             123           88.15           8.628
             124          -30.21           6.691
             125          -22.55           11.72
             126           30.82           7.299
             127             158            9.93
APV               11              11               5               3
               0           69.01           33.74
               1          -34.84           30.01
               2          -11.86           35.84
               3          -111.9           13.21
               4          -81.35           9.502
               5          -52.52           8.305
               6           5.595           12.71
               7           38.85           9.637
               8          -65.56           8.254
               9          -11.04           8.405
              10           2.018           9.171
              11           38.85           9.725
              12          -23.79           9.041
              13          -2.199           8.484
              14           26.27           9.123
              15            47.8           9.733
              16          -48.22           9.317
              17          -49.14           7.967
              18          -3.856           18.21
              19           18.49           8.142
              20          -73.06           8.882
              21          -22.88             8.2
              22           11.35           9.915
              23           33.68           7.714
              24           -51.2           8.268
              25          -36.44           8.298
              26            17.8           8.778
              27           55.13           8.291
              28          -55.24           7.942
              29          -21.06           9.699
              30           17.09           8.183
              31           60.05           8.997
              32          -25.57            9.46
              33          -26.54           8.563
              34           11.41            9.96
              35            23.2           9.828
              36          -61.26           8.564
              37          -27.05           8.305
              38           13.31           9.404
              39            30.5           9.263
              40          -33.06           8.547
              41           -17.2           7.962
              42           30.75           10.29
              43           58.82           10.17
              44          -34.55           9.399
              45           3.459           8.786
              46           32.59           8.704
              47            65.1           10.26
              48          -55.75           9.795
              49          -30.65            8.05
              50         -0.0264           13.69
              51           26.62            7.85
              52           -69.7           8.727
              53          -38.85           8.089
              54           7.483           9.647
              55            38.5           7.496
              56          -37.34           8.112
              57          -15.46           8.718
              58           22.08           8.512
              59           35.17           8.381
              60          -45.69           7.822
              61          -22.89           10.88
              62           32.66            7.82
              63           81.93           9.626
              64          -61.09           9.007
              65          -22.67           7.547
              66           12.71           14.76
              67           27.34           10.98
              68          -55.19            8.57
              69          -11.14           7.389
              70           27.61           11.75
              71           34.59           9.943
              72          -22.81           8.244
              73          -5.852           7.282
              74            48.3           10.28
              75           62.91            9.86
              76           -41.1           8.116
              77           15.22            7.49
              78           28.49           9.179
              79           80.64           10.79
              80          -49.76           9.812
              81          -49.35           7.507
              82           20.29           10.55
              83           22.76           7.379
              84          -69.23           8.934
              85          -27.79           7.362
              86           4.846           7.871
              87            58.6           8.044
              88          -25.78           7.996
              89          -9.146           8.091
              90           29.83            7.46
              91            46.2           8.631
              92          -36.62           7.504
              93          -5.425           10.26
              94            53.7           7.283
              95            86.8           10.19
              96          -48.45           8.651
              97          -45.23           7.633
              98           15.99           13.16
              99           21.55           10.76
             100          -48.76           8.368
             101          -26.91           7.608
             102           31.92           10.72
             103           49.52           9.979
             104          -52.58           8.393
             105           12.15           8.096
             106           46.54           9.922
             107           71.72           10.22
             108          -22.39             7.9
             109           6.041           7.857
             110           32.59           10.43
             111           113.8           11.35
             112          -66.19           9.524
             113          -11.01           7.452
             114           14.75           9.839
             115           23.97           7.376
             116           -53.3           8.387
             117          -12.22           7.367
             118           18.67            7.51
             119           52.12           7.926
             120          -41.84           7.723
             121           -8.14           8.113
             122           42.11           7.242
             123           79.03           9.211
             124          -54.99           7.268
             125           -18.5            12.9
             126           40.76           7.617
             127           141.1           11.34
APV               11              11               5               4
               0           109.8           30.03
               1           6.798           24.51
               2          -15.48           22.65
               3          -97.04           13.36
               4          -48.63           9.658
               5          -50.97           8.489
               6          -12.76           13.16
               7           10.38           9.826
               8          -22.26           8.233
               9          -10.44           8.635
              10           23.57           9.302
              11           2.747           9.515
              12          -27.03           8.994
              13           1.433           8.715
              14           14.91            9.08
              15           55.98           9.875
              16          -5.131           9.497
              17          -29.62           7.967
              18           7.666           19.14
              19          -12.51           8.479
              20          -37.03           9.002
              21          -9.421           8.164
              22          -6.922            10.8
              23           14.07           8.038
              24          -18.27           8.315
              25          -23.01           8.254
              26          -9.731           9.296
              27           34.17           8.459
              28           -27.8           7.909
              29           -7.48           9.605
              30          -1.463           8.654
              31           68.37           9.081
              32          -2.612           9.625
              33             -11           8.663
              34           2.837           9.738
              35           -7.14           9.734
              36          -43.05            8.56
              37          -20.31            8.54
              38           2.014           9.686
              39           45.33           9.547
              40          -16.43           8.535
              41           6.648           8.193
              42         -0.1628           10.42
              43            69.2           9.939
              44          -19.05           9.282
              45           3.487           9.163
              46          -18.57           8.412
              47           76.68           10.36
              48           -16.6           9.983
              49          -23.76           7.878
              50          -5.575           15.34
              51          -22.79            8.17
              52          -20.49           8.583
              53          -23.68           8.155
              54          -27.15           10.39
              55            32.8           7.799
              56          -30.57           8.097
              57          -23.93           8.675
              58          -20.43           8.997
              59           32.79            8.42
              60          -20.85           7.748
              61          -11.53           11.16
              62           2.334           8.137
              63           86.78            9.72
              64          -5.819           9.202
              65          -14.48           7.605
              66           11.87           14.71
              67            3.68           10.98
              68          -22.33           8.455
              69          -12.56           7.615
              70           24.09            12.4
              71           12.05           9.475
              72          -5.252           8.321
              73          -7.987           7.539
              74           15.68           10.43
              75           66.03           10.32
              76           1.477           8.046
              77           7.373           7.843
              78           15.63             9.1
              79            96.6           10.82
              80           2.376            10.1
              81          -12.53            7.61
              82           21.75           11.46
              83           28.76           7.732
              84          -12.41           8.917
              85          -21.37           7.477
              86           16.26            8.42
              87           37.36           7.767
              88          -14.07           7.965
              89          -21.29           8.384
              90          -3.764            7.73
              91           53.71           8.899
              92          -6.371           7.482
              93           2.166           10.58
              94           9.551           7.508
              95           80.93           10.21
              96          -19.67           8.682
              97          -15.49           7.834
              98           11.23           13.45
              99           18.85           10.88
             100          -28.72           8.327
             101           3.757           7.862
             102           3.083           10.77
             103           41.65           9.561
             104          -29.68           8.354
             105           1.815           8.193
             106           5.561           9.944
             107           41.13           10.27
             108          -11.84           7.848
             109           -2.67           8.211
             110           3.854           10.28
             111           103.8           11.36
             112           -17.9           9.745
             113          -11.44           7.392
             114          0.4091           10.53
             115           27.39           7.671
             116          -12.64           8.313
             117          -8.409           7.285
             118           7.665           8.157
             119            42.5           7.752
             120          -22.82           7.704
             121          -4.531           8.193
             122           15.08           7.566
             123           71.81           9.362
             124          -28.14           7.268
             125          -5.003           13.28
             126          -14.42           7.667
             127           137.9           11.19
APV               11              11               5               5
               0           105.1           29.69
               1          -17.34           22.41
               2          -27.95           20.24
               3          -54.71           16.83
               4          -116.5           10.09
               5          -51.25           8.376
               6          -10.04           13.96
               7           61.69           10.26
               8           -68.7           8.044
               9          -12.89           8.378
              10           11.05           9.647
              11           101.1           10.07
              12          -55.43            8.86
              13             -20           8.685
              14           42.18           9.745
              15           95.49            10.1
              16          -63.43           9.163
              17          -45.89           7.901
              18           -35.5            18.4
              19            29.9           8.457
              20          -80.12            8.76
              21          -42.33           8.035
              22          -28.42           10.38
              23           58.63           7.845
              24          -68.35           8.153
              25          -37.37           8.154
              26           4.239           9.001
              27           82.89           8.419
              28          -53.04           7.846
              29          -23.92           9.575
              30           13.88           8.313
              31           121.9           9.138
              32          -45.67            9.46
              33           -32.9           8.375
              34           10.14           9.746
              35           48.97           9.866
              36          -63.89           8.747
              37          -26.14           8.137
              38           1.747           10.19
              39           85.24           9.875
              40          -52.63           8.467
              41           3.884           7.995
              42           30.93           10.92
              43           103.3            10.1
              44          -43.73           8.986
              45          -10.34           9.258
              46           24.67           8.903
              47           103.9           10.44
              48          -57.53           9.719
              49          -25.66           7.966
              50          -26.62           14.57
              51           48.69           8.206
              52          -71.73           8.541
              53          -19.86           8.096
              54          -1.888           9.975
              55           106.6           7.894
              56          -59.29           7.936
              57          -47.32           8.557
              58            11.4           8.824
              59           95.84           8.397
              60           -64.2           7.665
              61          -21.14           10.92
              62           32.63           8.137
              63           113.7           9.732
              64          -51.16           9.077
              65          -31.52           7.435
              66           24.27           15.43
              67           69.19           11.65
              68           -70.7           8.515
              69          -18.87           7.306
              70           6.944           12.62
              71           95.33           10.38
              72          -78.51           8.118
              73          -10.57           7.356
              74           37.98           11.07
              75           110.5           11.36
              76          -56.39           7.769
              77           3.315           7.886
              78           53.21           9.818
              79           116.2           10.67
              80          -86.01           9.584
              81          -50.84           7.668
              82          -11.19              11
              83           67.71           7.637
              84           -68.1            8.82
              85          -30.81           7.485
              86          -2.041           8.383
              87           111.7           8.228
              88          -51.21            7.85
              89          -30.37           8.154
              90           20.71           7.755
              91             104           8.852
              92          -51.68           7.321
              93           -20.5            10.1
              94           50.77           7.583
              95           153.5           10.06
              96          -70.52           8.551
              97          -9.076           7.637
              98           32.43           13.91
              99           58.87            11.5
             100          -69.92           8.421
             101           -22.5           7.589
             102           23.36           11.31
             103             106           11.24
             104          -70.34           8.181
             105          -12.61            8.21
             106           25.31           10.59
             107           110.2           10.35
             108          -53.17           7.604
             109          -11.06           8.411
             110           55.81           10.99
             111           151.4            11.2
             112          -53.67           9.361
             113          -13.66           7.524
             114           22.32           10.36
             115           53.73           7.713
             116           -34.7           8.327
             117           -26.7           7.275
             118           21.11            7.95
             119           114.8           31.84
             120          -55.65           7.973
             121          -17.87           8.467
             122           55.65           7.666
             123           109.3            9.37
             124          -47.55           7.315
             125          -39.31           12.64
             126           44.85           7.917
             127           170.8           10.81
APV               11              11               5               6
               0           167.4           30.14
               1          -5.543           23.62
               2           -23.1           21.41
               3          -105.8            12.7
               4          -45.59           9.632
               5          -26.26           8.197
               6          -12.39           12.23
               7          -27.04           9.338
               8          -16.14           8.189
               9          -9.299           8.094
              10           5.253           8.981
              11           4.764           9.138
              12          -27.25           9.058
              13          -11.97           8.082
              14         -0.1071            8.59
              15           54.87           9.422
              16           20.74           9.587
              17          -20.38           7.737
              18          -24.81           18.97
              19          -17.97           8.391
              20          -13.05           8.987
              21          -2.487           7.769
              22          -7.037           10.48
              23           5.504           7.688
              24          -8.963           8.393
              25          -2.464           7.905
              26           -16.4           8.963
              27           11.92           8.035
              28          -4.841           7.834
              29            -1.5           9.441
              30           5.809           8.451
              31           29.68           8.631
              32           22.31           9.786
              33          -10.45           8.458
              34          -5.172               9
              35           6.683           9.192
              36          -7.692           8.677
              37          -12.96           8.222
              38          -6.905           9.205
              39           9.924           9.014
              40          -8.209           8.562
              41           9.501           7.881
              42           16.45           9.825
              43           21.68           9.317
              44          -34.93           9.177
              45         -0.6647           8.593
              46           11.36           8.248
              47           51.78           9.778
              48              24           10.23
              49          -20.61           7.613
              50          -29.29           14.61
              51           8.847           7.998
              52           4.881           8.834
              53          -4.703           7.766
              54          -19.42           9.943
              55          -3.581           7.693
              56          -20.99           8.108
              57          -14.89           8.254
              58          -16.28           8.822
              59            29.6           7.985
              60          -20.96           7.696
              61          -19.28           10.87
              62           8.676           8.128
              63           58.26           9.306
              64            23.8           9.332
              65          -14.76            7.61
              66           10.48           14.05
              67           29.21           10.29
              68           14.78           29.37
              69           5.978           7.806
              70           6.791           11.04
              71           3.877           8.991
              72          -7.561           8.632
              73           10.13           30.29
              74          -4.238           9.097
              75           23.42            9.32
              76          -10.56           8.157
              77          -2.456           7.696
              78           2.381           9.421
              79            69.7           10.41
              80           17.05           10.55
              81          -17.04           7.584
              82          -8.715           11.32
              83           8.874           7.455
              84          -18.45           9.376
              85           1.211           29.54
              86          -11.77           8.719
              87           1.505           7.404
              88           -17.5           8.132
              89          -5.499           29.94
              90           2.829           7.963
              91           38.51           8.332
              92           -17.8           7.423
              93           -15.7           9.987
              94           8.329           7.418
              95           73.47            9.83
              96           18.39           9.177
              97          -20.62           7.738
              98          -4.608           12.94
              99          -19.49            10.5
             100          -12.56           8.529
             101           3.038           8.461
             102          -6.798           10.31
             103           29.93           9.051
             104           -9.21           8.603
             105           9.206            9.14
             106          -1.342           9.439
             107           25.88           9.709
             108          -10.23           7.884
             109          -10.93           8.014
             110           2.251            9.93
             111           82.72           10.73
             112           27.03           11.14
             113          -5.531           7.503
             114          -22.33            10.2
             115           7.924           7.465
             116          -12.18           8.565
             117           2.761             8.3
             118           8.736           7.957
             119           12.66           7.355
             120            1.79           7.898
             121          -11.56           8.092
             122          -3.449           7.359
             123           29.13           8.768
             124          -10.32           7.319
             125          -8.446            12.7
             126          -5.164           7.589
             127             127           10.49
APV               11              11               5               7
               0           85.62           28.71
               1          -31.39           22.15
               2          -23.68           20.04
               3          -62.94           14.64
               4          -91.84           30.84
               5          -52.21           9.314
               6           18.43            12.6
               7           34.25           9.715
               8          -74.45            8.63
               9          -20.83           8.187
              10           20.71           9.775
              11           49.75           9.664
              12          -55.86           9.037
              13          -7.136           8.381
              14           22.78           9.076
              15           60.98           9.669
              16           -39.4           10.28
              17          -31.22           8.164
              18          -17.68           19.09
              19           22.39           8.564
              20           -61.7           9.887
              21          -40.11           8.153
              22           5.849           10.67
              23           37.18           7.888
              24          -42.06           8.758
              25          -22.45           8.364
              26           1.573           9.071
              27           27.92           8.167
              28          -35.45           8.117
              29          -24.18           9.837
              30           33.63           8.525
              31           44.89           8.882
              32          -33.48           30.33
              33          -36.11           9.719
              34           11.67           9.335
              35           31.43           9.362
              36          -33.25           29.15
              37          -14.23            9.18
              38           3.699           9.439
              39            22.1           9.197
              40          -33.66           8.784
              41          -2.353           8.131
              42           28.71           10.61
              43           69.51           9.927
              44          -40.18           9.182
              45           -13.1           9.106
              46           33.26           8.673
              47           66.42           10.06
              48          -40.07           12.18
              49          -16.58           8.001
              50          -20.41           15.27
              51           29.64           8.225
              52          -63.64           9.089
              53          -31.14           8.141
              54           5.166           10.18
              55           21.74             7.7
              56          -49.42           8.358
              57          -29.33           8.716
              58          -2.356           9.013
              59           40.43           8.276
              60          -23.09           7.974
              61          -13.58           11.18
              62           24.35           8.255
              63            68.4           9.312
              64          -50.15            9.27
              65          -32.74           7.582
              66           18.25           14.52
              67           21.73           10.96
              68          -64.82            8.75
              69          -7.361           7.423
              70           18.67           12.01
              71           34.51           9.648
              72          -49.98           8.375
              73           1.248            7.56
              74           16.93           10.56
              75           46.93           9.892
              76          -50.58           7.937
              77            12.7           7.734
              78           32.47           9.048
              79           51.71           10.48
              80          -45.86           10.52
              81          -2.744           8.032
              82           15.15           11.39
              83            40.2           7.616
              84          -41.04           9.272
              85          -20.28             7.5
              86           12.64           8.397
              87           24.81             7.5
              88          -52.67           8.336
              89          -17.73           8.311
              90           4.817           7.779
              91           49.39            8.44
              92          -10.97           7.797
              93         -0.5477           10.39
              94           21.54           7.436
              95           47.29           9.618
              96          -27.56           9.074
              97          -14.23           7.747
              98           9.268           12.99
              99           38.25           10.95
             100          -35.93           8.822
             101          -21.19           7.637
             102           13.77           10.77
             103           39.72           9.514
             104          -30.15           8.566
             105          -7.153           8.578
             106            30.5            10.2
             107           51.42           9.844
             108          -25.23           7.819
             109          -1.096           8.428
             110           20.28           10.02
             111           93.66           10.89
             112          -32.92           10.34
             113          -16.07           7.708
             114           13.56           10.63
             115           25.09           7.626
             116          -43.02           8.729
             117          -15.18           7.385
             118           19.88           8.135
             119           28.77            7.64
             120          -16.24           8.078
             121          -21.36           8.192
             122           34.25           7.669
             123            55.4           8.777
             124          -7.248           7.617
             125            1.15           13.24
             126           24.63           7.852
             127           107.7           10.64
APV               11              11               5               8
               0           95.32           30.62
               1           7.336           24.86
               2          -8.576           22.38
               3          -105.3           12.48
               4          -80.33           9.556
               5          -11.21           7.999
               6          -9.661           11.65
               7           17.15               9
               8          -46.13           8.104
               9          -7.111           7.881
              10            10.3           8.409
              11           12.09           8.766
              12          -39.09           8.828
              13         -0.6364           7.809
              14           26.94           8.448
              15           19.23           9.102
              16          -31.79           9.519
              17          -38.71           7.746
              18          -10.41           18.37
              19          -6.092           7.842
              20          -58.99           8.919
              21          -19.42           7.789
              22          0.6788           10.03
              23           35.16           7.355
              24          -45.27           8.205
              25           6.214           8.001
              26           12.08           8.432
              27            23.6           7.584
              28          -38.84           7.735
              29           7.891           9.797
              30           1.061           7.896
              31            34.6           8.531
              32          -47.69           9.539
              33          -24.43           8.481
              34          -6.532           8.772
              35            13.7           9.068
              36          -67.16           8.608
              37          -23.73           8.019
              38           20.83           8.721
              39           33.45           8.792
              40          -14.74           8.433
              41           31.21           7.541
              42           18.81           9.213
              43           33.89           9.074
              44           -38.8           9.058
              45           6.692           9.275
              46           15.73            7.97
              47           67.11           9.791
              48          -48.28           10.09
              49          -14.81           7.832
              50           24.26           14.71
              51           7.376           7.589
              52          -24.74           8.653
              53          -21.97           7.808
              54           7.747           9.429
              55           12.31           7.208
              56           -41.7            8.01
              57           1.166           8.326
              58           2.631           8.487
              59           19.06           7.707
              60          -44.62           7.588
              61          -4.985           10.71
              62            9.17           7.542
              63           44.09           9.027
              64          -26.79           9.153
              65          -10.19           7.365
              66           19.54           13.33
              67           7.828           9.998
              68          -47.64           8.697
              69           12.05           7.005
              70           2.884              11
              71            22.5           9.047
              72          -22.49           28.97
              73            21.4           7.265
              74          -1.018           9.015
              75           49.68           9.234
              76          -26.35           7.916
              77           6.178           7.333
              78          -12.49           8.472
              79           54.31            9.96
              80          -54.11           10.07
              81          -18.45           7.475
              82         -0.4857           10.49
              83           22.48           7.169
              84          -34.74           9.125
              85            2.35           7.138
              86           34.97           7.802
              87           24.52           7.139
              88          -41.03           8.082
              89          -13.82           7.846
              90           17.03           7.117
              91           23.14           8.136
              92          -15.84           7.355
              93           4.681           9.949
              94           1.393           6.834
              95           46.86           9.359
              96          -48.34           8.642
              97          -3.201           7.381
              98           10.11           12.22
              99           15.52           10.22
             100          -33.94           8.638
             101          -3.398           7.195
             102           15.96           9.902
             103           28.06           8.903
             104           -38.3            8.32
             105           21.24            8.12
             106            29.4            9.29
             107           41.59           9.527
             108          -16.37           7.603
             109           29.53           8.004
             110           11.19           9.527
             111           76.17           10.52
             112          -49.04           9.827
             113           -10.9           7.301
             114           3.908           9.744
             115           14.74           7.112
             116           -55.5           8.771
             117            24.4            7.08
             118          -2.455           7.345
             119           11.81           7.099
             120          -21.23           7.633
             121           11.06           7.868
             122           13.37           7.024
             123           30.85            8.44
             124         -0.8421           7.198
             125           21.32            12.9
             126          -12.69            7.37
             127             103           10.33
APV               11              11               5               9
               0           97.32           31.11
               1          -10.76           25.87
               2          -2.295            23.8
               3          -105.4           13.82
               4          -78.03           9.649
               5          -43.08           8.288
               6           20.03           14.03
               7           12.15           9.738
               8          -43.51           8.145
               9          -13.21           8.253
              10           11.72           9.433
              11           6.898           9.449
              12          -40.48           8.951
              13          -2.333           8.527
              14           22.86           9.512
              15           30.32           9.624
              16          -41.57           9.452
              17          -32.86           7.754
              18            11.4           19.55
              19           18.91           8.296
              20          -39.96           9.079
              21          -25.57            7.75
              22           -9.02           10.57
              23          0.8893           7.496
              24          -38.92           8.278
              25          -5.379           7.991
              26           13.15           8.933
              27           25.77            8.02
              28          -37.44           7.688
              29           1.774           9.728
              30            16.1           8.238
              31           47.26           8.597
              32           -24.2           9.424
              33          -27.02           8.739
              34           28.91           10.14
              35           3.929           10.02
              36          -53.95           8.599
              37          -14.13           8.307
              38           3.855           10.12
              39           21.19           9.239
              40          -47.76           8.364
              41          -15.64           7.757
              42           43.81           10.63
              43           24.99           9.786
              44          -15.21           9.538
              45          -5.388           8.639
              46           7.048            8.62
              47           43.95           9.826
              48          -29.94           10.28
              49          -19.77           7.733
              50            6.68           15.55
              51           9.469           7.796
              52          -59.14           8.665
              53          -11.65            7.86
              54           22.34           10.02
              55           9.626           7.358
              56          -43.09           7.986
              57          -6.665           8.553
              58           14.03           8.836
              59           30.68           8.164
              60           -34.3           7.611
              61          -9.558           11.52
              62           17.46           7.945
              63           50.81            9.22
              64          -32.17           9.152
              65         -0.5968           7.561
              66           15.81            15.4
              67           6.057           10.92
              68          -34.84           8.643
              69           13.01           7.337
              70           17.23            12.6
              71           31.89           9.696
              72          -28.41           8.361
              73          -3.567           7.086
              74           30.27           10.73
              75           25.55           9.844
              76          -25.32           8.185
              77           27.74           7.344
              78           22.17           9.062
              79           54.38           10.35
              80          -42.46           10.17
              81          -31.13           7.414
              82           1.917           11.64
              83          -6.683           7.207
              84          -27.77           9.269
              85          -10.61            7.16
              86           23.86           8.293
              87           25.68           7.324
              88          -11.89           8.028
              89          -8.776           8.169
              90           14.52           7.459
              91           25.41           8.491
              92          -38.61            7.38
              93          -9.021           10.74
              94           21.29           7.135
              95           54.75           9.788
              96          -39.81           8.784
              97          -8.849           7.663
              98           17.52           13.84
              99           17.52           10.99
             100          -41.85           8.553
             101            3.51           7.606
             102           23.89           11.16
             103           45.74           9.415
             104          -12.91           8.598
             105           11.68           7.394
             106           16.99           10.13
             107           27.08           10.13
             108          -25.17           7.854
             109           2.864           7.497
             110            23.9           10.27
             111           60.96           10.72
             112          -37.44           9.951
             113          -9.549           7.197
             114           14.17           10.66
             115           10.33            7.26
             116          -37.12           8.563
             117           -13.6           7.102
             118           22.28            7.82
             119           35.19           7.431
             120          -37.47           7.633
             121           12.44           8.193
             122           14.96           7.291
             123           30.95           8.918
             124          -15.65           7.181
             125         -0.5629            14.3
             126           31.96           7.698
             127           83.52           10.55
APV               11              11               5              10
               0           106.7           33.12
               1          -28.54            28.2
               2          -45.62           26.35
               3          -99.12           14.55
               4          -58.42           9.709
               5           -31.6           8.463
               6          -3.331           14.63
               7            38.6           10.48
               8           -49.2           8.383
               9           -24.2           8.861
              10           13.66           10.05
              11           63.32           10.16
              12          -53.19           9.266
              13          -21.85             9.2
              14            16.8           9.836
              15           81.37           10.41
              16          -9.685           9.432
              17          -49.17           7.812
              18            -5.1           20.03
              19           27.26           8.883
              20          -36.28           8.904
              21          -27.87            8.09
              22           9.511            10.9
              23           59.24           8.243
              24          -36.64           8.285
              25           -31.6           8.366
              26          -10.05           9.447
              27           63.61           8.576
              28          -39.41           7.767
              29          -14.13           9.953
              30           36.15           8.931
              31           111.6           9.497
              32           -6.17           9.588
              33          -42.63            8.62
              34          -13.18           10.41
              35           37.42           10.98
              36          -49.86           8.824
              37          -29.57           8.759
              38           3.906           10.32
              39           59.18           10.03
              40          -29.24           8.662
              41          -33.88           8.077
              42           19.69           11.57
              43           74.56           10.43
              44          -32.65           9.338
              45          0.5952           9.894
              46           38.88            9.07
              47           113.9           10.85
              48          -19.94           10.04
              49          -36.02           7.879
              50           4.661           15.92
              51           30.41           8.422
              52           -50.6           8.636
              53          -39.96           8.114
              54          -14.45           10.33
              55           59.48           7.973
              56          -36.26           8.077
              57          -29.94           8.943
              58           5.935           9.507
              59           77.53            8.77
              60          -49.68           7.699
              61          -33.04           11.65
              62           32.17           8.471
              63             131           10.25
              64          -10.59           9.067
              65          -14.47           7.586
              66          -8.181           16.75
              67           31.44           11.83
              68          -39.63           8.775
              69          -9.157           7.679
              70           2.801           13.36
              71           67.57           10.32
              72          -49.44           8.555
              73          -1.471            7.48
              74         -0.3503           11.32
              75           73.71            10.3
              76          -36.47           8.052
              77          -7.995           8.411
              78           21.53            10.1
              79           115.2           11.47
              80          -34.59           9.923
              81          -30.59           7.616
              82          -15.71              12
              83            25.6           7.854
              84          -19.07           9.065
              85          -9.873           7.449
              86           15.11           8.535
              87           76.98           8.103
              88          -51.49           7.915
              89          -25.16           8.527
              90           11.49           7.816
              91           102.2           9.006
              92          -29.35           7.486
              93           -31.4           11.01
              94           25.68           7.584
              95           146.7           10.85
              96          -31.83           8.794
              97           -11.7            7.78
              98           6.297           14.95
              99           25.64           11.61
             100          -43.79           8.599
             101          -5.886           8.139
             102            1.19           11.74
             103           66.85           10.11
             104          -43.69           8.662
             105          -16.21           8.542
             106           28.68           10.83
             107           104.4            10.6
             108          -25.24           7.773
             109          -2.954           8.811
             110           27.21           11.46
             111           148.5           11.98
             112          0.7907           9.954
             113           -9.01           7.432
             114           -14.5           10.94
             115           20.46           7.743
             116          -41.81           8.464
             117          -39.17           7.328
             118           6.273           8.154
             119           64.25           7.936
             120          -44.76           7.688
             121          -10.58           8.413
             122           35.33            7.82
             123           91.59           9.377
             124          -24.51           7.275
             125          -29.52           14.33
             126           34.59           8.301
             127           160.7           11.86
APV               11              11               5              11
               0           79.28           33.04
               1          -47.62           28.02
               2          -50.14           26.81
               3          -122.8           13.14
               4          -84.87           9.815
               5          -57.79           8.062
               6          -4.542            13.5
               7           47.98           9.858
               8           -41.2           8.405
               9          -29.46           8.387
              10           8.985           9.308
              11           63.39           9.715
              12          -55.01           8.973
              13          -40.78           8.439
              14           14.65           9.379
              15            68.1           10.15
              16          -19.08           10.02
              17          -51.98           7.987
              18          -34.06           19.81
              19           27.61           9.112
              20          -33.11           9.243
              21          -25.78           7.576
              22           11.47           11.44
              23           62.37           8.454
              24          -60.84           8.516
              25          -27.53           7.776
              26            11.8           9.815
              27           97.63           8.532
              28           -45.5           7.799
              29          -21.55           9.095
              30           17.74           9.152
              31           62.59           9.161
              32          -23.69           9.978
              33           -35.7           8.485
              34           9.248           10.13
              35           30.79              10
              36          -40.78           8.988
              37          -47.49           7.928
              38           2.286            9.94
              39              68           9.678
              40          -53.17           8.716
              41          -30.41           8.014
              42          0.6184           10.23
              43           84.46           9.925
              44          -27.05           9.135
              45          -15.27           8.452
              46           29.68           8.751
              47           108.4           10.46
              48          -33.69           10.59
              49          -32.17            7.87
              50            1.56           16.23
              51              49           8.653
              52          -63.55           8.957
              53             -41           7.468
              54          -12.07           10.84
              55           61.81            8.16
              56          -23.97           8.499
              57          -25.75           8.122
              58           15.52            9.69
              59           82.96           8.542
              60          -34.32           7.557
              61          -23.74           10.44
              62           25.58           8.745
              63           79.07             9.9
              64          -15.84            9.43
              65          -25.44           7.703
              66           10.44           15.35
              67           47.84           10.83
              68          -35.66           8.578
              69          -1.506           7.516
              70           19.84           12.16
              71            58.8           9.588
              72          -29.29           8.331
              73          -22.14           7.559
              74           35.14            10.3
              75           71.24           9.964
              76          -34.08           8.205
              77         -0.2436           8.144
              78           48.66           9.422
              79           87.23           10.56
              80          -43.87           10.55
              81          -37.52           7.508
              82           11.52           12.28
              83              46           8.001
              84           -40.4           8.973
              85          -30.64           7.315
              86           25.58           8.879
              87           88.88            8.05
              88          -28.12           7.835
              89           -27.7           8.333
              90            23.4           8.106
              91           64.73           8.644
              92          -40.36           7.378
              93          -26.42           10.74
              94           33.33           7.861
              95           105.9           10.13
              96           -41.9           9.332
              97          -54.65           7.623
              98            17.4            13.7
              99           37.85           10.71
             100             -52           8.285
             101          -48.47           7.879
             102           13.36           10.74
             103           92.12           11.98
             104          -29.67           8.687
             105          -11.86            8.03
             106            23.2             9.8
             107           92.03           10.27
             108          -14.24           7.834
             109           2.616           8.236
             110           26.74           10.39
             111           107.5            11.1
             112           -41.1            10.8
             113          -37.37           7.261
             114          -3.012           11.29
             115           58.68           7.876
             116          -38.45           8.417
             117          -42.64           7.225
             118           15.72           8.503
             119            89.4           8.022
             120          -33.38           7.699
             121          -31.41           8.106
             122           30.24           8.002
             123            78.7           8.982
             124          -38.62           7.275
             125          -8.971           14.03
             126           49.27           8.647
             127           148.8           11.27
APV               11              11               3               1
               0           12.31           37.62
               1          -49.65           51.96
               2          -22.24           33.44
               3          -93.69           17.27
               4          -100.7           11.62
               5          -66.94           38.05
               6           12.21           17.67
               7            69.3           13.59
               8          -69.74           11.77
               9          -17.49           38.83
              10           17.62           12.22
              11           38.07            13.5
              12          -70.22           18.61
              13          -22.27           39.05
              14           47.98           12.53
              15           44.79           14.03
              16          -53.16           11.67
              17          -34.26           38.24
              18          0.5256           19.84
              19           45.16           9.345
              20          -66.57           11.19
              21          -39.33           39.09
              22            23.8           10.28
              23           62.89           9.908
              24          -63.66           12.61
              25          -24.16            39.6
              26           15.29           9.207
              27            44.4           11.34
              28          -71.26           20.78
              29          -32.13           40.11
              30           42.33           8.564
              31           57.16           48.34
              32          -50.02           11.74
              33           -37.3           39.78
              34          -6.582           12.08
              35            60.1           17.11
              36          -88.57           18.04
              37           -27.2           37.72
              38           20.89           13.57
              39           67.05           13.12
              40          -70.14            14.8
              41            8.49           39.23
              42           26.87           13.98
              43            48.9           13.72
              44          -75.85           26.18
              45          -8.729            39.9
              46           52.19           10.87
              47            51.6           14.11
              48          -59.08           12.27
              49          -35.34           38.62
              50           5.076           15.41
              51           61.94           9.393
              52          -74.58           11.39
              53          -33.41           39.32
              54            22.1           9.851
              55           43.16              10
              56           -49.5           15.61
              57          -40.56           39.88
              58           19.14           9.076
              59           56.84           11.47
              60          -80.13           28.59
              61           -25.2           40.07
              62           60.64           8.356
              63           66.18           13.02
              64          -74.67           11.66
              65          -31.14           10.51
              66          0.3063           18.65
              67           61.77           15.41
              68          -49.87           11.46
              69          -26.17           8.748
              70           22.48           16.31
              71           59.83           13.74
              72          -45.83           10.63
              73           -23.7           9.386
              74           35.62           14.34
              75           46.81           13.86
              76          -38.19           8.813
              77          -14.28           8.853
              78           71.54            13.5
              79           69.24            14.1
              80          -71.45           37.23
              81          -31.91           8.869
              82           7.864           11.99
              83           43.01               9
              84           -72.6              13
              85          -17.68           9.447
              86           10.44           8.975
              87           53.91           10.75
              88          -56.77           10.35
              89          -17.62           10.09
              90           11.72           8.582
              91           56.31           12.38
              92          -56.54           9.257
              93          -1.654           11.35
              94           46.16           8.643
              95           56.64           13.55
              96          -57.27           11.19
              97          -32.66           8.932
              98           13.05            17.5
              99           33.28           14.91
             100           -65.7           11.05
             101          -5.227           8.999
             102           29.74           14.74
             103           68.02           13.57
             104          -41.18           10.22
             105          -37.57           10.68
             106           51.21              14
             107           56.52           14.28
             108          -61.73           8.739
             109          -8.414           9.833
             110           46.14           15.14
             111           73.17           14.83
             112          -69.39            12.4
             113          -26.83           9.557
             114           16.25           10.93
             115           48.32           9.481
             116          -73.81           10.94
             117          -15.39           9.326
             118           32.28           8.839
             119           56.87           10.87
             120          -59.75           10.25
             121          -17.85           9.776
             122            34.3           8.763
             123           51.15           13.16
             124          -51.02           9.154
             125          -3.574           13.84
             126           43.62           8.905
             127           110.6           14.29
APV               11              11               3               2
               0           47.86           35.42
               1          -39.81           31.23
               2          -41.59           30.05
               3          -89.73           14.66
               4          -87.81           10.66
               5           -34.1           9.034
               6         -0.7407           15.26
               7           61.13           11.11
               8           -41.5           8.773
               9          -30.14            9.07
              10           6.706           10.29
              11           52.88           11.22
              12          -39.18           9.337
              13          -17.26           9.179
              14           34.32           10.15
              15            47.4           10.84
              16          -35.28            11.4
              17          -19.39             8.6
              18           3.177           22.01
              19           42.97           8.545
              20          -27.58           10.33
              21          -15.16           8.861
              22           5.246           10.96
              23           42.18           8.098
              24          -40.12           9.179
              25             -34           9.268
              26           11.79           9.353
              27           50.59           9.462
              28          -37.69           8.418
              29          -32.05           11.65
              30           29.91           14.45
              31           74.92           10.14
              32          -44.92            11.4
              33          -42.13           9.434
              34          -2.299           10.88
              35           57.64           11.79
              36           -56.5           9.656
              37          -12.56            9.31
              38          -6.595           10.87
              39           68.97           10.64
              40          -41.87           9.047
              41          -32.84           8.565
              42           23.73           11.83
              43           59.91           11.68
              44          -28.12           9.916
              45          -24.52           9.182
              46            34.5           9.198
              47           68.88           11.56
              48          -45.74           12.25
              49           -8.67           8.547
              50            7.69           16.93
              51            54.8           8.442
              52          -36.07           9.704
              53          -29.65           9.024
              54            12.9           10.37
              55           48.48           8.378
              56           -51.3           8.864
              57          -33.43           10.16
              58            7.49           9.066
              59           63.24           9.906
              60          -21.79           8.226
              61          -28.77           13.37
              62           17.73           8.149
              63           94.56           10.93
              64          -36.72           11.03
              65          -28.94           7.871
              66          -1.666           16.24
              67           64.57           12.49
              68          -55.28           9.742
              69          -32.34           7.971
              70          -2.603           13.09
              71           56.82            10.6
              72          -36.44           8.757
              73          -18.56           7.401
              74           10.79           11.65
              75           69.83            11.5
              76          -28.52           8.602
              77          -19.98           7.834
              78           35.01           9.802
              79           77.09           12.54
              80          -34.02           12.29
              81          -27.99            7.79
              82           14.05           13.38
              83           50.36           7.779
              84          -52.37           10.27
              85          -20.74           7.658
              86           26.01           8.676
              87           40.92           8.126
              88          -20.63           8.642
              89          -40.37           9.304
              90            24.3           8.059
              91            53.8           10.15
              92          -30.79           7.888
              93          -31.32           12.97
              94           45.84             7.6
              95           94.76           11.94
              96          -26.99           10.19
              97          -25.22            8.02
              98          -7.169           14.92
              99           30.34           12.02
             100          -52.36           9.453
             101          -22.95           8.328
             102            11.4           11.52
             103           62.96            10.7
             104          -38.69           8.807
             105          -12.02           8.058
             106            30.8           10.94
             107           65.91           11.58
             108          -29.66           8.179
             109          -7.489           8.091
             110           35.43           11.65
             111           94.49           13.12
             112          -32.42           11.68
             113           -21.4           7.657
             114          -6.024           11.98
             115           51.22           7.907
             116          -57.46           9.308
             117          -21.64           7.738
             118           14.96           8.319
             119           62.08           8.594
             120          -37.12           8.217
             121          -27.25           9.223
             122           17.71           7.829
             123           54.39           10.65
             124          -23.12           7.668
             125          -21.44           16.68
             126           40.77           7.686
             127           98.42           12.92
APV               11              11               3               3
               0           91.15            35.7
               1          -46.78           30.97
               2          -62.56           29.52
               3          -94.23           16.09
               4          -89.52           10.83
               5          -52.67            8.46
               6          -17.77           15.93
               7           59.23           12.38
               8          -53.49           8.884
               9          -27.92           8.796
              10          -16.11           10.31
              11           81.31            12.4
              12          -50.47           9.271
              13          -14.17           8.963
              14           14.92           10.51
              15           111.8           13.45
              16          -14.33           11.74
              17          -27.14           8.299
              18          -34.12           20.82
              19           41.75            9.44
              20          -57.81           10.07
              21          -38.85           8.228
              22          -14.04           10.57
              23            73.5           9.488
              24          -57.48           8.928
              25          -24.52           8.568
              26          -10.17           9.423
              27           73.36              11
              28          -34.98           8.245
              29          -18.59           10.97
              30           8.788           8.782
              31           136.4           11.03
              32          -16.86           11.77
              33          -33.91           12.34
              34           -14.5           10.92
              35           47.73           13.17
              36          -44.99           9.812
              37          -30.54            8.59
              38            -3.2            11.3
              39           73.48           11.88
              40          -49.26           8.984
              41           -29.4           8.384
              42           19.11           12.12
              43           71.55           12.64
              44          -47.98           9.455
              45          -18.32           9.289
              46           22.35           10.07
              47           105.7           13.99
              48          -20.11           12.44
              49          -51.55           8.121
              50          -22.74           16.56
              51           62.31           9.316
              52          -58.62            9.63
              53          -23.74           8.245
              54          -5.354           10.38
              55           70.77           9.488
              56           -46.1             8.8
              57          -21.18           9.355
              58           26.37           9.314
              59           101.3            11.1
              60          -29.21           8.057
              61           -12.8           12.36
              62           20.81           8.452
              63           133.7           13.39
              64          -25.91           11.01
              65          -23.96            7.72
              66          -15.15           16.75
              67           49.76           13.25
              68          -42.78           9.898
              69          -15.89           7.872
              70            10.6           14.09
              71           60.63           11.56
              72          -33.32           29.41
              73          -3.191           7.868
              74           6.707           32.68
              75           96.93           11.31
              76           -29.9           8.283
              77          -4.515            8.08
              78           24.01            11.8
              79           115.2           14.02
              80          -25.36           12.36
              81          -22.03           7.936
              82          -26.17            13.1
              83            66.5            8.85
              84          -42.34           10.22
              85          -20.35            7.62
              86           -12.5           9.362
              87           54.61           9.335
              88          -33.77           8.556
              89          -7.066           9.048
              90           22.38           36.22
              91           83.57           10.49
              92          -21.02           7.981
              93          -19.15           12.58
              94            46.9           8.587
              95           130.2           13.61
              96          -25.84           10.39
              97          -17.25           7.871
              98          -11.81           15.31
              99           76.91           13.19
             100           -32.2           9.681
             101          -30.47           8.213
             102           10.33           30.84
             103           65.48           10.46
             104          -66.25           8.893
             105          -13.11           8.574
             106           10.33           29.99
             107           98.79           12.09
             108          -49.87           8.066
             109            18.8           8.643
             110           43.18           14.16
             111           136.8           14.83
             112          -27.21           11.97
             113           -26.7           7.712
             114          -12.15           12.33
             115           50.87           8.983
             116          -38.95           9.292
             117          -38.86           7.528
             118           1.821           35.59
             119           93.18           8.965
             120          -47.86           8.239
             121          -6.781           9.037
             122           22.38           33.47
             123           93.88           11.28
             124          -28.52           7.694
             125          -10.65           15.63
             126           34.01           8.938
             127           145.2           14.59
APV               11              11               3               4
               0           42.37           33.95
               1          -17.03           27.96
               2          -36.87           26.16
               3            -117           16.19
               4          -124.8            11.7
               5          -54.13           9.634
               6          0.3486           16.11
               7           32.42           11.47
               8          -86.36           9.174
               9          -22.91           9.317
              10           3.531           10.26
              11           20.13           12.57
              12          -66.78           9.538
              13          -20.39           9.614
              14           34.14              11
              15           69.04           11.63
              16          -55.29           12.28
              17          -42.92           8.628
              18           22.77           24.61
              19           33.43           9.224
              20          -70.58           11.15
              21          -21.27           9.309
              22           19.87           12.22
              23           35.08           8.372
              24          -61.63            9.65
              25          -12.49           9.626
              26              19            10.1
              27           39.93           10.13
              28          -45.28           8.843
              29         -0.3106           12.58
              30           33.06           9.189
              31           35.07           10.32
              32           -65.2           12.73
              33          -48.99           9.259
              34           22.26           10.42
              35           24.24           12.12
              36          -58.06           10.47
              37          -15.44           10.03
              38           29.03           11.34
              39           43.58           10.83
              40          -73.12           9.454
              41            3.64           8.985
              42              32           12.33
              43           52.41            12.1
              44          -34.52           10.21
              45            5.79           9.667
              46           45.63           9.931
              47           58.05           12.16
              48          -57.27           13.94
              49           -42.7            8.64
              50            11.5           18.97
              51           38.83           8.894
              52          -70.27           10.66
              53          -12.74           9.633
              54           15.84           11.45
              55           32.04           8.527
              56          -47.24           9.402
              57          -14.77           10.56
              58           17.34           9.651
              59           48.31           10.12
              60          -42.93           8.583
              61            3.24            14.6
              62            28.2           8.799
              63           63.57           11.15
              64           -57.9           12.02
              65          -32.11           8.244
              66           17.12           16.76
              67              41           12.71
              68          -62.29           10.61
              69           -31.4           8.399
              70           12.87           13.57
              71           34.33           10.76
              72          -40.93           9.323
              73           2.418           7.892
              74           36.79           11.78
              75           53.66           12.04
              76          -59.03           8.687
              77          -7.646           8.287
              78           44.57           10.57
              79           80.41           13.49
              80          -64.75           13.59
              81          -22.33           8.413
              82           17.19           14.55
              83           49.18            8.12
              84          -58.26           11.05
              85          -9.039           8.216
              86          0.9054           9.653
              87           74.89           8.349
              88          -59.27           9.259
              89           4.002           9.828
              90           41.91           8.648
              91           59.88           10.72
              92          -25.96           8.425
              93          -6.548           13.88
              94           28.91           8.072
              95           75.29           12.12
              96          -74.99           11.13
              97             -42           8.431
              98           28.94           15.88
              99           53.98            12.9
             100          -70.93           10.26
             101          0.1453            8.87
             102           26.66           11.94
             103           49.74           10.76
             104          -42.04           9.302
             105          -4.009           8.541
             106           36.33            11.6
             107           48.88           13.89
             108          -39.56           8.362
             109          -10.09           8.612
             110           33.75           12.35
             111           90.98           13.25
             112          -61.02           13.15
             113          -36.91           8.061
             114           9.153           13.14
             115           41.35           8.209
             116          -53.19           10.16
             117           6.682           8.124
             118           19.05           9.147
             119           69.75           8.632
             120           -47.2           8.757
             121          -12.74           9.789
             122           23.63           8.368
             123           30.85           14.11
             124          -55.28           8.046
             125           11.98           18.21
             126           41.27           8.139
             127           111.6           12.84
APV               11              11               3               5
               0           97.08           32.62
               1          -62.42           27.12
               2           -35.1           24.58
               3          -45.06           15.21
               4          -98.59           12.13
               5          -89.02           10.07
               6          -4.058           15.75
               7           72.57           11.89
               8          -51.05           9.792
               9          -42.93           10.61
              10            28.2           10.58
              11           80.13           11.96
              12          -48.32           10.27
              13          -28.43           10.96
              14            47.9           10.75
              15           74.19           12.01
              16          -24.13           13.35
              17          -53.14           9.129
              18          -12.19           30.34
              19           51.91           10.04
              20          -42.22           11.56
              21          -38.16           9.625
              22         -0.5101           13.12
              23            81.7           9.144
              24          -59.28            9.86
              25          -47.78           10.33
              26           20.44           11.34
              27           71.34           10.43
              28          -59.78           9.074
              29          -45.79           13.96
              30           41.15           10.08
              31           97.03           11.43
              32          -41.11           13.34
              33          -68.39           10.46
              34          -12.56           10.04
              35           71.51            12.3
              36          -38.08           10.94
              37          -47.27           10.97
              38           4.273           11.09
              39           77.55            11.2
              40          -63.88           9.796
              41           -38.1            9.88
              42           33.26           12.32
              43           82.84           12.51
              44           -41.2           11.25
              45          -22.26           10.32
              46           38.62           9.851
              47            90.3           12.83
              48             -52           14.37
              49          -49.59           9.179
              50           2.595           20.46
              51           69.85           9.828
              52           -42.5           10.88
              53          -45.88           9.829
              54          -2.101           12.67
              55           86.12           9.236
              56           -39.5           9.611
              57          -49.33           11.32
              58           31.98           10.83
              59           87.23            10.6
              60          -40.54            8.93
              61          -28.28           16.23
              62           59.25           9.672
              63           102.2           12.34
              64          -51.24           12.65
              65          -57.28           8.518
              66          -13.06           16.23
              67           59.64            13.6
              68          -49.71           11.09
              69          -43.08            9.25
              70           20.13           14.13
              71           90.58           11.63
              72          -61.18           9.662
              73          -47.09           8.813
              74           46.68           12.56
              75           104.7           12.91
              76          -49.76           9.265
              77          -9.818           9.268
              78           53.15           37.75
              79           76.53           13.94
              80          -48.13           14.61
              81          -54.48           8.588
              82          -9.541           16.56
              83           61.51           9.061
              84          -47.89           11.49
              85          -58.64           8.615
              86         -0.5775           10.76
              87           63.63           9.273
              88          -46.16           9.444
              89          -28.93           11.05
              90           35.82            9.69
              91            97.6            11.4
              92           -38.8           8.503
              93          -46.88           16.16
              94           69.69           8.851
              95             103           12.76
              96          -52.92           11.89
              97          -49.09           9.232
              98          -7.879           15.19
              99            71.1            13.6
             100          -44.19           10.59
             101          -44.69            10.1
             102           26.23           12.43
             103           67.45           11.42
             104          -57.28           9.693
             105           -14.2           9.785
             106           46.45           12.21
             107           97.49           13.12
             108          -32.89           8.975
             109          -22.96           9.504
             110           58.57           13.24
             111           105.2           14.41
             112          -42.31           13.84
             113             -51           8.257
             114           14.33           14.72
             115           69.26           9.325
             116          -62.33           10.34
             117          -17.53           8.707
             118           18.49           10.18
             119           93.43           9.319
             120          -40.02           8.848
             121          -40.26           11.19
             122            48.3           9.268
             123           84.16           12.18
             124          -26.02           8.293
             125          -29.95           20.32
             126           66.84           9.073
             127           140.5           14.06
APV               11              11               3               6
               0           122.9           31.33
               1          -25.89           24.33
               2          -13.57           22.52
               3          -81.27           16.09
               4          -103.3           11.91
               5          -39.84           9.455
               6          -2.316           16.68
               7           15.32           11.31
               8          -57.86           9.683
               9          -17.75           10.08
              10           5.115           10.98
              11            6.83           11.01
              12          -35.59           9.933
              13           15.02           10.27
              14           13.77           10.93
              15           32.87           11.11
              16          -20.05           29.91
              17          -40.18            9.58
              18           34.97            27.6
              19           43.85           9.694
              20          -73.56           11.32
              21          -9.985           9.023
              22           14.88           13.08
              23           34.41           8.346
              24          -67.67           9.882
              25           9.133           9.698
              26           8.018           10.66
              27           25.78           9.151
              28          -44.19           8.944
              29            3.12           12.95
              30           9.761           9.532
              31           24.84           10.02
              32          -48.74           12.63
              33           -30.8           9.881
              34            16.4           10.68
              35           18.56            11.9
              36          -73.38           10.76
              37          -0.194           10.14
              38           15.25           11.86
              39           22.07           10.51
              40          -28.54           9.811
              41           30.22           9.333
              42           14.82           13.02
              43           12.15           11.51
              44          -55.03           10.52
              45           5.571           9.873
              46           36.09           9.878
              47           45.02           11.66
              48          -49.41           13.77
              49          -21.42           8.881
              50           18.73           20.64
              51           21.12           8.977
              52          -65.85            10.7
              53          -12.76            9.31
              54           5.558           12.48
              55           20.87            8.15
              56          -41.68           9.597
              57          -3.207           10.82
              58           12.06           10.31
              59           13.03            9.06
              60          -34.49           8.802
              61           2.052           15.24
              62           10.69            9.06
              63           30.96           10.65
              64          -46.83           12.16
              65          -17.14           8.314
              66           5.119           18.17
              67           26.27           13.94
              68          -66.17           10.89
              69          -13.62           8.943
              70           21.93           14.78
              71           36.11           11.32
              72          -35.89           9.547
              73           29.05           8.429
              74          0.5833           12.65
              75           38.81           11.89
              76          -30.27           8.964
              77           18.69           8.814
              78           7.382           10.88
              79           26.21           12.16
              80          -63.87           13.58
              81          -13.79           8.552
              82          0.4875           15.64
              83           37.18           8.409
              84          -47.86           11.32
              85          0.6081           8.514
              86           14.07           10.05
              87           13.35           8.258
              88          -44.49           9.482
              89            16.8            10.7
              90           17.31           8.837
              91           24.21           10.07
              92          -13.41            8.61
              93          -2.064           15.63
              94           -6.59           8.068
              95           65.07           11.56
              96          -47.82           11.14
              97          -9.989           8.836
              98           4.287           16.82
              99           35.52           13.68
             100          -49.66           10.47
             101           12.16           9.645
             102           13.87           12.82
             103           13.23           10.98
             104          -46.83           9.468
             105           34.31           9.012
             106           29.07           12.21
             107           44.58           12.39
             108          -41.81           8.782
             109           6.697           9.088
             110            19.2           13.33
             111           70.51           13.08
             112          -45.54           13.23
             113          -9.968            8.34
             114           29.45           14.09
             115           37.41           8.456
             116          -40.37           10.35
             117           7.822           8.539
             118            5.95           9.561
             119           30.26           8.429
             120          -31.32           8.941
             121           23.17           10.62
             122           30.22           8.665
             123           30.12           10.52
             124          -20.35           8.362
             125          -5.386           19.67
             126           2.194           8.528
             127           117.3           13.04
APV               11              11               3               7
               0           55.43           33.66
               1          -58.64           27.64
               2           4.976           27.09
               3          -41.67           17.93
               4          -142.9           10.36
               5          -60.63           8.016
               6           37.31            18.2
               7           71.07           12.63
               8          -80.31           8.326
               9          -48.51           8.553
              10           27.45           11.14
              11           79.13           11.27
              12          -98.92            8.42
              13          -19.55           8.983
              14            42.8           11.07
              15           87.15           10.98
              16          -86.72           11.03
              17          -54.13            7.92
              18          0.2286           23.33
              19           69.41           12.81
              20          -123.3           10.09
              21          -52.67           7.676
              22           20.55           11.06
              23           82.02           8.851
              24          -77.58           8.827
              25          -15.39           7.922
              26           48.45           9.385
              27           74.92           8.793
              28          -84.37           7.774
              29          -26.03           10.38
              30           59.23           9.056
              31           70.84           9.712
              32          -78.29            10.9
              33          -64.33           8.442
              34           7.028            12.4
              35           66.96           13.82
              36            -104           8.966
              37          -59.26           8.503
              38           45.52           12.81
              39           69.64            11.6
              40          -105.7            8.28
              41          -25.55           7.721
              42           48.98           13.18
              43           82.94           11.76
              44          -89.28           9.246
              45          -2.959           8.581
              46           64.42           9.896
              47           80.13           11.38
              48          -85.26           12.12
              49          -66.54           7.562
              50           9.507           17.52
              51           51.94           10.39
              52          -72.78           9.426
              53          -47.24           7.633
              54           25.78           10.46
              55           88.18           8.552
              56          -102.8           8.456
              57          -21.27           8.622
              58           17.76           9.015
              59           86.33           9.008
              60          -48.25           7.528
              61          -8.457           12.24
              62           49.95           8.965
              63           80.64            10.2
              64          -94.22           10.64
              65          -61.14           7.543
              66           30.24           19.07
              67           50.63           14.15
              68          -81.22              35
              69          -24.33           8.818
              70           48.29              15
              71           67.74           10.94
              72          -87.38           8.795
              73          -22.42           7.504
              74           44.52           13.27
              75           70.26           11.71
              76          -81.55           8.078
              77          -15.67             7.7
              78            48.4           11.26
              79           84.88           12.13
              80          -89.69           12.05
              81          -57.34           7.843
              82           10.49           13.33
              83           62.14           7.244
              84          -72.49            35.6
              85          -32.19            7.72
              86           43.69           8.793
              87           63.92           7.643
              88          -86.13           8.904
              89          -19.62           8.497
              90           34.19           7.411
              91           69.09           9.527
              92           -82.4           27.91
              93          -12.36           13.63
              94           50.66           7.134
              95           100.2           11.08
              96          -104.5           10.26
              97          -56.79           7.925
              98           41.67           17.42
              99           54.08           13.98
             100          -91.19           8.672
             101          -43.07           8.265
             102           41.72           13.58
             103           78.87            11.3
             104          -85.51           36.12
             105          -1.508           7.962
             106           55.96           12.01
             107           66.15           11.33
             108          -64.09           7.761
             109           1.735           7.654
             110           64.94           13.53
             111           102.5           12.81
             112          -91.49           11.74
             113          -30.67           7.479
             114           32.97           11.59
             115           44.56           7.185
             116            -103           9.114
             117          -37.74           7.096
             118           9.215           7.828
             119           80.75           7.898
             120          -93.56           36.78
             121          -18.73            9.67
             122           44.26            7.34
             123           57.58           9.603
             124          -52.45           7.836
             125          -9.494           15.79
             126            46.1           6.858
             127           119.1           12.33
APV               11              11               3               8
               0           67.67           35.74
               1          -55.18           51.51
               2           -51.8           29.93
               3          -92.87           17.11
               4             -99           36.26
               5          -48.12           42.91
               6          -13.92            15.9
               7           50.18           11.18
               8          -50.64           9.433
               9          -15.82           40.18
              10          -2.936           10.95
              11           65.37           11.35
              12          -59.01            9.76
              13          -20.12            41.1
              14           32.31           10.98
              15              93            11.2
              16          -61.55           10.97
              17          -32.24            40.7
              18          -30.03           22.06
              19           35.78           8.185
              20          -71.08           9.536
              21          -31.57           41.45
              22          -16.49           10.46
              23           65.93           7.626
              24          -72.91           9.186
              25          -15.62           41.59
              26          -17.58            9.08
              27           102.1           9.135
              28          -50.76           9.848
              29          -12.99           42.08
              30           36.92           8.177
              31           109.1           10.35
              32          -46.06           10.73
              33          -34.22           40.91
              34          -15.49           11.44
              35           41.97           13.47
              36          -59.36           9.323
              37          -33.66           40.79
              38          -21.02           11.57
              39           68.01           10.89
              40          -60.75           9.034
              41          -9.994           40.77
              42            1.62            12.7
              43           78.47           11.83
              44          -49.35           11.64
              45           3.012           42.22
              46           38.21           9.649
              47           113.8           11.72
              48          -46.88           35.02
              49          -16.99           43.84
              50          -23.16           16.82
              51           33.51           7.818
              52          -72.91           10.38
              53          -16.39           41.28
              54           3.017           9.635
              55           78.91           7.713
              56          -41.28           9.306
              57          -22.31           41.87
              58           7.322           8.529
              59           91.43           9.146
              60          -42.16           11.91
              61          -20.23           41.88
              62           30.84           7.739
              63           122.1           10.72
              64          -27.65            11.5
              65           -31.5           10.54
              66          -5.839           21.66
              67           49.74            16.5
              68          -34.61           10.85
              69          -10.96             8.5
              70          -1.021           16.86
              71           73.28           12.22
              72          -29.74           10.19
              73           -27.8           9.097
              74           25.71           14.86
              75            96.8           12.92
              76          -35.52           9.029
              77          0.9447            8.16
              78           46.25           13.01
              79           123.1            13.2
              80           -45.3           13.23
              81          -37.64           9.698
              82          -30.82           11.66
              83           46.24           8.729
              84          -55.36           11.33
              85          -23.85           8.736
              86           12.51           8.191
              87            78.5           8.715
              88          -44.53           10.44
              89          -33.78           9.391
              90        -0.02387           7.808
              91           111.7           11.07
              92          -22.39           9.435
              93          -32.84           11.12
              94           40.86           7.611
              95           128.7           12.08
              96          -55.91           11.24
              97           -32.8           9.162
              98          -18.88           19.85
              99           52.49           15.22
             100          -74.88           10.49
             101          -20.17           8.831
             102           12.78           14.97
             103           80.46           12.11
             104          -35.63           9.622
             105          -1.281           8.849
             106           31.57           14.37
             107           86.45              13
             108          -46.08           8.758
             109          -10.77           8.623
             110           36.28           15.08
             111           111.1           13.59
             112          -65.57           13.35
             113          -36.45            9.17
             114          -32.48           10.55
             115           49.96           8.702
             116          -56.07           10.59
             117          -33.85           8.413
             118           10.56           8.083
             119           91.38           8.883
             120          -49.18           9.796
             121          -31.12           9.475
             122           7.156           7.946
             123           97.14           11.26
             124          -25.71           9.429
             125           -19.2           13.47
             126           32.12           7.858
             127           134.9           13.03
APV               11              11               3               9
               0           79.51           40.88
               1          -64.17           45.49
               2          -37.65           34.51
               3          -124.8           20.21
               4          -125.6           12.64
               5           -58.8           31.62
               6          -12.62           22.06
               7           34.32            14.4
               8          -53.65           10.27
               9          -16.16           31.36
              10           3.724           12.57
              11           43.97            13.8
              12          -61.51           20.13
              13          -14.43           33.07
              14           40.37           13.62
              15           52.84           13.21
              16          -24.45            15.3
              17          -33.02           29.61
              18           1.092           37.53
              19           36.31           10.74
              20          -73.91           12.66
              21          -27.82           32.31
              22           17.37           15.96
              23           63.17           9.269
              24          -38.89           10.81
              25           -2.34           32.46
              26           16.29           13.13
              27           39.47           10.72
              28          -56.58           10.82
              29          -17.21           36.16
              30           17.46           10.69
              31            71.2           11.74
              32          -48.59           14.79
              33          -41.36           31.01
              34           14.79           13.86
              35           35.91           16.52
              36          -59.59           11.14
              37           -19.3           32.72
              38           14.02           14.66
              39           47.26           13.36
              40          -51.75           10.51
              41          -7.597           30.99
              42           13.65           15.85
              43           61.47           14.51
              44          -43.65           16.23
              45           10.71           31.23
              46           27.31           11.83
              47            68.9           13.32
              48          -46.99            16.9
              49           -21.7           30.63
              50          -1.027           28.16
              51           20.46           10.16
              52          -64.27           11.98
              53          -2.856           33.26
              54            2.94           15.18
              55           45.17           9.054
              56           -51.4           10.64
              57             -20           33.69
              58           17.06           12.28
              59           65.75           11.29
              60          -33.79           10.91
              61          -1.091           38.69
              62           26.14           10.17
              63           70.74           12.43
              64          -43.23           16.48
              65          -47.16            10.3
              66         -0.5681           25.98
              67           22.84           18.47
              68          -57.61           12.72
              69          -24.76           10.75
              70          0.3337           20.53
              71           41.98           14.29
              72          -58.46           10.35
              73            5.39           10.35
              74           32.63            17.1
              75           55.78           15.37
              76          -47.72           10.02
              77           2.124           10.18
              78           21.26           14.01
              79           80.41           16.43
              80          -44.85              20
              81          -29.89           10.06
              82           1.766            20.8
              83           34.93           9.528
              84          -46.49            14.2
              85          -22.32           9.176
              86           22.49           12.07
              87           41.93           9.557
              88          -42.29           10.97
              89          -32.55           12.85
              90           25.29           10.25
              91           56.64           12.48
              92          -59.51           9.322
              93          -18.31           20.39
              94           27.39           9.119
              95           86.48           15.18
              96          -59.22           15.26
              97          -42.42           11.02
              98           9.255           23.46
              99           27.35           17.32
             100          -50.81           12.13
             101          -23.52           11.87
             102           14.58           17.76
             103           33.37           13.85
             104          -39.07           10.08
             105           -4.76           10.67
             106           36.84           15.93
             107           76.48            15.9
             108          -20.51           9.778
             109           29.55            10.8
             110           36.42           17.39
             111           89.34            16.4
             112          -46.49            19.1
             113          -20.73           9.629
             114           8.925           18.29
             115            21.5           9.454
             116          -50.78           12.73
             117          -15.24           9.451
             118           13.78           11.57
             119            61.2           9.775
             120          -41.83           10.12
             121          -2.331           13.03
             122           32.98            10.1
             123           40.25           13.37
             124          -32.35            9.12
             125          -19.26           26.58
             126           26.51           9.367
             127           132.2           15.24
APV               11              11               3              10
               0           27.14           35.06
               1           -51.5           28.98
               2          -29.31           28.68
               3          -90.65           17.53
               4          -116.5           11.95
               5          -65.33           9.514
               6          -9.925           20.64
               7           70.44           12.87
               8          -70.32           8.857
               9          -20.22           10.35
              10           42.38           13.93
              11           71.48           12.16
              12           -75.1           9.288
              13          -18.64           11.06
              14           48.41           12.65
              15           107.2           12.04
              16          -61.95           17.96
              17          -56.34           8.538
              18           -14.5           32.91
              19           32.57           9.687
              20           -66.4           11.86
              21          -53.99           8.796
              22           11.16           14.42
              23           49.79           8.315
              24          -58.36           12.45
              25           -24.4           9.741
              26           26.71           11.33
              27           63.81           9.153
              28          -39.58           8.888
              29          -16.91           14.43
              30           33.91           10.04
              31           93.51           11.04
              32          -56.49           13.66
              33          -54.19           9.842
              34          -2.094           12.64
              35           53.69           14.19
              36          -86.82           10.69
              37          -56.94           10.76
              38           22.97           13.65
              39            67.6           11.77
              40          -59.43           9.012
              41          -8.131           9.245
              42            26.8           15.19
              43           105.6           12.95
              44          -38.43           11.39
              45          0.7088           9.139
              46           56.55           11.13
              47            98.6           12.84
              48          -80.01           15.77
              49          -33.73            8.28
              50        -0.03427           24.29
              51           61.23           9.062
              52          -63.95           11.35
              53          -31.79           9.128
              54          -1.559           13.45
              55           52.88           8.234
              56          -57.09           9.627
              57          -16.68           11.19
              58           22.52           10.75
              59           78.73           9.798
              60          -37.38           8.581
              61           -13.8           17.12
              62           36.48           9.395
              63           91.84            11.5
              64           -76.8           12.97
              65          -35.75           8.008
              66           8.089           23.16
              67           64.92           16.67
              68          -40.36           10.76
              69          -44.96           8.952
              70           15.64           18.22
              71            59.1           12.39
              72          -77.48           8.663
              73          -17.82           8.235
              74           11.25           14.42
              75           82.41           13.75
              76          -34.12           8.651
              77          -4.425           8.733
              78           65.73           13.55
              79           78.38           12.89
              80          -64.49           15.95
              81          -59.95           7.991
              82          -6.145           17.65
              83           64.52           8.377
              84          -64.09           12.06
              85           -57.4            7.77
              86           25.18           10.87
              87           71.28           8.714
              88          -54.19           9.347
              89          -28.71           11.22
              90           20.48           9.106
              91           67.81           11.35
              92          -44.45           8.121
              93          -15.81           17.89
              94           45.62           8.182
              95           85.79            12.2
              96          -74.96           11.66
              97           -52.1           9.056
              98           30.47           20.72
              99           57.19           15.23
             100          -53.99            10.2
             101          -27.53           10.04
             102           26.46           15.16
             103           65.83           12.57
             104          -63.91            8.66
             105          -21.08           7.852
             106            29.9           14.25
             107           88.26           13.84
             108          -37.64           8.427
             109           11.62           8.131
             110            58.1           16.12
             111           95.84           13.91
             112          -60.76           15.21
             113          -41.67           7.754
             114         -0.9015           15.89
             115           62.58           20.06
             116          -67.37           10.74
             117          -16.16           8.213
             118           25.06           10.17
             119            81.3           9.307
             120          -59.34           8.572
             121           2.716           11.17
             122           43.71           8.771
             123           88.57           11.89
             124          -35.85           8.008
             125          0.7299           24.87
             126           50.82            8.64
             127           114.6           13.17
APV               11              11               3              11
               0            63.2           35.74
               1          -21.36           29.11
               2          -17.65           29.47
               3          -103.1           20.04
               4          -101.3           12.86
               5          -29.06           10.62
               6          -2.475           23.93
               7           45.94           13.82
               8          -53.24           9.537
               9          -10.51           11.89
              10           14.52           13.34
              11           40.48           13.46
              12          -46.15           10.59
              13           -22.5           11.75
              14           22.35           14.24
              15           57.68           13.24
              16          -42.83           14.62
              17          -35.43            9.14
              18          -26.69           37.39
              19           32.53           10.51
              20          -46.37           13.01
              21          -8.842           9.654
              22           -9.89           16.81
              23           33.53           8.776
              24          -52.99           10.75
              25          0.5849           10.73
              26          -1.329           13.23
              27           63.82           10.39
              28          -44.51           9.921
              29          -25.95            66.9
              30           25.67           13.22
              31           61.79           11.12
              32          -49.42           14.22
              33           -33.1           10.42
              34            28.7           15.25
              35           61.15           16.14
              36           -35.1           11.46
              37          -18.14              12
              38           3.445           15.48
              39           53.75           12.63
              40           -46.8            9.87
              41          -32.33           10.16
              42           5.349           16.99
              43           50.96           14.43
              44          -60.13            13.1
              45          -18.39           10.21
              46            43.4           12.32
              47           81.22           13.95
              48           -55.9           16.53
              49          -5.027           9.149
              50           4.464           28.14
              51           42.45           9.897
              52          -70.55           12.14
              53          -19.94           9.784
              54          -2.336            15.5
              55            64.8           8.887
              56          -48.32           10.23
              57           1.227           12.76
              58            16.8           12.18
              59              43           10.54
              60          -34.81           9.721
              61           3.589           18.55
              62           28.44           10.28
              63           53.86           12.75
              64          -65.17           13.69
              65          -10.68           8.833
              66          -4.005           26.17
              67           56.82           19.04
              68           -61.7           11.56
              69          -27.01           10.01
              70          -3.392           20.86
              71           49.93           13.85
              72          -43.34           9.469
              73          -14.12           9.198
              74           17.17           16.94
              75           65.95           14.08
              76          -26.97           9.886
              77           1.069           9.738
              78           37.95           14.85
              79           89.63           16.77
              80          -49.66            16.4
              81          -22.96           8.624
              82          -2.648           21.24
              83           34.42           8.781
              84          -38.43           13.16
              85          -11.09           8.519
              86           7.491           11.97
              87           26.21           9.023
              88          -20.57           10.25
              89          -15.75           12.39
              90           3.824            10.3
              91           58.79           11.76
              92          -35.47           8.782
              93          -2.207           19.48
              94           26.93           8.937
              95           80.12           14.44
              96           -59.5           12.11
              97          -10.72           10.17
              98           3.664           23.61
              99            48.8           17.45
             100          -65.58           11.02
             101          -14.48           11.06
             102           20.06           17.19
             103           55.15           13.42
             104          -33.61           9.738
             105          -9.223            8.26
             106           21.48           16.26
             107           94.92           16.92
             108          -24.34           9.593
             109          -13.74           8.972
             110           47.41           18.45
             111           90.02           16.07
             112           -66.4           15.85
             113          -21.61           8.325
             114           5.509           18.23
             115           47.19           9.096
             116          -65.86           11.55
             117          -9.345           8.946
             118           5.608           11.56
             119            30.2           9.288
             120          -42.58           9.342
             121          -7.829           12.06
             122           27.91           9.591
             123           72.76           17.25
             124          -32.96           8.374
             125          -26.97           26.12
             126           18.76            9.35
             127           125.2           15.35
APV               11              11               3              12
               0           56.52           35.55
               1          -53.85           29.25
               2          -29.67           28.01
               3          -90.07           15.43
               4          -79.12           12.81
               5          -61.16           9.674
               6           4.365           16.45
               7            55.6           11.15
               8          -52.67           9.982
               9          -24.54           10.21
              10           46.52           10.87
              11           87.15           11.54
              12           -51.7           10.02
              13          -21.72           10.52
              14           44.28           10.97
              15           87.78           11.56
              16          -56.68           15.84
              17          -47.38           9.075
              18           -8.16           30.38
              19           34.44           10.53
              20           -75.8           12.87
              21          -29.97           8.792
              22           27.02           29.02
              23           46.23           9.399
              24          -41.13           11.26
              25          -26.89           9.355
              26           32.83           11.95
              27           52.45           14.78
              28          -73.65           9.509
              29          -27.42            13.2
              30           31.23            10.8
              31           81.44           11.07
              32          -50.73           15.46
              33           -28.1           9.653
              34           18.63           10.66
              35           61.48           12.23
              36          -50.12           11.89
              37          -35.38           10.24
              38           33.32           11.86
              39           65.58           10.89
              40          -70.45           9.948
              41          -21.77           9.351
              42           39.23           12.76
              43           55.39           11.87
              44          -51.72           10.66
              45          -17.72           9.646
              46           46.21           9.827
              47           88.38           12.27
              48          -68.73           17.38
              49          -19.11           8.724
              50           1.412           23.22
              51           53.19           10.03
              52          -55.82           12.22
              53          -8.519           8.888
              54           22.48           25.84
              55           69.36           9.321
              56           -50.4           10.58
              57          -26.46           10.32
              58           47.03           11.41
              59           78.74           10.45
              60          -32.11           9.084
              61          -27.96           15.44
              62           39.71           10.11
              63           72.14            11.6
              64          -76.13           13.74
              65          -50.57           8.444
              66           10.35           19.34
              67           53.95           53.42
              68          -79.39           11.39
              69          -8.932            9.52
              70           32.66           15.52
              71           37.97           13.26
              72          -45.07           9.965
              73          -19.13           8.624
              74           42.13           13.44
              75           72.34           12.84
              76          -66.87           8.953
              77          -15.53            8.75
              78           30.46           11.65
              79           61.44           13.21
              80           -47.7           17.11
              81          -39.41           8.587
              82           2.776           16.58
              83           39.97           9.737
              84          -60.04           13.05
              85          -44.23           8.184
              86           15.35           10.37
              87           52.71            9.09
              88          -50.19           10.31
              89          -36.11           10.48
              90           23.19           9.464
              91           61.06           11.73
              92          -55.99           8.974
              93          -10.67           16.24
              94            31.2           8.716
              95            93.7           13.04
              96          -54.39           13.32
              97           -22.4           8.896
              98           4.371           18.18
              99           49.53            13.9
             100          -49.92           11.59
             101          -26.85           9.701
             102           30.74           14.17
             103           59.58           11.31
             104          -42.71           9.379
             105             -31            9.05
             106           33.54           12.87
             107           44.03           13.22
             108          -44.98           8.753
             109          -25.97           9.057
             110           54.16           13.87
             111           96.86           14.22
             112          -63.27           16.22
             113          -30.83           8.268
             114           13.69           14.94
             115           45.58           53.24
             116          -36.32           11.52
             117          -12.31           8.699
             118           27.24           10.21
             119           57.76           10.34
             120           -64.2           9.796
             121          -41.24           10.53
             122           41.52           9.252
             123           77.31           12.31
             124          -32.29           8.596
             125            4.78           20.26
             126            61.2           9.605
             127           115.7           14.11
