run,spec,n_ev,n_ph,phase,phase_old,user_phase,circ_minus_mode,width,table_cur,dphi,mu_noRF,emu_noRF,mu_cur,emu_cur,mu_run,emu_run,mu_new,emu_new
22013,P,3845,0,0.422,0.3726,nan,0.0791,0.4155,-0.15,0.272,nan,nan,nan,nan,nan,nan,nan,nan
22023,P,84876,0,0.4065,0.3353,nan,0.088,0.4354,-0.15,0.2565,nan,nan,nan,nan,nan,nan,nan,nan
22024,P,84161,0,0.4173,0.346,nan,0.0847,0.4348,-0.15,0.2673,nan,nan,nan,nan,nan,nan,nan,nan
22025,P,74454,0,0.4134,0.3534,nan,0.0844,0.4281,-0.15,0.2634,nan,nan,nan,nan,nan,nan,nan,nan
22026,P,56520,0,0.3913,0.3456,nan,0.0892,0.409,-0.15,0.2413,nan,nan,nan,nan,nan,nan,nan,nan
22027,P,83207,0,0.3879,0.3456,nan,0.0875,0.4054,-0.15,0.2379,nan,nan,nan,nan,nan,nan,nan,nan
22028,P,38472,0,0.3919,0.3541,nan,0.0863,0.4046,-0.15,0.2419,nan,nan,nan,nan,nan,nan,nan,nan
22029,P,59186,0,0.393,0.3518,nan,0.0872,0.4087,-0.15,0.243,nan,nan,nan,nan,nan,nan,nan,nan
22030,P,47694,0,0.3897,0.3475,nan,0.0893,0.4082,-0.15,0.2397,nan,nan,nan,nan,nan,nan,nan,nan
22031,P,21614,0,0.3923,0.3503,nan,0.0833,0.4071,-0.15,0.2423,nan,nan,nan,nan,nan,nan,nan,nan
22032,P,84087,0,0.3911,0.3401,nan,0.0875,0.4078,-0.15,0.2411,nan,nan,nan,nan,nan,nan,nan,nan
22033,P,70371,0,0.387,0.3394,nan,0.087,0.4028,-0.15,0.237,nan,nan,nan,nan,nan,nan,nan,nan
22034,P,83966,0,0.3752,0.3181,nan,0.0882,0.4049,-0.15,0.2252,nan,nan,nan,nan,nan,nan,nan,nan
22035,P,84524,11426,0.3885,0.3279,nan,0.0884,0.4063,-0.15,0.2385,nan,nan,-2.3019,0.2763,2.2377,0.0598,nan,nan
22036,P,70046,4307,0.3912,0.3326,nan,0.0904,0.4106,-0.15,0.2412,nan,nan,3.7088,0.1063,3.0542,0.1511,nan,nan
22037,P,92516,0,0.3758,0.3386,nan,0.0821,0.3642,-0.15,0.2258,nan,nan,nan,nan,nan,nan,nan,nan
22038,P,92934,32478,0.3785,0.3435,nan,0.0848,0.3666,-0.15,0.2285,3.9998,0.2173,nan,nan,nan,nan,nan,nan
22039,P,92561,0,0.3805,0.3443,nan,0.0833,0.3671,-0.15,0.2305,nan,nan,nan,nan,nan,nan,nan,nan
22040,P,92799,0,0.3822,0.3456,nan,0.0822,0.3658,-0.15,0.2322,nan,nan,nan,nan,nan,nan,nan,nan
22041,P,94371,0,0.3663,0.3296,nan,0.0843,0.3665,-0.15,0.2163,nan,nan,nan,nan,nan,nan,nan,nan
22042,P,92880,0,0.3729,0.3347,nan,0.0836,0.3664,-0.15,0.2229,nan,nan,nan,nan,nan,nan,nan,nan
22043,P,92557,27042,0.3706,0.333,nan,0.0851,0.368,-0.15,0.2206,2.2367,0.3325,1.8655,0.0728,nan,nan,nan,nan
22044,P,104120,0,0.4113,0.3657,nan,0.1077,0.4165,-0.15,0.2613,nan,nan,nan,nan,nan,nan,nan,nan
22045,P,104559,0,0.3964,0.3843,nan,0.1039,0.4101,-0.15,0.2464,nan,nan,nan,nan,nan,nan,nan,nan
22046,P,103966,0,0.3863,0.3597,nan,0.1066,0.4083,-0.15,0.2363,nan,nan,nan,nan,nan,nan,nan,nan
22047,P,63456,0,0.3752,0.3518,nan,0.1049,0.4086,-0.15,0.2252,nan,nan,nan,nan,nan,nan,nan,nan
22048,P,17047,0,0.3803,0.3987,nan,0.1004,0.4123,-0.15,0.2303,nan,nan,nan,nan,nan,nan,nan,nan
22049,P,95349,0,0.3805,0.2322,nan,0.0529,0.3814,-0.15,0.2305,nan,nan,nan,nan,nan,nan,nan,nan
22050,P,105305,0,0.3901,0.2559,nan,0.0526,0.367,-0.15,0.2401,nan,nan,nan,nan,nan,nan,nan,nan
22052,P,44639,0,0.3706,0.2564,nan,0.0509,0.3384,-0.15,0.2206,nan,nan,nan,nan,nan,nan,nan,nan
22062,P,48689,4356,0.3391,0.2873,nan,0.056,0.3123,-0.15,0.1891,nan,nan,nan,nan,nan,nan,nan,nan
22064,P,16646,1456,0.3366,0.2837,nan,0.0568,0.3141,-0.15,0.1866,nan,nan,nan,nan,nan,nan,nan,nan
22065,P,48964,4319,0.3378,0.2869,nan,0.0533,0.3103,-0.15,0.1878,nan,nan,-2.3082,0.1946,nan,nan,nan,nan
22066,P,48920,4343,0.3374,0.2873,nan,0.056,0.3136,-0.15,0.1874,nan,nan,nan,nan,nan,nan,nan,nan
22098,P,160942,0,0.3881,0.4597,nan,0.0908,0.4146,-0.15,0.2381,nan,nan,nan,nan,nan,nan,nan,nan
22099,P,158973,0,0.395,0.4654,nan,0.0921,0.4145,-0.15,0.245,nan,nan,nan,nan,nan,nan,nan,nan
22100,P,118341,0,0.3802,0.271,nan,0.0526,0.3386,-0.15,0.2302,nan,nan,nan,nan,nan,nan,nan,nan
22101,P,129070,0,0.3736,0.2825,nan,0.0547,0.3261,-0.15,0.2236,nan,nan,nan,nan,nan,nan,nan,nan
22103,P,99771,0,0.3782,0.2846,nan,0.065,0.4507,-0.15,0.2282,nan,nan,nan,nan,nan,nan,nan,nan
22105,P,126577,0,0.3789,0.266,nan,0.0537,0.3301,-0.15,0.2289,nan,nan,nan,nan,nan,nan,nan,nan
22106,P,132535,0,0.3662,0.2888,nan,0.0514,0.3151,-0.15,0.2162,nan,nan,nan,nan,nan,nan,nan,nan
22107,P,132409,0,0.3643,0.2887,nan,0.0508,0.3157,-0.15,0.2143,nan,nan,nan,nan,nan,nan,nan,nan
22108,P,129469,0,0.3643,0.3003,nan,0.0538,0.3096,-0.15,0.2143,nan,nan,nan,nan,nan,nan,nan,nan
22109,P,121288,0,0.35,0.2921,nan,0.0542,0.3068,-0.15,0.2,nan,nan,nan,nan,nan,nan,nan,nan
22110,P,127677,0,0.3571,0.303,nan,0.0609,0.3264,-0.15,0.2071,nan,nan,nan,nan,nan,nan,nan,nan
22114,P,7937,34,0.3243,0.2949,nan,0.083,0.3696,-0.15,0.1743,-2.3226,44.9665,-1.3218,5.0554,nan,nan,nan,nan
22115,P,90479,3775,0.3178,0.2756,nan,0.0823,0.3625,-0.15,0.1678,nan,nan,3.1934,0.1558,3.0497,0.1401,2.6744,0.2788
22116,P,90454,7807,0.3215,0.2794,nan,0.0816,0.3604,-0.15,0.1715,nan,nan,2.4919,0.1784,0.8037,0.2011,0.8561,0.4026
22117,P,19118,156,0.3184,0.2851,nan,0.0809,0.3612,-0.15,0.1684,1.7975,1.9679,nan,nan,nan,nan,nan,nan
22118,P,10309,56,0.3228,0.2446,nan,0.0797,0.3646,-0.15,0.1728,nan,nan,nan,nan,nan,nan,nan,nan
22119,P,23426,458,0.3112,0.2726,nan,0.0829,0.3618,-0.15,0.1612,nan,nan,nan,nan,nan,nan,3.5115,0.2069
22120,P,23067,467,0.3093,0.2682,nan,0.0873,0.364,-0.15,0.1593,0.1307,1.3228,nan,nan,-0.3324,0.1731,nan,nan
22124,P,4444,49,0.3168,0.2571,nan,0.0879,0.368,-0.15,0.1668,nan,nan,nan,nan,nan,nan,nan,nan
22126,P,1760,17,0.3072,0.288,nan,0.0855,0.3703,-0.15,0.1572,nan,nan,nan,nan,nan,nan,nan,nan
22127,P,3902,36,0.3146,0.2647,nan,0.0765,0.3651,-0.15,0.1646,nan,nan,nan,nan,nan,nan,nan,nan
22133,P,7787,111,0.3075,0.2901,nan,0.086,0.3688,-0.15,0.1575,nan,nan,3.0611,0.1406,nan,nan,nan,nan
22134,P,9664,154,0.3107,0.2781,nan,0.0844,0.3688,-0.15,0.1607,-2.1375,3.2179,nan,nan,nan,nan,nan,nan
22136,P,8440,141,0.3125,0.2462,nan,0.084,0.3656,-0.15,0.1625,2.5317,0.1069,nan,nan,nan,nan,nan,nan
22138,P,74515,35067,0.3254,0.2842,nan,0.0853,0.3737,-0.15,0.1754,nan,nan,nan,nan,nan,nan,nan,nan
22144,P,74849,34998,0.328,0.2875,nan,0.0823,0.3705,-0.15,0.178,2.3855,0.0447,nan,nan,nan,nan,nan,nan
22146,P,74759,35454,0.3256,0.2928,nan,0.0841,0.3703,-0.15,0.1756,-0.2006,0.2006,nan,nan,nan,nan,nan,nan
22148,P,74892,17736,0.3203,0.2892,nan,0.0851,0.3697,-0.15,0.1703,nan,nan,3.388,0.1995,nan,nan,nan,nan
22150,P,75787,9109,0.3225,0.2871,nan,0.085,0.3714,-0.15,0.1725,nan,nan,nan,nan,2.9331,0.1054,nan,nan
22151,P,74842,33858,0.3321,0.2849,nan,0.0832,0.3701,-0.15,0.1821,nan,nan,nan,nan,nan,nan,nan,nan
22152,P,71008,964,0.3183,0.244,nan,0.0814,0.3673,-0.15,0.1683,3.3862,1.5257,nan,nan,3.742,0.1133,3.0373,0.0557
22153,P,51813,577,0.3127,0.2724,nan,0.0848,0.3656,-0.15,0.1627,nan,nan,nan,nan,-0.2039,2.4612,nan,nan
22154,P,74645,32893,0.3307,0.2928,nan,0.0845,0.3725,-0.15,0.1807,nan,nan,0.211,0.112,nan,nan,nan,nan
22155,P,75216,18813,0.3241,0.2874,nan,0.0833,0.3698,-0.15,0.1741,nan,nan,nan,nan,3.4476,0.1657,nan,nan
22178,P,19527,0,0.1676,0.1074,0.1624,0.0895,0.396,-0.15,0.0176,nan,nan,nan,nan,nan,nan,nan,nan
22179,P,21045,0,0.1358,0.0794,0.1367,0.097,0.3952,-0.15,-0.0142,nan,nan,nan,nan,nan,nan,nan,nan
22180,P,7754,0,0.1393,0.1104,0.1369,0.1056,0.4097,-0.15,-0.0107,nan,nan,nan,nan,nan,nan,nan,nan
22181,P,21344,11820,0.1444,0.1109,0.1359,0.098,0.4067,-0.15,-0.0056,3.4748,0.5247,nan,nan,0.1378,0.4934,0.1586,0.4827
22182,P,31963,17847,0.1482,0.1076,0.1409,0.0977,0.4114,-0.15,-0.0018,nan,nan,nan,nan,nan,nan,nan,nan
22183,P,32237,18035,0.1469,0.103,0.1427,0.0982,0.4111,-0.15,-0.0031,0.0072,0.2051,nan,nan,nan,nan,nan,nan
22184,P,32081,18392,0.1402,0.1028,0.138,0.1071,0.4117,-0.15,-0.0098,nan,nan,nan,nan,nan,nan,nan,nan
22185,P,32116,18342,0.1419,0.0994,0.1403,0.1018,0.4115,-0.15,-0.0081,nan,nan,nan,nan,nan,nan,nan,nan
22186,P,32006,17721,0.1491,0.1047,0.1417,0.0959,0.4053,-0.15,-0.0009,-0.5365,0.3734,nan,nan,nan,nan,nan,nan
22187,P,19409,10805,0.1445,0.0879,0.1434,0.0956,0.4084,-0.15,-0.0055,nan,nan,-1.1335,0.1859,-1.1339,0.185,-1.1332,0.1865
22188,P,32250,17832,0.1427,0.103,0.1371,0.0997,0.4076,-0.15,-0.0073,-2.2231,0.4451,nan,nan,nan,nan,nan,nan
22189,P,31899,36424,0.1429,0.118,0.1347,0.1041,0.4143,-0.15,-0.0071,nan,nan,1.3792,0.4989,1.1915,0.5548,1.3794,0.5005
22190,P,33190,9706,0.1371,0.1088,0.1287,0.105,0.4123,-0.15,-0.0129,nan,nan,nan,nan,nan,nan,nan,nan
22191,P,33175,9428,0.1394,0.1085,nan,0.1026,0.4101,-0.15,-0.0106,nan,nan,-1.7599,0.1579,nan,nan,-1.7599,0.1579
22192,P,32527,10868,0.1448,0.1119,0.1496,0.0977,0.4072,-0.15,-0.0052,-2.1271,0.366,nan,nan,nan,nan,nan,nan
22193,P,32588,10909,0.143,0.0982,0.1478,0.0966,0.4095,-0.15,-0.007,nan,nan,nan,nan,nan,nan,nan,nan
22195,P,32702,10205,0.1443,0.1305,0.1424,0.1011,0.4149,-0.15,-0.0057,nan,nan,nan,nan,nan,nan,nan,nan
22196,P,32517,10255,0.1407,0.0986,0.1458,0.0958,0.4065,-0.15,-0.0093,nan,nan,nan,nan,nan,nan,nan,nan
22199,P,9800,0,0.1565,0.0926,0.1583,0.0984,0.4619,-0.15,0.0065,nan,nan,nan,nan,nan,nan,nan,nan
22200,P,28733,76,0.1593,0.0934,0.1481,0.0943,0.4727,-0.15,0.0093,nan,nan,nan,nan,nan,nan,nan,nan
22201,P,3035,6,0.1547,0.1086,0.1615,0.097,0.4669,-0.15,0.0047,nan,nan,nan,nan,nan,nan,nan,nan
22202,P,31617,20735,0.142,0.1044,0.1479,0.0971,0.4094,-0.15,-0.008,nan,nan,2.085,0.136,nan,nan,2.085,0.136
22203,P,25667,7126,0.1408,0.1121,0.1383,0.099,0.4093,-0.15,-0.0092,nan,nan,nan,nan,nan,nan,nan,nan
22205,P,31171,9545,0.1383,0.0969,0.142,0.0968,0.4136,-0.15,-0.0117,nan,nan,nan,nan,nan,nan,nan,nan
22206,P,31342,8976,0.1294,0.1088,0.1268,0.1049,0.4111,-0.15,-0.0206,nan,nan,nan,nan,nan,nan,nan,nan
22207,P,31553,8673,0.1361,0.1058,0.1299,0.0996,0.4103,-0.15,-0.0139,nan,nan,nan,nan,nan,nan,nan,nan
22208,P,31975,8720,0.1355,0.0946,0.1265,0.0993,0.408,-0.15,-0.0145,0.3051,0.3092,nan,nan,-1.4074,0.4444,nan,nan
22209,P,31986,7954,0.1281,0.0923,0.1291,0.0996,0.4088,-0.15,-0.0219,-1.4647,0.2979,nan,nan,nan,nan,nan,nan
22210,P,31762,7554,0.129,0.0843,0.1273,0.0985,0.4065,-0.15,-0.021,nan,nan,nan,nan,nan,nan,nan,nan
22216,P,19995,4897,0.1299,0.0939,0.1339,0.1025,0.406,-0.15,-0.0201,nan,nan,nan,nan,nan,nan,nan,nan
22218,P,31813,7664,0.1293,0.1017,0.1243,0.1006,0.4094,-0.15,-0.0207,0.3035,0.8053,nan,nan,nan,nan,nan,nan
22219,P,31750,7526,0.132,0.1038,0.13,0.1007,0.4105,-0.15,-0.018,-2.3801,0.4406,nan,nan,nan,nan,nan,nan
22221,P,3141,732,0.1402,0.1026,0.1451,0.096,0.4107,-0.15,-0.0098,nan,nan,0.7955,0.1014,1.3098,1.7273,0.7955,0.1013
22222,P,38577,9153,0.1334,0.0951,0.1273,0.095,0.4072,-0.15,-0.0166,nan,nan,nan,nan,nan,nan,nan,nan
22223,P,38721,8989,0.1294,0.1013,0.117,0.0988,0.4031,-0.15,-0.0206,nan,nan,nan,nan,nan,nan,nan,nan
22224,P,38569,8986,0.1273,0.1004,0.1281,0.1023,0.411,-0.15,-0.0227,nan,nan,nan,nan,1.1504,0.0581,nan,nan
22225,P,38744,8995,0.1293,0.0988,0.1342,0.099,0.4074,-0.15,-0.0207,2.5453,0.7767,nan,nan,-1.7479,0.2414,nan,nan
22227,P,31326,0,0.1526,0.0999,0.152,0.0966,0.3962,-0.15,0.0026,nan,nan,nan,nan,nan,nan,nan,nan
22229,P,31919,8698,0.1625,0.1256,0.1621,0.1001,0.4112,-0.15,0.0125,nan,nan,nan,nan,1.1639,0.1979,nan,nan
22235,P,31970,8313,0.1676,0.1154,0.1773,0.101,0.4092,-0.15,0.0176,nan,nan,2.5825,0.0843,nan,nan,2.5825,0.0843
22236,P,31623,8175,0.1766,0.1452,0.1726,0.1,0.4057,-0.15,0.0266,-2.082,0.4958,nan,nan,-3.8387,0.2359,nan,nan
22237,P,32032,8071,0.1663,0.1376,0.1527,0.099,0.4102,-0.15,0.0163,nan,nan,nan,nan,-1.8781,0.2561,nan,nan
22238,P,31823,8587,0.1428,0.1139,0.1476,0.0977,0.4112,-0.15,-0.0072,nan,nan,nan,nan,nan,nan,nan,nan
22240,P,31984,8622,0.1665,0.1351,0.1647,0.1065,0.4114,-0.15,0.0165,nan,nan,-1.2614,0.2794,nan,nan,-1.2616,0.2798
22241,P,31840,8570,0.1613,0.1267,0.1581,0.1012,0.4115,-0.15,0.0113,-0.2692,0.4413,2.9153,0.0677,nan,nan,2.9153,0.0677
22242,P,31792,8341,0.1688,0.125,0.167,0.1,0.409,-0.15,0.0188,nan,nan,nan,nan,nan,nan,nan,nan
22243,P,31933,8282,0.1719,0.1284,0.1743,0.0989,0.412,-0.15,0.0219,nan,nan,nan,nan,-1.3806,0.2093,nan,nan
22244,P,32052,8133,0.1691,0.1405,0.1683,0.1022,0.4082,-0.15,0.0191,nan,nan,nan,nan,nan,nan,nan,nan
22246,P,32434,0,0.1324,0.0777,0.1275,0.0972,0.395,-0.15,-0.0176,nan,nan,nan,nan,nan,nan,nan,nan
22247,P,31790,8569,0.1434,0.1089,0.141,0.1032,0.4098,-0.15,-0.0066,nan,nan,nan,nan,nan,nan,nan,nan
22249,P,122202,31545,0.1669,0.134,0.1652,0.0985,0.4067,-0.15,0.0169,nan,nan,nan,nan,0.1273,0.6417,nan,nan
22251,P,31729,7819,0.1684,0.1387,0.1705,0.098,0.4072,-0.15,0.0184,nan,nan,nan,nan,nan,nan,nan,nan
22252,P,32000,7823,0.1709,0.1381,0.1699,0.0987,0.413,-0.15,0.0209,nan,nan,nan,nan,nan,nan,nan,nan
22253,P,31460,7759,0.1732,0.1402,0.1754,0.0961,0.4133,-0.15,0.0232,nan,nan,nan,nan,nan,nan,nan,nan
22255,P,31342,7665,0.1689,0.1382,0.1718,0.1012,0.406,-0.15,0.0189,nan,nan,nan,nan,nan,nan,nan,nan
22256,P,31255,7744,0.1451,0.1032,0.1426,0.0986,0.4118,-0.15,-0.0049,nan,nan,-1.0447,0.1892,-1.0447,0.1892,-1.0447,0.1892
22257,P,31597,7663,0.1692,0.1483,0.1699,0.1004,0.4066,-0.15,0.0192,nan,nan,nan,nan,nan,nan,nan,nan
22258,P,31700,7617,0.1694,0.1436,0.1738,0.1005,0.4092,-0.15,0.0194,nan,nan,-0.2865,0.4333,nan,nan,-0.2878,0.4357
22259,P,31618,7503,0.1608,0.1347,0.1602,0.1068,0.411,-0.15,0.0108,0.6014,0.4416,nan,nan,nan,nan,nan,nan
22260,P,31831,7523,0.1452,0.1095,0.1383,0.1002,0.4071,-0.15,-0.0048,nan,nan,-3.1178,0.1137,-3.1178,0.1137,-3.1178,0.1137
22261,P,31735,7691,0.1669,0.142,0.1698,0.0982,0.4044,-0.15,0.0169,nan,nan,-2.2686,0.0692,nan,nan,-2.2686,0.0692
22262,P,31747,7298,0.1525,0.1093,0.1515,0.099,0.4078,-0.15,0.0025,nan,nan,0.4798,0.2074,0.4797,0.2066,0.4799,0.2079
22265,P,14113,3448,0.1477,0.1262,0.1468,0.0995,0.4025,-0.15,-0.0023,nan,nan,nan,nan,nan,nan,nan,nan
22266,P,31627,7612,0.1443,0.1198,0.1451,0.101,0.4084,-0.15,-0.0057,nan,nan,0.9119,0.0667,0.9119,0.0667,0.9119,0.0667
22267,P,31840,7586,0.1466,0.1096,0.1473,0.0974,0.4092,-0.15,-0.0034,-1.4036,0.3041,nan,nan,nan,nan,nan,nan
22268,P,31927,7520,0.1501,0.1207,0.1506,0.097,0.4061,-0.15,0.0001,2.4484,0.1334,nan,nan,nan,nan,nan,nan
22269,P,31695,7385,0.1522,0.1209,0.1556,0.101,0.4082,-0.15,0.0022,-1.3237,0.7009,nan,nan,nan,nan,nan,nan
22270,P,31637,7222,0.1502,0.1151,0.1477,0.099,0.4086,-0.15,0.0002,1.9509,0.3455,nan,nan,nan,nan,nan,nan
22271,P,122198,28047,0.1485,0.1116,0.1475,0.1,0.409,-0.15,-0.0015,nan,nan,nan,nan,nan,nan,nan,nan
22273,P,31435,7187,0.1555,0.1198,0.1543,0.096,0.4056,-0.15,0.0055,nan,nan,-0.3925,0.2858,-0.3675,0.2805,-0.3918,0.2865
22274,P,31505,7022,0.1516,0.127,0.1478,0.0988,0.4103,-0.15,0.0016,nan,nan,nan,nan,nan,nan,nan,nan
22275,P,31637,7050,0.1501,0.1298,0.1487,0.1016,0.4091,-0.15,0.0001,-1.7646,0.3975,nan,nan,nan,nan,nan,nan
22276,P,31605,7143,0.1512,0.1034,0.1528,0.0971,0.4074,-0.15,0.0012,nan,nan,nan,nan,nan,nan,nan,nan
22277,P,31642,7155,0.1477,0.1004,0.1434,0.1019,0.4092,-0.15,-0.0023,-2.3391,0.0995,-2.1246,0.055,-2.1246,0.055,-2.1246,0.055
22278,P,31656,8200,0.1493,0.118,0.1472,0.0985,0.4062,-0.15,-0.0007,nan,nan,nan,nan,nan,nan,nan,nan
22279,P,31771,7299,0.1525,0.1195,0.1534,0.097,0.4071,-0.15,0.0025,nan,nan,nan,nan,nan,nan,nan,nan
22281,P,5994,56,0.1381,0.0557,0.1337,0.0913,0.3912,-0.15,-0.0119,nan,nan,nan,nan,nan,nan,nan,nan
22282,P,24730,242,0.1362,0.0716,0.1344,0.096,0.3978,-0.15,-0.0138,0.7613,0.2219,nan,nan,1.2678,0.2986,nan,nan
22286,P,13637,133,0.14,0.0348,0.1424,0.0955,0.3983,-0.15,-0.01,nan,nan,nan,nan,nan,nan,nan,nan
22287,P,31830,7320,0.1501,0.1159,0.148,0.0981,0.4054,-0.15,0.0001,-1.2394,0.3012,nan,nan,nan,nan,nan,nan
22288,P,31595,7156,0.1467,0.1131,0.1481,0.1019,0.4092,-0.15,-0.0033,nan,nan,-0.1088,0.0858,-0.1088,0.0858,-0.1088,0.0858
22289,P,32185,7310,0.1458,0.112,0.1316,0.0993,0.4057,-0.15,-0.0042,nan,nan,0.0323,0.2514,0.0321,0.2513,0.0323,0.2514
22290,P,31713,7185,0.1519,0.1096,0.1539,0.098,0.4061,-0.15,0.0019,nan,nan,nan,nan,nan,nan,nan,nan
22291,P,31767,7299,0.1686,0.1229,0.1799,0.0974,0.4107,-0.15,0.0186,nan,nan,nan,nan,nan,nan,nan,nan
22292,P,31681,7132,0.1537,0.1281,0.1531,0.0997,0.4076,-0.15,0.0037,-1.1128,6.1337,nan,nan,nan,nan,nan,nan
22293,P,30625,6890,0.1481,0.1409,0.1494,0.0987,0.4083,-0.15,-0.0019,1.1944,0.6648,nan,nan,nan,nan,nan,nan
22295,P,31686,7137,0.15,0.1182,0.1502,0.1007,0.404,-0.15,0.0,0.2532,0.3589,nan,nan,nan,nan,nan,nan
22296,P,31635,7059,0.1448,0.1255,0.1562,0.1037,0.4081,-0.15,-0.0052,nan,nan,nan,nan,nan,nan,nan,nan
22297,P,20008,4550,0.1543,0.109,0.1463,0.0964,0.4086,-0.15,0.0043,nan,nan,nan,nan,nan,nan,nan,nan
22298,P,31752,6939,0.1569,0.1061,0.1477,0.0986,0.406,-0.15,0.0069,nan,nan,3.3183,0.062,3.3183,0.062,3.3183,0.062
22299,P,31595,7196,0.1538,0.1273,0.148,0.1021,0.4106,-0.15,0.0038,nan,nan,nan,nan,nan,nan,nan,nan
22300,P,31888,6811,0.1513,0.125,0.1524,0.0993,0.4044,-0.15,0.0013,nan,nan,nan,nan,nan,nan,nan,nan
22301,P,28874,6401,0.1559,0.1128,0.1576,0.0978,0.4107,-0.15,0.0059,nan,nan,nan,nan,nan,nan,nan,nan
22302,P,31656,7622,0.152,0.1238,0.1521,0.0984,0.4079,-0.15,0.002,-2.2769,0.0692,-2.7705,0.1252,-2.7705,0.1252,-2.7705,0.1252
22304,P,99474,19691,0.2093,0.1698,0.2072,0.0915,0.491,-0.15,0.0593,3.5511,0.2859,0.4635,0.3264,nan,nan,0.4641,0.3274
22306,P,31659,7594,0.172,0.1474,0.1755,0.0995,0.4104,-0.15,0.022,nan,nan,nan,nan,nan,nan,nan,nan
22307,P,31997,8693,0.1716,0.1357,0.1614,0.1025,0.4122,-0.15,0.0216,nan,nan,nan,nan,nan,nan,nan,nan
22308,P,31929,7462,0.1694,0.1419,0.173,0.1012,0.4093,-0.15,0.0194,nan,nan,nan,nan,nan,nan,nan,nan
22309,P,31832,7490,0.1691,0.1353,0.1641,0.0987,0.4083,-0.15,0.0191,1.7189,0.322,nan,nan,nan,nan,nan,nan
22310,P,32009,7453,0.1683,0.1323,0.173,0.0994,0.4077,-0.15,0.0183,nan,nan,nan,nan,nan,nan,nan,nan
22311,P,32021,7456,0.1706,0.1255,0.1674,0.1015,0.4091,-0.15,0.0206,nan,nan,nan,nan,nan,nan,nan,nan
22322,P,31938,7341,0.1631,0.1191,0.1587,0.099,0.4081,-0.15,0.0131,nan,nan,nan,nan,nan,nan,nan,nan
22323,P,32066,7174,0.1671,0.1264,0.1599,0.0984,0.4066,-0.15,0.0171,nan,nan,nan,nan,nan,nan,nan,nan
22324,P,31828,7172,0.1611,0.1336,0.1471,0.1026,0.41,-0.15,0.0111,nan,nan,nan,nan,nan,nan,nan,nan
22325,P,32016,6893,0.1634,0.1346,0.1668,0.0997,0.4074,-0.15,0.0134,nan,nan,-1.8134,0.0877,nan,nan,-1.8134,0.0877
22326,P,32067,6850,0.1656,0.1243,0.1678,0.0997,0.4095,-0.15,0.0156,nan,nan,3.2486,0.0813,nan,nan,3.2486,0.0813
22327,P,31951,6767,0.1705,0.1477,0.169,0.1007,0.4116,-0.15,0.0205,nan,nan,nan,nan,nan,nan,nan,nan
22328,P,31819,6620,0.1464,0.1301,0.1461,0.1002,0.409,-0.15,-0.0036,nan,nan,nan,nan,nan,nan,nan,nan
22329,P,32116,6999,0.1664,0.138,0.1678,0.0977,0.4071,-0.15,0.0164,nan,nan,nan,nan,nan,nan,nan,nan
22330,P,31982,6868,0.1634,0.131,0.1624,0.0997,0.4109,-0.15,0.0134,nan,nan,1.7822,0.0626,nan,nan,1.7822,0.0626
22331,P,32132,6914,0.1577,0.1175,0.1497,0.0988,0.4142,-0.15,0.0077,nan,nan,nan,nan,nan,nan,nan,nan
22332,P,31865,6709,0.1536,0.1272,0.1578,0.0954,0.4071,-0.15,0.0036,nan,nan,nan,nan,nan,nan,nan,nan
22333,P,42540,8986,0.1537,0.1192,0.1488,0.1001,0.4091,-0.15,0.0037,nan,nan,nan,nan,nan,nan,nan,nan
22334,P,52698,11217,0.1508,0.118,0.1505,0.1007,0.4049,-0.15,0.0008,nan,nan,0.2093,0.1062,0.2094,0.1062,0.2093,0.1062
22335,P,31914,6945,0.1519,0.1288,0.1517,0.0985,0.4069,-0.15,0.0019,nan,nan,nan,nan,nan,nan,nan,nan
22336,P,31805,6785,0.1383,0.1004,0.1361,0.0995,0.4093,-0.15,-0.0117,1.23,0.0968,1.1519,0.123,1.262,0.1753,1.1519,0.123
22338,P,32451,8258,0.1479,0.1114,0.146,0.1004,0.4075,-0.15,-0.0021,nan,nan,1.4218,0.4528,1.4221,0.454,1.4218,0.4535
22339,P,127619,31976,0.1391,0.1012,0.1405,0.0985,0.409,-0.15,-0.0109,nan,nan,1.3651,0.0543,1.4102,0.0661,1.3651,0.0543
22341,P,32542,8035,0.1552,0.1177,0.1572,0.0995,0.4061,-0.15,0.0052,-0.4742,0.3933,nan,nan,nan,nan,nan,nan
22343,P,32491,7924,0.1378,0.1083,0.1371,0.0974,0.4052,-0.15,-0.0122,nan,nan,-0.2872,0.2017,-0.13,0.2469,-0.2872,0.2017
22344,P,32072,7758,0.1389,0.1059,0.1346,0.0985,0.4098,-0.15,-0.0111,nan,nan,nan,nan,nan,nan,nan,nan
22345,P,32366,7754,0.1293,0.0921,0.1275,0.1018,0.4081,-0.15,-0.0207,nan,nan,nan,nan,-2.2123,0.2428,nan,nan
22346,P,32177,7533,0.14,0.1081,0.1396,0.0948,0.4056,-0.15,-0.01,2.0958,0.3667,nan,nan,2.5076,0.0647,nan,nan
22347,P,32336,7707,0.1347,0.1034,0.1262,0.0988,0.403,-0.15,-0.0153,nan,nan,nan,nan,nan,nan,nan,nan
22348,P,32352,7830,0.1362,0.1039,0.1398,0.1006,0.4117,-0.15,-0.0138,nan,nan,2.232,0.2422,nan,nan,2.2328,0.2429
22350,P,32223,7257,0.1364,0.1008,0.1377,0.0977,0.4066,-0.15,-0.0136,0.4857,0.7615,nan,nan,nan,nan,nan,nan
22351,P,20470,4587,0.1334,0.1078,0.1302,0.1007,0.4064,-0.15,-0.0166,nan,nan,nan,nan,nan,nan,nan,nan
22352,P,31885,7026,0.1376,0.114,0.1418,0.1003,0.4086,-0.15,-0.0124,nan,nan,nan,nan,nan,nan,nan,nan
22353,P,32009,7305,0.1395,0.0968,0.1315,0.094,0.4045,-0.15,-0.0105,1.2937,0.0696,nan,nan,nan,nan,nan,nan
22354,P,32184,6970,0.1456,0.108,0.1451,0.1008,0.4081,-0.15,-0.0044,nan,nan,nan,nan,nan,nan,nan,nan
22360,P,2254,0,0.1049,0.0745,0.108,0.121,0.3887,-0.15,-0.0451,nan,nan,nan,nan,nan,nan,nan,nan
22361,P,982,0,0.1432,0.041,0.1034,0.0817,0.41,-0.15,-0.0068,nan,nan,nan,nan,nan,nan,nan,nan
22362,P,34085,0,0.1259,0.0718,0.1242,0.0945,0.3954,-0.15,-0.0241,nan,nan,nan,nan,nan,nan,nan,nan
22363,P,13845,0,0.125,0.076,0.1196,0.0954,0.3923,-0.15,-0.025,nan,nan,nan,nan,nan,nan,nan,nan
22364,P,32425,7059,0.1348,0.0954,0.1317,0.1029,0.4095,-0.15,-0.0152,nan,nan,-0.8835,0.2367,nan,nan,-0.8832,0.2366
22365,P,32242,7039,0.1392,0.1004,0.1353,0.1037,0.4116,-0.15,-0.0108,nan,nan,nan,nan,nan,nan,nan,nan
22367,P,874,206,0.1499,3.2879,0.137,0.1046,0.3976,-0.15,-0.0001,nan,nan,nan,nan,nan,nan,nan,nan
22372,P,22511,0,0.158,0.1059,0.1477,0.0963,0.3966,-0.15,0.008,nan,nan,nan,nan,nan,nan,nan,nan
22373,P,14225,0,0.161,0.1053,0.1629,0.0937,0.3914,-0.15,0.011,nan,nan,nan,nan,nan,nan,nan,nan
22374,P,6976,0,0.158,0.1024,0.1583,0.0961,0.3886,-0.15,0.008,nan,nan,nan,nan,nan,nan,nan,nan
22375,P,32418,7746,0.1697,0.1342,0.1807,0.1002,0.4091,-0.15,0.0197,nan,nan,nan,nan,nan,nan,nan,nan
22376,P,1164,275,0.1214,0.075,0.0805,0.1493,0.4176,-0.15,-0.0286,nan,nan,-1.4142,3.939,nan,nan,-1.4142,3.939
22377,P,32171,7499,0.151,0.1214,0.1524,0.0986,0.4061,-0.15,0.001,2.9639,0.0495,nan,nan,nan,nan,nan,nan
22378,P,32465,7481,0.1646,0.1258,0.1629,0.0988,0.4076,-0.15,0.0146,nan,nan,0.5257,0.6107,nan,nan,0.5257,0.6107
22379,P,32041,7197,0.1488,0.1272,0.1454,0.1007,0.4107,-0.15,-0.0012,nan,nan,nan,nan,nan,nan,nan,nan
22380,P,32145,7064,0.1526,0.1277,0.1558,0.1001,0.4089,-0.15,0.0026,nan,nan,nan,nan,nan,nan,nan,nan
22381,P,32088,7152,0.1542,0.1271,0.1535,0.1003,0.4088,-0.15,0.0042,nan,nan,-3.1774,0.2221,-3.1564,0.2241,-3.1779,0.2228
22382,P,32167,7148,0.1559,0.1282,0.1533,0.0992,0.4109,-0.15,0.0059,nan,nan,nan,nan,nan,nan,nan,nan
22383,P,31983,7095,0.1571,0.1251,0.1617,0.1,0.408,-0.15,0.0071,nan,nan,nan,nan,nan,nan,nan,nan
22384,P,32398,7186,0.156,0.1297,0.1517,0.0964,0.4106,-0.15,0.006,nan,nan,nan,nan,nan,nan,nan,nan
22386,P,32019,6954,0.1515,0.1168,0.1504,0.104,0.4102,-0.15,0.0015,nan,nan,nan,nan,nan,nan,nan,nan
22387,P,32116,6984,0.1514,0.1275,0.1492,0.1004,0.409,-0.15,0.0014,nan,nan,nan,nan,nan,nan,nan,nan
22388,P,32304,7112,0.1461,0.112,0.1417,0.1055,0.4085,-0.15,-0.0039,nan,nan,2.2742,0.0924,2.2742,0.0924,2.2742,0.0924
22389,P,31931,7084,0.1464,0.1094,0.1417,0.1031,0.4089,-0.15,-0.0036,nan,nan,nan,nan,nan,nan,nan,nan
22390,P,32136,6932,0.1498,0.1118,0.1604,0.0976,0.4036,-0.15,-0.0002,0.9709,0.0798,nan,nan,nan,nan,nan,nan
22391,P,32048,7178,0.1608,0.1306,0.153,0.0993,0.4074,-0.15,0.0108,1.9989,0.2603,nan,nan,nan,nan,nan,nan
22392,P,32476,8482,0.1574,0.1175,0.1653,0.0993,0.4107,-0.15,0.0074,nan,nan,nan,nan,nan,nan,nan,nan
22393,P,32577,8420,0.1821,0.1679,0.1851,0.1012,0.4074,-0.15,0.0321,nan,nan,nan,nan,nan,nan,nan,nan
22395,P,32082,8388,0.1829,0.1494,0.1782,0.0971,0.4036,-0.15,0.0329,-3.1861,0.3483,-3.7323,0.2915,nan,nan,-3.7321,0.2924
22396,P,99972,21023,0.2095,0.1759,0.2102,0.0942,0.4894,-0.15,0.0595,nan,nan,nan,nan,-0.2362,0.0546,nan,nan
22397,P,126720,32448,0.1781,0.1352,0.1794,0.0961,0.4074,-0.15,0.0281,nan,nan,nan,nan,nan,nan,nan,nan
22399,P,32145,8280,0.1815,0.1425,0.1799,0.094,0.4086,-0.15,0.0315,nan,nan,nan,nan,0.3869,0.0724,nan,nan
22400,P,32324,7605,0.1767,0.1546,0.175,0.0982,0.4118,-0.15,0.0267,nan,nan,nan,nan,-0.3451,0.0788,nan,nan
22401,P,32208,7864,0.161,0.1151,0.1684,0.0969,0.4066,-0.15,0.011,nan,nan,-2.7624,0.3073,-2.7424,0.3315,-2.7622,0.3079
22402,P,32137,7734,0.1578,0.1184,0.1628,0.1019,0.4104,-0.15,0.0078,nan,nan,nan,nan,nan,nan,nan,nan
22404,P,32133,7576,0.1613,0.1297,0.1571,0.0987,0.4112,-0.15,0.0113,nan,nan,-2.6213,0.089,-2.5974,0.1027,-2.6213,0.089
22405,P,32155,7788,0.1536,0.1211,0.1553,0.1026,0.4024,-0.15,0.0036,nan,nan,nan,nan,nan,nan,nan,nan
22406,P,32148,7790,0.1555,0.1142,0.1462,0.097,0.4082,-0.15,0.0055,nan,nan,nan,nan,nan,nan,nan,nan
22407,P,32349,7738,0.151,0.1269,0.1454,0.1004,0.4074,-0.15,0.001,1.3053,1.3171,-1.4715,0.3339,-1.4707,0.333,nan,nan
22408,P,32205,7622,0.1542,0.1152,0.1505,0.1002,0.408,-0.15,0.0042,nan,nan,1.2371,0.0569,1.2371,0.0567,1.237,0.0568
22409,P,32127,7529,0.1539,0.1125,0.1508,0.0972,0.405,-0.15,0.0039,nan,nan,nan,nan,nan,nan,nan,nan
22410,P,32122,7693,0.1531,0.1065,0.1514,0.0981,0.4086,-0.15,0.0031,nan,nan,nan,nan,nan,nan,nan,nan
22411,P,32186,7528,0.1488,0.1205,0.1456,0.0988,0.4081,-0.15,-0.0012,nan,nan,nan,nan,nan,nan,nan,nan
22412,P,32231,7300,0.1534,0.1232,0.1513,0.1011,0.4125,-0.15,0.0034,nan,nan,nan,nan,nan,nan,nan,nan
22413,P,32289,7227,0.1541,0.1203,0.152,0.0962,0.4101,-0.15,0.0041,nan,nan,nan,nan,nan,nan,nan,nan
22414,P,31976,7168,0.1502,0.1234,0.1494,0.1013,0.4079,-0.15,0.0002,nan,nan,nan,nan,nan,nan,nan,nan
22417,P,32218,7172,0.1516,0.1068,0.155,0.0986,0.4062,-0.15,0.0016,nan,nan,2.2304,0.1051,2.2304,0.1051,2.2304,0.1051
22419,P,32017,7239,0.1498,0.1186,0.1544,0.107,0.4119,-0.15,-0.0002,nan,nan,1.5669,0.035,1.5669,0.035,1.5669,0.035
22420,P,32401,7298,0.1501,0.1207,0.1561,0.0994,0.4078,-0.15,0.0001,-0.3195,0.4097,nan,nan,nan,nan,nan,nan
22421,P,32144,7465,0.1559,0.1135,0.1519,0.0967,0.4115,-0.15,0.0059,-2.4519,4.8352,nan,nan,nan,nan,nan,nan
22422,P,31853,7235,0.1573,0.13,0.1482,0.0972,0.4046,-0.15,0.0073,nan,nan,nan,nan,nan,nan,nan,nan
22424,P,32304,7303,0.1528,0.1302,0.1526,0.1018,0.4101,-0.15,0.0028,nan,nan,nan,nan,-1.8064,0.744,nan,nan
22425,P,31972,7397,0.1566,0.1191,0.1548,0.1002,0.4101,-0.15,0.0066,nan,nan,1.1469,0.3261,1.1475,0.3246,1.1466,0.3271
22426,P,32299,7516,0.1574,0.1156,0.1593,0.0994,0.4106,-0.15,0.0074,nan,nan,nan,nan,nan,nan,nan,nan
22427,P,32216,7579,0.1606,0.1337,0.1551,0.0966,0.4056,-0.15,0.0106,2.7629,0.0483,nan,nan,2.8968,0.2091,nan,nan
22428,P,127651,29002,0.1589,0.1211,0.1606,0.099,0.4092,-0.15,0.0089,-1.1462,0.0625,1.5505,0.165,1.5352,0.161,1.5505,0.165
22430,P,32229,7434,0.1568,0.1319,0.1534,0.0979,0.4068,-0.15,0.0068,nan,nan,nan,nan,nan,nan,nan,nan
22431,P,32361,7250,0.1585,0.1248,0.148,0.0944,0.4069,-0.15,0.0085,2.6547,0.4115,nan,nan,nan,nan,nan,nan
22432,P,32074,7326,0.162,0.1236,0.1622,0.0998,0.4079,-0.15,0.012,nan,nan,-0.7616,0.3218,nan,nan,-0.7611,0.3227
22433,P,32203,7135,0.1674,0.1305,0.1661,0.1005,0.4089,-0.15,0.0174,nan,nan,1.8161,0.0477,1.7966,0.0431,1.8161,0.0477
22434,P,32507,7207,0.1708,0.132,0.1669,0.0995,0.4086,-0.15,0.0208,nan,nan,nan,nan,nan,nan,nan,nan
22435,P,32579,7500,0.1939,0.1604,0.1968,0.0973,0.4083,-0.15,0.0439,nan,nan,nan,nan,nan,nan,nan,nan
22436,P,32266,7633,0.1727,0.1447,0.1727,0.0949,0.4069,-0.15,0.0227,nan,nan,nan,nan,nan,nan,nan,nan
22437,P,32467,7475,0.1719,0.1343,0.166,0.0977,0.4106,-0.15,0.0219,2.7054,0.4993,nan,nan,nan,nan,nan,nan
22438,P,32302,7493,0.1724,0.1349,0.1714,0.098,0.4046,-0.15,0.0224,nan,nan,nan,nan,1.8247,0.2737,nan,nan
22440,P,32489,7498,0.1711,0.1637,0.1664,0.1013,0.4071,-0.15,0.0211,nan,nan,nan,nan,nan,nan,nan,nan
22441,P,32493,7630,0.1777,0.1364,0.1723,0.1023,0.4132,-0.15,0.0277,nan,nan,-1.7991,0.3281,-2.1783,0.3241,-1.7981,0.329
22442,P,32250,7332,0.1573,0.1208,0.1559,0.1004,0.4074,-0.15,0.0073,nan,nan,nan,nan,nan,nan,nan,nan
22444,P,32303,7329,0.1668,0.1212,0.1615,0.0971,0.4047,-0.15,0.0168,0.1432,0.2613,nan,nan,nan,nan,nan,nan
22445,P,32343,7108,0.1655,0.1177,0.1566,0.0983,0.4084,-0.15,0.0155,1.1149,0.056,nan,nan,nan,nan,nan,nan
22446,P,32160,7212,0.1642,0.137,0.166,0.0984,0.4063,-0.15,0.0142,2.0799,0.1691,-1.5591,0.2784,-1.7514,0.2953,-1.558,0.2794
22447,P,32494,7234,0.161,0.126,0.1596,0.1011,0.4126,-0.15,0.011,-1.3905,0.3762,nan,nan,nan,nan,nan,nan
22448,P,32520,7182,0.1652,0.1381,0.1677,0.0983,0.4067,-0.15,0.0152,nan,nan,nan,nan,nan,nan,nan,nan
22449,P,32308,7178,0.1689,0.1315,0.1699,0.0984,0.4081,-0.15,0.0189,nan,nan,1.0958,0.8151,0.0119,0.3652,1.0958,0.8151
22450,P,32128,6717,0.1651,0.1262,0.1675,0.0983,0.4034,-0.15,0.0151,nan,nan,nan,nan,nan,nan,nan,nan
22452,P,31974,6664,0.1672,0.1342,0.1613,0.0995,0.4051,-0.15,0.0172,nan,nan,nan,nan,nan,nan,nan,nan
22453,P,32193,6808,0.1636,0.1367,0.1644,0.0998,0.4073,-0.15,0.0136,nan,nan,0.393,0.2094,nan,nan,0.3936,0.2097
22454,P,32626,6912,0.1656,0.1263,0.1579,0.1011,0.4039,-0.15,0.0156,nan,nan,nan,nan,nan,nan,nan,nan
22455,P,100498,16820,0.2005,0.1725,0.1995,0.0957,0.4889,-0.15,0.0505,nan,nan,nan,nan,nan,nan,nan,nan
22459,P,32101,6392,0.1699,0.1473,0.1671,0.0985,0.408,-0.15,0.0199,nan,nan,2.7357,0.2589,0.5439,0.3009,2.7348,0.2608
22463,P,32167,6171,0.169,0.1324,0.1703,0.0925,0.4074,-0.15,0.019,2.4405,0.062,nan,nan,nan,nan,nan,nan
22464,P,32078,6095,0.1693,0.1248,0.1733,0.0971,0.4051,-0.15,0.0193,nan,nan,-1.6463,0.2194,nan,nan,-1.6457,0.22
22465,P,32261,6442,0.165,0.1345,0.1646,0.1018,0.4081,-0.15,0.015,nan,nan,-1.2851,0.4858,-0.0724,0.1849,-1.2856,0.487
22466,P,31974,6233,0.1655,0.1418,0.1655,0.1013,0.4063,-0.15,0.0155,nan,nan,nan,nan,nan,nan,nan,nan
22467,P,32295,6577,0.1698,0.1422,0.1704,0.0964,0.4117,-0.15,0.0198,nan,nan,nan,nan,nan,nan,nan,nan
22470,P,31919,6423,0.164,0.1256,0.1524,0.1004,0.4074,-0.15,0.014,nan,nan,nan,nan,-0.9001,0.2034,nan,nan
22471,P,32003,6582,0.1646,0.131,0.1604,0.0932,0.404,-0.15,0.0146,nan,nan,nan,nan,-0.3307,0.0554,nan,nan
22472,P,32147,6665,0.1576,0.1281,0.1566,0.0955,0.4099,-0.15,0.0076,-0.9438,0.2948,nan,nan,nan,nan,nan,nan
22473,P,32323,6571,0.1626,0.1394,0.1599,0.099,0.4104,-0.15,0.0126,nan,nan,nan,nan,nan,nan,nan,nan
22474,P,32276,6926,0.1612,0.1196,0.1541,0.1003,0.4087,-0.15,0.0112,nan,nan,-1.8561,0.0632,-2.5939,0.1015,-1.8561,0.0632
22475,P,32482,6834,0.161,0.1236,0.1649,0.099,0.4071,-0.15,0.011,-0.1394,0.3493,-1.8558,0.2581,nan,nan,-1.8557,0.2586
22476,P,32099,6641,0.1588,0.1357,0.1542,0.1012,0.4061,-0.15,0.0088,nan,nan,nan,nan,nan,nan,nan,nan
22477,P,32316,6666,0.1589,0.1238,0.1603,0.0976,0.4048,-0.15,0.0089,nan,nan,-2.5004,0.2599,-2.4932,0.2566,-2.5004,0.2599
22478,P,32421,6921,0.1621,0.14,0.1653,0.0981,0.4062,-0.15,0.0121,nan,nan,nan,nan,nan,nan,nan,nan
22480,P,32119,6756,0.1596,0.1264,0.1561,0.0995,0.4064,-0.15,0.0096,nan,nan,nan,nan,nan,nan,nan,nan
22560,P,67581,0,0.3751,0.3165,0.373,0.0945,0.4661,-0.34,0.0351,nan,nan,nan,nan,nan,nan,nan,nan
22561,P,130046,0,0.3757,0.3136,0.3781,0.0924,0.4662,-0.34,0.0357,nan,nan,nan,nan,nan,nan,nan,nan
22562,P,8950,435,0.3394,0.295,0.3414,0.0908,0.387,-0.34,-0.0006,nan,nan,2.2843,0.0657,2.2843,0.0657,2.2843,0.0657
22563,P,45822,2105,0.3457,0.3102,0.3453,0.0912,0.4029,-0.34,0.0057,0.9257,0.2232,nan,nan,nan,nan,nan,nan
22564,P,47762,2209,0.3409,0.2761,0.3399,0.0968,0.3918,-0.34,0.0009,1.2299,0.1027,nan,nan,nan,nan,nan,nan
22565,P,47772,2190,0.3477,0.3315,0.3493,0.0842,0.4181,-0.34,0.0077,nan,nan,nan,nan,1.2056,0.1174,nan,nan
22566,P,48524,2189,0.3504,0.3073,0.35,0.0939,0.3912,-0.34,0.0104,1.3835,0.0947,1.2733,0.074,1.2552,0.0483,1.2733,0.074
22567,P,47756,2150,0.3405,0.2942,0.3419,0.085,0.4015,-0.34,0.0005,0.9828,0.1077,1.2149,0.2194,1.1471,0.1382,1.2149,0.2194
22568,P,49352,2383,0.3369,0.3043,0.3379,0.0917,0.3984,-0.34,-0.0031,1.038,0.0996,1.219,0.2044,nan,nan,1.219,0.2044
22570,P,125216,100979,0.3413,0.3008,0.3368,0.0975,0.3975,-0.34,0.0013,1.0997,0.2112,0.8339,0.2697,0.8108,0.2472,0.8339,0.2697
22572,P,127800,58612,0.345,0.3014,0.3438,0.0931,0.4011,-0.34,0.005,0.8581,0.2991,0.9572,0.2056,0.9648,0.1724,0.9572,0.2056
22573,P,129735,28457,0.3462,0.3075,0.3504,0.0946,0.4088,-0.34,0.0062,1.115,0.1244,1.2052,0.1244,1.1524,0.1416,1.2052,0.1244
22574,P,87794,3583,0.3425,0.3014,0.34,0.0934,0.3943,-0.34,0.0025,0.7174,0.0512,0.5914,0.1481,0.602,0.087,0.5914,0.1481
22586,P,118206,4799,0.3408,0.2944,0.3403,0.0916,0.3848,-0.34,0.0008,1.1935,0.1174,1.735,0.727,1.6104,0.7528,1.735,0.727
22587,P,5938,262,0.3405,0.2796,0.3402,0.0921,0.3813,-0.34,0.0005,1.0436,0.1031,nan,nan,nan,nan,nan,nan
22590,P,126056,0,0.3481,0.3198,0.3502,0.0953,0.3922,-0.34,0.0081,nan,nan,nan,nan,nan,nan,nan,nan
22591,P,125557,48699,0.3544,0.3241,0.3635,0.0942,0.3914,-0.34,0.0144,nan,nan,nan,nan,-2.2436,0.0678,nan,nan
22593,P,126722,43410,0.3414,0.3065,0.3418,0.0961,0.3958,-0.34,0.0014,nan,nan,nan,nan,nan,nan,nan,nan
22594,P,5552,1798,0.3506,0.3057,0.3522,0.0892,0.4273,-0.34,0.0106,nan,nan,nan,nan,nan,nan,nan,nan
22597,P,2333,0,0.3263,0.278,0.3177,0.095,0.3903,-0.34,-0.0137,nan,nan,nan,nan,nan,nan,nan,nan
22598,P,4781,0,0.3231,0.2779,0.3181,0.1048,0.3885,-0.34,-0.0169,nan,nan,nan,nan,nan,nan,nan,nan
22599,P,1460,0,0.3329,0.2886,0.3152,0.0962,0.3815,-0.34,-0.0071,nan,nan,nan,nan,nan,nan,nan,nan
22600,P,30760,32545,0.332,0.2968,0.3298,0.099,0.3992,-0.34,-0.008,nan,nan,nan,nan,nan,nan,nan,nan
22601,P,31049,37320,0.3401,0.3089,0.3391,0.0991,0.4011,-0.34,0.0001,2.75,2.1096,nan,nan,nan,nan,nan,nan
22602,P,31184,32685,0.3372,0.3076,0.3359,0.0954,0.3995,-0.34,-0.0028,-0.1061,4.1616,0.551,0.2616,0.509,0.3726,0.551,0.2616
22603,P,30935,32317,0.3337,0.3076,0.3428,0.0997,0.4017,-0.34,-0.0063,nan,nan,nan,nan,nan,nan,nan,nan
22604,P,30875,31638,0.3401,0.3014,0.3393,0.0923,0.3936,-0.34,0.0001,nan,nan,nan,nan,nan,nan,nan,nan
22605,P,30586,32461,0.3359,0.3169,0.338,0.0967,0.4001,-0.34,-0.0041,nan,nan,nan,nan,nan,nan,nan,nan
22606,P,30782,31718,0.3329,0.2885,0.3375,0.1038,0.4004,-0.34,-0.0071,nan,nan,1.5744,0.1783,1.5887,0.183,1.5744,0.1783
22607,P,30828,32881,0.3331,0.2963,0.3243,0.0993,0.4015,-0.34,-0.0069,nan,nan,-1.7048,0.067,-1.7075,0.0686,-1.7048,0.067
22608,P,30918,31331,0.3319,0.308,0.3363,0.1002,0.3952,-0.34,-0.0081,nan,nan,-1.2735,0.099,nan,nan,-1.2735,0.099
22609,P,31315,16353,0.3351,0.2932,0.33,0.0959,0.3943,-0.34,-0.0049,nan,nan,-1.7055,0.2612,-1.7152,0.2571,-1.7055,0.2612
22610,P,31328,16819,0.3276,0.2873,0.3303,0.0993,0.3974,-0.34,-0.0124,nan,nan,nan,nan,nan,nan,nan,nan
22611,P,31077,16844,0.3249,0.285,0.3173,0.1002,0.3887,-0.34,-0.0151,-0.1185,0.043,1.3368,0.1764,1.3379,0.177,1.3366,0.1765
22613,P,31484,15983,0.3344,0.2941,0.3332,0.1035,0.3947,-0.34,-0.0056,nan,nan,0.8148,0.4266,0.7915,0.3268,0.8148,0.4266
22614,P,31600,15618,0.3478,0.3002,0.3494,0.0925,0.3918,-0.34,0.0078,0.5422,0.4456,1.2561,0.288,1.2573,0.1033,1.2561,0.288
22615,P,31502,15832,0.3449,0.3067,0.3395,0.0971,0.3928,-0.34,0.0049,1.1307,0.0359,0.8101,0.2249,0.2973,0.1166,0.8101,0.2249
22616,P,31287,34236,0.3497,0.3224,0.3558,0.098,0.3987,-0.34,0.0097,nan,nan,1.1857,0.1302,1.1731,0.1381,1.1857,0.1302
22617,P,30749,30895,0.354,0.3244,0.3503,0.0961,0.4009,-0.34,0.014,nan,nan,0.7378,0.063,0.7052,0.0442,nan,nan
22618,P,31370,31275,0.351,0.3123,0.3532,0.1003,0.3956,-0.34,0.011,nan,nan,nan,nan,nan,nan,nan,nan
22619,P,31171,30810,0.3531,0.3237,0.3542,0.0993,0.4031,-0.34,0.0131,nan,nan,nan,nan,-0.9918,0.0911,nan,nan
22620,P,30959,31386,0.3472,0.3158,0.3491,0.1025,0.401,-0.34,0.0072,0.1265,0.2194,0.223,0.1225,nan,nan,0.223,0.1225
22621,P,30892,30685,0.3417,0.3192,0.342,0.0979,0.3969,-0.34,0.0017,nan,nan,1.3465,0.1061,1.2498,0.057,1.3465,0.1061
22622,P,30828,30760,0.359,0.3403,0.364,0.097,0.4033,-0.34,0.019,nan,nan,nan,nan,nan,nan,nan,nan
22623,P,31010,30367,0.3558,0.323,0.3508,0.0963,0.3976,-0.34,0.0158,1.0715,0.1323,0.8975,0.1315,0.8175,0.1718,0.8975,0.1315
22624,P,30507,30247,0.3468,0.3351,0.3514,0.0968,0.4005,-0.34,0.0068,nan,nan,nan,nan,nan,nan,nan,nan
22625,P,30691,30147,0.3534,0.3177,0.3485,0.0963,0.4006,-0.34,0.0134,nan,nan,nan,nan,nan,nan,nan,nan
22630,P,30919,29077,0.3346,0.308,0.3263,0.0991,0.4014,-0.34,-0.0054,nan,nan,nan,nan,nan,nan,nan,nan
22631,P,30757,30517,0.3365,0.2941,0.3306,0.0985,0.4011,-0.34,-0.0035,nan,nan,0.1703,0.0567,0.169,0.0569,0.1703,0.0567
22632,P,30652,30400,0.3335,0.3128,0.3261,0.09,0.3964,-0.34,-0.0065,-1.4696,0.0818,1.6983,0.2163,1.7052,0.2083,1.6983,0.2163
22633,P,30683,29446,0.3437,0.3139,0.3506,0.1018,0.4019,-0.34,0.0037,1.403,0.0271,0.3722,0.11,0.305,0.1148,0.3722,0.11
22634,P,30936,29158,0.3464,0.3016,0.3344,0.0969,0.3996,-0.34,0.0064,nan,nan,nan,nan,nan,nan,nan,nan
22635,P,30869,29221,0.3464,0.3133,0.3418,0.0992,0.4032,-0.34,0.0064,-2.9123,0.0824,-2.8104,0.1017,-2.8028,0.1113,-2.8104,0.1017
22636,P,30573,28910,0.3432,0.3155,0.3417,0.1009,0.398,-0.34,0.0032,nan,nan,nan,nan,nan,nan,nan,nan
22637,P,30978,28559,0.3533,0.3182,0.3556,0.0911,0.3967,-0.34,0.0133,1.5885,0.1026,nan,nan,0.3553,0.0657,nan,nan
22638,P,30704,29971,0.3478,0.3214,0.3482,0.0999,0.3949,-0.34,0.0078,nan,nan,nan,nan,nan,nan,nan,nan
22639,P,30828,28285,0.3392,0.2983,0.3412,0.0966,0.3981,-0.34,-0.0008,nan,nan,1.3134,0.1562,nan,nan,1.3134,0.1562
22640,P,30916,27959,0.3497,0.3256,0.3571,0.0986,0.3972,-0.34,0.0097,-1.5919,0.0711,0.9344,0.395,1.3646,1.3681,0.9344,0.395
22641,P,30976,26544,0.3509,0.3296,0.3509,0.0925,0.4013,-0.34,0.0109,nan,nan,nan,nan,nan,nan,nan,nan
22642,P,30793,25936,0.3518,0.3061,0.3558,0.0995,0.401,-0.34,0.0118,nan,nan,-2.3257,0.0782,-2.3296,0.0866,-2.3257,0.0782
22643,P,30953,29057,0.3601,0.3142,0.3632,0.0935,0.3982,-0.34,0.0201,nan,nan,nan,nan,nan,nan,nan,nan
22644,P,30774,29721,0.3475,0.326,0.3409,0.0985,0.4019,-0.34,0.0075,nan,nan,1.7256,0.2029,1.6393,0.184,1.7256,0.2029
22646,P,31039,29032,0.3539,0.3195,0.349,0.0947,0.3988,-0.34,0.0139,nan,nan,1.1583,0.2925,nan,nan,0.5881,0.0362
22647,P,30930,28976,0.3578,0.3214,0.3601,0.0955,0.399,-0.34,0.0178,nan,nan,nan,nan,nan,nan,nan,nan
22648,P,31073,30455,0.3512,0.3353,0.353,0.0943,0.3964,-0.34,0.0112,nan,nan,nan,nan,nan,nan,nan,nan
22649,P,31009,29959,0.3489,0.3084,0.355,0.0936,0.3978,-0.34,0.0089,nan,nan,nan,nan,nan,nan,nan,nan
22650,P,31079,27176,0.3533,0.3197,0.3546,0.0993,0.3977,-0.34,0.0133,0.8844,0.14,nan,nan,nan,nan,nan,nan
22651,P,30590,26272,0.3478,0.322,0.351,0.0955,0.3987,-0.34,0.0078,0.6785,0.0924,0.5803,0.1268,0.5455,0.1416,0.5803,0.1268
22652,P,30889,25920,0.351,0.323,0.3551,0.1007,0.3972,-0.34,0.011,nan,nan,nan,nan,3.3864,0.2723,nan,nan
22654,P,30663,29276,0.3421,0.3111,0.3436,0.1017,0.4015,-0.34,0.0021,nan,nan,nan,nan,nan,nan,nan,nan
22656,P,31019,30661,0.348,0.3115,0.346,0.0949,0.3999,-0.34,0.008,nan,nan,nan,nan,1.7941,0.0437,nan,nan
22658,P,30957,28369,0.3542,0.329,0.3568,0.0991,0.3994,-0.34,0.0142,nan,nan,nan,nan,nan,nan,nan,nan
22659,P,30718,28466,0.3571,0.3355,0.3601,0.0948,0.4,-0.34,0.0171,nan,nan,nan,nan,nan,nan,nan,nan
22660,P,31108,28640,0.3483,0.3271,0.3545,0.1,0.3992,-0.34,0.0083,nan,nan,nan,nan,nan,nan,nan,nan
22661,P,30608,27903,2.3624,2.3241,2.3578,0.0979,0.3961,-2.36,0.0024,nan,nan,nan,nan,-2.1588,0.0482,nan,nan
22662,P,30903,27952,2.3657,2.3446,2.3587,0.1003,0.4023,-2.36,0.0057,nan,nan,nan,nan,nan,nan,nan,nan
22663,P,31077,26716,2.3527,2.3248,2.3539,0.1027,0.4047,-2.36,-0.0073,3.5175,0.1617,0.1096,0.0476,0.1096,0.0476,0.1096,0.0476
22664,P,30963,25530,2.3641,2.3428,2.3595,0.0977,0.4019,-2.36,0.0041,2.2272,0.37,nan,nan,nan,nan,nan,nan
22665,P,30865,27454,2.3493,2.3129,2.3437,0.1003,0.4021,-2.36,-0.0107,nan,nan,nan,nan,nan,nan,nan,nan
22666,P,30785,26501,2.3692,2.3349,2.3654,0.099,0.3986,-2.36,0.0092,1.7281,0.3362,2.1985,0.0794,nan,nan,2.1985,0.0794
22667,P,30800,26004,2.3547,2.3288,2.3511,0.1037,0.4033,-2.36,-0.0053,0.2912,0.1504,0.6079,0.0743,0.6079,0.0743,0.6079,0.0743
22668,P,30892,26248,2.3663,2.342,2.3655,0.1028,0.3968,-2.36,0.0063,nan,nan,nan,nan,-2.4603,0.0389,nan,nan
22669,P,30717,26183,2.3593,2.3391,2.357,0.1006,0.401,-2.36,-0.0007,nan,nan,nan,nan,nan,nan,nan,nan
22670,P,25338,21768,2.3614,2.3098,2.3548,0.0965,0.3928,-2.36,0.0014,nan,nan,nan,nan,nan,nan,nan,nan
22671,P,30796,26391,2.3582,2.3354,2.3588,0.1027,0.4028,-2.36,-0.0018,1.8101,0.373,1.3237,0.0713,1.3237,0.0713,1.3237,0.0713
22672,P,30777,26774,2.3712,2.3411,2.3699,0.0994,0.3972,-2.36,0.0112,nan,nan,nan,nan,-3.5325,0.1017,nan,nan
22673,P,30937,26460,2.3434,2.3076,2.3417,0.0986,0.4004,-2.36,-0.0166,nan,nan,0.4912,0.0657,nan,nan,0.4912,0.0657
22674,P,30885,27480,2.3654,2.3455,2.3613,0.1017,0.4014,-2.36,0.0054,nan,nan,1.6176,0.1083,1.5839,0.0912,1.6176,0.1083
22675,P,30787,27605,2.3654,2.3149,2.364,0.0968,0.4004,-2.36,0.0054,1.1614,0.2188,nan,nan,nan,nan,nan,nan
22676,P,30647,27406,2.3696,2.3297,2.365,0.1013,0.4043,-2.36,0.0096,nan,nan,nan,nan,nan,nan,nan,nan
22678,P,107223,93827,2.3662,2.3375,2.3656,0.0991,0.3996,-2.36,0.0062,nan,nan,1.5762,0.0951,1.545,0.1692,1.5762,0.0951
22680,P,30992,27747,2.3616,2.3503,2.3659,0.0983,0.3983,-2.36,0.0016,-0.2786,0.3327,-0.7283,0.2649,-0.7291,0.2648,-0.4554,0.6602
22681,P,30881,27849,2.3693,2.3487,2.3666,0.0975,0.4017,-2.36,0.0093,1.7621,0.0969,nan,nan,1.8913,0.2608,nan,nan
22682,P,30812,30622,2.3623,2.3285,2.3613,0.0969,0.4014,-2.36,0.0023,nan,nan,nan,nan,1.2142,0.321,nan,nan
22683,P,30889,31262,2.3774,2.3331,2.3796,0.0996,0.4015,-2.36,0.0174,0.8092,0.3109,nan,nan,-0.1112,0.0564,nan,nan
22689,P,27209,28141,2.3702,2.3301,2.3714,0.1008,0.4016,-2.36,0.0102,nan,nan,nan,nan,nan,nan,nan,nan
22691,P,30809,32305,2.3688,2.3348,2.364,0.0996,0.3966,-2.36,0.0088,1.4958,0.0217,0.1908,0.0692,nan,nan,0.1908,0.0692
22693,P,30708,32354,2.3707,2.3226,2.3625,0.0919,0.3975,-2.36,0.0107,-0.5042,0.0571,nan,nan,nan,nan,nan,nan
22694,P,30951,31017,2.3642,2.3164,2.368,0.096,0.3966,-2.36,0.0042,0.9052,0.7762,nan,nan,nan,nan,nan,nan
22696,P,30527,71351,2.3718,2.3361,2.3659,0.1042,0.4041,-2.36,0.0118,0.2359,0.0522,nan,nan,nan,nan,nan,nan
22697,P,30780,70899,2.3823,2.3574,2.3858,0.0984,0.3999,-2.36,0.0223,nan,nan,0.4063,0.1244,nan,nan,0.4063,0.1244
22698,P,30182,66794,2.3424,2.3125,2.3478,0.0998,0.4017,-2.36,-0.0176,nan,nan,2.6785,0.1195,2.7484,0.0606,2.6785,0.1195
22699,P,30237,63529,2.3396,2.3064,2.3364,0.0982,0.3973,-2.36,-0.0204,nan,nan,-1.7864,0.0691,-1.7722,0.2088,-1.7864,0.0691
22700,P,30668,60246,2.3548,2.3207,2.3433,0.0999,0.4004,-2.36,-0.0052,nan,nan,nan,nan,nan,nan,nan,nan
22701,P,30435,56381,2.3554,2.3399,2.3576,0.1,0.3993,-2.36,-0.0046,-0.447,0.0364,nan,nan,nan,nan,nan,nan
22702,P,30630,64288,2.3602,2.3244,2.3633,0.0955,0.3972,-2.36,0.0002,1.1061,0.0704,nan,nan,nan,nan,nan,nan
22703,P,30133,52209,2.3489,2.3273,2.3484,0.1027,0.3988,-2.36,-0.0111,nan,nan,nan,nan,nan,nan,nan,nan
22704,P,30152,51515,2.3686,2.3407,2.3629,0.0992,0.3988,-2.36,0.0086,nan,nan,2.791,0.2392,2.7011,0.2782,2.791,0.2392
22707,P,30264,49284,2.3701,2.3359,2.3672,0.0978,0.3971,-2.36,0.0101,-1.7618,0.223,0.3359,0.0415,0.8914,0.3263,nan,nan
22708,P,9406,16505,2.365,2.3328,2.3685,0.1015,0.3972,-2.36,0.005,nan,nan,nan,nan,0.3598,1.0706,nan,nan
22709,P,19428,33314,2.3716,2.3277,2.3766,0.095,0.3994,-2.36,0.0116,-1.6577,0.1338,nan,nan,-1.4374,0.0791,nan,nan
22710,P,30559,52394,2.3558,2.3184,2.3568,0.1005,0.4011,-2.36,-0.0042,nan,nan,nan,nan,nan,nan,nan,nan
22711,P,30546,49728,2.3659,2.3444,2.3571,0.0989,0.3985,-2.36,0.0059,nan,nan,nan,nan,nan,nan,nan,nan
22745,P,35564,68249,0.3497,0.3225,0.3531,0.0954,0.4258,-0.34,0.0097,2.8523,0.0428,nan,nan,nan,nan,nan,nan
22746,P,34866,61714,0.3631,0.3189,0.3681,0.0945,0.4215,-0.34,0.0231,nan,nan,2.4106,0.046,2.4185,0.0619,2.4106,0.046
22747,P,36292,69116,0.3626,0.3374,0.3596,0.0947,0.4207,-0.34,0.0226,-2.4708,0.1262,nan,nan,nan,nan,nan,nan
22748,P,35983,66818,0.3651,0.3444,0.3566,0.0986,0.4235,-0.34,0.0251,nan,nan,1.0422,0.0726,0.9691,0.0766,0.8402,0.2887
22750,P,38590,68211,0.3477,0.3203,0.3462,0.1005,0.424,-0.34,0.0077,1.2406,0.0716,1.5728,0.0424,1.5529,0.0377,1.5728,0.0424
22751,P,38666,69767,0.3633,0.3369,0.3594,0.0991,0.4256,-0.34,0.0233,-2.9059,0.041,2.4371,0.0846,2.4578,0.0886,2.437,0.0846
22752,P,38999,72361,0.363,0.3369,0.3629,0.0998,0.4229,-0.34,0.023,nan,nan,nan,nan,nan,nan,nan,nan
22753,P,123023,176554,0.4266,0.3994,0.4225,0.0826,0.5871,-0.34,0.0866,nan,nan,nan,nan,-0.1512,0.193,nan,nan
22754,P,158332,275182,0.3622,0.3252,0.3561,0.0972,0.4259,-0.34,0.0222,-0.3054,0.4224,0.149,0.2838,2.7121,0.0588,0.149,0.2838
22755,P,38781,67922,0.3723,0.3444,0.3694,0.0962,0.4226,-0.34,0.0323,-0.5372,0.3474,-0.6602,0.0314,nan,nan,-0.6602,0.0314
22756,P,38966,67760,0.3478,0.3103,0.3476,0.1035,0.4271,-0.34,0.0078,nan,nan,nan,nan,1.2993,0.0731,nan,nan
22757,P,38537,68376,0.3439,0.308,0.3422,0.1002,0.4229,-0.34,0.0039,nan,nan,0.3078,0.0576,0.2994,0.0649,0.3078,0.0576
22758,P,38967,69702,0.3521,0.3116,0.3556,0.0961,0.4236,-0.34,0.0121,nan,nan,nan,nan,nan,nan,nan,nan
22759,P,38952,75045,0.3615,0.3414,0.3603,0.1006,0.4259,-0.34,0.0215,nan,nan,2.694,0.0434,2.6865,0.0379,2.694,0.0434
22760,P,39099,69055,0.3627,0.3359,0.3654,0.0966,0.4271,-0.34,0.0227,nan,nan,nan,nan,nan,nan,nan,nan
22761,P,38956,65224,0.3598,0.3321,0.3514,0.1005,0.4239,-0.34,0.0198,nan,nan,-0.9808,0.0866,nan,nan,-0.9808,0.0866
22762,P,38967,68695,0.3584,0.3313,0.3543,0.1018,0.4303,-0.34,0.0184,nan,nan,nan,nan,nan,nan,nan,nan
22763,P,39069,67387,0.3583,0.3368,0.3505,0.1014,0.4254,-0.34,0.0183,nan,nan,-3.1282,0.1368,-3.0818,0.1555,-3.1282,0.1368
22764,P,38815,65938,0.3499,0.3287,0.3455,0.1001,0.4254,-0.34,0.0099,nan,nan,nan,nan,nan,nan,nan,nan
22765,P,38722,65648,0.3587,0.3424,0.3571,0.0989,0.424,-0.34,0.0187,nan,nan,nan,nan,nan,nan,nan,nan
22766,P,38956,64897,0.3611,0.3239,0.3588,0.0981,0.4269,-0.34,0.0211,nan,nan,nan,nan,nan,nan,nan,nan
22767,P,38794,64957,0.3586,0.3353,0.3573,0.0976,0.4216,-0.34,0.0186,nan,nan,-1.2157,0.2099,-1.1712,0.0551,-1.2157,0.2099
22768,P,39011,65309,0.3582,0.32,0.3624,0.1,0.4237,-0.34,0.0182,nan,nan,nan,nan,nan,nan,nan,nan
22769,P,38858,67266,0.3538,0.3162,0.3575,0.1008,0.4269,-0.34,0.0138,nan,nan,nan,nan,nan,nan,nan,nan
22770,P,38557,64456,0.3571,0.3174,0.3536,0.1009,0.4271,-0.34,0.0171,nan,nan,0.689,0.1217,0.5918,0.0358,0.689,0.1217
22771,P,39224,65711,0.3562,0.3297,0.3545,0.0995,0.4223,-0.34,0.0162,nan,nan,nan,nan,-0.1303,0.05,nan,nan
22772,P,39337,65882,0.3588,0.3412,0.3607,0.101,0.4256,-0.34,0.0188,nan,nan,nan,nan,0.3304,0.2167,nan,nan
22773,P,39065,65078,0.3521,0.3175,0.3552,0.1008,0.4241,-0.34,0.0121,nan,nan,nan,nan,1.5767,0.0866,nan,nan
22774,P,38890,66228,0.3413,0.3193,0.3393,0.1003,0.4287,-0.34,0.0013,nan,nan,-3.5839,0.0869,nan,nan,-3.5839,0.0869
22775,P,38842,65889,0.3391,0.3104,0.3433,0.0978,0.4251,-0.34,-0.0009,-1.7132,0.1685,-0.1982,0.1842,2.9933,1.9933,-0.1982,0.1842
22776,P,38792,66025,0.3486,0.32,0.3462,0.101,0.427,-0.34,0.0086,nan,nan,nan,nan,nan,nan,nan,nan
22777,P,39059,64000,0.3642,0.3395,0.3581,0.0997,0.4323,-0.34,0.0242,nan,nan,nan,nan,nan,nan,nan,nan
22778,P,38505,63174,0.3725,0.34,0.371,0.0979,0.4266,-0.34,0.0325,nan,nan,0.1529,0.0658,0.0844,0.0838,0.1529,0.0658
22779,P,38775,63375,0.3609,0.3417,0.3664,0.1033,0.4228,-0.34,0.0209,nan,nan,-3.2592,0.1412,0.0229,0.325,-3.2592,0.1412
22783,P,38931,63804,0.3284,0.3054,0.3302,0.1025,0.4135,-0.34,-0.0116,nan,nan,0.7036,0.1359,0.7195,0.1434,0.7036,0.1359
22784,P,38815,62502,0.354,0.3268,0.3557,0.0976,0.4091,-0.34,0.014,nan,nan,-3.0766,0.1196,-3.0557,0.0733,-3.0766,0.1196
22785,P,35751,58601,0.3258,0.3226,0.3189,0.1032,0.4216,-0.34,-0.0142,nan,nan,nan,nan,nan,nan,nan,nan
22786,P,38786,63319,0.3386,0.3185,0.3303,0.1003,0.4131,-0.34,-0.0014,nan,nan,0.7505,0.0835,0.7552,0.0821,0.7505,0.0835
22787,P,38687,64033,0.3493,0.3231,0.345,0.0979,0.4093,-0.34,0.0093,nan,nan,nan,nan,nan,nan,nan,nan
22788,P,38818,62215,0.3233,0.3016,0.3265,0.0995,0.4084,-0.34,-0.0167,nan,nan,nan,nan,nan,nan,nan,nan
22789,P,39228,62080,0.338,0.3212,0.3435,0.0971,0.4066,-0.34,-0.002,nan,nan,-0.892,0.1328,-0.8983,0.135,-0.892,0.1328
22790,P,38859,63382,0.3418,0.316,0.339,0.1007,0.4112,-0.34,0.0018,nan,nan,-1.1546,0.0447,-1.1752,0.1627,-1.1546,0.0447
22791,P,38965,63026,0.3348,0.3071,0.3351,0.1009,0.4086,-0.34,-0.0052,nan,nan,nan,nan,nan,nan,nan,nan
22792,P,39251,64266,0.3637,0.3333,0.3638,0.0966,0.407,-0.34,0.0237,nan,nan,nan,nan,-0.4452,0.0449,nan,nan
22793,P,38645,59714,0.3264,0.293,0.3279,0.1021,0.4125,-0.34,-0.0136,nan,nan,0.1458,0.2824,nan,nan,0.1458,0.2824
22794,P,38779,57839,0.3137,0.2831,0.3101,0.1043,0.4121,-0.34,-0.0263,nan,nan,nan,nan,nan,nan,nan,nan
22795,P,39242,66298,0.3308,0.2965,0.3311,0.103,0.4104,-0.34,-0.0092,nan,nan,nan,nan,nan,nan,nan,nan
22796,P,39019,64658,0.3309,0.2944,0.3386,0.0995,0.4095,-0.34,-0.0091,nan,nan,nan,nan,nan,nan,nan,nan
22797,P,38810,64002,0.3377,0.318,0.3266,0.0998,0.4133,-0.34,-0.0023,nan,nan,-0.7555,0.228,nan,nan,-0.7555,0.228
22798,P,38650,62677,0.3291,0.3021,0.3266,0.0969,0.4076,-0.34,-0.0109,1.5707,0.0641,-1.6731,0.0443,nan,nan,-1.6731,0.0443
22799,P,38915,85111,0.3261,0.279,0.3229,0.0993,0.4086,-0.34,-0.0139,0.9613,0.3677,0.1898,0.1148,0.1991,0.1315,0.1898,0.1148
22800,P,39284,84709,0.3388,0.3052,0.3301,0.1023,0.4093,-0.34,-0.0012,3.816,0.095,0.0953,0.1449,0.0957,0.1451,0.0953,0.1449
22811,P,30756,58496,0.3355,0.3022,0.3331,0.1011,0.4112,-0.34,-0.0045,nan,nan,2.881,0.0877,2.5176,0.3371,2.881,0.0877
22812,P,24433,3434,0.3314,0.267,0.3332,0.0969,0.4025,-0.34,-0.0086,nan,nan,-0.1465,0.115,nan,nan,-0.1465,0.115
22845,P,30573,57021,0.3153,0.278,0.3068,0.0961,0.4067,-0.34,-0.0247,nan,nan,nan,nan,nan,nan,nan,nan
22846,P,30677,55703,0.3221,0.291,0.3206,0.0997,0.4093,-0.34,-0.0179,nan,nan,0.1308,0.0755,0.2668,0.263,0.1308,0.0755
22847,P,30697,53898,0.3222,0.2833,0.3275,0.0957,0.4091,-0.34,-0.0178,nan,nan,0.6501,0.0421,0.7623,0.5261,0.6501,0.0421
22848,P,31489,23014,0.3213,0.2994,0.3167,0.0978,0.4095,-0.34,-0.0187,1.7003,0.4427,0.3815,0.0837,0.4205,0.0307,0.3815,0.0837
22849,P,30697,42586,0.3269,0.3049,0.326,0.0981,0.4062,-0.34,-0.0131,-0.8304,0.1933,-0.5207,0.2531,-0.5179,0.2517,-0.5207,0.2531
22850,P,30590,54407,0.3253,0.2937,0.3225,0.0986,0.4115,-0.34,-0.0147,nan,nan,nan,nan,nan,nan,nan,nan
22851,P,30707,53460,0.3313,0.2955,0.3292,0.097,0.4096,-0.34,-0.0087,nan,nan,nan,nan,nan,nan,nan,nan
22852,P,30887,55095,0.3281,0.3127,0.2985,0.1052,0.408,-0.34,-0.0119,-1.0367,0.1445,nan,nan,nan,nan,nan,nan
22853,P,30773,53797,0.3388,0.3114,0.3321,0.0984,0.41,-0.34,-0.0012,nan,nan,nan,nan,nan,nan,nan,nan
22854,P,30418,51827,0.3337,0.3137,0.334,0.0982,0.411,-0.34,-0.0063,nan,nan,nan,nan,nan,nan,nan,nan
22855,P,30870,57339,0.3302,0.2901,0.325,0.1055,0.4064,-0.34,-0.0098,nan,nan,nan,nan,nan,nan,nan,nan
22856,P,30622,57550,0.3259,0.2772,0.3094,0.0973,0.4113,-0.34,-0.0141,nan,nan,nan,nan,nan,nan,nan,nan
22857,P,30853,54743,0.3303,0.2887,0.3322,0.098,0.4085,-0.34,-0.0097,1.876,0.0359,2.0424,0.0598,2.0547,0.0641,2.0424,0.0598
22858,P,30753,54571,0.3276,0.2942,0.3358,0.1017,0.4116,-0.34,-0.0124,nan,nan,0.208,0.1468,nan,nan,0.208,0.1468
22859,P,30675,54552,0.3309,0.3136,0.3225,0.0986,0.4087,-0.34,-0.0091,nan,nan,-0.7433,0.0407,-0.7487,0.0419,-0.7433,0.0407
22860,P,30689,55539,0.3308,0.3044,0.3291,0.0949,0.4095,-0.34,-0.0092,nan,nan,nan,nan,nan,nan,nan,nan
22861,P,31156,58228,0.3403,0.2964,0.3329,0.0968,0.4061,-0.34,0.0003,nan,nan,nan,nan,nan,nan,nan,nan
22862,P,30919,55671,0.3435,0.3126,0.3396,0.0963,0.408,-0.34,0.0035,nan,nan,1.9143,0.0346,1.8879,0.0284,1.9143,0.0346
22863,P,30327,50815,0.3213,0.3091,0.3291,0.1029,0.4087,-0.34,-0.0187,nan,nan,1.7952,0.7284,0.0917,0.3799,1.7953,0.7307
22864,P,30741,51754,0.318,0.2742,0.3213,0.0976,0.4096,-0.34,-0.022,nan,nan,nan,nan,nan,nan,nan,nan
22865,P,30508,51741,0.3207,0.2856,0.3206,0.0993,0.4063,-0.34,-0.0193,nan,nan,nan,nan,nan,nan,nan,nan
22866,P,30585,60537,0.3186,0.2719,0.3201,0.0986,0.4078,-0.34,-0.0214,-1.5515,0.202,nan,nan,nan,nan,nan,nan
22867,P,30441,59654,0.3194,0.2837,0.3099,0.1015,0.4079,-0.34,-0.0206,nan,nan,nan,nan,nan,nan,nan,nan
22868,P,31010,61120,0.3263,0.3043,0.3229,0.1,0.4077,-0.34,-0.0137,nan,nan,-2.6634,0.1773,nan,nan,-2.6634,0.1772
22869,P,30323,50161,0.3208,0.2801,0.3241,0.0974,0.4115,-0.34,-0.0192,nan,nan,nan,nan,nan,nan,nan,nan
22870,P,30689,48915,0.3308,0.2988,0.3299,0.096,0.4091,-0.34,-0.0092,nan,nan,nan,nan,nan,nan,nan,nan
22871,P,30603,51680,0.3211,0.2905,0.3204,0.0999,0.4059,-0.34,-0.0189,nan,nan,nan,nan,1.0294,0.0591,nan,nan
22873,P,30511,49712,0.3312,0.3194,0.3302,0.0978,0.4067,-0.34,-0.0088,nan,nan,nan,nan,nan,nan,nan,nan
22874,P,30472,49715,0.3317,0.3019,0.3291,0.0967,0.4103,-0.34,-0.0083,nan,nan,0.2914,0.0707,0.2913,0.071,0.2914,0.0707
22875,P,30589,48801,0.3322,0.3015,0.3271,0.1028,0.4107,-0.34,-0.0078,2.4689,0.2594,2.9511,0.0764,2.9556,0.0689,2.9511,0.0764
22877,P,30613,48248,0.3262,0.298,0.3311,0.1009,0.4092,-0.34,-0.0138,0.7604,0.1919,0.8475,0.0631,0.8586,0.0519,0.8475,0.0631
22878,P,30732,46787,0.3311,0.3115,0.3218,0.1036,0.4109,-0.34,-0.0089,nan,nan,nan,nan,nan,nan,nan,nan
22879,P,33572,51976,0.3242,0.2849,0.3295,0.0968,0.4089,-0.34,-0.0158,nan,nan,-2.2677,0.1151,-2.2772,0.1167,-2.2677,0.1151
22880,P,3498,5452,0.3301,0.3206,0.333,0.0908,0.401,-0.34,-0.0099,-3.57,0.3441,nan,nan,nan,nan,nan,nan
22881,P,5975,9014,0.3255,0.3029,0.324,0.091,0.4023,-0.34,-0.0145,-3.7384,0.3352,nan,nan,nan,nan,nan,nan
22882,P,30590,47192,0.321,0.2942,0.3274,0.0959,0.4026,-0.34,-0.019,nan,nan,nan,nan,-2.4945,0.4296,nan,nan
22883,P,30719,47425,0.3283,0.2898,0.3271,0.1023,0.4085,-0.34,-0.0117,nan,nan,nan,nan,nan,nan,nan,nan
22884,P,30869,46928,0.3322,0.3034,0.3355,0.1003,0.4042,-0.34,-0.0078,nan,nan,nan,nan,nan,nan,nan,nan
22885,P,30633,50159,0.334,0.299,0.3288,0.0979,0.408,-0.34,-0.006,nan,nan,0.4375,0.0623,nan,nan,0.4375,0.0623
22886,P,30650,50169,0.3193,0.286,0.3138,0.0977,0.407,-0.34,-0.0207,nan,nan,nan,nan,nan,nan,nan,nan
22887,P,30934,50460,0.3337,0.2901,0.3273,0.096,0.4065,-0.34,-0.0063,nan,nan,1.6159,0.0662,1.6152,0.0623,1.6159,0.0662
22888,P,30783,47461,0.3291,0.306,0.3251,0.1007,0.4109,-0.34,-0.0109,nan,nan,0.1802,0.2818,0.1093,0.2289,0.1802,0.2818
22889,P,30696,49020,0.324,0.2766,0.3208,0.0994,0.4097,-0.34,-0.016,-0.1728,0.2364,nan,nan,0.2718,0.3268,nan,nan
22890,P,30506,49337,0.3243,0.2945,0.3277,0.1008,0.4125,-0.34,-0.0157,-0.7454,0.9925,-0.5746,0.7488,2.2059,0.5629,-0.5732,0.7513
22892,P,30885,41527,0.3295,0.2944,0.3224,0.0983,0.4071,-0.34,-0.0105,nan,nan,nan,nan,nan,nan,nan,nan
22893,P,30618,43084,0.3217,0.302,0.3215,0.098,0.4079,-0.34,-0.0183,nan,nan,0.2357,0.0528,0.1868,0.1271,nan,nan
22894,P,30681,42718,0.3381,0.2951,0.3394,0.0987,0.4059,-0.34,-0.0019,nan,nan,nan,nan,nan,nan,nan,nan
22895,P,30640,41501,0.328,0.3001,0.329,0.0986,0.4093,-0.34,-0.012,nan,nan,nan,nan,nan,nan,nan,nan
22896,P,30868,41687,0.3349,0.3119,0.3393,0.1003,0.4123,-0.34,-0.0051,nan,nan,nan,nan,nan,nan,nan,nan
22897,P,30599,41912,0.3136,0.2845,0.3072,0.1015,0.4088,-0.34,-0.0264,nan,nan,nan,nan,0.1629,0.0306,nan,nan
22898,P,30756,42729,0.3348,0.3098,0.3334,0.1014,0.408,-0.34,-0.0052,nan,nan,nan,nan,nan,nan,nan,nan
22900,P,30759,42724,0.3324,0.2873,0.3311,0.0933,0.4067,-0.34,-0.0076,nan,nan,nan,nan,nan,nan,nan,nan
22902,P,30608,48181,0.3368,0.2992,0.3351,0.0985,0.4066,-0.34,-0.0032,nan,nan,nan,nan,1.4976,0.7363,nan,nan
22903,P,30920,48538,0.3296,0.2924,0.3103,0.0995,0.4112,-0.34,-0.0104,0.0852,0.0604,nan,nan,nan,nan,nan,nan
22905,P,30940,48431,0.3297,0.2931,0.3147,0.0949,0.4076,-0.34,-0.0103,nan,nan,2.2065,0.1382,nan,nan,2.2065,0.1382
22907,P,30970,47843,0.3318,0.3085,0.3399,0.0955,0.4108,-0.34,-0.0082,nan,nan,nan,nan,1.8045,0.1932,nan,nan
22912,P,30708,46064,0.3265,0.289,0.3252,0.0996,0.4121,-0.34,-0.0135,-0.2165,1.9895,nan,nan,nan,nan,nan,nan
22915,P,30811,46268,0.337,0.3069,0.3351,0.1011,0.4087,-0.34,-0.003,nan,nan,nan,nan,nan,nan,nan,nan
22916,P,30496,46898,0.3153,0.2889,0.3193,0.0978,0.4072,-0.34,-0.0247,0.9174,0.0521,nan,nan,nan,nan,nan,nan
22917,P,30511,47388,0.3215,0.2935,0.3186,0.0936,0.4067,-0.34,-0.0185,nan,nan,nan,nan,nan,nan,nan,nan
22918,P,30626,45108,0.3104,0.2836,0.3113,0.1033,0.4144,-0.34,-0.0296,nan,nan,nan,nan,nan,nan,nan,nan
22919,P,30799,45793,0.3261,0.3073,0.3319,0.098,0.41,-0.34,-0.0139,nan,nan,nan,nan,nan,nan,nan,nan
22920,P,30602,46873,0.3209,0.2858,0.3213,0.0998,0.4072,-0.34,-0.0191,0.6059,0.2265,nan,nan,nan,nan,nan,nan
22921,P,30519,46969,0.3291,0.2957,0.3264,0.0969,0.4055,-0.34,-0.0109,nan,nan,-2.6721,0.0527,-2.6973,0.0686,-2.6721,0.0527
22922,P,30601,45555,0.3316,0.2887,0.3387,0.0933,0.4068,-0.34,-0.0084,nan,nan,nan,nan,1.2475,0.1012,nan,nan
22923,P,30477,47360,0.3305,0.2949,0.3319,0.0956,0.408,-0.34,-0.0095,2.6567,0.1136,2.8959,0.2205,2.9011,0.2192,2.8959,0.2205
22924,P,30947,45649,0.328,0.2954,0.3288,0.099,0.4057,-0.34,-0.012,nan,nan,-0.7981,0.3659,-0.8355,0.3177,-0.7981,0.3659
22925,P,30773,46698,0.3183,0.2743,0.3184,0.1001,0.4078,-0.34,-0.0217,nan,nan,nan,nan,1.2387,0.7892,nan,nan
22927,P,30565,46228,0.3316,0.2951,0.3281,0.0958,0.4104,-0.34,-0.0084,nan,nan,nan,nan,nan,nan,nan,nan
22928,P,30937,46761,0.3314,0.2907,0.331,0.0955,0.4086,-0.34,-0.0086,0.3085,0.1996,0.1247,0.4625,0.2141,0.4596,0.1247,0.4625
22930,P,30790,45710,0.3284,0.3104,0.3312,0.1027,0.4097,-0.34,-0.0116,nan,nan,nan,nan,nan,nan,nan,nan
22931,P,30717,45718,0.3429,0.2975,0.3366,0.0961,0.4065,-0.34,0.0029,nan,nan,nan,nan,1.1243,0.0484,nan,nan
22933,P,30826,45539,0.3266,0.2843,0.316,0.0993,0.4075,-0.34,-0.0134,1.1803,0.5407,nan,nan,nan,nan,nan,nan
22934,P,30929,49684,0.3307,0.3043,0.331,0.1041,0.4083,-0.34,-0.0093,nan,nan,1.7622,0.0988,1.7575,0.0987,1.7622,0.0988
22936,P,30625,49973,0.3295,0.2839,0.3343,0.0953,0.4083,-0.34,-0.0105,nan,nan,1.4954,0.0262,nan,nan,1.4954,0.0262
22939,P,39772,0,0.3106,0.2562,0.3034,0.0965,0.3976,-0.34,-0.0294,nan,nan,nan,nan,nan,nan,nan,nan
22940,P,39810,0,0.3142,0.2594,0.3096,0.0935,0.3953,-0.34,-0.0258,nan,nan,nan,nan,nan,nan,nan,nan
22941,P,31265,49960,0.3236,0.2907,0.3287,0.0964,0.4076,-0.34,-0.0164,nan,nan,0.8452,0.0544,0.8439,0.0513,0.8452,0.0544
22943,P,31081,51226,0.3308,0.2864,0.3314,0.0959,0.4056,-0.34,-0.0092,nan,nan,nan,nan,3.9227,10.3258,nan,nan
22944,P,30747,51005,0.3238,0.2983,0.3012,0.1021,0.4119,-0.34,-0.0162,-1.571,0.0758,-1.331,0.1234,-1.3321,0.1306,-1.331,0.1234
22945,P,123775,205334,0.3245,0.283,0.3271,0.0966,0.4085,-0.34,-0.0155,-0.397,0.2556,-1.7806,0.0834,-1.7769,0.0801,-1.7806,0.0834
22947,P,30766,50008,0.3219,0.2898,0.3188,0.1036,0.4081,-0.34,-0.0181,nan,nan,nan,nan,nan,nan,nan,nan
22948,P,30724,50002,0.3239,0.2833,0.3221,0.0981,0.4129,-0.34,-0.0161,-2.3187,0.3439,-2.1891,0.283,-2.2085,0.2284,-2.1891,0.283
22949,P,30522,49363,0.3182,0.2786,0.3173,0.0945,0.4084,-0.34,-0.0218,nan,nan,-0.1476,0.1933,nan,nan,-0.1476,0.1933
22950,P,30745,50382,0.3285,0.2928,0.3216,0.0976,0.4111,-0.34,-0.0115,nan,nan,nan,nan,2.5848,0.1043,nan,nan
22951,P,30758,50162,0.3231,0.288,0.3234,0.0992,0.4056,-0.34,-0.0169,1.9157,0.1079,nan,nan,nan,nan,nan,nan
22952,P,31006,49239,0.3193,0.2851,0.318,0.1008,0.4095,-0.34,-0.0207,nan,nan,nan,nan,2.9013,0.1561,nan,nan
22953,P,30672,47685,0.327,0.2945,0.3314,0.101,0.4083,-0.34,-0.013,nan,nan,-2.6284,0.0445,-2.6188,0.045,-2.6284,0.0445
22954,P,30827,47812,0.3219,0.2858,0.3196,0.0952,0.4115,-0.34,-0.0181,-1.1962,0.1891,-1.2618,0.0243,-1.2707,0.0232,nan,nan
22955,P,30897,48328,0.3135,0.276,0.3161,0.1016,0.4057,-0.34,-0.0265,-2.7107,0.1226,nan,nan,-2.115,0.0497,nan,nan
22956,P,30721,47407,0.3268,0.2852,0.3189,0.0978,0.4117,-0.34,-0.0132,0.6387,0.2408,0.7795,0.0343,0.7908,0.0355,0.7795,0.0343
22957,P,31058,46663,0.3165,0.2789,0.3078,0.1039,0.4105,-0.34,-0.0235,0.3839,0.1036,0.6289,0.4085,0.5655,0.2584,0.6289,0.4085
22958,P,30866,46631,0.322,0.2809,0.3252,0.105,0.4112,-0.34,-0.018,2.4988,0.3358,2.6418,0.218,2.6609,0.2322,2.6418,0.218
22959,P,18210,26808,0.317,0.2686,0.3167,0.1001,0.4071,-0.34,-0.023,nan,nan,nan,nan,nan,nan,nan,nan
22960,P,109714,165572,0.3277,0.2984,0.3295,0.0978,0.4073,-0.34,-0.0123,-0.871,0.1979,-0.7026,0.1991,nan,nan,-0.7026,0.1991
22961,P,30894,46086,0.326,0.3009,0.3199,0.0948,0.4095,-0.34,-0.014,nan,nan,-2.8457,0.2056,-2.8583,0.2172,-2.8457,0.2056
22962,P,30948,44764,0.3137,0.287,0.3187,0.0961,0.4079,-0.34,-0.0263,2.6441,0.0497,nan,nan,nan,nan,nan,nan
22963,P,30648,44957,0.331,0.2957,0.3281,0.0965,0.4084,-0.34,-0.009,nan,nan,nan,nan,nan,nan,nan,nan
22964,P,12087,0,0.3319,0.2596,0.3303,0.094,0.4778,-0.34,-0.0081,nan,nan,nan,nan,nan,nan,nan,nan
22965,P,97850,141283,0.3547,0.3209,0.3515,0.0951,0.4911,-0.34,0.0147,nan,nan,0.3181,0.0985,nan,nan,0.3181,0.0985
22967,P,31173,52488,0.3203,0.2992,0.3047,0.1048,0.4134,-0.34,-0.0197,nan,nan,0.7905,0.1657,0.8009,0.1583,0.7905,0.1657
22968,P,30829,48061,0.3235,0.2893,0.3237,0.1011,0.4137,-0.34,-0.0165,nan,nan,nan,nan,nan,nan,nan,nan
22969,P,30675,48311,0.3345,0.2897,0.3478,0.0978,0.4115,-0.34,-0.0055,nan,nan,nan,nan,0.1167,0.052,nan,nan
22970,P,30704,46122,0.3502,0.3318,0.3407,0.0957,0.4176,-0.34,0.0102,-1.0537,0.134,-0.2096,0.109,-0.1024,0.7751,-0.2096,0.109
22971,P,30460,47219,0.3402,0.299,0.3404,0.1001,0.4174,-0.34,0.0002,nan,nan,-0.8048,0.0763,-0.8021,0.0757,-0.8048,0.0763
22972,P,30737,41953,0.3504,0.3263,0.3533,0.0979,0.4141,-0.34,0.0104,-0.7026,0.4038,nan,nan,nan,nan,nan,nan
22973,P,31090,42395,0.3535,0.3284,0.3427,0.0991,0.416,-0.34,0.0135,-0.7422,0.3862,0.6216,0.1205,0.7059,0.0851,0.6216,0.1205
22974,P,31009,43167,0.3494,0.3072,0.345,0.0962,0.4134,-0.34,0.0094,nan,nan,2.7044,0.0851,2.9855,0.2771,2.7044,0.0851
22975,P,30751,47159,0.3461,0.3194,0.3387,0.1008,0.4109,-0.34,0.0061,nan,nan,nan,nan,nan,nan,nan,nan
22976,P,30904,48551,0.3505,0.3253,0.3508,0.0964,0.4142,-0.34,0.0105,2.7989,0.6235,nan,nan,nan,nan,nan,nan
22977,P,30633,47152,0.3396,0.3172,0.3363,0.0965,0.4104,-0.34,-0.0004,nan,nan,nan,nan,nan,nan,nan,nan
22978,P,31216,45920,0.3475,0.3077,0.3456,0.0927,0.411,-0.34,0.0075,nan,nan,nan,nan,nan,nan,nan,nan
22979,P,30859,45300,0.3444,0.3093,0.3303,0.0941,0.4118,-0.34,0.0044,nan,nan,nan,nan,nan,nan,nan,nan
22980,P,30770,45911,0.3379,0.2983,nan,0.0959,0.4109,-0.34,-0.0021,nan,nan,nan,nan,nan,nan,nan,nan
22981,P,30708,45452,0.3467,0.3075,0.3469,0.0967,0.415,-0.34,0.0067,nan,nan,nan,nan,nan,nan,nan,nan
22982,P,30509,45651,0.3445,0.3151,0.3429,0.0985,0.4084,-0.34,0.0045,nan,nan,nan,nan,-0.4359,0.0345,nan,nan
22983,P,30906,47745,0.3423,0.3066,0.3429,0.0967,0.4135,-0.34,0.0023,nan,nan,nan,nan,nan,nan,nan,nan
22984,P,30596,46831,0.3392,0.3098,0.3405,0.0961,0.4115,-0.34,-0.0008,nan,nan,2.9266,0.0675,nan,nan,2.9266,0.0675
22985,P,30931,46845,0.3438,0.3027,0.3402,0.0947,0.4082,-0.34,0.0038,nan,nan,nan,nan,nan,nan,nan,nan
22986,P,30843,47119,0.3425,0.3127,0.3431,0.0978,0.4116,-0.34,0.0025,nan,nan,nan,nan,nan,nan,nan,nan
22987,P,30639,46842,0.3386,0.2971,0.3358,0.0928,0.4136,-0.34,-0.0014,nan,nan,nan,nan,nan,nan,nan,nan
22988,P,30715,47189,0.3146,0.282,0.3047,0.0926,0.4098,-0.34,-0.0254,0.3858,0.1612,nan,nan,0.3656,0.2164,nan,nan
22990,P,124498,192084,0.3295,0.2999,0.3259,0.0975,0.4119,-0.34,-0.0105,0.2855,0.535,nan,nan,nan,nan,nan,nan
22994,P,30745,49021,0.334,0.286,0.3257,0.0927,0.4103,-0.34,-0.006,0.9102,0.035,-0.3262,0.0476,-0.3249,0.0515,-0.3262,0.0476
22996,P,30878,47158,0.3284,0.281,0.3267,0.0991,0.4131,-0.34,-0.0116,-0.0383,0.0598,nan,nan,nan,nan,nan,nan
22997,P,30702,47404,0.3387,0.3163,0.3405,0.0934,0.4056,-0.34,-0.0013,nan,nan,nan,nan,nan,nan,nan,nan
22998,P,30804,47661,0.3369,0.3042,0.3289,0.0947,0.4127,-0.34,-0.0031,nan,nan,0.3443,0.1596,nan,nan,0.3443,0.1596
22999,P,30634,45454,0.3362,0.3068,0.342,0.0962,0.4125,-0.34,-0.0038,nan,nan,0.1013,0.1799,0.134,0.1496,0.1013,0.1799
23000,P,30338,45819,0.3383,0.3066,0.3375,0.0945,0.4147,-0.34,-0.0017,nan,nan,nan,nan,2.5836,1.6658,nan,nan
23001,P,30633,44026,0.3175,0.2924,0.3129,0.1014,0.4124,-0.34,-0.0225,nan,nan,0.3334,0.1831,0.2836,0.1177,0.3334,0.1831
23002,P,30777,45912,0.3318,0.3077,0.3235,0.0962,0.4137,-0.34,-0.0082,nan,nan,nan,nan,nan,nan,nan,nan
23003,P,30364,45011,0.3326,0.2879,0.3327,0.0969,0.412,-0.34,-0.0074,nan,nan,nan,nan,-1.445,0.9712,nan,nan
23004,P,30711,45799,0.3365,0.3007,0.3267,0.0986,0.4122,-0.34,-0.0035,2.7267,0.1784,2.7602,0.0298,2.7534,0.0302,2.7602,0.0298
23005,P,30606,43504,0.332,0.3046,0.3339,0.1001,0.4125,-0.34,-0.008,nan,nan,nan,nan,nan,nan,nan,nan
23006,P,30768,45715,0.3357,0.3003,0.3362,0.0988,0.4151,-0.34,-0.0043,1.1128,0.2085,1.4756,0.2448,0.8103,0.7323,1.4756,0.2448
23007,P,31099,44741,0.3398,0.3037,0.331,0.0937,0.411,-0.34,-0.0002,nan,nan,-2.0647,0.0422,-2.0621,0.0427,-2.0647,0.0422
23008,P,30647,44183,0.3287,0.285,0.3397,0.0981,0.4131,-0.34,-0.0113,1.1657,0.2806,nan,nan,nan,nan,nan,nan
23009,P,30552,44149,0.3363,0.3126,0.3325,0.1038,0.4153,-0.34,-0.0037,0.7032,0.1778,0.6624,0.1732,0.6565,0.1676,0.6586,0.1702
23010,P,30534,45060,0.3294,0.3066,0.3287,0.0968,0.4127,-0.34,-0.0106,nan,nan,nan,nan,nan,nan,nan,nan
23011,P,30683,44606,0.3406,0.3168,0.3402,0.0969,0.4107,-0.34,0.0006,-3.2732,0.6275,nan,nan,nan,nan,nan,nan
23012,P,30623,44847,0.3394,0.321,0.3351,0.0981,0.4159,-0.34,-0.0006,1.9633,0.1074,nan,nan,nan,nan,nan,nan
23014,P,46628,0,0.3461,0.2798,0.336,0.0976,0.4736,-0.34,0.0061,nan,nan,nan,nan,nan,nan,nan,nan
23015,P,1012,76,0.2958,0.0759,0.433,0.111,0.3888,-0.34,-0.0442,-0.5956,0.1721,nan,nan,nan,nan,nan,nan
23016,P,23574,1628,0.3205,0.2411,0.318,0.0905,0.4033,-0.34,-0.0195,nan,nan,0.3447,0.0327,-1.0051,0.1547,0.3447,0.0327
23017,P,98060,125960,0.35,0.3259,0.3456,0.0927,0.4938,-0.34,0.01,nan,nan,2.9492,0.072,nan,nan,2.9492,0.072
23019,P,75092,108191,0.3308,0.3005,0.3239,0.0975,0.4124,-0.34,-0.0092,0.0916,0.1777,0.1116,0.1388,0.1258,0.137,0.1116,0.1388
23020,P,75148,107734,0.3277,0.2874,0.3299,0.0983,0.4109,-0.34,-0.0123,nan,nan,0.2061,0.0983,0.2071,0.097,0.2061,0.0983
23021,P,75059,108983,0.3245,0.29,0.3215,0.0992,0.4103,-0.34,-0.0155,nan,nan,nan,nan,-0.492,0.5247,nan,nan
23022,P,75246,109287,0.3242,0.2856,0.3299,0.0982,0.4136,-0.34,-0.0158,-1.9462,0.3696,-2.5795,0.2254,-2.5908,0.2176,-2.5795,0.2254
23023,P,75546,106418,0.3256,0.2966,0.3219,0.0986,0.4124,-0.34,-0.0144,-0.1246,0.4389,nan,nan,-2.7254,0.0386,nan,nan
23024,P,75215,104301,0.3266,0.2949,0.3226,0.0992,0.4138,-0.34,-0.0134,nan,nan,0.1895,0.1059,0.1878,0.1105,0.1895,0.1059
23025,P,75483,102399,0.3352,0.3019,0.3333,0.0959,0.4105,-0.34,-0.0048,-1.3323,0.205,nan,nan,-1.5689,0.1362,nan,nan
23026,P,75025,102855,0.3203,0.2941,0.3239,0.0997,0.4137,-0.34,-0.0197,1.3642,0.3395,nan,nan,1.6628,0.246,nan,nan
23027,P,75387,102830,0.3375,0.3111,0.332,0.0964,0.4147,-0.34,-0.0025,nan,nan,-0.0679,0.2994,nan,nan,-0.0679,0.2994
23030,P,75110,99492,0.3239,0.2867,0.3197,0.0956,0.412,-0.34,-0.0161,0.2612,0.079,0.2305,0.0706,0.2497,0.0694,0.2305,0.0706
23031,P,75417,102467,0.3396,0.3047,0.3445,0.095,0.411,-0.34,-0.0004,-0.7576,0.1046,nan,nan,nan,nan,nan,nan
23032,P,75510,102710,0.3228,0.2925,0.3232,0.1006,0.4123,-0.34,-0.0172,nan,nan,nan,nan,1.056,0.4536,nan,nan
23033,P,75383,102547,0.3294,0.2902,0.3348,0.0949,0.4093,-0.34,-0.0106,nan,nan,0.3522,0.1552,0.3535,0.1505,0.3522,0.1552
23034,P,75045,101544,0.3299,0.3028,0.3308,0.0957,0.4118,-0.34,-0.0101,0.2579,0.1878,0.4186,0.1447,0.3996,0.1519,0.4186,0.1447
23035,P,75347,101536,0.333,0.2922,0.3314,0.0958,0.4091,-0.34,-0.007,-0.1956,0.4183,-0.5911,0.1903,-0.5849,0.21,-0.5911,0.1903
23036,P,75244,97770,0.3252,0.2878,0.3294,0.0953,0.4111,-0.34,-0.0148,nan,nan,nan,nan,nan,nan,nan,nan
23037,P,73475,54516,0.3235,0.2735,0.3188,0.0925,0.4054,-0.34,-0.0165,0.2952,0.141,0.2268,0.2036,0.2249,0.1973,0.2268,0.2036
23038,P,75384,111023,0.328,0.2925,0.3231,0.0998,0.4108,-0.34,-0.012,nan,nan,nan,nan,-1.6554,0.0659,nan,nan
23039,P,75094,108672,0.332,0.2978,0.3305,0.0968,0.413,-0.34,-0.008,-0.1144,0.1505,-0.2063,0.1632,-0.1946,0.1446,-0.2063,0.1632
23040,P,98193,121275,0.36,0.3269,0.3623,0.0945,0.4931,-0.34,0.02,0.997,0.2989,0.811,0.2927,0.6974,0.2682,0.811,0.2927
23042,P,74831,109654,0.3254,0.2953,0.3212,0.1013,0.4111,-0.34,-0.0146,0.7548,0.2191,-2.8048,0.1402,-2.8023,0.1251,-2.8048,0.1402
23043,P,75325,112894,0.3302,0.2837,0.331,0.0974,0.4127,-0.34,-0.0098,-0.4337,0.2513,nan,nan,0.0113,0.27,nan,nan
23044,P,75322,111599,0.3315,0.2925,0.3301,0.0994,0.4137,-0.34,-0.0085,1.654,0.1612,1.388,0.0833,1.3943,0.0732,1.388,0.0833
23045,P,75078,106918,0.3264,0.2895,0.3227,0.0967,0.4125,-0.34,-0.0136,nan,nan,0.5696,0.1657,0.5599,0.1644,0.5696,0.1657
23046,P,75144,105687,0.3381,0.309,0.3329,0.0988,0.4122,-0.34,-0.0019,-0.3936,0.136,0.1592,0.3496,0.1616,0.3554,0.1592,0.3496
23047,P,75196,137566,0.3293,0.3043,0.3351,0.1008,0.4145,-0.34,-0.0107,0.5738,1.2037,nan,nan,1.1254,0.0606,nan,nan
23048,P,75429,112324,0.3272,0.303,0.3229,0.1008,0.4139,-0.34,-0.0128,0.408,0.1284,nan,nan,nan,nan,nan,nan
23049,P,75154,111829,0.3392,0.3058,0.334,0.0953,0.4139,-0.34,-0.0008,-1.0808,0.0756,-0.9769,0.2302,-0.9779,0.2233,-0.9769,0.2302
23050,P,75165,109816,0.3347,0.2985,0.3296,0.095,0.4122,-0.34,-0.0053,-2.2667,0.1341,-2.1465,0.1277,-2.128,0.1307,-2.1465,0.1277
23051,P,74636,128913,0.3292,0.3031,0.3304,0.0939,0.4146,-0.34,-0.0108,-0.1015,0.4699,0.3215,1.8308,-0.1127,0.0694,0.3215,1.8308
23053,P,74894,125172,0.3262,0.2884,0.3218,0.0964,0.4116,-0.34,-0.0138,-1.2715,0.2804,nan,nan,nan,nan,nan,nan
23054,P,34336,48287,0.3394,0.2993,0.3435,0.0986,0.4144,-0.34,-0.0006,nan,nan,-0.1768,0.1552,nan,nan,-0.1768,0.1552
23055,P,75190,104896,0.3374,0.3042,0.3364,0.0957,0.4107,-0.34,-0.0026,0.9226,0.1251,0.8634,0.1627,0.8607,0.1719,0.8634,0.1627
23056,P,75252,98774,0.3381,0.3023,0.3396,0.0967,0.4124,-0.34,-0.0019,-0.4112,0.0404,nan,nan,0.1074,0.7374,nan,nan
23057,P,75551,96037,0.3309,0.2959,0.3385,0.0984,0.4109,-0.34,-0.0091,0.4226,0.1416,0.3798,0.1003,0.3661,0.0957,0.3798,0.1003
23058,P,75253,97769,0.3181,0.2778,0.3137,0.0997,0.4136,-0.34,-0.0219,0.7672,0.0659,2.4219,0.1449,nan,nan,2.4219,0.1449
23059,P,75175,96656,0.3401,0.3064,0.3427,0.0969,0.4143,-0.34,0.0001,3.393,58.4187,nan,nan,nan,nan,nan,nan
23060,P,75623,96415,0.3342,0.3028,0.3308,0.0978,0.4133,-0.34,-0.0058,-0.0592,0.1819,-0.1597,0.059,-0.1719,0.0383,-0.1597,0.059
23061,P,75846,95588,0.3352,0.2995,0.3383,0.0963,0.4114,-0.34,-0.0048,nan,nan,-2.9878,0.6649,-3.0285,0.7708,-2.9878,0.6649
23062,P,75551,95654,0.335,0.302,0.334,0.0948,0.4112,-0.34,-0.005,0.7246,0.4274,nan,nan,nan,nan,nan,nan
23063,P,75625,95508,0.332,0.301,0.3299,0.0972,0.4124,-0.34,-0.008,-0.0349,0.3426,0.346,0.1739,0.3227,0.1992,0.346,0.1739
23064,P,107706,129782,0.3183,0.2832,0.3218,0.0962,0.4117,-0.34,-0.0217,-0.7402,0.833,2.7877,0.037,nan,nan,2.7877,0.037
23066,P,75470,92022,0.319,0.2808,0.318,0.0955,0.4098,-0.34,-0.021,nan,nan,2.5235,0.1398,2.6023,0.1393,2.5235,0.1398
23067,P,75486,93314,0.3372,0.3001,0.3359,0.0956,0.4118,-0.34,-0.0028,nan,nan,nan,nan,nan,nan,nan,nan
23068,P,75273,95474,0.3223,0.2896,0.3199,0.0989,0.413,-0.34,-0.0177,-0.3161,0.2168,-0.0672,0.1242,-0.0246,0.1387,-0.0672,0.1242
23069,P,75795,96461,0.3273,0.2968,0.3233,0.0977,0.4124,-0.34,-0.0127,nan,nan,0.1718,0.0411,0.1817,0.0408,0.1718,0.0411
23070,P,75615,101934,0.3377,0.3056,0.3396,0.0955,0.4116,-0.34,-0.0023,nan,nan,-1.6472,0.5298,-1.659,0.5611,-1.6472,0.5298
23071,P,75554,97408,0.326,0.2844,0.326,0.0955,0.4089,-0.34,-0.014,nan,nan,nan,nan,nan,nan,nan,nan
23072,P,75361,109953,0.3249,0.2895,0.3221,0.0977,0.4123,-0.34,-0.0151,1.1605,0.0693,nan,nan,nan,nan,nan,nan
23073,P,75072,106869,0.3334,0.3029,0.3354,0.0993,0.4131,-0.34,-0.0066,2.3828,0.1791,nan,nan,nan,nan,nan,nan
23074,P,75023,102528,0.3293,0.2862,0.3334,0.096,0.412,-0.34,-0.0107,nan,nan,nan,nan,1.739,0.0409,nan,nan
23076,P,75450,100156,0.3373,0.3086,0.3401,0.0995,0.414,-0.34,-0.0027,1.2134,0.2433,1.4353,0.1217,1.4298,0.1053,1.4353,0.1217
23077,P,75627,100453,0.3411,0.3076,0.3438,0.0966,0.4116,-0.34,0.0011,nan,nan,nan,nan,nan,nan,nan,nan
23078,P,75292,108519,0.3336,0.2968,0.332,0.0945,0.4121,-0.34,-0.0064,0.4175,0.1843,0.5759,0.2537,0.5833,0.265,0.5759,0.2537
23079,P,75173,104313,0.3315,0.2996,0.3295,0.0982,0.4121,-0.34,-0.0085,nan,nan,-1.2885,0.0861,-1.2856,0.0835,-1.2885,0.0861
23080,P,74981,101427,0.3341,0.3084,0.3355,0.1008,0.4122,-0.34,-0.0059,nan,nan,nan,nan,nan,nan,nan,nan
23081,P,75340,99746,0.3301,0.2938,0.324,0.0969,0.4139,-0.34,-0.0099,-0.5333,0.3514,nan,nan,nan,nan,nan,nan
23082,P,75383,99260,0.3136,0.2827,0.3105,0.0989,0.4114,-0.34,-0.0264,nan,nan,nan,nan,nan,nan,nan,nan
23083,P,75220,94827,0.333,0.3055,0.328,0.1,0.4102,-0.34,-0.007,0.3751,0.1656,nan,nan,nan,nan,nan,nan
23084,P,99053,107262,0.3719,0.3399,0.377,0.0936,0.4928,-0.34,0.0319,-0.2688,0.1363,nan,nan,nan,nan,nan,nan
23089,P,75783,105466,0.3306,0.3019,0.3302,0.1004,0.4109,-0.34,-0.0094,nan,nan,nan,nan,nan,nan,nan,nan
23090,P,75541,101482,0.3407,0.2999,0.3383,0.0963,0.4125,-0.34,0.0007,nan,nan,0.4936,0.1316,0.4981,0.1373,0.4936,0.1316
23091,P,75135,99994,0.33,0.294,0.3276,0.1007,0.414,-0.34,-0.01,nan,nan,2.2129,0.1199,nan,nan,2.2129,0.1199
23092,P,75362,97452,0.3204,0.2808,0.3158,0.0941,0.4084,-0.34,-0.0196,-0.1797,0.1774,0.0257,0.3358,nan,nan,0.0257,0.3358
23093,P,74899,95688,0.3101,0.2811,0.3096,0.0977,0.413,-0.34,-0.0299,0.4533,0.1934,0.5405,0.033,0.6138,0.0816,0.5405,0.033
23094,P,75716,96357,0.3032,0.2688,0.3045,0.0975,0.4111,-0.34,-0.0368,nan,nan,nan,nan,nan,nan,nan,nan
23095,P,75727,93257,0.2915,0.2678,0.2924,0.1,0.4106,-0.34,-0.0485,nan,nan,0.7747,0.0841,nan,nan,0.7747,0.0841
23096,P,75254,105009,0.2904,0.2619,0.2854,0.1036,0.4124,-0.34,-0.0496,nan,nan,0.2059,0.1506,0.3499,0.2574,0.2059,0.1506
23097,P,74788,105683,0.2925,0.2526,0.2981,0.0953,0.4101,-0.34,-0.0475,-0.672,0.0669,nan,nan,-0.9573,0.0463,nan,nan
23098,P,75100,117693,0.2914,0.2611,0.2835,0.0953,0.4095,-0.34,-0.0486,-2.4764,0.2218,nan,nan,nan,nan,nan,nan
23099,P,74905,111555,0.2943,0.2614,0.2906,0.0966,0.4103,-0.34,-0.0457,-2.0948,0.0607,nan,nan,nan,nan,nan,nan
23100,P,75149,114673,0.2899,0.2559,0.2891,0.0996,0.4113,-0.34,-0.0501,-0.1236,0.523,nan,nan,nan,nan,nan,nan
23101,P,75439,112461,0.2891,0.2483,0.2911,0.0969,0.4121,-0.34,-0.0509,nan,nan,nan,nan,nan,nan,nan,nan
23102,P,97916,121373,0.33,0.3007,0.3315,0.0929,0.4927,-0.34,-0.01,nan,nan,nan,nan,nan,nan,nan,nan
23104,P,75237,109743,0.2926,0.2505,0.2944,0.0961,0.4123,-0.34,-0.0474,nan,nan,nan,nan,nan,nan,nan,nan
23105,P,74583,50909,0.2835,0.2415,0.2786,0.0943,0.4046,-0.34,-0.0565,nan,nan,-0.499,0.3193,-0.4604,0.297,-0.2335,0.9195
23106,P,74899,50087,0.2859,0.2394,0.2887,0.0951,0.4029,-0.34,-0.0541,-0.0121,0.309,0.3009,0.2389,1.309,2.9244,0.3009,0.2389
23107,P,74920,51492,0.3314,0.2864,0.319,0.0939,0.4032,-0.34,-0.0086,0.3083,0.1328,0.3834,0.1046,0.3934,0.1052,0.3834,0.1046
23108,P,74729,52017,0.3485,0.3047,0.3432,0.0958,0.4055,-0.34,0.0085,0.1592,0.3918,nan,nan,nan,nan,nan,nan
23109,P,74768,50935,0.3411,0.2967,0.3435,0.0955,0.4063,-0.34,0.0011,0.1882,0.3098,0.2962,0.3216,0.1904,0.3164,0.2962,0.3216
23110,P,76544,77770,0.3528,0.314,0.3496,0.1001,0.4148,-0.34,0.0128,nan,nan,-3.3575,0.1403,-3.4382,0.1381,-3.3575,0.1403
23111,P,75412,110237,0.3497,0.3012,0.3504,0.0959,0.4125,-0.34,0.0097,1.4919,0.2017,0.0331,0.1756,nan,nan,0.0331,0.1756
23113,P,44116,63638,0.3518,0.3255,0.3507,0.095,0.411,-0.34,0.0118,-2.2028,0.0578,nan,nan,nan,nan,nan,nan
23116,P,125164,178205,0.3474,0.3199,0.3489,0.099,0.4127,-0.34,0.0074,0.9153,0.1403,nan,nan,1.1383,0.1065,nan,nan
23117,P,124663,183454,0.3562,0.3234,nan,0.0965,0.4113,-0.34,0.0162,-0.6563,0.0863,nan,nan,nan,nan,nan,nan
23119,P,125197,180826,0.3521,0.3102,0.353,0.0951,0.4119,-0.34,0.0121,-2.1506,0.3168,-2.4846,0.122,-2.5278,0.1078,-2.4846,0.122
23120,P,125319,179799,0.3579,0.3224,0.3593,0.0981,0.4137,-0.34,0.0179,nan,nan,-2.0353,0.0878,nan,nan,-2.0353,0.0878
23122,P,124847,178492,0.3495,0.3121,0.3509,0.0979,0.4128,-0.34,0.0095,-0.9616,0.0484,-1.0259,0.0937,-1.0557,0.082,-1.0259,0.0937
23125,P,10662,0,0.3565,0.2908,0.361,0.0846,0.4202,-0.34,0.0165,nan,nan,nan,nan,nan,nan,nan,nan
23126,P,9568,0,0.3318,0.2801,0.3343,0.1026,0.4039,-0.34,-0.0082,nan,nan,nan,nan,nan,nan,nan,nan
23127,P,9914,0,0.2835,0.2221,0.2758,0.0918,0.3907,-0.34,-0.0565,nan,nan,nan,nan,nan,nan,nan,nan
23128,P,75133,104475,0.2968,0.2635,0.2982,0.0955,0.4117,-0.34,-0.0432,-0.497,0.1034,nan,nan,0.1331,0.5505,nan,nan
23129,P,75135,104663,0.288,0.2632,0.2817,0.0988,0.4118,-0.34,-0.052,nan,nan,-0.2866,0.1958,-0.2375,0.1482,-0.2866,0.1958
23131,P,15865,0,0.2837,0.2346,0.2844,0.098,0.4024,-0.34,-0.0563,nan,nan,nan,nan,nan,nan,nan,nan
23133,P,75187,87881,0.2916,0.2597,0.2892,0.0975,0.4126,-0.34,-0.0484,-1.3941,0.2103,nan,nan,nan,nan,nan,nan
23135,P,75866,87368,0.3488,0.3133,0.3484,0.0988,0.4088,-0.34,0.0088,nan,nan,-2.9735,0.3778,-2.8742,0.3804,-2.9735,0.3778
23136,P,75262,98801,0.3582,0.3226,0.3567,0.094,0.4089,-0.34,0.0182,-1.5869,0.3139,-1.2329,0.4066,nan,nan,-1.2329,0.4066
23137,P,98408,112415,0.393,0.3651,0.3923,0.0913,0.4933,-0.34,0.053,nan,nan,nan,nan,2.614,0.0526,nan,nan
23139,P,75545,102104,0.3606,0.3273,0.3599,0.0953,0.4112,-0.34,0.0206,nan,nan,-1.24,0.2704,nan,nan,-1.24,0.2704
23140,P,75440,100839,0.3557,0.3257,0.3513,0.0994,0.41,-0.34,0.0157,nan,nan,nan,nan,nan,nan,nan,nan
23141,P,75431,97574,0.3566,0.3254,0.354,0.0971,0.41,-0.34,0.0166,nan,nan,1.8539,0.3387,nan,nan,1.8539,0.3387
23142,P,75364,96567,0.3588,0.3239,0.3552,0.0997,0.4128,-0.34,0.0188,-0.9387,0.128,-0.8182,0.1545,nan,nan,-0.8182,0.1545
23143,P,75717,96286,0.3582,0.315,0.3559,0.0954,0.4117,-0.34,0.0182,0.6501,0.2465,0.7064,0.3973,nan,nan,0.7064,0.3973
23144,P,75788,95816,0.3629,0.329,0.3648,0.093,0.4105,-0.34,0.0229,nan,nan,nan,nan,-3.5468,0.0332,nan,nan
23145,P,75417,94216,0.3583,0.3234,0.3551,0.0969,0.4108,-0.34,0.0183,0.0118,0.3771,nan,nan,0.4109,0.3498,nan,nan
23146,P,75669,93769,0.3578,0.328,0.3508,0.0904,0.4291,-0.34,0.0178,nan,nan,nan,nan,0.1354,0.1207,nan,nan
23147,P,75521,94784,0.3595,0.3369,0.3577,0.0962,0.4078,-0.34,0.0195,-1.5506,0.3832,-1.6233,0.1376,-1.6341,0.1137,-1.6233,0.1376
23148,P,75270,95148,0.3537,0.3227,0.3482,0.0995,0.4131,-0.34,0.0137,0.3136,0.7302,0.1655,0.2411,-0.1794,0.0658,0.1655,0.2411
23149,P,75040,93824,0.3585,0.3125,0.3616,0.0961,0.4131,-0.34,0.0185,2.0327,0.3261,0.3508,0.0531,0.525,0.2203,0.3508,0.0531
23150,P,75488,93779,0.3636,0.3327,0.3618,0.0962,0.4135,-0.34,0.0236,nan,nan,nan,nan,nan,nan,nan,nan
23151,P,75593,94178,0.3657,0.3372,0.3692,0.0949,0.4109,-0.34,0.0257,nan,nan,nan,nan,nan,nan,nan,nan
23152,P,75519,102662,0.3448,0.3173,0.3658,0.0941,0.434,-0.34,0.0048,0.5672,0.154,0.5032,0.2682,0.4802,0.2273,0.5032,0.2682
23153,P,75457,101088,0.2906,0.2546,0.2907,0.0988,0.4152,-0.34,-0.0494,-0.172,0.0558,nan,nan,-0.4107,0.279,nan,nan
23154,P,75361,103415,0.2946,0.2638,0.294,0.0944,0.4163,-0.34,-0.0454,nan,nan,-0.2028,0.0292,-0.0728,0.0913,-0.2028,0.0292
23155,P,75621,102494,0.2983,0.2868,0.3042,0.0997,0.4098,-0.34,-0.0417,2.1914,0.1384,0.1657,0.3055,nan,nan,0.1657,0.3055
23156,P,75146,98255,0.3071,0.2784,0.3082,0.0953,0.4086,-0.34,-0.0329,0.2414,1.0457,0.1809,0.0539,0.3931,0.2312,0.1809,0.0539
23157,P,75399,101044,0.3027,0.2642,0.3037,0.0957,0.4139,-0.34,-0.0373,0.0066,0.5531,nan,nan,0.7711,0.1335,nan,nan
23158,P,75630,99792,0.2982,0.2615,0.2994,0.0986,0.411,-0.34,-0.0418,0.2349,0.1579,0.3452,0.292,0.495,0.141,0.3452,0.292
23159,P,75740,100669,0.298,0.2706,0.2966,0.0991,0.4107,-0.34,-0.042,1.6223,0.2426,1.2455,0.1405,nan,nan,1.2455,0.1405
23160,P,75619,100888,0.304,0.274,0.298,0.0973,0.411,-0.34,-0.036,-2.7758,0.4833,nan,nan,nan,nan,nan,nan
23161,P,75502,97097,0.3026,0.2739,0.302,0.099,0.4133,-0.34,-0.0374,-0.6895,0.1657,1.1223,0.2315,nan,nan,1.1223,0.2315
23162,P,119858,155051,0.3049,0.2731,0.3042,0.0965,0.4104,-0.34,-0.0351,-1.2828,0.1251,-0.985,0.2204,-0.961,0.2382,-0.985,0.2204
23164,P,75405,96644,0.3071,0.2778,0.3028,0.099,0.4135,-0.34,-0.0329,nan,nan,0.272,0.1015,0.3151,0.1052,0.272,0.1015
23166,P,75284,96822,0.31,0.2737,0.3107,0.0977,0.4113,-0.34,-0.03,nan,nan,-0.6829,0.1628,-3.6386,0.0475,-0.6829,0.1628
23167,P,75559,99094,0.3087,0.2713,0.3043,0.0951,0.4107,-0.34,-0.0313,nan,nan,nan,nan,nan,nan,nan,nan
23168,P,75618,99898,0.3079,0.2681,0.3056,0.0956,0.4097,-0.34,-0.0321,3.0,1.3843,-1.3671,0.1068,1.6254,0.0988,-1.3671,0.1068
23169,P,75495,94497,0.3045,0.2706,0.3025,0.0982,0.4113,-0.34,-0.0355,-1.8294,0.6294,nan,nan,-0.7017,0.0767,nan,nan
23170,P,75571,95040,0.3024,0.2676,0.3028,0.0979,0.4086,-0.34,-0.0376,-0.9438,0.1767,-0.6374,0.068,-0.6854,0.1441,-0.6374,0.068
23171,P,75219,98274,0.3095,0.2791,0.3072,0.0955,0.4099,-0.34,-0.0305,nan,nan,0.1659,0.1392,0.2067,0.0357,0.1659,0.1392
23172,P,75435,99270,0.3044,0.2671,0.3035,0.0975,0.4109,-0.34,-0.0356,-1.6835,0.0817,-1.9793,0.0601,3.1485,0.117,-1.9793,0.0601
23173,P,75484,93399,0.3018,0.2634,0.2999,0.0951,0.4093,-0.34,-0.0382,0.9452,0.7189,0.2336,0.6231,0.2525,0.8674,0.2336,0.6231
23174,P,75498,93380,0.3111,0.2763,0.3103,0.0963,0.407,-0.34,-0.0289,0.401,0.14,0.4551,0.0392,0.4618,0.3662,0.4551,0.0392
23175,P,75403,103981,0.3037,0.2704,0.3073,0.0965,0.4113,-0.34,-0.0363,-0.9204,0.308,-0.2837,0.1047,nan,nan,-0.2837,0.1047
23176,P,75472,100486,0.3121,0.2775,0.3114,0.0973,0.4117,-0.34,-0.0279,0.2664,0.0721,nan,nan,nan,nan,nan,nan
23177,P,75328,100552,0.3055,0.2734,0.3077,0.0951,0.4095,-0.34,-0.0345,-0.552,0.1391,-0.2441,0.3561,nan,nan,-0.2441,0.3561
23178,P,75521,97933,0.311,0.2785,0.3102,0.0965,0.4127,-0.34,-0.029,2.808,0.1969,-0.4974,0.0332,2.6315,0.2602,-0.4974,0.0332
23179,P,75397,98095,0.3061,0.2778,0.309,0.098,0.4103,-0.34,-0.0339,nan,nan,-0.0124,0.1208,nan,nan,-0.0124,0.1208
23180,P,75222,101110,0.305,0.2683,0.3002,0.0958,0.4085,-0.34,-0.035,-0.1079,0.1875,-0.098,0.096,-0.0753,0.0957,-0.098,0.096
23181,P,75489,97885,0.304,0.2748,0.3026,0.0964,0.4095,-0.34,-0.036,2.3261,0.3599,nan,nan,nan,nan,nan,nan
23182,P,75696,96738,0.3036,0.2747,0.3096,0.098,0.4106,-0.34,-0.0364,0.1247,0.2726,nan,nan,0.1824,0.2492,nan,nan
23183,P,75515,97257,0.309,0.277,0.3044,0.0948,0.4105,-0.34,-0.031,0.5611,0.5012,0.4779,1.188,0.2711,0.8449,0.4779,1.188
23184,P,75537,94569,0.3065,0.2757,0.3065,0.0947,0.406,-0.34,-0.0335,nan,nan,nan,nan,nan,nan,nan,nan
23185,P,75421,97532,0.3082,0.2847,0.3062,0.0978,0.41,-0.34,-0.0318,nan,nan,nan,nan,-2.3077,0.0206,nan,nan
23186,P,75418,98803,0.3076,0.2702,0.3046,0.0965,0.4098,-0.34,-0.0324,nan,nan,nan,nan,nan,nan,nan,nan
23187,P,75681,94190,0.3051,0.2648,0.3056,0.0954,0.4079,-0.34,-0.0349,-0.4977,0.24,2.2698,0.0805,2.2584,0.0971,2.2698,0.0805
23188,P,75669,97368,0.3031,0.2723,0.2993,0.0956,0.4127,-0.34,-0.0369,1.7547,0.114,1.2413,0.3988,nan,nan,1.2413,0.3988
23189,P,75251,98148,0.3124,0.2755,0.3131,0.0967,0.4105,-0.34,-0.0276,nan,nan,nan,nan,2.3203,0.0717,nan,nan
23190,P,75421,94400,0.3025,0.2679,0.298,0.0975,0.409,-0.34,-0.0375,-2.1216,0.0973,0.2545,0.2354,0.0533,0.0345,0.2545,0.2354
23191,P,98581,104733,0.3945,0.3584,0.3941,0.0948,0.4953,-0.34,0.0545,0.3468,0.0925,0.0934,0.181,0.0687,0.1471,0.0934,0.181
23193,P,75649,97679,0.3569,0.3131,0.3482,0.0956,0.4138,-0.34,0.0169,nan,nan,0.1433,0.1511,0.2179,0.1677,0.1433,0.1511
23194,P,75691,99261,0.357,0.318,0.3525,0.0975,0.4087,-0.34,0.017,nan,nan,0.8164,0.3936,0.8581,0.2446,0.8164,0.3936
23195,P,75287,96219,0.3606,0.3336,0.3595,0.0973,0.4085,-0.34,0.0206,nan,nan,0.5905,0.0313,0.566,0.0306,0.5905,0.0313
23196,P,75394,94728,0.3645,0.3233,0.3602,0.0951,0.4111,-0.34,0.0245,2.4832,0.2871,nan,nan,nan,nan,nan,nan
23197,P,75397,94275,0.3558,0.3274,0.3555,0.0969,0.4145,-0.34,0.0158,0.0159,0.1573,0.3242,0.1991,0.3071,0.1987,0.3242,0.1991
23198,P,75574,94533,0.366,0.3245,0.3631,0.0985,0.4117,-0.34,0.026,nan,nan,0.9334,0.0375,0.8069,0.1014,0.9334,0.0375
23199,P,75600,93805,0.3563,0.3231,0.3549,0.0998,0.4117,-0.34,0.0163,nan,nan,2.8215,0.0768,nan,nan,2.8215,0.0768
23200,P,75361,103868,0.3667,0.3317,0.3676,0.1,0.4105,-0.34,0.0267,-0.6934,3.9625,0.3217,0.1819,0.4829,0.2566,0.3217,0.1819
23201,P,75263,103373,0.3616,0.3276,0.363,0.0957,0.4108,-0.34,0.0216,nan,nan,-0.2471,0.095,nan,nan,-0.2471,0.095
23202,P,58683,81221,0.3658,0.3352,0.3636,0.0925,0.4181,-0.34,0.0258,-1.8037,0.0462,-0.031,0.2065,0.0852,0.0288,-0.031,0.2065
23203,P,75336,103693,0.369,0.3382,0.3788,0.0941,0.4144,-0.34,0.029,-1.7278,0.3107,-0.0681,0.1959,-0.1026,0.1744,-0.0681,0.1959
23204,P,75606,102156,0.3712,0.3337,0.3624,0.0949,0.4137,-0.34,0.0312,nan,nan,2.1359,0.0463,nan,nan,nan,nan
23205,P,75476,102695,0.3589,0.3155,0.3578,0.0979,0.4122,-0.34,0.0189,-1.0583,0.0386,0.5609,0.2324,0.5924,0.2,0.5609,0.2324
23206,P,123862,175908,0.3673,0.3261,0.3671,0.0962,0.412,-0.34,0.0273,nan,nan,0.0472,0.1262,-0.0043,0.1633,0.0472,0.1262
23207,P,75664,117206,0.3121,0.2847,0.3114,0.0966,0.4113,-0.34,-0.0279,nan,nan,nan,nan,nan,nan,nan,nan
23208,P,75473,110058,0.3106,0.277,0.3085,0.0949,0.4092,-0.34,-0.0294,-0.2665,0.0878,-0.2038,0.1522,-0.2315,0.1279,-0.2038,0.1522
23209,P,75516,107022,0.3107,0.2849,0.3114,0.1008,0.4081,-0.34,-0.0293,nan,nan,0.3114,0.1224,0.2851,0.1386,0.3114,0.1224
23210,P,75352,105148,0.3139,0.2865,0.309,0.0938,0.4085,-0.34,-0.0261,nan,nan,nan,nan,nan,nan,nan,nan
23211,P,75615,102667,0.3127,0.2795,0.3122,0.0962,0.4098,-0.34,-0.0273,nan,nan,-1.401,1.3047,-2.2527,0.2413,-1.401,1.3047
23212,P,75620,102135,0.316,0.2923,0.311,0.096,0.4096,-0.34,-0.024,nan,nan,nan,nan,nan,nan,nan,nan
23213,P,125400,174006,0.3078,0.2737,0.3055,0.0964,0.4115,-0.34,-0.0322,0.3895,3.8733,0.3203,0.072,0.3068,0.0713,0.3203,0.072
23216,P,75173,103643,0.3187,0.2768,0.3108,0.0934,0.4086,-0.34,-0.0213,-0.0939,0.2283,-0.1329,0.0798,-0.1295,0.0781,-0.1329,0.0798
23217,P,75517,101375,0.3063,0.2743,0.3092,0.0977,0.4109,-0.34,-0.0337,nan,nan,0.6649,0.1524,0.64,0.121,0.6649,0.1524
23218,P,75282,103093,0.3152,0.2909,0.3161,0.0987,0.4085,-0.34,-0.0248,nan,nan,nan,nan,nan,nan,nan,nan
23219,P,75808,104108,0.3073,0.2686,0.3077,0.0989,0.4148,-0.34,-0.0327,nan,nan,nan,nan,nan,nan,nan,nan
23220,P,75258,102062,0.3174,0.2796,0.3183,0.0952,0.4078,-0.34,-0.0226,nan,nan,nan,nan,nan,nan,nan,nan
23221,P,75223,100311,0.308,0.2706,0.3043,0.0936,0.4088,-0.34,-0.032,0.3229,0.132,0.3116,0.0632,0.3147,0.0761,0.3116,0.0632
23222,P,75731,102222,0.3412,0.3004,0.3333,0.0973,0.4078,-0.34,0.0012,1.5029,0.0664,nan,nan,0.3049,0.3102,nan,nan
23223,P,75134,99364,0.3576,0.3313,0.3589,0.0942,0.4104,-0.34,0.0176,nan,nan,0.3842,0.1102,0.3504,0.1086,0.3842,0.1102
23224,P,75522,98918,0.371,0.3371,0.367,0.0948,0.4126,-0.34,0.031,nan,nan,nan,nan,1.0372,0.0864,nan,nan
23225,P,75768,101902,0.3587,0.3282,0.3583,0.0984,0.4116,-0.34,0.0187,0.2466,0.1156,0.1722,0.1514,0.1556,0.1573,0.1722,0.1514
23227,P,44058,3353,0.3491,0.2797,0.3475,0.0957,0.4037,-0.34,0.0091,1.5085,0.3993,-0.3207,0.1584,-0.1803,0.2333,-0.3207,0.1584
23228,P,75668,91816,0.3707,0.3348,0.3693,0.0944,0.411,-0.34,0.0307,-0.5149,0.1719,-0.1856,0.2215,nan,nan,-0.1856,0.2215
23229,P,75630,88737,0.3605,0.323,0.3641,0.0963,0.4119,-0.34,0.0205,nan,nan,nan,nan,1.4329,0.1136,nan,nan
23230,P,75678,87682,0.3663,0.3352,0.3652,0.0978,0.4117,-0.34,0.0263,-0.4317,0.075,nan,nan,nan,nan,nan,nan
23231,P,75735,91443,0.3599,0.3249,0.3601,0.0968,0.4177,-0.34,0.0199,-2.8648,0.2474,1.4457,0.0857,nan,nan,nan,nan
23232,P,75832,90142,0.3692,0.3338,0.3662,0.096,0.4115,-0.34,0.0292,-1.7657,0.2983,-0.6625,0.1172,nan,nan,-0.6625,0.1172
23233,P,75817,90373,0.3624,0.3244,0.3661,0.0972,0.414,-0.34,0.0224,0.2347,0.619,0.0642,0.3076,nan,nan,0.0642,0.3076
23234,P,99100,102440,0.4039,0.3724,0.4014,0.0907,0.4939,-0.34,0.0639,0.4527,0.1982,nan,nan,0.4055,0.1099,nan,nan
23236,P,75884,91680,0.3694,0.3338,0.3686,0.0958,0.4103,-0.34,0.0294,-0.0473,0.1769,-0.1111,0.1268,-0.1536,0.1973,-0.1111,0.1268
23237,P,75783,90085,0.3575,0.333,0.3589,0.0969,0.4114,-0.34,0.0175,0.0112,0.1637,0.1716,0.0497,0.1821,0.049,0.1716,0.0497
23238,P,75454,92964,0.3615,0.3401,0.3643,0.0969,0.4275,-0.34,0.0215,-0.1277,0.3234,-1.2433,0.0342,-1.2852,0.0788,-1.2433,0.0342
23239,P,75702,89647,0.361,0.3365,0.3568,0.0975,0.41,-0.34,0.021,-0.7625,0.062,-0.5228,0.1416,-0.6092,0.1691,-0.5228,0.1416
23240,P,76024,92202,0.3611,0.3288,0.3629,0.0981,0.4133,-0.34,0.0211,3.2423,0.3842,nan,nan,nan,nan,nan,nan
23241,P,75388,90287,0.3628,0.3246,0.3599,0.0936,0.4104,-0.34,0.0228,0.916,0.3111,0.805,0.9638,0.7669,0.512,0.805,0.9638
23242,P,75703,91419,0.3627,0.3306,0.3618,0.099,0.4115,-0.34,0.0227,0.102,0.3178,0.5143,0.5343,nan,nan,0.5143,0.5343
23243,P,75890,90981,0.3248,0.2868,0.3248,0.1011,0.4101,-0.34,-0.0152,nan,nan,-0.0389,0.256,-0.0498,0.2564,-0.0389,0.256
23244,P,75594,89781,0.3124,0.2783,0.3187,0.0949,0.4196,-0.34,-0.0276,-0.4112,0.287,0.2028,0.3007,0.2588,0.2848,0.2028,0.3007
23245,P,75796,91192,0.317,0.2864,0.3111,0.0961,0.4092,-0.34,-0.023,nan,nan,nan,nan,nan,nan,nan,nan
23246,P,75811,91111,0.3068,0.2709,0.3084,0.0955,0.4113,-0.34,-0.0332,nan,nan,0.8392,0.0343,0.8827,0.0505,0.8392,0.0343
23247,P,75483,90011,0.3085,0.2806,0.3069,0.1002,0.4117,-0.34,-0.0315,nan,nan,nan,nan,-1.9463,0.3626,nan,nan
23252,P,77161,0,0.2929,0.2405,0.2941,0.0943,0.4019,-0.34,-0.0471,nan,nan,nan,nan,nan,nan,nan,nan
23253,P,9582,0,0.2741,0.228,0.2726,0.0962,0.3921,-0.34,-0.0659,nan,nan,nan,nan,nan,nan,nan,nan
23255,P,75470,97210,0.3013,0.274,0.3028,0.1007,0.4141,-0.34,-0.0387,-0.2091,0.0814,-0.3292,0.0443,0.2423,0.4361,-0.3292,0.0443
23256,P,75885,95333,0.3053,0.2706,0.303,0.0974,0.4109,-0.34,-0.0347,nan,nan,nan,nan,-3.0449,0.1399,nan,nan
23257,P,75520,91295,0.3052,0.2732,0.3083,0.0933,0.41,-0.34,-0.0348,-0.1957,0.2997,0.3262,0.0886,nan,nan,0.3262,0.0886
23258,P,75907,88554,0.3063,0.2761,0.3075,0.0971,0.4103,-0.34,-0.0337,-0.3442,0.0517,nan,nan,-1.8966,0.1294,nan,nan
23259,P,75403,121795,0.3026,0.2659,0.3025,0.0989,0.4099,-0.34,-0.0374,0.8484,0.4338,0.7821,0.1239,0.7561,0.1988,0.7821,0.1239
23261,P,75056,119748,0.3063,0.279,0.3053,0.0965,0.4104,-0.34,-0.0337,2.9445,0.1451,3.3532,1.0606,-1.0993,0.076,3.3532,1.0606
23262,P,75403,114495,0.3043,0.2702,0.3032,0.0989,0.4115,-0.34,-0.0357,nan,nan,nan,nan,nan,nan,nan,nan
23263,P,75520,111361,0.3069,0.2761,0.3047,0.0966,0.4091,-0.34,-0.0331,nan,nan,-1.2502,0.2178,-1.3377,0.3043,-1.2502,0.2178
23264,P,75180,111540,0.3044,0.2746,0.3035,0.0991,0.4056,-0.34,-0.0356,-1.4356,0.152,nan,nan,-1.3064,0.0598,nan,nan
23265,P,75396,109170,0.3073,0.2743,0.3074,0.0976,0.4096,-0.34,-0.0327,nan,nan,0.8317,0.0591,0.8911,0.0851,0.8317,0.0591
23266,P,14098,20008,0.3061,0.2687,0.3053,0.0964,0.409,-0.34,-0.0339,nan,nan,0.2574,0.1016,-0.2316,0.295,0.2574,0.1016
23267,P,121420,181459,0.3632,0.327,0.3599,0.0963,0.4122,-0.34,0.0232,nan,nan,0.1032,0.1188,nan,nan,0.1032,0.1188
23269,P,75274,111161,0.3642,0.3334,0.3618,0.0958,0.411,-0.34,0.0242,-0.4627,0.7286,0.238,0.2364,nan,nan,nan,nan
23270,P,75974,108921,0.3656,0.3248,0.367,0.0946,0.4106,-0.34,0.0256,nan,nan,-1.2945,0.1165,0.0945,0.141,-1.2945,0.1165
23271,P,75698,95760,0.3637,0.3247,0.3646,0.097,0.411,-0.34,0.0237,nan,nan,0.1192,0.0574,-1.9898,0.0857,0.1192,0.0574
23272,P,75491,94759,0.3583,0.3312,0.3616,0.0957,0.4114,-0.34,0.0183,nan,nan,0.2674,0.2327,0.2984,0.2224,0.2674,0.2327
23273,P,75801,95212,0.3704,0.3383,0.3805,0.094,0.4104,-0.34,0.0304,1.3782,0.5786,-2.0648,0.1103,-1.2539,0.522,-2.0648,0.1103
23274,P,75758,95122,0.3621,0.3241,0.363,0.0933,0.4119,-0.34,0.0221,nan,nan,2.0721,0.1351,2.0031,0.1251,2.0721,0.1351
23275,P,75312,94143,0.3628,0.335,0.3568,0.0958,0.4121,-0.34,0.0228,1.4387,0.0967,nan,nan,1.4093,0.0453,nan,nan
23276,P,75100,109557,0.3644,0.3236,0.3648,0.0956,0.411,-0.34,0.0244,nan,nan,nan,nan,nan,nan,nan,nan
23277,P,75504,96778,0.3599,0.3186,0.3569,0.096,0.4114,-0.34,0.0199,nan,nan,nan,nan,nan,nan,nan,nan
23278,P,75453,97475,0.3686,0.333,0.3718,0.0979,0.4115,-0.34,0.0286,0.9352,0.3542,1.2028,0.1438,1.1522,0.147,1.2028,0.1438
23279,P,75602,95869,0.3641,0.3263,0.3647,0.097,0.4119,-0.34,0.0241,-0.8111,0.2743,-0.0542,0.2147,-0.125,0.2568,-0.0542,0.2147
23280,P,75828,96277,0.3624,0.3342,0.3641,0.0957,0.4106,-0.34,0.0224,3.5283,0.2268,nan,nan,-0.2569,0.1587,nan,nan
23281,P,75639,94045,0.3628,0.3253,0.3607,0.0939,0.4101,-0.34,0.0228,nan,nan,nan,nan,0.7934,0.2417,nan,nan
23282,P,98906,103891,0.3965,0.3649,0.3981,0.095,0.4933,-0.34,0.0565,-2.2452,0.0315,nan,nan,nan,nan,nan,nan
23284,P,75861,95701,0.3619,0.3246,0.3599,0.0951,0.4096,-0.34,0.0219,-0.2202,0.3245,nan,nan,-0.1115,0.562,nan,nan
23285,P,75426,91832,0.364,0.3293,0.3637,0.0973,0.4115,-0.34,0.024,nan,nan,0.1753,0.029,0.057,0.1437,0.1753,0.029
23286,P,75976,94029,0.3627,0.3272,0.3592,0.0984,0.4116,-0.34,0.0227,-1.2643,0.1624,-0.0104,0.1566,-0.0548,0.5036,-0.0104,0.1566
23287,P,75559,19,0.3659,0.335,0.3628,0.0966,0.4092,-0.34,0.0259,nan,nan,nan,nan,nan,nan,nan,nan
23288,P,75767,94226,0.365,0.3335,0.3598,0.0981,0.4116,-0.34,0.025,-2.4878,0.3877,-0.13,0.0341,-0.1391,0.0358,-0.13,0.0341
23289,P,75767,93488,0.3634,0.3297,0.3681,0.0952,0.4129,-0.34,0.0234,-1.9838,0.1068,0.4017,0.0545,0.3842,0.0679,0.4017,0.0545
23290,P,75411,92684,0.3616,0.323,0.3631,0.0978,0.4125,-0.34,0.0216,nan,nan,1.7865,0.2391,1.7708,0.2817,1.7865,0.2391
23291,P,75492,91101,0.3654,0.3293,0.3627,0.0957,0.4097,-0.34,0.0254,-0.4444,0.172,-0.0591,0.339,-0.2178,0.2187,-0.0591,0.339
23292,P,75834,93126,0.3622,0.3245,0.3632,0.0977,0.4125,-0.34,0.0222,nan,nan,0.3956,0.0912,nan,nan,0.3956,0.0912
23293,P,75381,93490,0.3661,0.3362,0.3667,0.0977,0.4102,-0.34,0.0261,nan,nan,nan,nan,-0.3307,0.626,nan,nan
23294,P,75296,92536,0.3699,0.3332,0.3676,0.0968,0.4122,-0.34,0.0299,nan,nan,0.7062,0.0624,0.6182,0.0727,0.7062,0.0624
23295,P,75605,91083,0.3647,0.3356,0.3673,0.097,0.4111,-0.34,0.0247,-1.1443,0.2377,nan,nan,-1.4102,0.265,nan,nan
23296,P,75869,89203,0.37,0.3374,0.371,0.0968,0.4123,-0.34,0.03,nan,nan,-2.8684,0.1987,-2.8028,0.1037,-2.8684,0.1987
23297,P,76222,89073,0.3711,0.3428,0.3698,0.0944,0.4147,-0.34,0.0311,0.0444,0.0414,-0.4284,1.1638,nan,nan,-0.4284,1.1638
23298,P,75774,87831,0.3724,0.3406,0.3677,0.0976,0.4128,-0.34,0.0324,0.7945,0.081,nan,nan,2.2354,0.1001,nan,nan
23299,P,75724,88025,0.3637,0.3257,0.361,0.0946,0.4113,-0.34,0.0237,nan,nan,nan,nan,nan,nan,nan,nan
23300,P,75889,87887,0.3677,0.3442,0.373,0.1008,0.4122,-0.34,0.0277,0.3055,0.0773,0.0425,0.2058,0.3082,0.0436,0.0425,0.2058
23301,P,75992,91150,0.3605,0.3288,0.3557,0.0989,0.4113,-0.34,0.0205,nan,nan,0.2657,0.071,nan,nan,0.2657,0.071
23302,P,75893,90886,0.3705,0.3356,0.3733,0.0984,0.4108,-0.34,0.0305,nan,nan,nan,nan,0.5448,1.2343,nan,nan
23303,P,75649,96107,0.3626,0.3343,0.3594,0.0911,0.4202,-0.34,0.0226,nan,nan,nan,nan,nan,nan,nan,nan
23304,P,75880,96320,0.3621,0.3274,0.3649,0.0948,0.411,-0.34,0.0221,1.1139,0.0409,1.1629,0.1695,1.1453,0.1419,1.1629,0.1695
23305,P,76000,95727,0.3642,0.3217,0.3628,0.0947,0.412,-0.34,0.0242,nan,nan,nan,nan,nan,nan,nan,nan
23306,P,75581,94738,0.3585,0.3321,0.3613,0.0978,0.4144,-0.34,0.0185,1.0837,0.5992,0.7483,0.2109,nan,nan,0.7483,0.2109
23308,P,75046,101952,0.3116,0.2848,0.3157,0.097,0.4101,-0.34,-0.0284,nan,nan,nan,nan,2.3849,0.1049,nan,nan
23309,P,75928,86413,0.3144,0.2899,0.3155,0.0944,0.4099,-0.34,-0.0256,-2.2718,0.0677,nan,nan,0.7724,0.0654,nan,nan
23310,P,121674,134774,0.3086,0.2799,0.3102,0.0979,0.4108,-0.34,-0.0314,-0.4309,2.8632,-0.5381,0.7645,-0.6687,0.2604,-0.5381,0.7645
23312,P,75715,86452,0.3076,0.2826,0.3064,0.0969,0.4111,-0.34,-0.0324,-0.0404,0.0618,-0.7463,0.137,-0.7656,0.1403,-0.7463,0.137
23313,P,75753,85392,0.305,0.2667,0.3048,0.0987,0.4111,-0.34,-0.035,0.6556,0.2594,0.2939,0.1705,0.3424,0.1341,0.2939,0.1705
23314,P,76050,84367,0.3163,0.2808,0.3175,0.0956,0.4106,-0.34,-0.0237,nan,nan,1.7221,0.1058,-2.8318,0.13,1.7221,0.1058
23315,P,75624,85697,0.3164,0.2862,0.3127,0.0972,0.411,-0.34,-0.0236,nan,nan,0.3711,0.1656,0.3378,0.1468,0.3711,0.1656
23317,P,75906,84188,0.3103,0.2834,0.3132,0.1015,0.4123,-0.34,-0.0297,0.2191,0.1281,0.3567,0.1865,0.3154,0.1888,0.3567,0.1865
23318,P,75905,85738,0.3199,0.2787,0.3144,0.0972,0.4094,-0.34,-0.0201,nan,nan,0.6311,0.0445,0.7025,0.0617,0.6311,0.0445
23319,P,75858,84899,0.3151,0.2775,0.3149,0.0971,0.411,-0.34,-0.0249,nan,nan,-0.6302,0.0382,0.7059,0.2024,-0.6302,0.0382
23320,P,75674,83590,0.3155,0.2843,0.3142,0.0966,0.4111,-0.34,-0.0245,-1.6331,0.3117,-1.8033,0.0526,-1.5497,0.1682,-1.8033,0.0526
23321,P,75925,93152,0.3117,0.2776,0.3188,0.0966,0.4196,-0.34,-0.0283,-0.8219,0.4709,nan,nan,nan,nan,nan,nan
23322,P,75980,96386,0.3196,0.2903,0.3175,0.098,0.4097,-0.34,-0.0204,nan,nan,-0.0429,0.1912,0.0497,0.1917,-0.0429,0.1912
23323,P,75767,98418,0.3226,0.2853,0.313,0.0957,0.4124,-0.34,-0.0174,0.7294,0.3443,1.3211,0.0922,1.3142,0.0947,1.3211,0.0922
23324,P,75625,94985,0.3152,0.2788,0.2993,0.1002,0.4103,-0.34,-0.0248,1.1251,0.1601,0.6544,0.2448,0.6798,0.2065,0.6572,0.2403
23325,P,75616,98209,0.3682,0.3326,0.3677,0.0956,0.4132,-0.34,0.0282,nan,nan,0.6392,0.1001,0.6159,0.0889,0.6392,0.1001
23326,P,75808,92366,0.3609,0.3288,0.3645,0.1011,0.4124,-0.34,0.0209,nan,nan,nan,nan,0.6699,0.2997,nan,nan
23327,P,75773,92704,0.3728,0.3393,0.3703,0.0964,0.4105,-0.34,0.0328,-0.75,0.2953,-0.5822,0.3641,-0.7838,0.0302,-0.5822,0.3641
23328,P,75935,92114,0.3738,0.3352,0.3782,0.0931,0.4107,-0.34,0.0338,nan,nan,1.0238,0.1431,nan,nan,nan,nan
23329,P,76286,93325,0.3668,0.333,0.3628,0.0953,0.4102,-0.34,0.0268,-0.2282,0.2037,nan,nan,-0.2224,0.4012,nan,nan
23330,P,76009,93208,0.363,0.3319,0.3647,0.0982,0.4151,-0.34,0.023,-0.6485,0.4358,nan,nan,nan,nan,nan,nan
23331,P,75863,92234,0.3654,0.3304,0.3641,0.098,0.4145,-0.34,0.0254,0.7787,0.2768,0.7122,0.1747,0.737,0.202,0.7122,0.1747
23332,P,75748,90369,0.3627,0.3437,0.3609,0.1008,0.4126,-0.34,0.0227,nan,nan,1.0703,0.0252,nan,nan,1.0703,0.0252
23333,P,75818,90187,0.3687,0.3306,0.3733,0.0938,0.4102,-0.34,0.0287,-0.6,0.4033,0.3043,0.0588,nan,nan,0.3043,0.0588
23334,P,75554,89380,0.3681,0.335,0.3613,0.0963,0.4145,-0.34,0.0281,-0.1546,0.2045,0.0183,0.2703,0.0142,0.227,0.0183,0.2703
23335,P,75794,90217,0.3626,0.3331,0.3647,0.1026,0.412,-0.34,0.0226,-1.6192,0.0889,0.4204,0.2866,0.5501,0.3036,0.4204,0.2866
23336,P,99037,99794,0.4066,0.3648,0.4106,0.0928,0.4933,-0.34,0.0666,1.7284,0.0285,1.5738,0.3379,-0.6948,0.4499,1.5738,0.3379
23338,P,75766,89854,0.3718,0.3349,0.3741,0.0965,0.4124,-0.34,0.0318,3.1037,0.0772,nan,nan,nan,nan,nan,nan
23339,P,75877,88241,0.3697,0.3323,0.363,0.0966,0.4103,-0.34,0.0297,-2.8962,0.0265,0.4869,0.1643,0.4931,0.2087,0.4869,0.1643
23340,P,75798,89168,0.3691,0.3319,0.3742,0.0989,0.4124,-0.34,0.0291,2.0987,0.1015,-0.3505,0.1982,-0.2706,0.1555,-0.3505,0.1982
23341,P,76334,91611,0.3654,0.3337,0.3641,0.1003,0.4152,-0.34,0.0254,-0.8276,0.2386,-0.8594,0.2349,nan,nan,-0.8594,0.2349
23342,P,76057,89080,0.3622,0.3227,0.3562,0.0957,0.4103,-0.34,0.0222,0.7156,2.0,nan,nan,nan,nan,nan,nan
23343,P,75923,89335,0.3706,0.3404,0.3773,0.096,0.4099,-0.34,0.0306,nan,nan,nan,nan,-1.7405,0.0954,nan,nan
23344,P,75836,88497,0.3704,0.3395,0.3689,0.0942,0.4118,-0.34,0.0304,-0.4252,0.3752,-0.3335,0.2748,-0.3846,0.3328,-0.3335,0.2748
23345,P,75728,87944,0.3635,0.3334,0.3625,0.0991,0.4138,-0.34,0.0235,nan,nan,-2.4221,0.1299,-2.4345,0.1092,-2.4221,0.1299
23346,P,76103,89383,0.3685,0.3237,0.3678,0.0988,0.4095,-0.34,0.0285,1.2045,0.0469,-2.4297,0.0996,nan,nan,-2.4297,0.0996
23348,P,75928,89325,0.3653,0.3318,0.3666,0.0954,0.4108,-0.34,0.0253,-0.7317,0.265,-1.0872,0.0637,-1.1151,0.0929,-1.0872,0.0637
23349,P,75953,88025,0.3736,0.3438,0.3744,0.0972,0.4136,-0.34,0.0336,-2.9901,0.1287,-1.1833,0.033,-1.2297,0.3015,-1.1833,0.033
23350,P,75864,88899,0.3673,0.3289,0.3638,0.0952,0.4122,-0.34,0.0273,nan,nan,nan,nan,2.1306,0.3255,nan,nan
23351,P,76125,90137,0.3721,0.334,0.3675,0.0993,0.4114,-0.34,0.0321,nan,nan,0.239,0.0644,nan,nan,0.239,0.0644
23352,P,76113,92583,0.3669,0.3329,0.3584,0.0967,0.4116,-0.34,0.0269,nan,nan,nan,nan,nan,nan,nan,nan
23353,P,75829,92968,0.3723,0.3407,0.379,0.1005,0.4147,-0.34,0.0323,-0.2761,0.2305,nan,nan,nan,nan,nan,nan
23354,P,75818,92606,0.3647,0.3338,0.3593,0.0961,0.4143,-0.34,0.0247,0.4891,0.3284,0.6343,0.2626,0.552,0.2033,0.6343,0.2626
23355,P,75872,91729,0.3676,0.3323,0.3613,0.0984,0.4126,-0.34,0.0276,nan,nan,nan,nan,nan,nan,nan,nan
23356,P,33408,43573,0.3678,0.3368,0.3714,0.0997,0.4117,-0.34,0.0278,0.0201,0.2197,0.5749,2.0089,nan,nan,0.5749,2.0089
23357,P,75810,96374,0.3667,0.3309,0.3675,0.0967,0.4121,-0.34,0.0267,-0.0898,0.1513,nan,nan,nan,nan,nan,nan
23358,P,75692,94808,0.3154,0.2792,0.3193,0.0976,0.4093,-0.34,-0.0246,0.253,0.0427,0.316,0.1098,0.3332,0.1002,0.316,0.1098
23359,P,75640,93430,0.3202,0.2902,0.32,0.0979,0.4109,-0.34,-0.0198,-1.9465,0.0984,nan,nan,nan,nan,nan,nan
23360,P,75549,87405,0.3209,0.2912,0.3182,0.0963,0.4124,-0.34,-0.0191,nan,nan,nan,nan,0.0693,0.5499,nan,nan
23361,P,123674,149101,0.3201,0.2908,0.3229,0.0973,0.4129,-0.34,-0.0199,2.8102,0.2527,0.1226,0.7757,0.0724,0.4757,0.1226,0.7757
23363,P,76039,90938,0.3167,0.2896,0.3152,0.0988,0.4106,-0.34,-0.0233,-1.1753,0.0462,nan,nan,0.574,0.0314,nan,nan
23364,P,75575,89802,0.3193,0.2893,0.3196,0.0961,0.4108,-0.34,-0.0207,0.6264,0.0645,0.3259,0.2987,0.3819,0.2592,0.3259,0.2987
23365,P,75807,88139,0.3203,0.2891,0.3163,0.0952,0.412,-0.34,-0.0197,nan,nan,0.5114,0.1529,nan,nan,0.5114,0.1529
23366,P,75948,88397,0.3187,0.2787,0.3176,0.0947,0.4105,-0.34,-0.0213,nan,nan,nan,nan,nan,nan,nan,nan
23367,P,75937,90334,0.3175,0.2948,0.3162,0.0961,0.4099,-0.34,-0.0225,0.081,0.0949,0.3855,0.1413,0.4137,0.1544,0.3855,0.1413
23368,P,76042,88207,0.3172,0.2819,0.3169,0.0979,0.4095,-0.34,-0.0228,nan,nan,-0.2578,0.5084,-0.0459,0.4555,-0.2578,0.5084
23369,P,76404,90978,0.3102,0.2777,0.3117,0.0979,0.4095,-0.34,-0.0298,2.2288,0.3034,nan,nan,nan,nan,nan,nan
23370,P,76076,91304,0.3195,0.2881,0.3249,0.0952,0.4104,-0.34,-0.0205,nan,nan,2.0467,0.2168,nan,nan,2.0467,0.2168
23371,P,75791,90335,0.32,0.2871,0.3157,0.0955,0.4104,-0.34,-0.02,nan,nan,nan,nan,0.1602,0.1375,nan,nan
23372,P,75756,87346,0.3233,0.2835,0.3214,0.0969,0.4105,-0.34,-0.0167,0.5559,0.0282,nan,nan,-0.0512,0.2304,nan,nan
23373,P,75745,90862,0.3174,0.2845,0.3212,0.0977,0.4132,-0.34,-0.0226,nan,nan,1.1225,0.1334,1.0958,0.1331,1.1225,0.1334
23374,P,76091,91903,0.3164,0.2961,0.3147,0.0954,0.4113,-0.34,-0.0236,nan,nan,nan,nan,nan,nan,nan,nan
23375,P,75759,89565,0.363,0.3281,0.3579,0.0996,0.4132,-0.34,0.023,-0.4126,0.2964,-0.098,0.3265,-0.1603,0.424,-0.098,0.3265
23376,P,76032,91158,0.3704,0.3385,0.3688,0.0934,0.4128,-0.34,0.0304,nan,nan,nan,nan,nan,nan,nan,nan
23378,P,76099,91013,0.3678,0.3283,nan,0.0949,0.4116,-0.34,0.0278,nan,nan,1.1428,0.0653,nan,nan,1.1428,0.0653
23381,P,75819,98094,0.3671,0.334,0.3701,0.0979,0.4093,-0.34,0.0271,1.4178,5.1192,-1.3104,0.1126,-1.391,0.1083,-1.3104,0.1126
23382,P,75564,93188,0.3664,0.3434,0.3673,0.0976,0.4112,-0.34,0.0264,-0.8465,0.1282,-1.9327,0.4071,nan,nan,-1.9327,0.4071
23383,P,75598,92732,0.3679,0.3467,0.3693,0.1006,0.4103,-0.34,0.0279,-1.1943,0.089,nan,nan,nan,nan,nan,nan
23385,P,75584,90500,0.3702,0.3295,0.367,0.0965,0.4131,-0.34,0.0302,-0.0833,0.0595,0.0278,0.0483,0.3587,0.2266,0.0278,0.0483
23386,P,76149,92488,0.3691,0.3343,0.3661,0.0987,0.4102,-0.34,0.0291,1.8618,0.1963,nan,nan,nan,nan,nan,nan
23387,P,75753,89671,0.3669,0.3289,0.362,0.0986,0.4106,-0.34,0.0269,0.507,0.1642,nan,nan,nan,nan,nan,nan
23388,P,99283,99471,0.4017,0.3706,0.3967,0.0945,0.4921,-0.34,0.0617,0.0057,0.0361,0.3479,0.1734,0.3198,0.1786,0.3479,0.1734
23390,P,75425,89113,0.3698,0.3493,0.3723,0.099,0.4133,-0.34,0.0298,nan,nan,2.2503,0.1357,2.2002,0.0963,2.2503,0.1357
23392,P,75522,90739,0.3712,0.3407,0.3654,0.0921,0.4082,-0.34,0.0312,-0.1096,0.2249,nan,nan,-0.514,0.0344,nan,nan
23393,P,75557,89778,0.3679,0.3383,0.3689,0.0965,0.4107,-0.34,0.0279,0.1713,0.6443,nan,nan,-1.9502,25.9238,nan,nan
23396,P,75914,90343,0.3686,0.337,0.3713,0.096,0.4105,-0.34,0.0286,nan,nan,0.9404,0.1231,0.8587,0.1214,0.9404,0.1231
23397,P,75887,91132,0.3659,0.3262,0.3669,0.0958,0.4152,-0.34,0.0259,nan,nan,nan,nan,nan,nan,nan,nan
23398,P,75692,89086,0.3666,0.3437,0.3649,0.0971,0.4121,-0.34,0.0266,1.0703,0.3597,0.8066,0.1853,0.8305,0.161,0.8066,0.1853
23399,P,75846,89047,0.3667,0.3393,0.3669,0.0954,0.4096,-0.34,0.0267,-0.1635,0.1617,0.0879,0.1418,-0.0603,0.1764,0.0879,0.1418
23400,P,76020,88570,0.3637,0.3293,0.3624,0.099,0.4121,-0.34,0.0237,nan,nan,0.4121,0.1062,0.3469,0.0903,0.4121,0.1062
23401,P,75810,89272,0.3653,0.3371,0.368,0.0995,0.414,-0.34,0.0253,-0.4873,0.1704,1.4304,0.1201,1.2864,0.1603,1.4304,0.1201
23402,P,75812,90207,0.37,0.3402,0.3704,0.0971,0.4094,-0.34,0.03,0.2412,0.0551,0.14,0.0944,0.154,0.0938,0.14,0.0944
23403,P,79820,33909,0.3598,0.1088,0.3569,0.0967,0.4022,-0.34,0.0198,-0.0695,0.3497,0.9084,1.8605,0.0278,0.1384,0.9084,1.8605
23404,P,49269,3503,0.3618,0.3031,0.3608,0.0932,0.4036,-0.34,0.0218,-0.3917,0.176,nan,nan,nan,nan,nan,nan
23405,P,46701,3322,0.3614,0.2991,0.3638,0.0943,0.399,-0.34,0.0214,-0.1612,0.0788,0.341,0.6736,0.2474,0.222,0.1346,0.2969
23406,P,56806,3871,0.3623,0.2965,0.3629,0.0922,0.3992,-0.34,0.0223,-0.3083,0.1166,0.1359,0.1542,-0.047,0.2056,0.135,0.1543
23407,P,47530,3319,0.3664,0.3085,0.3668,0.0901,0.4018,-0.34,0.0264,-0.5466,2.0001,-0.1261,0.1332,-0.212,0.1376,-0.1261,0.1332
23408,P,25804,1293,0.36,0.312,0.3543,0.0939,0.3999,-0.34,0.02,-0.3065,0.1251,-0.022,0.1466,-0.048,0.1487,-0.022,0.1466
23409,P,26649,1331,0.3634,0.3123,0.3607,0.0906,0.3983,-0.34,0.0234,-2.9785,0.6199,0.2705,0.2228,0.2091,0.1618,0.2672,0.2197
23410,P,30141,1554,0.3605,0.306,0.3602,0.0958,0.4015,-0.34,0.0205,nan,nan,-2.1981,0.039,nan,nan,-2.1981,0.039
23411,P,29159,1480,0.3605,0.3154,0.3577,0.0932,0.3999,-0.34,0.0205,nan,nan,0.3582,0.0733,0.2341,0.0745,0.3582,0.0733
23412,P,10047,565,0.3579,0.3156,0.3551,0.0962,0.395,-0.34,0.0179,nan,nan,nan,nan,nan,nan,nan,nan
23413,P,80081,33693,0.3604,0.1149,0.3586,0.0941,0.4021,-0.34,0.0204,-0.2699,0.0658,0.0335,0.2618,-0.0298,0.2575,0.0335,0.2618
23414,P,43680,3039,0.3547,0.3119,0.3548,0.0926,0.4045,-0.34,0.0147,0.3052,0.2853,nan,nan,1.2113,0.605,nan,nan
23415,P,71030,4956,0.2984,0.2533,0.2976,0.0915,0.4054,-0.34,-0.0416,-0.3091,0.0936,0.0107,0.156,0.0192,0.2149,0.0107,0.156
23416,P,38781,0,0.3375,0.2706,0.3385,0.1011,0.4772,-0.34,-0.0025,nan,nan,nan,nan,nan,nan,nan,nan
23417,P,76546,114719,0.3161,0.2828,0.3169,0.0974,0.4041,-0.34,-0.0239,-2.6826,0.1514,-2.7458,0.0849,-2.7928,0.0362,-2.7458,0.0849
23418,P,60638,48323,0.3137,0.2897,0.3137,0.096,0.4056,-0.34,-0.0263,0.1565,0.5036,nan,nan,nan,nan,nan,nan
23419,P,76021,81578,0.3134,0.275,0.3104,0.1017,0.409,-0.34,-0.0266,nan,nan,0.0176,0.0532,0.0394,0.0471,0.0176,0.0532
23420,P,75995,80787,0.3152,0.2772,0.3128,0.0977,0.406,-0.34,-0.0248,0.3564,0.111,nan,nan,-0.5822,0.1912,nan,nan
23421,P,76273,78486,0.3239,0.2833,0.3108,0.0948,0.4067,-0.34,-0.0161,0.1445,0.2199,-0.0277,0.136,-0.0168,0.1399,-0.0277,0.136
23422,P,76387,77450,0.3681,0.3345,0.3712,0.0961,0.4083,-0.34,0.0281,-0.9996,2.1817,nan,nan,nan,nan,nan,nan
23423,P,76354,76182,0.3724,0.3414,0.3716,0.097,0.4084,-0.34,0.0324,nan,nan,nan,nan,0.4712,0.1081,nan,nan
23424,P,76414,73589,0.3716,0.3414,0.373,0.0939,0.4056,-0.34,0.0316,nan,nan,2.4028,0.0567,nan,nan,2.4028,0.0567
23425,P,77306,38511,0.3709,0.3461,0.3627,0.0969,0.4098,-0.34,0.0309,0.6573,0.2305,0.8044,0.1595,nan,nan,0.8044,0.1595
23431,P,41614,0,0.3656,0.3133,0.3657,0.1102,0.4235,-0.34,0.0256,nan,nan,nan,nan,nan,nan,nan,nan
23432,P,77347,43004,0.3804,0.357,0.3831,0.1081,0.425,-0.34,0.0404,0.0955,1.7648,0.5374,0.0274,nan,nan,0.5374,0.0274
23433,P,76233,103035,0.3498,0.3317,0.3469,0.1079,0.4282,-0.34,0.0098,nan,nan,-0.095,0.1913,-0.1115,0.2124,-0.095,0.1913
23434,P,76366,101391,0.336,0.3156,0.3373,0.1093,0.4284,-0.34,-0.004,0.1675,0.5065,-0.0649,0.2761,-0.0491,0.1991,-0.0649,0.2761
23435,P,76094,102701,0.3377,0.3136,0.3299,0.1079,0.4293,-0.34,-0.0023,nan,nan,nan,nan,nan,nan,nan,nan
23436,P,76334,99448,0.3409,0.3209,0.3336,0.1093,0.4326,-0.34,0.0009,-0.1707,0.5314,nan,nan,nan,nan,nan,nan
23437,P,76448,99817,0.3423,0.3195,0.3435,0.1085,0.4304,-0.34,0.0023,nan,nan,1.5822,0.0865,-3.83,1.0948,1.5822,0.0865
23438,P,76181,99407,0.3384,0.3234,0.3356,0.1104,0.4309,-0.34,-0.0016,nan,nan,nan,nan,nan,nan,nan,nan
23439,P,77661,45587,0.3671,0.3456,0.3645,0.1094,0.429,-0.34,0.0271,-1.7023,0.2729,-2.2881,0.1005,nan,nan,-2.2881,0.1005
23440,P,77581,44426,0.3746,0.3497,0.3722,0.1055,0.4296,-0.34,0.0346,0.4293,0.2172,0.1002,0.2616,-0.2569,0.0884,0.1002,0.2616
23441,P,77454,44611,0.3589,0.3485,0.3621,0.1099,0.4292,-0.34,0.0189,0.5949,0.2188,0.4019,0.2422,0.339,0.2241,0.4019,0.2422
23442,P,77562,46581,0.3484,0.3329,0.347,0.1083,0.4274,-0.34,0.0084,-1.7384,0.0519,nan,nan,2.7009,0.1303,nan,nan
23443,P,77978,45534,0.3418,0.3274,0.3343,0.1088,0.4325,-0.34,0.0018,nan,nan,0.4893,0.7685,nan,nan,0.4893,0.7685
23444,P,77389,45016,0.3498,0.324,0.3496,0.1064,0.4312,-0.34,0.0098,nan,nan,nan,nan,nan,nan,nan,nan
23445,P,77459,42363,0.345,0.3346,0.3331,0.1095,0.4287,-0.34,0.005,0.2737,0.1644,0.3751,0.0557,nan,nan,0.3751,0.0557
23446,P,77705,46743,0.3572,0.3398,0.3521,0.1093,0.4324,-0.34,0.0172,nan,nan,0.3206,0.1819,0.2633,0.2055,0.3206,0.1819
23447,P,81155,5170,0.3466,0.3299,0.3471,0.108,0.4252,-0.34,0.0066,0.2111,0.307,-0.0582,0.1318,-0.0055,0.1843,-0.0582,0.1318
23448,P,80121,29844,0.35,0.4428,0.3497,0.1058,0.4273,-0.34,0.01,0.1187,0.2297,0.2454,0.3181,0.1089,0.312,0.2454,0.3181
23449,P,80963,26412,0.3526,0.4873,0.354,0.1063,0.422,-0.34,0.0126,-0.1831,0.2693,-0.1038,0.1388,-0.1251,0.1646,-0.1038,0.1388
23462,P,29242,0,0.3482,0.2978,0.3487,0.1147,0.4249,-0.34,0.0082,nan,nan,nan,nan,nan,nan,nan,nan
23463,P,117735,8980,0.3524,0.3371,0.3564,0.1092,0.4253,-0.34,0.0124,0.1999,0.2096,0.2853,0.1348,0.2877,0.1745,0.2853,0.1348
23464,P,116956,8784,0.3433,0.3084,0.3421,0.1092,0.4269,-0.34,0.0033,-0.2041,0.1568,0.2179,0.1453,0.5349,0.4157,0.2179,0.1453
23465,P,117317,8748,0.3392,0.3154,0.3467,0.1092,0.427,-0.34,-0.0008,0.0508,0.1115,0.4836,0.1845,0.4836,0.1919,0.4836,0.1845
23466,P,117648,9078,0.3428,0.3397,0.3425,0.1099,0.4242,-0.34,0.0028,-0.1556,0.1528,0.0742,0.0967,-0.0249,0.1089,0.0742,0.0967
23467,P,117724,9719,0.357,0.3282,0.3549,0.1067,0.4235,-0.34,0.017,-0.1546,0.2128,0.2082,0.1569,0.1922,0.1313,0.2082,0.1569
23468,P,113557,6976,0.35,0.3145,0.3527,0.107,0.4217,-0.34,0.01,-0.2326,0.1769,3.9204,7.3785,nan,nan,3.9204,7.3785
23469,P,116787,7187,0.3453,0.3064,0.3552,0.1071,0.4231,-0.34,0.0053,-0.3036,0.1011,0.0523,0.116,-0.0135,0.1434,0.036,0.1383
23470,P,116372,6931,0.3379,0.3031,0.3322,0.1111,0.4249,-0.34,-0.0021,0.205,0.2696,0.4057,0.2899,0.4159,0.2353,0.4057,0.2899
23471,P,109943,184188,0.3519,0.3464,0.3521,0.1096,0.4308,-0.34,0.0119,-0.6156,0.4683,-1.0885,0.033,0.0305,0.1341,-1.0885,0.033
23472,P,109736,196825,0.3525,0.3301,0.3546,0.1067,0.4298,-0.34,0.0125,-0.0536,0.073,0.0242,0.169,-0.0363,0.181,0.0242,0.169
23473,P,109942,189342,0.3497,0.3302,0.3546,0.1076,0.4294,-0.34,0.0097,0.0431,0.2031,0.1551,0.184,nan,nan,0.1551,0.184
23474,P,109618,200220,0.3641,0.3543,0.3658,0.1087,0.4322,-0.34,0.0241,-0.153,2.4779,-0.2281,0.1442,nan,nan,-0.2281,0.1442
23475,P,110094,190244,0.3641,0.3487,0.3611,0.1119,0.4315,-0.34,0.0241,nan,nan,nan,nan,nan,nan,nan,nan
23476,P,109855,189602,0.365,0.336,0.3671,0.1079,0.4315,-0.34,0.025,-0.8645,0.3734,-0.2112,0.1949,-0.2845,0.2315,-0.2112,0.1949
23477,P,109818,188862,0.3506,0.3363,0.3532,0.1093,0.4282,-0.34,0.0106,-0.0409,0.0784,0.0384,0.0797,0.0396,0.0869,0.0384,0.0797
23478,P,110074,189977,0.36,0.3456,0.3591,0.1103,0.4332,-0.34,0.02,nan,nan,nan,nan,-0.8001,0.3185,nan,nan
23479,P,110230,189591,0.3543,0.336,0.3561,0.1077,0.4308,-0.34,0.0143,nan,nan,-1.2262,0.3722,nan,nan,-1.2262,0.3722
23480,P,110254,185801,0.3521,0.3405,0.3562,0.1133,0.4328,-0.34,0.0121,nan,nan,-1.4088,0.062,-1.4047,0.0724,-1.4088,0.062
23481,P,110363,185764,0.353,0.339,0.3549,0.1084,0.4298,-0.34,0.013,nan,nan,nan,nan,0.913,0.0224,nan,nan
23482,P,110232,184607,0.3534,0.3379,0.3498,0.1071,0.4279,-0.34,0.0134,-1.0149,0.9742,nan,nan,-1.7181,0.0568,nan,nan
23483,P,109923,180289,0.3649,0.3661,0.3658,0.1096,0.4307,-0.34,0.0249,-0.695,0.101,0.7076,0.1547,nan,nan,0.7076,0.1547
23484,P,126241,213190,0.3531,0.332,0.3528,0.1067,0.4285,-0.34,0.0131,-1.683,0.6047,nan,nan,nan,nan,nan,nan
23486,P,110103,186542,0.3475,0.3363,0.3513,0.1107,0.4302,-0.34,0.0075,2.0569,0.6438,nan,nan,-0.3891,0.7403,nan,nan
23487,P,110161,184230,0.3507,0.3344,0.3515,0.1075,0.4311,-0.34,0.0107,0.5877,0.0487,0.9657,0.1952,0.9397,0.2475,0.9657,0.1952
23488,P,110240,184310,0.3458,0.3271,0.346,0.1091,0.4297,-0.34,0.0058,nan,nan,-0.3529,0.8573,-0.7314,0.0981,-0.3529,0.8573
23489,P,110052,181196,0.3464,0.335,0.348,0.1109,0.4309,-0.34,0.0064,-0.4201,0.4781,nan,nan,nan,nan,nan,nan
23490,P,110085,186463,0.3449,0.3313,0.3419,0.1116,0.4307,-0.34,0.0049,-0.8203,0.3962,nan,nan,nan,nan,nan,nan
23491,P,109819,183933,0.3533,0.3314,0.3552,0.1098,0.4297,-0.34,0.0133,0.6077,0.3562,nan,nan,0.028,0.2613,nan,nan
23492,P,110404,165601,0.3505,0.3392,0.3492,0.1099,0.4304,-0.34,0.0105,-1.0803,33.8368,0.382,0.0372,nan,nan,0.382,0.0372
23493,P,110599,172249,0.3414,0.3304,0.3385,0.1093,0.4305,-0.34,0.0014,nan,nan,0.2635,0.2892,0.2146,0.3503,0.2635,0.2892
23494,P,110277,170063,0.3406,0.323,0.3399,0.1084,0.4297,-0.34,0.0006,nan,nan,-1.5459,0.0499,nan,nan,-1.5459,0.0499
23495,P,110762,164217,0.3575,0.3528,0.3551,0.1107,0.4321,-0.34,0.0175,-2.9971,0.1389,-3.0587,0.2139,-3.0587,0.198,-3.0587,0.2139
23496,P,110723,163823,0.3595,0.3428,0.3599,0.1077,0.4307,-0.34,0.0195,nan,nan,-0.2533,0.254,-0.2526,0.2255,-0.2533,0.254
23497,P,110517,163710,0.3548,0.3413,0.3586,0.1063,0.4323,-0.34,0.0148,0.5833,0.1998,0.4353,0.189,0.5066,0.1884,0.4353,0.189
23498,P,110676,159953,0.3669,0.3553,0.3685,0.1103,0.4329,-0.34,0.0269,0.023,0.0334,nan,nan,0.2111,0.0502,nan,nan
23499,P,110433,160515,0.3599,0.3461,0.362,0.108,0.4296,-0.34,0.0199,0.6074,0.2742,0.6732,0.106,nan,nan,0.6732,0.106
23500,P,110696,160069,0.3486,0.3285,0.3489,0.1121,0.4316,-0.34,0.0086,-0.1459,0.4521,0.0773,0.3966,0.2871,1.009,0.0773,0.3966
23501,P,110487,159360,0.3482,0.3312,0.3465,0.1102,0.433,-0.34,0.0082,0.1614,0.1964,nan,nan,nan,nan,nan,nan
23502,P,110898,160031,0.3471,0.3314,0.3498,0.11,0.4286,-0.34,0.0071,-0.292,0.9305,0.5329,0.4581,0.4644,0.4234,0.5329,0.4581
23503,P,110545,158321,0.3611,0.3444,0.3634,0.1106,0.4296,-0.34,0.0211,-0.7459,0.116,-0.753,0.2031,-0.6478,0.2188,-0.753,0.2031
23504,P,110646,157175,0.3581,0.347,0.3557,0.1116,0.4315,-0.34,0.0181,0.2169,0.464,0.4069,0.1835,nan,nan,0.4069,0.1835
23505,P,110726,157448,0.3534,0.3378,0.3511,0.1104,0.4321,-0.34,0.0134,nan,nan,-0.7993,0.0905,-0.8304,0.0918,-0.7993,0.0905
23506,P,97738,136788,0.3656,0.3467,0.3651,0.108,0.4263,-0.34,0.0256,-1.0449,0.1657,nan,nan,-1.4908,0.2639,nan,nan
23507,P,110914,156277,0.3673,0.3507,0.3644,0.1082,0.4299,-0.34,0.0273,-0.1866,0.3645,nan,nan,nan,nan,nan,nan
23508,P,110953,155384,0.3663,0.3519,0.3702,0.1092,0.4296,-0.34,0.0263,nan,nan,nan,nan,nan,nan,nan,nan
23509,P,113961,150792,0.3805,0.3641,0.3814,0.0974,0.4446,-0.34,0.0405,0.6432,0.0435,nan,nan,-1.4723,0.3218,nan,nan
23510,P,522,0,0.4059,0.3461,nan,0.0977,0.44,-0.34,0.0659,nan,nan,nan,nan,nan,nan,nan,nan
23511,P,110987,155634,0.3511,0.342,0.3482,0.1076,0.429,-0.34,0.0111,nan,nan,0.3015,0.0504,nan,nan,0.3015,0.0504
23512,P,110586,155193,0.3652,0.3484,0.3621,0.1098,0.4303,-0.34,0.0252,-2.1713,0.2833,nan,nan,nan,nan,nan,nan
23513,P,110884,155306,0.3647,0.3499,0.3666,0.1096,0.4314,-0.34,0.0247,nan,nan,-3.8426,0.0587,-3.8456,0.0314,-3.8426,0.0587
23514,P,110956,153311,0.3656,0.3517,0.3636,0.1065,0.4309,-0.34,0.0256,-0.3331,0.2259,nan,nan,-0.0673,0.9021,nan,nan
23515,P,110361,178322,0.3678,0.3507,0.3645,0.1081,0.4307,-0.34,0.0278,nan,nan,nan,nan,nan,nan,nan,nan
23516,P,110324,177854,0.3636,0.3526,0.3672,0.1104,0.431,-0.34,0.0236,-0.1992,0.4316,0.2679,0.2305,0.1972,0.2621,0.2679,0.2305
23517,P,110002,177722,0.3649,0.3419,0.3702,0.1098,0.4313,-0.34,0.0249,-0.0761,0.0648,-1.1227,0.0954,-1.5355,0.2801,-1.1227,0.0954
23518,P,110233,177835,0.3502,0.3366,0.3477,0.1085,0.429,-0.34,0.0102,-0.4768,0.1978,nan,nan,nan,nan,nan,nan
23519,P,109959,179291,0.3649,0.3558,0.365,0.1106,0.4311,-0.34,0.0249,-0.7491,0.6824,3.5788,1.5808,-2.6941,0.336,3.5788,1.5808
23520,P,110424,161124,0.3436,0.3285,0.3428,0.1119,0.4306,-0.34,0.0036,nan,nan,nan,nan,nan,nan,nan,nan
23521,P,110609,162147,0.3462,0.3325,0.3465,0.1104,0.4324,-0.34,0.0062,nan,nan,-0.2807,0.1881,-0.3118,0.2247,-0.2807,0.1881
23522,P,110440,160846,0.3503,0.3339,0.3485,0.1073,0.4304,-0.34,0.0103,nan,nan,nan,nan,2.2533,0.3335,nan,nan
23523,P,110707,158646,0.3532,0.3437,0.3505,0.1111,0.4301,-0.34,0.0132,-1.6241,0.2072,-1.6826,0.073,-1.6737,0.0856,-1.6826,0.073
23524,P,101280,148752,0.355,0.348,0.3546,0.1096,0.431,-0.34,0.015,nan,nan,nan,nan,nan,nan,nan,nan
23525,P,110399,163422,0.357,0.3381,0.3578,0.11,0.4305,-0.34,0.017,nan,nan,nan,nan,nan,nan,nan,nan
23526,P,110745,162175,0.3581,0.3434,0.3563,0.1105,0.4333,-0.34,0.0181,nan,nan,0.5039,0.0462,0.4797,0.0489,0.5039,0.0462
23527,P,110929,163210,0.3625,0.3405,0.3618,0.1108,0.4312,-0.34,0.0225,-0.8977,0.5093,-0.6162,0.1037,nan,nan,-0.6162,0.1037
23528,P,111114,159741,0.3652,0.3537,0.3615,0.1114,0.433,-0.34,0.0252,nan,nan,nan,nan,-1.4622,0.035,nan,nan
23529,P,110757,157722,0.3521,0.3415,0.352,0.1105,0.4308,-0.34,0.0121,-1.2379,0.0899,nan,nan,-1.3254,0.2291,nan,nan
23530,P,110825,157252,0.366,0.347,0.3658,0.1078,0.4317,-0.34,0.026,nan,nan,-1.4367,0.1291,nan,nan,-1.4367,0.1291
23531,P,111062,155160,0.3674,0.3486,0.3635,0.1087,0.4302,-0.34,0.0274,-0.719,0.1873,0.4086,0.5634,-0.0498,0.3188,0.4086,0.5634
23533,P,110350,172349,0.353,0.3362,0.3504,0.1096,0.4317,-0.34,0.013,nan,nan,-2.8211,0.0687,-2.8272,0.0527,-2.8211,0.0687
23534,P,110607,168686,0.3629,0.3503,0.3617,0.1081,0.43,-0.34,0.0229,-0.6119,0.3208,nan,nan,nan,nan,nan,nan
23535,P,126924,188982,0.3547,0.3346,0.3539,0.1087,0.4309,-0.34,0.0147,nan,nan,nan,nan,-0.2125,0.109,nan,nan
23537,P,110820,162224,0.3588,0.337,0.361,0.1091,0.4298,-0.34,0.0188,-0.9666,0.3763,0.0097,0.4217,nan,nan,0.0097,0.4217
23538,P,110412,161350,0.3597,0.3475,0.3581,0.1105,0.4302,-0.34,0.0197,nan,nan,nan,nan,nan,nan,nan,nan
23539,P,110637,158935,0.3581,0.3464,0.3596,0.1102,0.4315,-0.34,0.0181,2.2307,0.3362,nan,nan,nan,nan,nan,nan
23541,P,110842,157388,0.3595,0.3492,0.3629,0.109,0.4286,-0.34,0.0195,-1.2947,0.6825,nan,nan,nan,nan,nan,nan
23542,P,110341,174839,0.3608,0.3458,0.3639,0.1107,0.4294,-0.34,0.0208,-0.571,0.2562,-0.2655,0.3906,nan,nan,-0.2655,0.3906
23543,P,110252,175584,0.3466,0.3297,0.3483,0.1086,0.4308,-0.34,0.0066,nan,nan,0.2585,0.1815,0.2016,0.1439,0.2389,0.1642
23544,P,109777,175916,0.3506,0.3344,0.3487,0.1081,0.4315,-0.34,0.0106,0.9165,0.4733,0.492,0.1983,0.4579,0.1686,0.492,0.1983
23545,P,110512,175598,0.3457,0.3296,0.3488,0.1085,0.4289,-0.34,0.0057,-0.2609,0.1344,0.3768,0.0294,0.0446,0.1406,0.3768,0.0294
23546,P,109998,173619,0.3493,0.3338,0.3531,0.1086,0.4311,-0.34,0.0093,-1.6601,0.1531,nan,nan,-0.1429,0.7688,nan,nan
23547,P,111078,157730,0.3617,0.3453,0.3621,0.1067,0.4292,-0.34,0.0217,-0.1077,0.366,nan,nan,-0.2678,0.4095,nan,nan
23548,P,110884,151614,0.3627,0.3473,0.3635,0.1086,0.4309,-0.34,0.0227,0.1034,0.7276,0.3614,0.3502,0.3363,0.2899,0.3614,0.3502
23549,P,110757,155521,0.3625,0.3496,0.3605,0.108,0.4319,-0.34,0.0225,nan,nan,0.3039,0.0561,0.2397,0.0777,0.3039,0.0561
23550,P,111001,153889,0.3598,0.3484,0.3567,0.1102,0.4312,-0.34,0.0198,nan,nan,-3.1133,0.4209,1.1236,0.0331,1.1586,0.036
23551,P,110619,157164,0.3613,0.3395,0.3591,0.109,0.4316,-0.34,0.0213,0.551,0.1797,0.6849,0.1091,0.6444,0.0998,0.6849,0.1091
23552,P,110689,158899,0.3607,0.3501,0.3576,0.1068,0.4287,-0.34,0.0207,-0.242,0.1092,0.0537,0.1304,0.0602,0.1496,0.0537,0.1304
23553,P,111019,155046,0.3593,0.3464,0.3576,0.1088,0.4314,-0.34,0.0193,nan,nan,2.437,0.0996,2.6351,0.2711,2.4369,0.0997
23554,P,110406,159920,0.3589,0.3433,0.3548,0.109,0.4306,-0.34,0.0189,-0.4397,0.1104,nan,nan,nan,nan,nan,nan
23555,P,110947,155467,0.3641,0.3467,0.3634,0.1096,0.4313,-0.34,0.0241,nan,nan,nan,nan,0.9811,0.5277,nan,nan
23556,P,110696,153677,0.3597,0.3396,0.3635,0.11,0.4285,-0.34,0.0197,1.3904,0.2689,1.1894,0.0563,nan,nan,1.1894,0.0563
23557,P,111017,149348,0.3564,0.3394,0.3589,0.1102,0.4302,-0.34,0.0164,-0.2468,0.0387,1.7434,0.1788,1.6973,0.1287,1.7434,0.1788
23558,P,111052,146967,0.3577,0.3411,0.3575,0.11,0.4318,-0.34,0.0177,0.8198,0.0419,0.8059,0.054,0.7749,0.121,0.8059,0.054
23559,P,114141,142864,0.3829,0.3744,0.3842,0.0983,0.4457,-0.34,0.0429,-0.7548,0.1978,-0.5317,0.1282,-0.5499,0.1017,-0.5317,0.1282
23560,P,515,0,0.3727,0.2872,nan,0.1028,0.4162,-0.34,0.0327,nan,nan,nan,nan,nan,nan,nan,nan
23561,P,110366,161164,0.3622,0.3436,0.3555,0.1091,0.4327,-0.34,0.0222,nan,nan,0.8354,0.0642,0.7931,0.0642,0.8354,0.0642
23563,P,110956,160613,0.3447,0.3297,0.3446,0.109,0.4321,-0.34,0.0047,-3.3047,0.1222,0.7044,0.3904,nan,nan,0.7044,0.3904
23564,P,110830,154713,0.3454,0.3302,0.3468,0.1106,0.4312,-0.34,0.0054,2.8597,0.0333,0.2194,0.055,0.2163,0.0253,0.2194,0.055
23565,P,110743,152305,0.3414,0.3261,0.3414,0.1109,0.4306,-0.34,0.0014,0.0486,0.5141,0.3704,0.3771,0.3492,0.2687,0.3704,0.3771
23566,P,111232,149935,0.3511,0.3372,0.3528,0.1109,0.4314,-0.34,0.0111,1.2033,1.3859,0.7149,1.208,0.6525,1.9153,0.7149,1.208
23567,P,110917,151417,0.3569,0.3415,0.3627,0.1086,0.4324,-0.34,0.0169,1.4737,0.8697,0.0489,0.3934,nan,nan,0.0489,0.3934
23574,P,23017,0,0.3449,0.2995,0.3438,0.112,0.4292,-0.34,0.0049,nan,nan,nan,nan,nan,nan,nan,nan
23575,P,127644,194944,0.3546,0.3468,0.3578,0.1108,0.431,-0.34,0.0146,2.9211,0.0393,-0.9367,0.3558,-0.9667,0.3723,-0.9367,0.3558
23577,P,111137,162435,0.3613,0.3363,0.361,0.1071,0.4314,-0.34,0.0213,nan,nan,0.9489,0.2876,1.082,0.1678,0.9489,0.2876
23579,P,111392,161563,0.3589,0.349,0.3574,0.1099,0.4343,-0.34,0.0189,-0.6961,0.5277,0.3316,0.5744,nan,nan,0.3316,0.5744
23580,P,111598,152688,0.3643,0.3497,0.3662,0.1086,0.4315,-0.34,0.0243,-1.2829,0.0653,2.8351,0.0933,2.7663,0.0592,2.8351,0.0933
23581,P,111540,149416,0.3483,0.3378,0.3538,0.1107,0.4289,-0.34,0.0083,0.1082,0.2633,nan,nan,nan,nan,nan,nan
23583,P,111853,145061,0.3564,0.3378,nan,0.109,0.4307,-0.34,0.0164,nan,nan,0.7018,0.7076,0.7228,0.0744,0.7018,0.7076
23584,P,111416,146140,0.3632,0.3473,0.3583,0.1096,0.4317,-0.34,0.0232,nan,nan,nan,nan,nan,nan,nan,nan
23585,P,12318,0,0.3321,0.2837,0.3285,0.1122,0.4179,-0.34,-0.0079,nan,nan,nan,nan,nan,nan,nan,nan
23586,P,110916,174461,0.3495,0.3288,0.348,0.1115,0.4303,-0.34,0.0095,nan,nan,-1.6745,0.1212,-1.7131,0.0935,-1.6745,0.1212
23587,P,111261,159509,0.3572,0.3369,0.3558,0.1085,0.4315,-0.34,0.0172,0.7524,0.3605,nan,nan,0.5358,0.3185,nan,nan
23588,P,111507,159931,0.3493,0.3349,0.3468,0.1114,0.4315,-0.34,0.0093,0.4801,0.3798,nan,nan,nan,nan,nan,nan
23592,P,114905,144210,0.3856,0.3784,0.3854,0.0971,0.4475,-0.34,0.0456,-2.3255,0.0648,-1.9716,0.2331,nan,nan,-1.9716,0.2331
23593,P,111689,143068,0.354,0.3399,0.3563,0.1099,0.4327,-0.34,0.014,nan,nan,1.1956,0.3711,1.1864,0.3681,1.1956,0.3711
23597,P,111128,171154,2.3764,2.3606,2.3784,0.1088,0.4335,-2.38,-0.0036,0.1478,0.4275,0.2363,0.3761,0.2363,0.3761,0.2329,0.3859
23598,P,111475,161182,2.3759,2.3621,2.3765,0.1081,0.4329,-2.38,-0.0041,-0.0687,0.2805,-0.0614,0.242,-0.0614,0.242,-0.0616,0.2413
23600,P,111511,159550,2.3721,2.3544,2.3739,0.1093,0.4297,-2.38,-0.0079,1.1267,0.3748,nan,nan,1.1998,0.7396,nan,nan
23601,P,111691,152978,2.3822,2.3756,2.3799,0.1076,0.4318,-2.38,0.0022,-2.2552,0.1173,1.3761,0.1549,1.3758,0.1543,1.3761,0.1549
23602,P,111509,151255,2.3754,2.3545,2.3765,0.108,0.4293,-2.38,-0.0046,0.2269,0.0498,0.2632,0.1193,0.2632,0.1193,0.2632,0.1193
23603,P,111563,153239,2.3781,2.364,2.3789,0.1083,0.4405,-2.38,-0.0019,0.1448,0.6728,0.4995,0.0739,0.4995,0.0739,0.4995,0.0739
23604,P,111698,150636,2.3794,2.3685,2.3772,0.1078,0.4301,-2.38,-0.0006,nan,nan,0.5149,0.2168,0.5149,0.2168,0.5149,0.2168
23605,P,110893,173067,2.3757,2.3599,2.3729,0.1086,0.4326,-2.38,-0.0043,0.5841,0.1495,0.4681,0.2596,0.4681,0.2596,0.4681,0.2596
23606,P,111514,158855,2.3768,2.3618,2.3779,0.106,0.4312,-2.38,-0.0032,-0.9421,0.274,0.3016,0.2727,0.3016,0.2727,0.3016,0.2727
23607,P,111211,153222,2.3707,2.3514,2.3701,0.1083,0.4317,-2.38,-0.0093,nan,nan,-1.3723,0.2301,-1.3713,0.2314,-1.3723,0.2301
23608,P,111703,153475,2.3757,2.3641,2.3714,0.1089,0.4308,-2.38,-0.0043,0.3888,0.0974,0.4143,0.2224,0.4143,0.2224,0.4143,0.2224
23609,P,111575,154630,2.3715,2.3652,2.3679,0.1089,0.4317,-2.38,-0.0085,0.6468,0.1582,0.2015,0.1304,0.2015,0.1304,0.2015,0.1304
23610,P,111684,156362,2.3745,2.3573,2.3675,0.1076,0.4315,-2.38,-0.0055,nan,nan,0.3993,0.2552,0.3993,0.2552,0.3993,0.2552
23611,P,111528,150344,2.3726,2.3658,2.3696,0.1095,0.4316,-2.38,-0.0074,0.2771,0.0805,1.1338,0.1505,1.1338,0.1505,1.1338,0.1505
23612,P,128302,173180,2.3777,2.3668,2.3766,0.1065,0.4293,-2.38,-0.0023,0.2408,0.3785,0.1072,0.2618,0.1072,0.2618,0.1072,0.2618
23614,P,111777,146841,2.3804,2.3816,2.3785,0.1118,0.4316,-2.38,0.0004,0.0938,0.1228,0.8794,2.2958,0.8794,2.2958,0.8794,2.2958
23615,P,111870,151769,2.3793,2.3547,2.3794,0.107,0.4317,-2.38,-0.0007,nan,nan,0.5936,0.7015,0.5936,0.7015,0.5851,0.4628
23616,P,111599,146253,2.3782,2.3605,2.3761,0.1055,0.4297,-2.38,-0.0018,2.7756,0.1599,2.799,0.0353,2.799,0.0353,2.799,0.0353
23617,P,111601,145451,2.3786,2.3699,2.3802,0.1104,0.4324,-2.38,-0.0014,nan,nan,nan,nan,nan,nan,nan,nan
23618,P,111882,144726,2.3782,2.3607,2.3813,0.1083,0.4322,-2.38,-0.0018,1.452,0.0625,-1.0848,0.0665,-1.0848,0.0665,-1.0848,0.0665
23619,P,111824,147831,2.3808,2.3568,2.3806,0.1061,0.4326,-2.38,0.0008,nan,nan,0.4587,0.264,0.4587,0.264,0.4956,0.2953
23620,P,111741,149245,2.3776,2.362,2.3758,0.1062,0.4313,-2.38,-0.0024,-0.0305,0.3065,-0.0336,0.1798,-0.0336,0.1798,-0.0336,0.1798
23621,P,111695,148442,2.3861,2.3852,2.3877,0.1019,0.4486,-2.38,0.0061,-3.6077,0.5685,0.2867,0.058,0.357,0.1071,0.2867,0.058
23622,P,111783,146147,2.3803,2.3689,2.3785,0.1091,0.4306,-2.38,0.0003,nan,nan,-1.1667,0.1868,-1.1667,0.1868,-1.1667,0.1868
23623,P,111556,146823,2.3821,2.3675,2.3817,0.1082,0.4318,-2.38,0.0021,-0.2969,0.179,-0.0031,0.2421,0.0017,0.2421,-0.0031,0.2421
23624,P,111998,146218,2.3897,2.37,2.3893,0.1093,0.431,-2.38,0.0097,0.3822,0.034,0.4776,0.253,0.4737,0.2215,0.4776,0.253
23625,P,111607,164503,2.378,2.36,2.3712,0.1094,0.4304,-2.38,-0.002,0.5153,0.3858,0.5044,0.3089,0.5102,0.3195,0.5044,0.3089
23626,P,111207,161486,2.3871,2.3745,2.3864,0.1067,0.4421,-2.38,0.0071,nan,nan,0.4862,0.1981,0.6098,0.0675,0.4862,0.1981
23627,P,111694,158280,2.3803,2.3734,2.3793,0.1088,0.432,-2.38,0.0003,nan,nan,0.757,0.2625,0.757,0.2625,0.757,0.2625
23628,P,111384,161229,2.3837,2.3722,2.3777,0.1093,0.4306,-2.38,0.0037,0.0347,0.2373,-0.0832,0.2616,-0.0837,0.2615,-0.0832,0.2616
23629,P,111487,160271,2.3787,2.3589,2.3681,0.1071,0.4324,-2.38,-0.0013,-1.3559,0.099,-1.256,0.1942,-1.256,0.1942,-1.256,0.1942
23630,P,111576,154989,2.3727,2.3636,2.376,0.1085,0.4301,-2.38,-0.0073,2.7568,1.2421,nan,nan,nan,nan,nan,nan
23631,P,111672,155805,2.3784,2.3631,2.3768,0.1099,0.4333,-2.38,-0.0016,-0.7102,0.3567,0.0605,0.6689,0.0605,0.6689,0.0497,0.5192
23632,P,111823,154552,2.3726,2.3528,2.3673,0.1068,0.4322,-2.38,-0.0074,-0.1259,0.1058,0.0023,0.2326,0.0023,0.2326,0.0023,0.2326
23633,P,111658,154676,2.3794,2.3676,2.3793,0.1079,0.4326,-2.38,-0.0006,-1.034,0.3112,-0.9639,0.3098,-0.9639,0.3098,-0.9658,0.3137
23634,P,111772,153878,2.3673,2.3556,2.3688,0.1082,0.4321,-2.38,-0.0127,0.1957,0.2846,0.5273,0.5239,0.5152,0.5121,0.3518,0.2525
23635,P,111746,155306,2.3803,2.3641,2.3831,0.1085,0.4309,-2.38,0.0003,nan,nan,-2.719,0.0765,-2.719,0.0765,-2.719,0.0765
23636,P,111103,158921,2.3706,2.3587,2.3692,0.1114,0.4344,-2.38,-0.0094,0.6835,0.1756,0.8289,0.105,0.8289,0.105,0.8289,0.105
23637,P,114897,148009,2.4124,2.4033,2.4118,0.0951,0.4453,-2.38,0.0324,0.631,0.0665,0.7254,0.1767,0.7544,0.1808,0.7254,0.1767
23638,P,548,0,2.4234,2.4007,nan,0.1148,0.4754,-2.38,0.0434,nan,nan,nan,nan,nan,nan,nan,nan
23639,P,111527,156297,2.384,2.3702,2.3807,0.1076,0.4307,-2.38,0.004,0.2562,0.269,0.2517,0.099,0.2481,0.1023,0.2517,0.099
23640,P,111282,153555,2.3915,2.3811,2.3898,0.1066,0.4307,-2.38,0.0115,-0.1507,0.0925,0.0645,0.0906,0.0219,0.0909,0.0645,0.0906
23641,P,111033,156931,2.376,2.3608,2.3788,0.1097,0.4336,-2.38,-0.004,nan,nan,0.6785,0.3511,0.6785,0.3511,0.6785,0.3511
23642,P,111519,153395,2.3861,2.3684,2.3855,0.1087,0.4335,-2.38,0.0061,-0.1187,0.2189,-0.0174,0.0615,-0.0285,0.0532,-0.0174,0.0615
23643,P,111293,152077,2.3907,2.3706,2.3916,0.1059,0.4322,-2.38,0.0107,-0.1166,0.1846,-0.149,0.2754,-0.151,0.2679,-0.149,0.2754
23644,P,111521,152019,2.3766,2.3582,2.3739,0.1082,0.4288,-2.38,-0.0034,-1.6006,0.3143,-1.9081,0.2331,-1.9081,0.2331,-1.9081,0.2331
23645,P,111292,159938,2.382,2.3679,2.3817,0.1078,0.4297,-2.38,0.002,nan,nan,0.1553,0.1746,0.1554,0.1747,0.1553,0.1746
23646,P,111656,156473,2.3919,2.3784,2.3921,0.1053,0.432,-2.38,0.0119,nan,nan,0.5199,0.3699,nan,nan,0.5199,0.3699
23647,P,111733,158478,2.3785,2.353,2.3745,0.1074,0.434,-2.38,-0.0015,0.1225,0.0705,0.0702,0.0642,0.0702,0.0642,0.0702,0.0642
23648,P,111353,164456,2.3766,2.365,2.3818,0.1066,0.4317,-2.38,-0.0034,-0.3737,0.8535,nan,nan,nan,nan,nan,nan
23650,P,111360,163628,2.3796,2.3651,2.377,0.1114,0.4324,-2.38,-0.0004,nan,nan,nan,nan,nan,nan,nan,nan
23651,P,110975,188487,2.377,2.3643,2.3781,0.105,0.4299,-2.38,-0.003,nan,nan,1.6258,0.1526,1.6258,0.1526,1.6258,0.1526
23652,P,111165,177202,2.3829,2.3653,2.3874,0.1093,0.4322,-2.38,0.0029,1.933,0.0543,1.951,0.0572,1.9514,0.0574,1.951,0.0572
23653,P,111301,174451,2.3741,2.3546,2.3789,0.108,0.4291,-2.38,-0.0059,2.3436,0.2425,1.3246,2.098,1.3246,2.098,1.3246,2.098
23654,P,111210,169034,2.3829,2.3675,2.3851,0.1085,0.4324,-2.38,0.0029,nan,nan,0.9329,0.0895,0.9327,0.089,0.9329,0.0895
23655,P,111391,169618,2.3788,2.3649,2.3766,0.1098,0.4314,-2.38,-0.0012,-0.5636,0.098,nan,nan,nan,nan,nan,nan
23656,P,111135,169071,2.3745,2.3578,nan,0.1096,0.4308,-2.38,-0.0055,-0.2641,0.7013,-2.8194,0.0461,-2.8194,0.0461,-2.8194,0.0461
23657,P,111448,167505,2.3819,2.3743,2.3807,0.1101,0.4326,-2.38,0.0019,nan,nan,nan,nan,nan,nan,nan,nan
23658,P,111049,168039,2.3799,2.3606,2.3831,0.11,0.4309,-2.38,-0.0001,-1.6062,0.1888,0.4544,0.1819,0.4544,0.1819,0.4544,0.1819
23659,P,111350,167060,2.3771,2.367,2.3752,0.1079,0.4305,-2.38,-0.0029,0.5611,0.2425,0.416,0.1037,0.416,0.1037,0.416,0.1037
23660,P,111408,172685,2.3793,2.3605,2.3791,0.1068,0.4297,-2.38,-0.0007,2.424,0.3389,0.0364,0.5135,0.0364,0.5135,nan,nan
23661,P,127967,192092,2.3831,2.3702,2.3831,0.1079,0.4328,-2.38,0.0031,0.574,1.0698,0.5108,0.1972,0.5116,0.197,0.5108,0.1972
23663,P,111289,167255,2.379,2.3616,2.3797,0.1054,0.4304,-2.38,-0.001,nan,nan,-0.2226,0.1674,-0.2226,0.1674,-0.2226,0.1674
23664,P,111276,168503,2.3845,2.3646,2.3822,0.1052,0.4307,-2.38,0.0045,nan,nan,0.4318,0.2239,0.4122,0.1979,0.4318,0.2239
23665,P,111415,171248,2.3859,2.3656,2.3885,0.1109,0.4338,-2.38,0.0059,-0.468,0.5724,2.9072,0.201,2.8967,0.1895,2.9072,0.201
23666,P,110914,168570,2.3823,2.3697,2.381,0.1058,0.4306,-2.38,0.0023,0.5807,0.2739,0.3345,0.2715,0.3381,0.2656,0.3345,0.2715
23667,P,111308,166324,2.3869,2.3673,2.3891,0.1072,0.4307,-2.38,0.0069,nan,nan,0.1565,0.5713,-0.1004,0.4559,0.1847,0.5698
23668,P,111468,168334,2.3871,2.3675,2.3879,0.1066,0.4301,-2.38,0.0071,nan,nan,0.5178,0.2847,0.5101,0.2615,0.5178,0.2847
23669,P,111532,165655,2.3841,2.3649,2.3841,0.1084,0.4319,-2.38,0.0041,3.4382,0.2022,0.18,0.1349,0.2038,0.1046,0.18,0.1349
23670,P,111207,166422,2.3728,2.3513,2.369,0.1108,0.4325,-2.38,-0.0072,-1.899,0.1058,0.5524,0.15,0.5507,0.1514,0.5524,0.15
23671,P,111278,163210,2.387,2.3688,2.3864,0.1084,0.4313,-2.38,0.007,0.0288,0.1444,0.8501,0.3354,nan,nan,0.8501,0.3354
23672,P,111511,163106,2.3694,2.3552,2.3691,0.1064,0.43,-2.38,-0.0106,-0.6052,0.0876,nan,nan,nan,nan,nan,nan
23673,P,111070,168584,2.3707,2.3501,2.3719,0.1078,0.4328,-2.38,-0.0093,nan,nan,1.7423,0.3937,1.661,0.2547,1.7423,0.3937
23674,P,110835,167896,2.381,2.36,2.3864,0.1056,0.4309,-2.38,0.001,-0.8278,0.1536,nan,nan,nan,nan,nan,nan
23675,P,111490,169893,2.3658,2.3505,2.3703,0.1104,0.4324,-2.38,-0.0142,0.1316,0.2938,-0.369,0.3878,-0.4314,0.2798,-0.369,0.3878
23676,P,111467,173771,2.3726,2.3557,2.3727,0.1082,0.428,-2.38,-0.0074,nan,nan,0.2288,0.0873,0.2259,0.0854,0.2288,0.0873
23677,P,111251,178153,2.3673,2.3519,2.3645,0.1099,0.4276,-2.38,-0.0127,-0.4965,0.1865,nan,nan,nan,nan,nan,nan
23678,P,111334,172305,2.3834,2.3653,2.3834,0.1089,0.4307,-2.38,0.0034,0.2596,0.377,0.3517,0.2326,0.354,0.2222,0.3517,0.2326
23679,P,111070,171392,2.3773,2.3632,2.3756,0.1071,0.4299,-2.38,-0.0027,-0.4574,0.8159,-0.7895,0.5069,-0.7895,0.5069,-0.7895,0.5069
23680,P,111302,169099,2.376,2.3594,2.3746,0.1083,0.4323,-2.38,-0.004,-2.3037,0.2191,0.4798,0.0813,0.4798,0.0813,0.4798,0.0813
23681,P,111080,172161,2.377,2.3635,2.3801,0.1095,0.4302,-2.38,-0.003,-0.7323,0.2232,nan,nan,nan,nan,nan,nan
23682,P,111118,170755,2.3788,2.3598,2.3805,0.1086,0.4325,-2.38,-0.0012,-1.1292,0.0366,nan,nan,nan,nan,nan,nan
23683,P,111420,167287,2.3787,2.3698,2.3746,0.1108,0.4323,-2.38,-0.0013,-0.1481,0.5888,nan,nan,nan,nan,nan,nan
23684,P,111525,165928,2.3738,2.3573,2.371,0.1096,0.4331,-2.38,-0.0062,-0.7535,0.4951,0.3645,0.0582,0.3645,0.0582,0.3645,0.0582
23685,P,114524,157731,2.4006,2.388,2.3982,0.0958,0.4472,-2.38,0.0206,0.1172,0.1181,-0.0837,0.1622,-0.0633,0.1725,-0.0837,0.1622
23686,P,525,0,2.3679,2.4058,nan,0.1566,0.493,-2.38,-0.0121,nan,nan,nan,nan,nan,nan,nan,nan
23687,P,111594,166625,2.374,2.3483,2.3762,0.1078,0.4335,-2.38,-0.006,nan,nan,0.1483,0.2487,0.1479,0.2521,0.1483,0.2487
23688,P,111350,165479,2.3749,2.3669,2.3783,0.11,0.4308,-2.38,-0.0051,-0.1389,0.1664,nan,nan,nan,nan,nan,nan
23689,P,111532,167953,2.3833,2.3593,2.386,0.108,0.4306,-2.38,0.0033,3.0395,0.1413,2.6654,0.2842,2.6683,0.2869,2.6654,0.2842
23690,P,111431,166278,2.3841,2.3588,2.3854,0.1083,0.4343,-2.38,0.0041,-0.3194,0.7626,nan,nan,nan,nan,nan,nan
23691,P,111137,163038,2.3824,2.3623,2.3737,0.1122,0.4341,-2.38,0.0024,-3.493,0.0697,0.5915,0.0696,0.5916,0.0695,0.5915,0.0696
23692,P,111459,165033,2.374,2.3559,2.3693,0.1089,0.4341,-2.38,-0.006,-0.3024,0.0444,0.5339,0.1507,0.5329,0.151,0.5339,0.1507
23693,P,111149,163698,2.3787,2.3625,2.3769,0.1082,0.431,-2.38,-0.0013,0.7722,0.1513,2.2694,0.0465,2.2694,0.0465,2.2694,0.0465
23694,P,111475,165965,2.369,2.3567,2.3656,0.1098,0.4315,-2.38,-0.011,1.1624,0.6079,0.3815,0.3534,0.3336,0.375,0.4055,0.4027
23695,P,111276,164383,2.3739,2.3582,2.3739,0.105,0.4313,-2.38,-0.0061,nan,nan,-0.7527,0.0598,-0.7473,0.0594,-0.7527,0.0598
23696,P,111366,166005,2.369,2.3543,2.3717,0.1096,0.4302,-2.38,-0.011,nan,nan,nan,nan,nan,nan,nan,nan
23697,P,111727,146858,2.3857,2.3727,2.3854,0.1092,0.432,-2.38,0.0057,-1.6184,0.3237,-0.853,0.0935,0.6517,0.1267,-0.853,0.0935
23698,P,111856,145011,2.3811,2.3595,2.3817,0.1083,0.4315,-2.38,0.0011,nan,nan,0.1036,0.1496,0.1045,0.1502,0.1036,0.1496
23699,P,111701,146950,2.368,2.3501,2.3684,0.1073,0.4262,-2.38,-0.012,nan,nan,0.3142,0.1115,0.3125,0.1111,0.3142,0.1115
23700,P,111720,144161,2.3712,2.3568,2.3735,0.1077,0.4301,-2.38,-0.0088,nan,nan,-0.7217,0.0677,-0.7217,0.0677,-0.7217,0.0677
23701,P,111818,142020,2.3786,2.3569,2.3763,0.1097,0.4322,-2.38,-0.0014,0.4578,0.3135,0.6298,0.1671,0.6298,0.1671,0.6298,0.1671
23702,P,111797,144096,2.3706,2.3548,2.3724,0.1111,0.4305,-2.38,-0.0094,2.8792,0.3581,nan,nan,nan,nan,nan,nan
23703,P,113627,105612,2.3768,2.3689,2.3732,0.1094,0.4323,-2.38,-0.0032,nan,nan,nan,nan,nan,nan,nan,nan
23704,P,111717,148089,2.3765,2.3666,2.3806,0.1097,0.431,-2.38,-0.0035,0.2698,0.5978,nan,nan,nan,nan,nan,nan
23705,P,111938,145904,2.3701,2.3555,2.3705,0.1107,0.4313,-2.38,-0.0099,0.3987,0.2133,0.3623,0.1681,0.3626,0.1678,0.3623,0.1681
23706,P,111843,142031,2.3698,2.3559,2.3755,0.1113,0.4305,-2.38,-0.0102,-1.6891,0.2577,-1.5425,0.134,-1.5425,0.134,-1.5425,0.134
23707,P,111858,143517,2.3732,2.3551,2.3731,0.1089,0.4292,-2.38,-0.0068,nan,nan,-1.9841,0.1111,-1.9841,0.1111,-1.9841,0.1111
23708,P,111780,142588,2.3751,2.3639,2.3787,0.1092,0.4339,-2.38,-0.0049,-1.3056,0.2581,nan,nan,nan,nan,nan,nan
23709,P,128677,163397,2.3795,2.3607,2.376,0.1067,0.4302,-2.38,-0.0005,-1.0165,0.195,-0.761,0.2672,-0.761,0.2672,-0.761,0.2672
23711,P,111967,140807,2.3747,2.3585,2.377,0.105,0.4287,-2.38,-0.0053,-0.0357,0.0439,0.1821,0.1204,nan,nan,0.1821,0.1204
23712,P,111779,141130,2.3714,2.3593,2.3713,0.1056,0.4306,-2.38,-0.0086,nan,nan,-1.335,0.2502,-1.335,0.2502,-1.335,0.2502
23713,P,111664,160878,2.3712,2.3526,2.3683,0.1053,0.4305,-2.38,-0.0088,0.0342,0.0928,0.093,0.1646,0.093,0.1646,0.093,0.1646
23714,P,111554,162328,2.3815,2.3622,2.3808,0.1082,0.4327,-2.38,0.0015,0.2588,0.6677,0.4792,0.0796,0.4744,0.0828,0.4792,0.0796
23715,P,111412,162368,2.3782,2.3575,2.3783,0.1095,0.4343,-2.38,-0.0018,nan,nan,1.3173,0.3519,1.3173,0.3519,1.3173,0.3519
23716,P,112132,153815,2.3761,2.3655,2.3749,0.1067,0.4297,-2.38,-0.0039,nan,nan,nan,nan,nan,nan,nan,nan
23717,P,112161,127863,2.3729,2.3516,2.375,0.1118,0.4329,-2.38,-0.0071,0.78,0.0449,nan,nan,nan,nan,nan,nan
23724,P,31615,3615,2.3653,2.3153,2.3638,0.1109,0.4211,-2.38,-0.0147,-0.2525,0.114,0.1747,0.0915,0.208,0.1065,0.1747,0.0915
23726,P,116680,42190,2.3711,2.4626,2.369,0.1051,0.4212,-2.38,-0.0089,-0.2659,0.3903,nan,nan,0.1054,0.8088,nan,nan
23727,P,115849,50771,2.3737,2.4913,2.3765,0.1073,0.4243,-2.38,-0.0063,-0.3202,0.2702,0.2365,0.103,0.2365,0.103,0.243,0.0961
23728,P,116256,50673,2.3728,2.5,2.3722,0.1084,0.4219,-2.38,-0.0072,0.1877,0.2512,0.2022,0.3428,0.2097,0.4297,0.2022,0.3428
23729,P,115772,55944,2.3622,2.4787,2.3616,0.1053,0.4202,-2.38,-0.0178,-0.0044,0.222,0.3884,0.1362,0.5832,0.2541,0.3884,0.1362
23730,P,116090,54677,2.3635,2.5003,2.3665,0.1064,0.4205,-2.38,-0.0165,-0.0125,0.2064,0.483,0.2442,0.9109,3.8294,0.483,0.2442
23731,P,115925,53822,2.3741,2.4942,2.3708,0.1045,0.4205,-2.38,-0.0059,-0.3561,0.7186,-1.1782,0.0938,-1.1782,0.0938,-1.1782,0.0938
23732,P,116632,54194,2.3654,2.4882,2.3684,0.0909,0.4409,-2.38,-0.0146,0.5713,0.1719,0.4862,0.4339,0.5379,0.2584,0.4862,0.4339
23733,P,116096,53606,2.3679,2.5054,2.366,0.1052,0.4229,-2.38,-0.0121,0.0129,0.1619,0.1669,0.1421,0.1877,0.1469,0.1669,0.1421
23734,P,115787,51068,2.3708,2.5192,2.3671,0.0914,0.4462,-2.38,-0.0092,0.1283,0.2933,0.3437,0.1387,0.3437,0.1387,0.3437,0.1387
23736,P,116433,53150,2.3586,2.4639,2.3618,0.1033,0.4252,-2.38,-0.0214,-0.2797,0.2053,nan,nan,nan,nan,nan,nan
23738,P,80247,37511,2.3683,2.4986,2.3633,0.1044,0.4198,-2.38,-0.0117,nan,nan,0.5086,0.0619,0.5084,0.062,0.5086,0.0619
23740,P,80614,36810,2.3533,2.4944,2.3551,0.1037,0.425,-2.38,-0.0267,0.2511,0.1564,0.223,0.1382,0.2958,0.1471,0.223,0.1382
23742,P,80992,35522,2.3649,2.4917,2.3678,0.1053,0.4366,-2.38,-0.0151,0.2372,0.2358,0.1885,0.2032,0.1803,0.1917,0.1885,0.2032
23743,P,80439,35977,2.3687,2.4918,2.3738,0.1037,0.4259,-2.38,-0.0113,-0.2007,0.3799,0.3084,0.2308,0.3069,0.2295,0.3084,0.2308
23744,P,80629,36235,2.3674,2.4922,2.3691,0.0948,0.4435,-2.38,-0.0126,0.1365,0.5444,-0.0472,0.1665,-0.0393,0.1684,-0.0472,0.1665
23745,P,80617,35294,2.3695,2.5001,2.3738,0.0917,0.4426,-2.38,-0.0105,0.4447,0.2153,nan,nan,nan,nan,nan,nan
23746,P,80462,35598,2.3654,2.4858,2.3632,0.1002,0.4281,-2.38,-0.0146,0.4463,1.0375,0.5382,0.1504,0.4924,0.1183,0.5384,0.165
23747,P,80721,35100,2.375,2.5233,2.3731,0.0953,0.4469,-2.38,-0.005,0.0741,0.1205,0.2455,0.1322,0.2455,0.1322,0.2455,0.1322
23750,P,80615,34467,2.3779,2.4903,2.382,0.1051,0.4239,-2.38,-0.0021,-0.4326,0.1875,0.3911,1.6257,0.3911,1.6257,0.3911,1.6257
23756,P,77953,132210,2.3789,2.3608,2.3766,0.0977,0.452,-2.38,-0.0011,nan,nan,0.9208,0.0834,0.9208,0.0834,0.9208,0.0834
23757,P,76702,113373,2.3733,2.3566,2.3722,0.1004,0.452,-2.38,-0.0067,0.3117,0.1153,0.3253,0.105,0.3253,0.105,0.3253,0.105
23758,P,76712,110187,2.3759,2.3574,2.3738,0.099,0.4512,-2.38,-0.0041,-2.2457,0.1425,-2.0966,0.1756,-2.0966,0.1756,-2.0966,0.1756
23759,P,77416,84186,2.3834,2.3654,2.3881,0.0968,0.4463,-2.38,0.0034,-1.5571,0.2244,nan,nan,nan,nan,nan,nan
23760,P,64088,66083,2.3743,2.3525,2.3731,0.0948,0.4505,-2.38,-0.0057,1.5362,0.2968,nan,nan,nan,nan,nan,nan
23761,P,77491,78549,2.3895,2.3734,2.3894,0.0951,0.4524,-2.38,0.0095,-0.0699,0.1058,0.3327,0.2337,0.303,0.1451,0.3327,0.2337
23762,P,77090,84199,2.3721,2.3613,2.3688,0.0975,0.4485,-2.38,-0.0079,nan,nan,nan,nan,nan,nan,nan,nan
23763,P,77120,80389,2.377,2.3635,2.3751,0.0978,0.4496,-2.38,-0.003,0.3704,0.0527,nan,nan,nan,nan,nan,nan
23764,P,76895,81420,2.3741,2.3594,2.3716,0.1,0.452,-2.38,-0.0059,nan,nan,nan,nan,-0.2402,0.0817,nan,nan
23766,P,128711,129829,2.3827,2.3689,2.3831,0.099,0.4492,-2.38,0.0027,-0.5411,0.3734,nan,nan,nan,nan,nan,nan
23768,P,77460,77356,2.3726,2.36,2.3748,0.0979,0.4503,-2.38,-0.0074,-0.7043,0.604,0.1211,0.0507,0.1211,0.0507,0.1211,0.0507
23769,P,112221,107783,2.3789,2.3703,2.3832,0.1098,0.4295,-2.38,-0.0011,1.9419,0.4363,nan,nan,nan,nan,0.03,0.1698
23770,P,111817,105386,2.3805,2.3611,2.3792,0.1084,0.4303,-2.38,0.0005,nan,nan,nan,nan,nan,nan,nan,nan
23771,P,112105,107354,2.3726,2.3526,2.3735,0.1085,0.4279,-2.38,-0.0074,nan,nan,-2.6176,0.0912,-2.6176,0.0912,-2.6176,0.0912
23772,P,111802,108554,2.3734,2.3518,2.3781,0.1073,0.428,-2.38,-0.0066,nan,nan,0.1286,0.1096,0.1286,0.1096,0.1286,0.1096
23773,P,111713,104873,2.3816,2.3553,2.3769,0.1076,0.4276,-2.38,0.0016,0.2253,0.3894,1.2642,0.1551,1.2649,0.1543,1.2642,0.1551
23774,P,111801,105811,2.3824,2.3564,2.3827,0.105,0.4286,-2.38,0.0024,nan,nan,0.6275,0.2037,0.6218,0.2069,0.6275,0.2037
23775,P,111876,115329,2.3803,2.3575,2.3841,0.1048,0.4293,-2.38,0.0003,nan,nan,-0.8935,0.3708,-0.8935,0.3708,-0.8935,0.3708
23776,P,111613,108169,2.3766,2.354,2.3753,0.1069,0.4284,-2.38,-0.0034,nan,nan,0.1283,0.1557,0.1283,0.1557,0.1283,0.1557
23777,P,111994,107089,2.3781,2.3592,2.377,0.1063,0.4287,-2.38,-0.0019,-0.3405,0.1298,-0.3216,0.0915,-0.3216,0.0915,-0.3216,0.0915
23778,P,111698,108443,2.3803,2.3671,2.3744,0.1055,0.4274,-2.38,0.0003,-2.8966,0.0832,nan,nan,nan,nan,nan,nan
23779,P,111988,111247,2.3738,2.3604,2.3751,0.1061,0.4269,-2.38,-0.0062,0.2357,0.1208,0.187,0.1743,0.187,0.1743,0.187,0.1743
23780,P,129522,123646,2.3834,2.358,2.3838,0.1048,0.4291,-2.38,0.0034,0.541,0.5184,0.1858,0.1248,0.1867,0.1265,0.1858,0.1248
23782,P,111966,106418,2.3728,2.3488,2.368,0.105,0.4294,-2.38,-0.0072,nan,nan,-0.1988,0.2181,-0.1988,0.2181,-0.1988,0.2181
23783,P,112296,101401,2.3721,2.3556,2.3703,0.1055,0.4249,-2.38,-0.0079,nan,nan,0.2444,0.2894,0.2198,0.3311,0.2444,0.2894
23784,P,112066,102970,2.3828,2.3595,2.3829,0.1064,0.4262,-2.38,0.0028,0.4529,0.9053,0.5075,0.2869,0.4975,0.284,0.5075,0.2869
23785,P,112073,108851,2.3864,2.3614,2.3923,0.1068,0.43,-2.38,0.0064,1.304,0.341,nan,nan,nan,nan,nan,nan
23786,P,112433,122141,2.3807,2.3641,2.3746,0.1076,0.4305,-2.38,0.0007,nan,nan,nan,nan,nan,nan,nan,nan
23787,P,112068,103949,2.3839,2.3656,2.3927,0.1064,0.4268,-2.38,0.0039,nan,nan,-0.1518,0.8373,-0.1574,0.594,-0.1588,0.7631
23788,P,111937,103030,2.3784,2.3591,2.3749,0.1071,0.4276,-2.38,-0.0016,-1.2996,0.3805,nan,nan,nan,nan,nan,nan
23789,P,88631,80459,2.3699,2.348,2.3683,0.1056,0.4269,-2.38,-0.0101,-0.0731,0.3107,0.4697,0.0682,0.4688,0.0679,0.4697,0.0682
23790,P,111766,101747,2.3878,2.3692,2.3864,0.1057,0.4265,-2.38,0.0078,-0.8477,0.4718,1.7356,0.0769,1.7623,0.0695,1.7356,0.0769
23791,P,112240,102225,2.3906,2.3684,2.389,0.1065,0.4292,-2.38,0.0106,0.1162,0.2335,-0.0606,0.0927,-0.1048,0.0833,-0.0606,0.0927
23792,P,112001,101600,2.3807,2.3619,2.3861,0.1092,0.4271,-2.38,0.0007,nan,nan,0.0183,0.1211,0.0183,0.1211,0.0183,0.1211
23793,P,112016,102053,2.3886,2.3643,2.3937,0.1072,0.4261,-2.38,0.0086,0.9336,0.2973,0.6279,0.1903,0.5812,0.189,0.6279,0.1903
23794,P,111917,102650,2.3769,2.3546,2.3794,0.1076,0.4293,-2.38,-0.0031,nan,nan,-0.2978,0.2488,-0.2978,0.2488,-0.2978,0.2488
23795,P,111821,103369,2.39,2.371,2.3872,0.1059,0.4262,-2.38,0.01,nan,nan,-0.0406,0.0392,0.0968,0.185,-0.0406,0.0392
22013,H,3147,0,3.9571,3.9643,nan,0.0124,0.269,-3.65,0.3071,nan,nan,nan,nan,nan,nan,nan,nan
22023,H,66470,0,3.9767,3.9625,nan,0.0006,0.2761,-3.65,0.3267,nan,nan,nan,nan,nan,nan,nan,nan
22024,H,65091,0,3.9823,3.9715,nan,0.0044,0.2744,-3.65,0.3323,nan,nan,nan,nan,nan,nan,nan,nan
22025,H,58545,0,3.9841,3.9736,nan,-0.0007,0.2706,-3.65,0.3341,nan,nan,nan,nan,nan,nan,nan,nan
22026,H,47156,0,3.9553,3.9556,nan,-0.0003,0.2615,-3.65,0.3053,nan,nan,nan,nan,nan,nan,nan,nan
22027,H,72007,0,3.9462,3.9534,nan,-0.0021,0.26,-3.65,0.2962,nan,nan,nan,nan,nan,nan,nan,nan
22028,H,33375,0,3.9378,3.9418,nan,-0.0022,0.2566,-3.65,0.2878,nan,nan,nan,nan,nan,nan,nan,nan
22029,H,52244,0,3.9309,3.9434,nan,0.0022,0.2561,-3.65,0.2809,nan,nan,nan,nan,nan,nan,nan,nan
22030,H,41164,0,3.9303,3.9393,nan,-0.0022,0.2576,-3.65,0.2803,nan,nan,nan,nan,nan,nan,nan,nan
22031,H,19514,0,3.9276,3.9346,nan,-0.0005,0.2612,-3.65,0.2776,nan,nan,nan,nan,nan,nan,nan,nan
22032,H,70920,0,3.9346,3.9561,nan,-0.0027,0.2574,-3.65,0.2846,nan,nan,nan,nan,nan,nan,nan,nan
22033,H,60256,0,3.9474,3.9636,nan,-0.0014,0.2598,-3.65,0.2974,nan,nan,nan,nan,nan,nan,nan,nan
22034,H,70997,0,3.9384,3.9512,nan,-0.0022,0.2563,-3.65,0.2884,nan,nan,nan,nan,nan,nan,nan,nan
22035,H,70309,11018,3.9544,3.9698,nan,-0.0025,0.2558,-3.65,0.3044,3.5116,0.4986,3.325,0.2762,2.9805,0.2777,2.6724,0.1052
22036,H,59310,4216,3.9676,3.9809,nan,-0.0028,0.2557,-3.65,0.3176,nan,nan,3.1152,0.1909,nan,nan,nan,nan
22037,H,83795,0,3.9252,3.9428,nan,-0.0106,0.2289,-3.65,0.2752,nan,nan,nan,nan,nan,nan,nan,nan
22038,H,84069,31188,3.9002,3.9191,nan,-0.0106,0.2263,-3.65,0.2502,nan,nan,nan,nan,nan,nan,nan,nan
22039,H,83475,0,3.9373,3.9534,nan,-0.0095,0.2283,-3.65,0.2873,nan,nan,nan,nan,nan,nan,nan,nan
22040,H,83683,0,3.9071,3.9242,nan,-0.0085,0.2273,-3.65,0.2571,nan,nan,nan,nan,nan,nan,nan,nan
22041,H,84321,0,3.9069,3.9236,nan,-0.0107,0.2261,-3.65,0.2569,nan,nan,nan,nan,nan,nan,nan,nan
22042,H,83591,0,3.9239,3.9414,nan,-0.007,0.2286,-3.65,0.2739,nan,nan,nan,nan,nan,nan,nan,nan
22043,H,83801,25959,3.9314,3.9473,nan,-0.0095,0.2295,-3.65,0.2814,2.5871,0.6388,nan,nan,3.5366,0.0951,nan,nan
22044,H,65131,0,3.9522,3.969,nan,0.0116,0.2936,-3.65,0.3022,nan,nan,nan,nan,nan,nan,nan,nan
22045,H,65976,0,3.9219,3.9546,nan,0.0085,0.2903,-3.65,0.2719,nan,nan,nan,nan,nan,nan,nan,nan
22046,H,66124,0,3.9217,3.9303,nan,0.0066,0.2846,-3.65,0.2717,nan,nan,nan,nan,nan,nan,nan,nan
22047,H,41175,0,3.9037,3.911,nan,0.0098,0.285,-3.65,0.2537,nan,nan,nan,nan,nan,nan,nan,nan
22048,H,10948,0,3.9187,3.9404,nan,0.0072,0.2905,-3.65,0.2687,nan,nan,nan,nan,nan,nan,nan,nan
22049,H,2292,0,3.7927,3.7514,nan,0.0091,0.2688,-3.65,0.1427,nan,nan,nan,nan,nan,nan,nan,nan
22050,H,1860,0,3.8566,3.8032,nan,-0.0061,0.2701,-3.65,0.2066,nan,nan,nan,nan,nan,nan,nan,nan
22062,H,82070,7634,3.8767,3.8758,nan,-0.0113,0.2291,-3.65,0.2267,-1.7583,0.4043,-2.3587,0.2581,nan,nan,nan,nan
22064,H,28174,2607,3.8743,3.8761,nan,-0.011,0.2279,-3.65,0.2243,nan,nan,nan,nan,nan,nan,nan,nan
22065,H,81940,7517,3.875,3.8725,nan,-0.0123,0.2313,-3.65,0.225,3.8341,0.0657,nan,nan,0.7842,0.716,nan,nan
22066,H,82082,7701,3.8753,3.8734,nan,-0.0119,0.2294,-3.65,0.2253,nan,nan,nan,nan,0.8527,0.0517,nan,nan
22067,H,93129,10822,3.8765,3.8762,nan,-0.0106,0.2306,-3.65,0.2265,nan,nan,nan,nan,nan,nan,nan,nan
22068,H,87327,211,3.8795,3.8785,nan,-0.0108,0.2279,-3.65,0.2295,nan,nan,nan,nan,nan,nan,nan,nan
22069,H,131122,13063,3.8796,3.8809,nan,-0.0109,0.2288,-3.65,0.2296,nan,nan,nan,nan,nan,nan,nan,nan
22070,H,108470,12650,3.8812,3.8815,nan,-0.0103,0.2316,-3.65,0.2312,-1.1523,1.3565,nan,nan,nan,nan,nan,nan
22071,H,130800,14881,3.8858,3.8848,nan,-0.0106,0.2289,-3.65,0.2358,-2.1967,0.5088,nan,nan,1.0506,0.127,nan,nan
22072,H,131125,14869,3.885,3.8843,nan,-0.0106,0.2273,-3.65,0.235,nan,nan,nan,nan,nan,nan,3.6584,0.1244
22073,H,130813,14675,3.8896,3.8897,nan,-0.0106,0.2293,-3.65,0.2396,nan,nan,-0.7028,0.0238,3.6125,0.2694,3.6125,0.2694
22079,H,47285,1474,3.9014,3.8888,nan,-0.0107,0.231,-3.65,0.2514,nan,nan,nan,nan,nan,nan,nan,nan
22080,H,25313,815,3.9041,3.8932,nan,-0.0138,0.2294,-3.65,0.2541,-1.1494,0.538,nan,nan,1.6547,0.4184,1.6546,0.4183
22081,H,81976,2438,3.8964,3.8845,nan,-0.0094,0.2311,-3.65,0.2464,nan,nan,nan,nan,1.4748,2.0,1.4748,2.0
22083,H,42774,282,3.8821,3.8683,nan,-0.0124,0.2288,-3.65,0.2321,-1.5904,1.4305,-0.478,1.7006,-0.7628,1.7372,-0.7646,1.738
22084,H,41629,1329,3.8597,3.848,nan,-0.0086,0.2303,-3.65,0.2097,nan,nan,2.2053,0.1046,2.0053,0.1045,1.9864,0.1377
22086,H,64680,968,3.8608,3.8298,nan,-0.0126,0.2291,-3.65,0.2108,nan,nan,-1.2134,21.6873,nan,nan,0.2694,0.4079
22087,H,113540,1644,3.872,3.8416,nan,-0.0109,0.2293,-3.65,0.222,-0.5346,0.3144,-0.5403,0.2832,-0.6743,0.3355,-0.4038,0.412
22088,H,28345,434,3.8928,3.8639,nan,-0.0085,0.228,-3.65,0.2428,nan,nan,nan,nan,nan,nan,nan,nan
22089,H,30740,458,3.9063,3.8802,nan,-0.0109,0.2306,-3.65,0.2563,nan,nan,nan,nan,nan,nan,nan,nan
22090,H,34333,516,3.92,3.8895,nan,-0.0137,0.2288,-3.65,0.27,nan,nan,nan,nan,nan,nan,nan,nan
22091,H,39370,249,3.941,3.8976,nan,-0.0079,0.2319,-3.65,0.291,nan,nan,nan,nan,nan,nan,nan,nan
22092,H,32413,213,3.9435,3.8989,nan,-0.0103,0.2293,-3.65,0.2935,nan,nan,nan,nan,nan,nan,nan,nan
22093,H,19165,137,3.9355,3.8924,nan,-0.0112,0.2296,-3.65,0.2855,nan,nan,nan,nan,nan,nan,nan,nan
22094,H,15401,0,3.9212,3.8774,nan,-0.0121,0.2335,-3.65,0.2712,nan,nan,nan,nan,nan,nan,nan,nan
22095,H,45677,1,3.9058,3.8671,nan,-0.0094,0.2295,-3.65,0.2558,nan,nan,nan,nan,nan,nan,nan,nan
22096,H,42719,217,3.8842,3.8391,nan,-0.0082,0.2319,-3.65,0.2342,nan,nan,-2.1154,0.6761,-2.2837,0.7465,-2.2737,0.6514
22097,H,15668,1970,3.8977,3.8893,nan,-0.0066,0.2313,-3.65,0.2477,nan,nan,nan,nan,nan,nan,nan,nan
22099,H,1647,0,3.8858,3.8439,nan,-0.0101,0.2497,-3.65,0.2358,nan,nan,nan,nan,nan,nan,nan,nan
22100,H,7005,0,3.8891,3.8672,nan,-0.0209,0.2464,-3.65,0.2391,nan,nan,nan,nan,nan,nan,nan,nan
22101,H,11622,0,3.8927,3.8755,nan,-0.0136,0.2435,-3.65,0.2427,nan,nan,nan,nan,nan,nan,nan,nan
22102,H,103461,0,3.9137,3.8943,nan,-0.0084,0.3112,-3.65,0.2637,nan,nan,nan,nan,nan,nan,nan,nan
22105,H,10724,0,3.8781,3.7949,nan,-0.007,0.2479,-3.65,0.2281,nan,nan,nan,nan,nan,nan,nan,nan
22106,H,18305,0,3.8929,3.8762,nan,-0.0093,0.2293,-3.65,0.2429,nan,nan,nan,nan,nan,nan,nan,nan
22107,H,18377,0,3.8712,3.8557,nan,-0.0139,0.2346,-3.65,0.2212,nan,nan,nan,nan,nan,nan,nan,nan
22108,H,28990,0,3.9024,3.8923,nan,-0.0113,0.2301,-3.65,0.2524,nan,nan,nan,nan,nan,nan,nan,nan
22109,H,43299,0,3.9003,3.8893,nan,-0.0107,0.2244,-3.65,0.2503,nan,nan,nan,nan,nan,nan,nan,nan
22110,H,40103,0,3.8674,3.8557,nan,-0.0121,0.2254,-3.65,0.2174,nan,nan,nan,nan,nan,nan,nan,nan
22112,H,119535,24995,3.8332,3.9589,nan,0.0024,0.3163,-3.65,0.1832,nan,nan,nan,nan,2.9169,0.2013,nan,nan
22113,H,14877,160,3.8112,3.8218,nan,-0.0035,0.2538,-3.65,0.1612,nan,nan,-0.2532,1.5025,-0.2999,0.2461,-0.4,0.286
22114,H,8346,41,3.9036,3.8078,nan,0.0044,0.2549,-3.65,0.2536,nan,nan,nan,nan,nan,nan,nan,nan
22115,H,73680,3315,3.8616,3.8268,nan,-0.0063,0.2334,-3.65,0.2116,nan,nan,nan,nan,nan,nan,nan,nan
22116,H,74012,6922,3.8541,3.8283,nan,-0.011,0.2322,-3.65,0.2041,1.6622,0.0541,nan,nan,2.2126,0.1062,nan,nan
22117,H,18686,197,3.8952,3.8355,nan,-0.0095,0.226,-3.65,0.2452,nan,nan,2.5464,0.2536,2.723,0.1673,2.723,0.1673
22118,H,10215,61,3.8963,3.8336,nan,-0.0082,0.2304,-3.65,0.2463,nan,nan,nan,nan,nan,nan,nan,nan
22119,H,22453,501,3.8771,3.8117,nan,-0.0082,0.2273,-3.65,0.2271,2.1084,0.072,nan,nan,nan,nan,nan,nan
22120,H,21976,472,3.8536,3.7869,nan,-0.0113,0.2322,-3.65,0.2036,nan,nan,nan,nan,nan,nan,nan,nan
22124,H,4312,52,3.9087,3.84,nan,-0.0176,0.2347,-3.65,0.2587,2.7583,0.1247,-2.65,0.2021,nan,nan,nan,nan
22126,H,1662,16,3.9145,3.8615,nan,-0.0199,0.2395,-3.65,0.2645,nan,nan,nan,nan,nan,nan,nan,nan
22127,H,3633,45,3.9025,3.8217,nan,-0.0164,0.233,-3.65,0.2525,0.9676,0.4378,nan,nan,nan,nan,nan,nan
22133,H,7394,124,3.8697,3.7126,nan,-0.0096,0.2292,-3.65,0.2197,nan,nan,nan,nan,nan,nan,nan,nan
22134,H,9107,151,3.8675,3.7013,nan,-0.0127,0.2372,-3.65,0.2175,1.1905,0.0646,1.5994,0.3679,1.3994,0.3679,0.9841,0.1036
22136,H,7979,145,3.8601,3.7097,nan,-0.0077,0.2289,-3.65,0.2101,-1.1971,1.9494,0.9078,0.1169,0.708,0.117,0.8812,0.4162
22138,H,57782,30205,3.8521,3.793,nan,-0.0091,0.2333,-3.65,0.2021,nan,nan,nan,nan,nan,nan,nan,nan
22144,H,57702,30068,3.8561,3.7971,nan,-0.0095,0.2303,-3.65,0.2061,-0.6366,0.0937,0.233,0.9286,nan,nan,-0.813,0.0851
22146,H,57854,30389,3.8777,3.8165,nan,-0.0106,0.234,-3.65,0.2277,-1.6944,1.2214,1.2593,0.5753,nan,nan,nan,nan
22148,H,59720,15585,3.9009,3.8334,nan,-0.009,0.2339,-3.65,0.2509,nan,nan,nan,nan,nan,nan,nan,nan
22150,H,59673,8028,3.8694,3.7909,nan,-0.0085,0.2378,-3.65,0.2194,nan,nan,2.5166,0.3285,2.3076,0.3609,nan,nan
22151,H,57682,28857,3.8646,3.8029,nan,-0.0125,0.2331,-3.65,0.2146,nan,nan,nan,nan,nan,nan,0.279,0.5297
22152,H,67281,1162,3.8935,3.7176,nan,-0.0104,0.2333,-3.65,0.2435,3.7515,0.325,2.9743,0.0961,2.5204,0.0678,2.5204,0.0678
22153,H,49581,593,3.8459,3.7827,nan,-0.0118,0.2299,-3.65,0.1959,nan,nan,2.8951,0.0995,-2.5088,0.1274,nan,nan
22154,H,58110,28444,3.8636,3.8085,nan,-0.0109,0.2332,-3.65,0.2136,0.7595,0.0863,nan,nan,nan,nan,nan,nan
22155,H,59231,16423,3.8984,3.8326,nan,-0.0089,0.2352,-3.65,0.2484,nan,nan,1.3558,0.0724,1.1113,0.0566,1.1113,0.0566
22178,H,66335,0,3.6776,3.6868,3.681,-0.0034,0.2568,-3.65,0.0276,nan,nan,nan,nan,nan,nan,nan,nan
22179,H,69968,0,3.6578,3.6739,3.6595,-0.0029,0.2567,-3.65,0.0078,nan,nan,nan,nan,nan,nan,nan,nan
22180,H,25817,0,3.6599,3.6681,2.1041,0.004,0.2808,-3.65,0.0099,nan,nan,nan,nan,nan,nan,nan,nan
22181,H,70095,44078,3.6552,3.6616,3.6546,0.003,0.2771,-3.65,0.0052,nan,nan,nan,nan,nan,nan,nan,nan
22182,H,105773,66386,3.6557,3.6614,3.6566,0.0034,0.277,-3.65,0.0057,2.7152,0.1504,-0.6921,0.3526,-0.6892,0.3441,-0.69,0.3448
22183,H,105451,66946,3.6558,3.6597,3.6594,0.0023,0.2767,-3.65,0.0058,nan,nan,1.3005,0.2373,1.3015,0.2376,1.3005,0.2373
22184,H,105761,68029,3.6592,3.6645,3.6589,0.0015,0.2775,-3.65,0.0092,3.2675,0.3982,nan,nan,nan,nan,nan,nan
22185,H,105502,67536,3.6547,3.659,3.6549,0.0017,0.2782,-3.65,0.0047,2.7752,4.619,nan,nan,nan,nan,nan,nan
22186,H,105644,67048,3.6566,3.6634,3.6618,0.0028,0.277,-3.65,0.0066,nan,nan,1.8227,0.058,1.8224,0.0583,1.8227,0.058
22187,H,63768,40644,3.6569,3.6586,3.6584,-0.0004,0.2782,-3.65,0.0069,nan,nan,-0.0048,0.1414,-0.0048,0.1414,-0.0048,0.1414
22188,H,105645,67623,3.6574,3.6624,3.6548,0.0023,0.2766,-3.65,0.0074,2.0211,0.2324,1.8071,0.3102,1.8105,0.3083,1.8093,0.3082
22189,H,104764,134136,3.6569,3.6613,3.657,-0.0001,0.277,-3.65,0.0069,nan,nan,nan,nan,nan,nan,nan,nan
22190,H,108309,35775,3.6514,3.6568,3.6506,0.0038,0.2791,-3.65,0.0014,2.4635,0.4026,nan,nan,nan,nan,nan,nan
22191,H,108669,34957,3.6535,3.6593,nan,0.0033,0.2784,-3.65,0.0035,nan,nan,nan,nan,nan,nan,nan,nan
22192,H,106844,41194,3.654,3.6528,3.654,0.0026,0.2765,-3.65,0.004,2.3598,0.1166,nan,nan,nan,nan,nan,nan
22193,H,107072,41407,3.6546,3.658,3.6545,0.0046,0.2775,-3.65,0.0046,-3.0259,0.4626,2.1322,0.2764,2.1426,0.295,2.142,0.2936
22195,H,107161,38093,3.6576,3.6518,3.6536,0.0015,0.2776,-3.65,0.0076,nan,nan,nan,nan,nan,nan,nan,nan
22196,H,106597,37929,3.6551,3.6517,3.657,0.0025,0.2782,-3.65,0.0051,3.4118,0.2765,3.0484,0.1831,3.0484,0.1831,3.0484,0.1831
22199,H,30352,0,3.693,3.7007,3.6943,0.0025,0.2916,-3.65,0.043,nan,nan,nan,nan,nan,nan,nan,nan
22200,H,88180,400,3.6926,3.6897,3.6947,0.0032,0.2919,-3.65,0.0426,nan,nan,nan,nan,nan,nan,nan,nan
22201,H,9194,38,3.6931,3.6963,3.696,0.004,0.292,-3.65,0.0431,0.0501,0.6768,nan,nan,nan,nan,nan,nan
22202,H,106770,79274,3.6491,3.6547,3.6492,0.0037,0.2795,-3.65,-0.0009,nan,nan,0.107,0.0838,0.1079,0.0839,0.1069,0.0838
22203,H,87819,27795,3.6494,3.6511,3.6483,0.0037,0.278,-3.65,-0.0006,nan,nan,nan,nan,nan,nan,nan,nan
22205,H,106250,36640,3.6531,3.656,3.6528,0.0005,0.2772,-3.65,0.0031,2.7971,0.585,2.4587,0.1985,2.4587,0.1985,2.4587,0.1985
22206,H,107235,35312,3.6477,3.6525,1.5476,0.0052,0.2801,-3.65,-0.0023,1.8062,0.2458,nan,nan,nan,nan,nan,nan
22207,H,108530,34210,3.6468,3.6587,3.6508,0.003,0.2777,-3.65,-0.0032,nan,nan,0.502,0.1268,nan,nan,0.502,0.1268
22208,H,108428,33603,3.6481,3.6501,3.6498,0.0019,0.2772,-3.65,-0.0019,nan,nan,nan,nan,nan,nan,nan,nan
22209,H,108152,30658,3.6443,3.6431,3.6457,0.0031,0.2778,-3.65,-0.0057,nan,nan,nan,nan,nan,nan,nan,nan
22210,H,108907,30101,3.6456,3.6464,3.6449,0.0044,0.2777,-3.65,-0.0044,nan,nan,0.2219,0.0899,-0.831,0.1339,0.2537,0.1317
22216,H,67786,18475,3.6441,3.6453,3.6454,0.0031,0.2781,-3.65,-0.0059,nan,nan,nan,nan,nan,nan,nan,nan
22218,H,108403,29757,3.6433,3.6391,3.6432,0.0026,0.2795,-3.65,-0.0067,nan,nan,nan,nan,nan,nan,nan,nan
22219,H,108598,29757,3.6402,3.6332,3.6423,0.0033,0.2775,-3.65,-0.0098,nan,nan,-2.0517,0.0502,nan,nan,-2.0517,0.0502
22221,H,11197,2968,3.6355,3.6179,3.6376,0.0098,0.2766,-3.65,-0.0145,-0.2314,0.2435,nan,nan,nan,nan,nan,nan
22222,H,132068,35935,3.6428,3.6405,3.6439,0.0033,0.2774,-3.65,-0.0072,nan,nan,nan,nan,nan,nan,-3.5602,0.0466
22223,H,133088,35464,3.6393,3.6345,3.6375,0.0034,0.2782,-3.65,-0.0107,0.5075,0.0954,nan,nan,0.2776,0.1354,nan,nan
22224,H,131255,34883,3.6402,3.6319,3.6402,0.003,0.2767,-3.65,-0.0098,nan,nan,-1.7805,0.0596,nan,nan,nan,nan
22225,H,133173,35577,3.6403,3.6317,3.6411,0.0024,0.277,-3.65,-0.0097,nan,nan,nan,nan,nan,nan,nan,nan
22227,H,103795,0,3.7205,3.7281,3.7272,-0.0032,0.2579,-3.65,0.0705,nan,nan,nan,nan,nan,nan,nan,nan
22229,H,108681,34110,3.7076,3.7138,3.7077,0.0029,0.2767,-3.65,0.0576,nan,nan,nan,nan,nan,nan,nan,nan
22235,H,108436,32237,3.6856,3.6873,3.6861,0.0023,0.2762,-3.65,0.0356,nan,nan,2.6405,0.0877,3.0496,0.6651,3.1084,0.611
22236,H,108810,32352,3.731,3.7285,3.7332,0.002,0.2776,-3.65,0.081,nan,nan,nan,nan,nan,nan,nan,nan
22237,H,107788,31413,3.6985,3.698,1.7497,0.0015,0.2775,-3.65,0.0485,nan,nan,nan,nan,nan,nan,nan,nan
22238,H,108937,33685,3.6779,3.6712,3.6839,0.0006,0.2781,-3.65,0.0279,nan,nan,3.615,0.2249,3.5749,0.2386,3.6199,0.2215
22240,H,108162,33085,3.7231,3.7243,3.7269,0.0037,0.279,-3.65,0.0731,nan,nan,2.2776,0.1211,2.2235,0.1028,2.2776,0.1211
22241,H,108762,32904,3.6833,3.6784,3.6899,0.0036,0.2757,-3.65,0.0333,2.1533,0.0879,2.4688,0.2172,2.4269,0.1811,2.4688,0.2172
22242,H,108566,32080,3.6687,3.6701,3.671,0.0026,0.2786,-3.65,0.0187,2.6425,0.3478,nan,nan,nan,nan,nan,nan
22243,H,108745,32090,3.6683,3.665,3.6704,0.0021,0.2773,-3.65,0.0183,nan,nan,1.5481,0.3708,nan,nan,nan,nan
22244,H,108191,31349,3.6684,3.6694,2.0684,0.004,0.2781,-3.65,0.0184,2.737,0.1879,nan,nan,2.8017,0.1112,nan,nan
22246,H,109392,0,3.642,3.6511,3.6471,-0.0047,0.2573,-3.65,-0.008,nan,nan,nan,nan,nan,nan,nan,nan
22247,H,108883,32472,3.6499,3.6556,3.6495,0.0042,0.2765,-3.65,-0.0001,-0.9254,0.3608,-1.1355,0.2202,-1.1355,0.2202,-1.1355,0.2202
22250,H,145296,42317,3.6682,3.6656,3.668,0.0021,0.2761,-3.65,0.0182,nan,nan,0.2394,0.1257,nan,nan,0.2393,0.1258
22251,H,109160,31027,3.6657,3.668,3.6645,0.0035,0.2791,-3.65,0.0157,nan,nan,1.5593,1.408,1.6922,1.6469,1.5593,1.408
22252,H,108650,30592,3.6642,3.6619,3.6642,0.0031,0.2754,-3.65,0.0142,3.3085,0.3835,1.3648,0.1999,1.3652,0.2016,1.3648,0.1999
22253,H,107447,30177,3.665,3.6633,3.6658,0.0014,0.2779,-3.65,0.015,nan,nan,nan,nan,nan,nan,nan,nan
22255,H,105594,29206,3.6675,3.668,3.6694,0.0031,0.2753,-3.65,0.0175,nan,nan,nan,nan,-1.2435,0.1324,nan,nan
22256,H,107559,29938,3.6498,3.6482,3.6534,0.0041,0.2769,-3.65,-0.0002,nan,nan,2.821,0.0744,nan,nan,nan,nan
22257,H,109169,30465,3.663,3.6631,3.6622,0.0023,0.2768,-3.65,0.013,-3.9632,0.1741,nan,nan,nan,nan,nan,nan
22258,H,109074,30233,3.6664,3.6614,3.6634,0.0029,0.2753,-3.65,0.0164,3.5392,0.537,nan,nan,nan,nan,nan,nan
22259,H,109412,29727,3.665,3.6618,3.6667,0.0034,0.2769,-3.65,0.015,2.487,0.0672,2.4739,0.0276,2.4733,0.0278,2.4739,0.0276
22260,H,108839,29250,3.6475,3.6503,3.6439,0.0035,0.276,-3.65,-0.0025,nan,nan,3.0296,0.081,nan,nan,3.0296,0.081
22261,H,109174,29510,3.6628,3.6626,3.6647,0.0022,0.2758,-3.65,0.0128,-0.0215,0.1014,nan,nan,nan,nan,nan,nan
22262,H,109235,29290,3.6486,3.6479,3.6548,0.0029,0.2765,-3.65,-0.0014,nan,nan,nan,nan,nan,nan,nan,nan
22265,H,48005,12816,3.6489,3.6447,3.6498,0.002,0.2791,-3.65,-0.0011,-0.1039,0.4683,nan,nan,nan,nan,nan,nan
22266,H,109149,30042,3.648,3.6464,3.6497,0.0057,0.2766,-3.65,-0.002,nan,nan,nan,nan,3.134,0.3765,nan,nan
22267,H,108709,29579,3.6505,3.6533,3.6503,0.0036,0.2753,-3.65,0.0005,nan,nan,nan,nan,nan,nan,nan,nan
22268,H,108881,29430,3.6517,3.6495,3.654,0.0008,0.2758,-3.65,0.0017,3.2684,0.1303,-0.35,0.0585,nan,nan,-0.35,0.0585
22269,H,109318,28791,3.6516,3.6552,3.6508,0.0021,0.2769,-3.65,0.0016,nan,nan,nan,nan,nan,nan,nan,nan
22270,H,109140,28509,3.6474,3.6437,3.6463,0.0024,0.2783,-3.65,-0.0026,-0.4198,0.0454,nan,nan,nan,nan,nan,nan
22272,H,145345,37487,3.6466,3.6439,3.6472,0.004,0.2765,-3.65,-0.0034,nan,nan,-0.2092,0.0911,nan,nan,-0.2092,0.0911
22273,H,109505,28345,3.6483,3.6463,3.6457,0.0044,0.2751,-3.65,-0.0017,nan,nan,nan,nan,nan,nan,nan,nan
22274,H,109562,28083,3.6495,3.6502,3.648,0.0031,0.276,-3.65,-0.0005,nan,nan,nan,nan,nan,nan,nan,nan
22275,H,109493,28017,3.6476,3.642,3.648,0.0039,0.2774,-3.65,-0.0024,2.6141,0.4689,2.1001,0.4716,2.0246,0.2871,2.1001,0.4715
22276,H,109227,27882,3.6503,3.6505,3.6496,0.0015,0.2778,-3.65,0.0003,nan,nan,3.2153,0.5164,3.2153,0.5164,3.2153,0.5164
22277,H,109413,28652,3.6491,3.644,3.6524,0.0025,0.2751,-3.65,-0.0009,-0.0274,0.0711,nan,nan,nan,nan,nan,nan
22278,H,109449,30757,3.648,3.6465,3.6537,0.0011,0.2769,-3.65,-0.002,nan,nan,nan,nan,nan,nan,nan,nan
22279,H,109266,27651,3.6469,3.644,3.6468,0.0025,0.2776,-3.65,-0.0031,nan,nan,0.4932,0.0683,0.6279,1.9903,0.4932,0.0683
22281,H,19457,223,3.634,3.5973,3.6311,-0.0022,0.2583,-3.65,-0.016,-3.3593,17.9718,-0.2026,0.1392,-0.1467,0.1313,-0.2026,0.1392
22282,H,79348,936,3.6295,3.582,3.6257,-0.0006,0.2607,-3.65,-0.0205,2.8877,0.091,3.0564,0.176,2.9297,0.208,3.0564,0.176
22286,H,44190,526,3.6378,3.5758,3.6345,-0.0027,0.2621,-3.65,-0.0122,nan,nan,nan,nan,nan,nan,nan,nan
22287,H,109074,28652,3.6482,3.6548,3.6465,0.0038,0.2769,-3.65,-0.0018,-1.1006,0.0143,2.299,0.0417,2.299,0.0269,2.299,0.0418
22288,H,109436,28614,3.6526,3.6506,3.6522,0.0043,0.2765,-3.65,0.0026,0.258,0.1831,0.5418,0.1948,0.5417,0.1948,0.5417,0.1948
22289,H,108813,28157,3.6521,3.6453,3.6526,0.0017,0.276,-3.65,0.0021,2.5891,0.0934,2.5058,0.0745,2.5058,0.0745,2.5058,0.0745
22290,H,109362,28336,3.6497,3.6432,3.6488,0.004,0.2783,-3.65,-0.0003,nan,nan,2.8249,0.2776,2.8441,0.2925,2.8441,0.2925
22291,H,109048,28254,3.6629,3.6632,3.6687,0.0031,0.2766,-3.65,0.0129,nan,nan,nan,nan,nan,nan,nan,nan
22292,H,109533,27818,3.6527,3.6439,3.6531,0.0033,0.2752,-3.65,0.0027,nan,nan,-2.3501,0.0351,nan,nan,-2.3501,0.0351
22293,H,105358,27244,3.6518,3.6535,1.7837,0.0043,0.2779,-3.65,0.0018,nan,nan,2.974,0.1865,2.9735,0.1871,2.974,0.1865
22295,H,109487,28690,3.6512,3.6515,3.6527,0.0031,0.2772,-3.65,0.0012,nan,nan,nan,nan,nan,nan,nan,nan
22296,H,109266,27030,3.6491,3.647,3.6525,0.0028,0.278,-3.65,-0.0009,3.9572,3.5975,nan,nan,nan,nan,nan,nan
22297,H,68948,17288,3.6474,3.647,3.6486,0.0045,0.2776,-3.65,-0.0026,nan,nan,nan,nan,nan,nan,nan,nan
22298,H,109313,28100,3.6494,3.6566,3.6497,0.0032,0.2772,-3.65,-0.0006,nan,nan,nan,nan,nan,nan,nan,nan
22299,H,109427,27992,3.6492,3.6482,3.648,0.0013,0.2777,-3.65,-0.0008,2.8931,0.1595,2.7916,0.1053,2.7916,0.1053,2.7916,0.1053
22300,H,109360,26232,3.6499,3.6476,3.6507,0.003,0.2772,-3.65,-0.0001,nan,nan,nan,nan,nan,nan,nan,nan
22301,H,99506,24688,3.644,3.6431,3.6421,0.0044,0.2774,-3.65,-0.006,2.8653,0.0385,nan,nan,nan,nan,nan,nan
22302,H,109166,30318,3.6461,3.651,3.6469,0.0019,0.2765,-3.65,-0.0039,nan,nan,nan,nan,nan,nan,nan,nan
22305,H,135981,36059,3.7263,3.7441,3.7284,0.0047,0.3039,-3.65,0.0763,nan,nan,nan,nan,nan,nan,nan,nan
22306,H,109088,29812,3.664,3.6607,3.6619,0.0032,0.2772,-3.65,0.014,nan,nan,2.7125,0.1168,2.7124,0.1168,2.7124,0.1168
22307,H,109057,31618,3.6618,3.6603,3.6618,0.0018,0.2756,-3.65,0.0118,nan,nan,nan,nan,nan,nan,nan,nan
22308,H,108927,28706,3.661,3.6635,3.6613,0.0021,0.2763,-3.65,0.011,-1.3781,0.4075,1.8744,0.3132,1.9391,0.0312,1.8744,0.3132
22309,H,108994,28837,3.6595,3.6579,3.6611,0.0027,0.2764,-3.65,0.0095,nan,nan,nan,nan,nan,nan,nan,nan
22310,H,109017,28687,3.6617,3.6643,3.6623,0.0007,0.2776,-3.65,0.0117,nan,nan,nan,nan,nan,nan,nan,nan
22311,H,108842,29040,3.6643,3.6564,3.6632,0.0001,0.2774,-3.65,0.0143,nan,nan,nan,nan,nan,nan,nan,nan
22322,H,108862,28025,3.6547,3.6523,3.6532,0.0019,0.2768,-3.65,0.0047,nan,nan,3.2585,0.2927,3.2575,0.2923,3.2585,0.2927
22323,H,109289,27142,3.6581,3.6528,3.661,0.0023,0.277,-3.65,0.0081,-0.3975,0.2271,0.2491,0.3402,0.6052,0.0781,0.6061,0.0794
22324,H,108658,27328,3.6577,3.6474,3.6589,0.0002,0.278,-3.65,0.0077,nan,nan,-0.0038,0.1374,-0.0038,0.1374,-0.0038,0.1374
22325,H,109297,26620,3.653,3.6526,3.6525,0.0041,0.2774,-3.65,0.003,nan,nan,nan,nan,3.1073,0.1329,nan,nan
22326,H,108974,26526,3.655,3.6529,3.6547,0.0021,0.277,-3.65,0.005,2.9851,0.2775,2.9248,0.2579,2.9449,0.2841,2.9449,0.2841
22327,H,108890,26202,3.699,3.6961,3.702,0.0008,0.2789,-3.65,0.049,2.8385,0.1575,3.1005,0.1783,3.0084,0.2125,3.1005,0.1783
22328,H,109279,26376,3.7023,3.696,3.7035,0.0038,0.2761,-3.65,0.0523,2.9391,0.1442,3.5771,0.2894,3.2515,0.3169,3.5771,0.2894
22329,H,109221,26571,3.6873,3.6858,3.6902,0.0037,0.2765,-3.65,0.0373,nan,nan,nan,nan,-2.4579,0.2579,nan,nan
22330,H,109231,26476,3.6768,3.6691,3.6796,0.0012,0.2773,-3.65,0.0268,3.8005,0.0545,-1.1134,0.1789,-1.0727,0.2126,-1.1134,0.1789
22331,H,108947,26333,3.7187,3.7139,3.7159,0.0018,0.2778,-3.65,0.0687,nan,nan,nan,nan,nan,nan,nan,nan
22332,H,108595,26320,3.7212,3.7151,3.7294,0.0015,0.2772,-3.65,0.0712,-1.2721,0.0896,-2.467,0.0684,-2.4647,0.0872,-2.467,0.0684
22333,H,54971,8676,3.6166,3.7025,3.6125,0.0048,0.3962,-3.65,-0.0334,2.7515,0.6139,0.1442,0.1352,nan,nan,nan,nan
22334,H,68391,10735,3.6407,3.7025,3.6386,-0.0026,0.3933,-3.65,-0.0093,nan,nan,nan,nan,nan,nan,nan,nan
22335,H,108426,26531,3.712,3.7126,3.7158,0.0037,0.2776,-3.65,0.062,nan,nan,-3.0052,0.0237,nan,nan,-3.0052,0.0237
22336,H,109408,26780,3.7073,3.7068,3.7139,0.0028,0.2763,-3.65,0.0573,1.4784,2.0,1.639,0.1228,1.5071,0.0449,1.6389,0.1227
22338,H,109625,31957,3.6781,3.6767,3.6779,0.003,0.2782,-3.65,0.0281,nan,nan,nan,nan,nan,nan,nan,nan
22340,H,147143,44519,3.6378,3.6393,3.6372,0.0012,0.2778,-3.65,-0.0122,2.4893,0.4025,nan,nan,3.2735,0.0914,nan,nan
22341,H,109650,31012,3.651,3.6483,3.6518,0.0036,0.2766,-3.65,0.001,nan,nan,2.3318,0.0424,2.3318,0.0424,2.3318,0.0424
22343,H,110061,30359,3.6392,3.6319,3.6412,-0.0002,0.276,-3.65,-0.0108,2.9046,0.178,0.8617,0.1442,1.7177,0.1304,0.8617,0.1442
22344,H,110304,29605,3.6356,3.6386,3.6377,0.0004,0.2751,-3.65,-0.0144,nan,nan,2.4039,0.2751,2.3609,0.2229,2.4039,0.2751
22345,H,110257,30057,3.6402,3.6421,3.6437,0.0022,0.2764,-3.65,-0.0098,-0.0705,0.4571,0.2699,0.3117,0.3528,0.2907,0.245,0.2989
22346,H,110660,29783,3.6412,3.6381,3.6434,0.0014,0.2771,-3.65,-0.0088,nan,nan,nan,nan,1.1974,0.4737,nan,nan
22347,H,110407,29567,3.6431,3.6404,3.6463,0.0027,0.2755,-3.65,-0.0069,0.6977,0.1262,nan,nan,0.4675,0.0604,nan,nan
22348,H,110540,29631,3.6464,3.6434,3.6448,0.0013,0.2782,-3.65,-0.0036,nan,nan,nan,nan,nan,nan,nan,nan
22350,H,110372,28343,3.6488,3.6439,3.6512,0.002,0.2777,-3.65,-0.0012,3.7767,0.3845,nan,nan,nan,nan,nan,nan
22351,H,54077,12613,3.6412,3.6537,3.6532,-0.0014,0.3073,-3.65,-0.0088,nan,nan,nan,nan,3.1074,0.1829,nan,nan
22352,H,110707,28356,3.6487,3.653,3.6542,0.0044,0.2791,-3.65,-0.0013,nan,nan,nan,nan,-3.4388,0.7749,nan,nan
22353,H,110546,28389,3.6517,3.6552,3.6558,0.002,0.2762,-3.65,0.0017,3.4681,0.4505,nan,nan,nan,nan,nan,nan
22354,H,110585,27563,3.6657,3.6659,3.6635,0.0007,0.2759,-3.65,0.0157,-0.7287,0.1704,nan,nan,nan,nan,nan,nan
22360,H,7799,0,3.6461,3.6545,3.647,0.0047,0.2695,-3.65,-0.0039,nan,nan,nan,nan,nan,nan,nan,nan
22361,H,3239,0,3.6517,3.6604,3.6478,0.0008,0.2513,-3.65,0.0017,nan,nan,nan,nan,nan,nan,nan,nan
22362,H,117010,0,3.6467,3.6561,3.6479,-0.002,0.262,-3.65,-0.0033,nan,nan,nan,nan,nan,nan,nan,nan
22363,H,47601,0,3.6435,3.6544,3.6426,-0.0031,0.2628,-3.65,-0.0065,nan,nan,nan,nan,nan,nan,nan,nan
22364,H,109881,27147,3.6569,3.6627,3.6598,0.0039,0.2832,-3.65,0.0069,nan,nan,nan,nan,nan,nan,nan,nan
22365,H,110070,27595,3.654,3.6528,3.655,0.0035,0.2824,-3.65,0.004,nan,nan,2.5383,0.0323,1.5758,0.0554,2.5383,0.0323
22367,H,3098,788,3.663,3.6815,3.6631,-0.0027,0.285,-3.65,0.013,nan,nan,nan,nan,-2.5883,1.0364,-2.5883,1.0364
22372,H,76329,0,3.6616,3.6712,3.6628,-0.0049,0.2671,-3.65,0.0116,nan,nan,nan,nan,nan,nan,nan,nan
22373,H,47971,0,3.6553,3.6665,3.6558,0.0003,0.2639,-3.65,0.0053,nan,nan,nan,nan,nan,nan,nan,nan
22374,H,23239,0,3.6639,3.6756,3.6619,-0.0017,0.2641,-3.65,0.0139,nan,nan,nan,nan,nan,nan,nan,nan
22375,H,109834,29722,3.6799,3.6837,3.6752,0.0018,0.2765,-3.65,0.0299,nan,nan,nan,nan,nan,nan,nan,nan
22376,H,3736,1034,3.6038,3.65,3.6045,0.0114,0.2759,-3.65,-0.0462,nan,nan,nan,nan,nan,nan,nan,nan
22377,H,110136,29626,3.6085,3.6122,3.6105,0.007,0.2738,-3.65,-0.0415,nan,nan,-1.3381,0.3964,nan,nan,-1.3381,0.3964
22378,H,109862,28940,3.6293,3.62,3.6283,0.0062,0.2732,-3.65,-0.0207,0.5857,0.0398,nan,nan,nan,nan,nan,nan
22379,H,110412,29092,3.6129,3.6107,3.611,0.0058,0.2726,-3.65,-0.0371,nan,nan,nan,nan,nan,nan,nan,nan
22380,H,110366,28374,3.6132,3.6108,3.6134,0.006,0.2749,-3.65,-0.0368,2.6261,0.557,3.0033,0.0481,2.8049,0.0873,3.0033,0.0481
22381,H,110558,28180,3.6123,3.6099,3.6136,0.0064,0.2754,-3.65,-0.0377,3.8319,0.1183,nan,nan,2.2947,0.101,nan,nan
22382,H,110238,28342,3.6164,3.6148,3.6143,0.005,0.2738,-3.65,-0.0336,nan,nan,nan,nan,nan,nan,nan,nan
22383,H,110453,27607,3.617,3.6119,3.6214,0.0068,0.2743,-3.65,-0.033,3.0654,0.2075,3.1239,0.1416,3.0852,0.2175,nan,nan
22384,H,110166,28158,3.6109,3.6042,3.6125,0.0064,0.2751,-3.65,-0.0391,nan,nan,2.0113,0.104,1.9517,0.0654,nan,nan
22386,H,110315,27222,3.6123,3.6067,3.6116,0.0064,0.2737,-3.65,-0.0377,nan,nan,nan,nan,nan,nan,nan,nan
22387,H,110289,27585,3.6106,3.608,3.611,0.0073,0.274,-3.65,-0.0394,nan,nan,-0.7476,0.0606,nan,nan,-0.7476,0.0606
22388,H,110221,27613,3.6141,3.6091,3.6148,0.0062,0.2761,-3.65,-0.0359,nan,nan,nan,nan,nan,nan,nan,nan
22389,H,110637,27799,3.6144,3.6123,3.6144,0.0055,0.2752,-3.65,-0.0356,3.0249,0.1945,nan,nan,-3.3388,0.5102,nan,nan
22390,H,110463,27124,3.6129,3.6161,3.6178,0.007,0.2753,-3.65,-0.0371,2.7454,0.1201,nan,nan,2.4739,0.2225,nan,nan
22391,H,110597,28282,3.6194,3.6183,3.6165,0.006,0.2741,-3.65,-0.0306,nan,nan,nan,nan,nan,nan,nan,nan
22392,H,109675,32146,3.6187,3.6179,3.615,0.0054,0.275,-3.65,-0.0313,0.3278,0.064,0.2199,0.0501,0.2949,0.0627,0.2199,0.0501
22393,H,109498,32302,3.6318,3.6343,3.6346,0.0062,0.2759,-3.65,-0.0182,nan,nan,0.7683,0.0749,nan,nan,0.7683,0.0749
22395,H,109664,32292,3.6356,3.6464,3.6389,0.0071,0.2746,-3.65,-0.0144,2.7785,0.0484,2.8514,0.0644,2.4617,0.6778,2.8514,0.0644
22398,H,137214,39027,3.6935,3.714,3.6942,0.009,0.3053,-3.65,0.0435,2.4051,0.1879,2.4599,0.0744,3.0196,0.6284,2.4599,0.0744
22399,H,109650,31825,3.6277,3.6298,3.6267,0.0055,0.2728,-3.65,-0.0223,3.4191,0.9234,nan,nan,2.6741,0.2713,nan,nan
22400,H,109596,29654,3.6253,3.6313,3.6223,0.0064,0.2747,-3.65,-0.0247,nan,nan,nan,nan,nan,nan,nan,nan
22401,H,109975,30374,3.6077,3.6104,3.6021,0.0068,0.2734,-3.65,-0.0423,1.324,0.061,nan,nan,nan,nan,nan,nan
22402,H,110404,30191,3.6003,3.6029,3.601,0.007,0.2753,-3.65,-0.0497,nan,nan,nan,nan,nan,nan,nan,nan
22404,H,110412,29632,3.6082,3.6107,3.6092,0.0059,0.2742,-3.65,-0.0418,nan,nan,nan,nan,nan,nan,nan,nan
22405,H,110284,29766,3.6,3.6042,3.6037,0.0072,0.2735,-3.65,-0.05,-2.6866,0.1504,2.4852,0.5206,2.5644,0.3578,2.4852,0.5206
22406,H,110110,29950,3.6002,3.6006,3.6014,0.0058,0.2746,-3.65,-0.0498,-1.4583,0.0488,-1.3826,0.8034,-0.9424,0.0375,nan,nan
22407,H,110123,29608,3.5984,3.597,3.5949,0.0065,0.2746,-3.65,-0.0516,nan,nan,-0.8994,0.041,nan,nan,-0.8994,0.0411
22408,H,110329,29220,3.5999,3.6028,3.5969,0.0083,0.2745,-3.65,-0.0501,2.5394,0.2202,nan,nan,nan,nan,nan,nan
22409,H,110537,29359,3.5996,3.602,3.5995,0.0083,0.2744,-3.65,-0.0504,nan,nan,2.3299,0.4064,2.6898,0.0843,2.3299,0.4064
22410,H,110098,29372,3.5991,3.606,3.5985,0.0057,0.2753,-3.65,-0.0509,nan,nan,nan,nan,nan,nan,nan,nan
22411,H,110220,29531,3.6009,3.6029,3.6003,0.0068,0.2755,-3.65,-0.0491,nan,nan,1.2125,0.0864,nan,nan,1.2125,0.0864
22412,H,110349,28797,3.6035,3.6018,3.6039,0.0062,0.2765,-3.65,-0.0465,nan,nan,2.8785,0.091,nan,nan,2.8785,0.091
22413,H,110510,28645,3.6021,3.605,3.6068,0.0056,0.2735,-3.65,-0.0479,-1.7406,1.2225,nan,nan,nan,nan,nan,nan
22414,H,110721,28461,3.5963,3.5989,3.597,0.008,0.2738,-3.65,-0.0537,1.912,0.0233,2.1126,0.1779,nan,nan,2.1129,0.178
22417,H,110400,28258,3.6009,3.5997,3.6008,0.007,0.2758,-3.65,-0.0491,nan,nan,nan,nan,nan,nan,nan,nan
22419,H,110382,28011,3.6015,3.6042,3.6045,0.0081,0.2733,-3.65,-0.0485,nan,nan,-0.5849,0.0729,nan,nan,-0.5849,0.0729
22420,H,110050,28421,3.5992,3.5962,3.6009,0.0065,0.2755,-3.65,-0.0508,3.2853,0.2053,-0.1586,0.0975,3.0686,0.4231,nan,nan
22421,H,110471,28822,3.5991,3.6036,3.5983,0.0054,0.2742,-3.65,-0.0509,nan,nan,nan,nan,nan,nan,nan,nan
22422,H,110769,28818,3.5967,3.5967,3.596,0.0079,0.2754,-3.65,-0.0533,nan,nan,3.3933,0.0474,3.4434,0.0528,3.3933,0.0474
22424,H,110290,28479,3.5949,3.5996,3.5951,0.0062,0.274,-3.65,-0.0551,nan,nan,nan,nan,nan,nan,nan,nan
22425,H,110623,29265,3.5943,3.5964,3.5994,0.0051,0.2734,-3.65,-0.0557,nan,nan,nan,nan,nan,nan,nan,nan
22426,H,110000,28828,3.5919,3.5925,3.5914,0.0063,0.274,-3.65,-0.0581,nan,nan,nan,nan,2.5071,0.1405,nan,nan
22427,H,110133,29570,3.5915,3.5934,3.5925,0.0066,0.2745,-3.65,-0.0585,nan,nan,2.7651,0.1674,nan,nan,2.7651,0.1674
22429,H,147241,37920,3.5913,3.5909,3.592,0.0062,0.2752,-3.65,-0.0587,nan,nan,0.0688,0.0613,nan,nan,0.0688,0.0613
22430,H,110308,28461,3.589,3.5935,3.5893,0.0066,0.2755,-3.65,-0.061,nan,nan,2.072,0.1113,2.0313,0.0614,2.072,0.1113
22431,H,110407,28574,3.5882,3.5855,3.5866,0.0049,0.2745,-3.65,-0.0618,3.6939,0.5841,2.6326,0.0875,2.7671,0.0607,2.6326,0.0875
22432,H,110403,27989,3.5974,3.603,3.6023,0.0068,0.2754,-3.65,-0.0526,1.7526,0.3866,1.3592,0.0646,1.4595,0.0515,1.3592,0.0646
22433,H,110185,27987,3.6082,3.6096,3.6081,0.0062,0.2746,-3.65,-0.0418,nan,nan,0.7396,0.2268,nan,nan,0.7396,0.2268
22434,H,109805,27897,3.6092,3.6096,3.6102,0.0049,0.2786,-3.65,-0.0408,nan,nan,nan,nan,nan,nan,nan,nan
22435,H,109776,28878,3.6294,3.6385,3.6275,0.0081,0.2734,-3.65,-0.0206,nan,nan,nan,nan,-1.8648,0.0633,nan,nan
22436,H,110036,28561,3.6372,3.6427,3.636,0.0094,0.2744,-3.65,-0.0128,2.8162,0.3483,2.957,0.3375,2.9132,0.263,2.957,0.3375
22437,H,109793,28717,3.6591,3.664,3.6607,0.007,0.275,-3.65,0.0091,nan,nan,nan,nan,3.3249,0.3594,3.3249,0.3594
22438,H,109743,28467,3.6658,3.6658,3.6693,0.0057,0.2768,-3.65,0.0158,nan,nan,2.2089,0.2448,2.2215,0.2426,2.2089,0.2448
22440,H,109814,29114,3.6769,3.6826,3.6762,0.0082,0.2768,-3.65,0.0269,-2.0133,0.3607,nan,nan,3.5275,0.0731,nan,nan
22441,H,109717,28493,3.6855,3.6919,3.6862,0.0079,0.2726,-3.65,0.0355,nan,nan,nan,nan,nan,nan,nan,nan
22442,H,110140,28439,3.6368,3.6415,3.6389,0.0063,0.273,-3.65,-0.0132,nan,nan,nan,nan,nan,nan,nan,nan
22444,H,110122,28080,3.6555,3.65,3.6527,0.007,0.276,-3.65,0.0055,2.8869,0.133,nan,nan,nan,nan,nan,nan
22445,H,110302,27980,3.6617,3.6679,3.6593,0.0075,0.2742,-3.65,0.0117,-0.9605,0.545,-1.0066,0.6586,-0.9996,0.6473,-0.9977,0.6491
22446,H,110037,27875,3.6683,3.6657,3.6687,0.0056,0.2741,-3.65,0.0183,nan,nan,nan,nan,1.814,0.1664,nan,nan
22447,H,109923,27788,3.6712,3.6724,3.6728,0.0059,0.2729,-3.65,0.0212,nan,nan,nan,nan,2.783,0.0766,nan,nan
22448,H,109708,28026,3.6792,3.6775,3.679,0.0091,0.2755,-3.65,0.0292,3.6906,0.0843,nan,nan,nan,nan,nan,nan
22449,H,110239,27853,3.6447,3.6438,3.6418,0.0073,0.2745,-3.65,-0.0053,nan,nan,nan,nan,nan,nan,nan,nan
22450,H,110545,26955,3.6377,3.6364,3.6323,0.0067,0.2745,-3.65,-0.0123,-1.5045,0.0856,nan,nan,-0.7997,0.0076,-1.236,0.0438
22452,H,110499,26214,3.6698,3.6721,3.6699,0.0063,0.2739,-3.65,0.0198,nan,nan,nan,nan,1.7834,0.0925,nan,nan
22453,H,110535,26893,3.673,3.6748,3.6775,0.007,0.2757,-3.65,0.023,nan,nan,nan,nan,nan,nan,nan,nan
22454,H,109741,26849,3.6706,3.6714,3.672,0.0065,0.2744,-3.65,0.0206,nan,nan,nan,nan,nan,nan,nan,nan
22457,H,137688,30365,3.7343,3.7471,3.7318,0.0075,0.304,-3.65,0.0843,-2.2058,0.2465,nan,nan,nan,nan,nan,nan
22459,H,110766,25155,3.6672,3.666,3.6705,0.0072,0.2758,-3.65,0.0172,2.6702,0.1164,nan,nan,nan,nan,nan,nan
22463,H,110678,24659,3.6706,3.6719,3.6718,0.0072,0.2736,-3.65,0.0206,1.1047,0.1053,nan,nan,-2.467,0.2263,nan,nan
22464,H,110630,24224,3.6733,3.6725,3.6744,0.0059,0.2753,-3.65,0.0233,nan,nan,1.7584,0.1211,nan,nan,1.7584,0.1211
22465,H,110420,25063,3.6744,3.6706,3.6748,0.0048,0.2736,-3.65,0.0244,nan,nan,nan,nan,nan,nan,nan,nan
22466,H,110582,24645,3.6747,3.6722,3.6762,0.0077,0.2741,-3.65,0.0247,nan,nan,nan,nan,nan,nan,nan,nan
22467,H,110377,25610,3.6827,3.6848,3.6846,0.007,0.2766,-3.65,0.0327,nan,nan,-2.3416,0.0805,nan,nan,-2.4233,0.0753
22470,H,110678,25616,3.6758,3.674,3.6761,0.0063,0.2754,-3.65,0.0258,nan,nan,nan,nan,nan,nan,nan,nan
22471,H,110542,25691,3.6429,3.6424,3.6424,0.0071,0.2774,-3.65,-0.0071,-2.4977,0.1459,1.6321,0.049,1.6605,0.0562,1.6321,0.049
22472,H,110922,26101,3.6012,3.597,3.6085,0.0059,0.2744,-3.65,-0.0488,0.1654,0.1575,0.2166,0.1549,0.1848,0.198,0.2167,0.1549
22473,H,110419,25886,3.6078,3.6036,3.6071,0.0046,0.2766,-3.65,-0.0422,nan,nan,nan,nan,1.679,0.0806,0.7154,0.3659
22474,H,110275,27414,3.6255,3.6203,3.6268,0.0032,0.2789,-3.65,-0.0245,0.9961,0.2809,nan,nan,nan,nan,0.5109,0.0778
22475,H,110393,26507,3.6267,3.6191,3.627,0.0036,0.2793,-3.65,-0.0233,2.8212,0.123,nan,nan,nan,nan,nan,nan
22476,H,110811,26702,3.6251,3.6205,3.6287,0.0046,0.2778,-3.65,-0.0249,nan,nan,-1.2528,0.5886,-1.0646,0.5992,-1.3431,0.5921
22477,H,110451,26066,3.6233,3.6219,3.6251,0.0043,0.2776,-3.65,-0.0267,nan,nan,nan,nan,0.3207,0.2246,nan,nan
22478,H,110310,26945,3.6264,3.6254,3.6271,0.0035,0.2779,-3.65,-0.0236,0.944,0.1642,nan,nan,-2.0306,0.0476,nan,nan
22480,H,110587,26145,3.6276,3.6185,3.6288,0.0035,0.2795,-3.65,-0.0224,nan,nan,nan,nan,1.1258,0.0648,nan,nan
22590,H,8568,0,0.3535,0.4071,nan,-0.0527,1.0206,-3.84,0.5215,nan,nan,nan,nan,nan,nan,nan,nan
22591,H,9057,0,0.2935,0.2565,nan,0.0331,1.0038,-3.84,0.4615,nan,nan,nan,nan,nan,nan,nan,nan
22593,H,8018,0,0.2115,0.26,nan,0.0505,1.0176,-3.84,0.3795,nan,nan,nan,nan,nan,nan,nan,nan
22597,H,7821,0,3.8231,3.8165,3.8193,-0.0023,0.2572,-3.84,-0.0169,nan,nan,nan,nan,nan,nan,nan,nan
22598,H,16338,0,3.8251,3.8219,3.8272,-0.0022,0.2547,-3.84,-0.0149,nan,nan,nan,nan,nan,nan,nan,nan
22599,H,4990,0,3.8227,3.8164,3.8294,0.0026,0.2569,-3.84,-0.0173,nan,nan,nan,nan,nan,nan,nan,nan
22600,H,105695,120856,3.8527,3.8461,3.8578,0.0056,0.2778,-3.84,0.0127,0.6415,0.8876,nan,nan,nan,nan,nan,nan
22601,H,106759,139057,3.8367,3.831,3.834,0.0036,0.2777,-3.84,-0.0033,0.963,0.129,0.8806,0.1266,0.8806,0.1266,0.8806,0.1266
22602,H,105609,120438,3.8061,3.8033,3.8081,0.0047,0.276,-3.84,-0.0339,1.4015,0.1336,1.354,0.2442,1.3333,0.2782,1.354,0.2442
22603,H,105690,119406,3.8472,3.8406,3.8486,0.0067,0.2787,-3.84,0.0072,nan,nan,nan,nan,nan,nan,nan,nan
22604,H,105915,118525,3.8191,3.8165,3.8193,0.0067,0.2782,-3.84,-0.0209,0.9424,0.3476,nan,nan,1.387,1.2,nan,nan
22605,H,105966,120418,3.8334,3.8288,3.8316,0.0048,0.2786,-3.84,-0.0066,1.1535,0.421,-2.8966,0.1562,-2.8966,0.1562,-2.8966,0.1562
22606,H,106132,117941,3.8412,3.8349,3.8416,0.0053,0.2774,-3.84,0.0012,1.1425,0.3458,nan,nan,nan,nan,nan,nan
22607,H,105752,120491,3.8107,3.8032,3.8107,0.0028,0.279,-3.84,-0.0293,1.0471,0.539,nan,nan,1.8818,1.0334,nan,nan
22608,H,106009,115010,3.8471,3.8422,3.8465,0.0046,0.2763,-3.84,0.0071,0.678,0.4497,-0.1791,0.1932,-0.2199,0.1587,-0.1791,0.1928
22609,H,109666,62348,3.8145,3.8208,3.8091,0.0018,0.266,-3.84,-0.0255,0.8801,0.2016,0.7948,0.1532,0.7556,0.1659,0.8116,0.1416
22610,H,109221,63756,3.8335,3.8399,3.8306,0.0027,0.2672,-3.84,-0.0065,0.4482,0.1964,0.437,0.3099,0.436,0.3178,0.436,0.3178
22611,H,109696,63944,3.8421,3.8495,3.8422,0.0023,0.2674,-3.84,0.0021,0.6156,0.1488,0.7237,0.2409,0.7207,0.248,0.7207,0.248
22613,H,109123,59791,3.8347,3.8398,3.8336,0.0049,0.2681,-3.84,-0.0053,0.7458,0.1502,0.7345,0.1669,0.7418,0.172,0.7418,0.172
22614,H,109493,58085,3.8515,3.86,3.8515,0.0045,0.2669,-3.84,0.0115,0.2649,0.2826,nan,nan,nan,nan,nan,nan
22615,H,109259,58758,3.8609,3.8692,3.8612,0.0023,0.2666,-3.84,0.0209,0.7183,0.2231,0.2888,0.1367,0.2813,0.1441,0.2888,0.1367
22616,H,105685,124101,3.8572,3.8496,3.8595,0.0057,0.2779,-3.84,0.0172,0.1608,0.4689,-0.0474,0.3719,-0.0467,0.3354,-0.1151,0.5917
22617,H,106151,114665,3.8391,3.8277,3.8397,0.0061,0.2798,-3.84,-0.0009,nan,nan,nan,nan,nan,nan,nan,nan
22618,H,105624,113104,3.8576,3.8515,3.8598,0.0055,0.2804,-3.84,0.0176,-2.6818,0.0308,0.5162,0.2389,0.5263,0.2757,0.5162,0.2389
22619,H,105732,113694,3.8572,3.8538,3.8592,0.006,0.277,-3.84,0.0172,0.7445,0.3688,nan,nan,nan,nan,nan,nan
22620,H,105776,116303,3.8611,3.853,3.8601,0.0044,0.278,-3.84,0.0211,0.6702,1.1829,1.0713,0.9507,nan,nan,0.9304,0.4912
22621,H,106177,113182,3.8259,3.8236,3.8266,0.0044,0.2775,-3.84,-0.0141,nan,nan,1.4794,0.3548,nan,nan,1.4794,0.3548
22622,H,105974,114839,3.8624,3.8587,3.8631,0.0066,0.2779,-3.84,0.0224,nan,nan,0.2938,0.5429,nan,nan,0.2938,0.5429
22623,H,106149,111600,3.857,3.8511,3.8573,0.0052,0.2773,-3.84,0.017,0.6017,0.1546,0.5068,0.169,0.4734,0.1459,0.507,0.169
22624,H,106672,113646,3.829,3.8236,3.8293,0.0052,0.28,-3.84,-0.011,nan,nan,-2.3843,0.0984,-2.385,0.0983,-2.3843,0.0984
22625,H,106146,110356,3.8646,3.8639,3.8614,0.0062,0.2801,-3.84,0.0246,0.4549,0.2273,0.5456,0.207,0.5374,0.2156,0.5069,0.2263
22630,H,106557,106494,3.8427,3.8314,3.842,0.0041,0.2782,-3.84,0.0027,1.2075,0.4162,0.7694,0.3978,0.7694,0.3978,0.7694,0.3978
22631,H,106499,114033,3.8157,3.8081,3.8173,0.0041,0.2801,-3.84,-0.0243,-0.1351,0.5428,nan,nan,0.429,1.0388,nan,nan
22632,H,106818,114345,3.8215,3.8193,3.8245,0.0055,0.2793,-3.84,-0.0185,-3.0094,0.1316,1.7846,0.2371,1.7653,0.3262,1.7846,0.2371
22633,H,106026,110480,3.8607,3.8555,3.8655,0.0067,0.2802,-3.84,0.0207,1.2348,0.1695,0.9121,0.5685,1.3055,1.2373,0.9203,0.4914
22634,H,106279,107637,3.8199,3.8126,3.8218,0.0051,0.2803,-3.84,-0.0201,0.6222,0.2872,0.2177,0.0355,0.9235,0.7213,0.2177,0.0355
22635,H,106507,108712,3.8618,3.8543,3.8626,0.006,0.2769,-3.84,0.0218,nan,nan,1.8027,0.3314,1.7982,0.3597,1.8027,0.3314
22636,H,106546,108675,3.8226,3.8151,3.8222,0.0069,0.2773,-3.84,-0.0174,0.2506,0.3846,-0.1895,0.795,0.1989,0.9082,0.2337,0.4245
22637,H,106259,105597,3.8581,3.8572,3.8601,0.0052,0.2792,-3.84,0.0181,1.4956,0.2244,1.4045,0.3651,1.3229,0.3246,1.4049,0.3583
22638,H,106313,111690,3.8657,3.8621,3.8674,0.0048,0.28,-3.84,0.0257,0.2288,0.9969,nan,nan,-0.5039,0.4843,nan,nan
22639,H,106587,104107,3.8191,3.8154,3.8217,0.0051,0.2777,-3.84,-0.0209,1.1108,0.1871,0.9418,0.138,1.0269,0.1455,0.9418,0.138
22640,H,106371,103857,3.8676,3.862,3.868,0.006,0.2791,-3.84,0.0276,0.9471,0.1536,0.9057,0.1539,0.9178,0.1503,0.906,0.1538
22641,H,106731,98188,3.8318,3.819,3.8296,0.0045,0.2796,-3.84,-0.0082,0.4073,0.1873,0.3029,0.1838,0.3031,0.1835,0.3029,0.1838
22642,H,106897,97248,3.858,3.8461,3.8648,0.0054,0.2792,-3.84,0.018,nan,nan,nan,nan,-1.1735,0.0955,nan,nan
22643,H,106369,108109,3.844,3.8405,3.8466,0.0055,0.2805,-3.84,0.004,0.2856,0.3208,0.2589,0.2173,0.2589,0.2171,0.2589,0.2173
22644,H,106099,110185,3.8424,3.8325,3.8445,0.0069,0.2801,-3.84,0.0024,0.9251,0.2448,0.7551,0.3713,0.7551,0.3713,0.7551,0.3713
22646,H,106360,106786,3.8285,3.8217,3.8288,0.005,0.2804,-3.84,-0.0115,nan,nan,1.0455,0.24,1.0491,0.243,0.9994,0.2285
22647,H,106066,106608,3.8695,3.8655,3.8743,0.0066,0.2776,-3.84,0.0295,nan,nan,nan,nan,nan,nan,nan,nan
22648,H,105888,111062,3.861,3.8541,3.8649,0.0037,0.2794,-3.84,0.021,0.0143,0.2151,-0.0333,0.1469,-0.026,0.1604,-0.0333,0.1469
22649,H,105964,111354,3.8428,3.8389,3.8457,0.0068,0.2763,-3.84,0.0028,nan,nan,2.8487,0.0862,2.8487,0.0862,2.8487,0.0862
22650,H,106669,99780,3.8699,3.8603,3.8712,0.0049,0.2784,-3.84,0.0299,0.427,0.2653,0.5394,0.2634,0.5518,0.2578,0.5394,0.2634
22651,H,107193,99385,3.8251,3.8135,3.825,0.0042,0.2803,-3.84,-0.0149,1.0814,0.1823,1.1016,0.2342,1.1252,0.228,1.1016,0.2342
22652,H,107052,97070,3.8664,3.8592,3.8657,0.0056,0.2803,-3.84,0.0264,0.6117,0.3551,0.7722,2.9424,0.2031,0.4913,nan,nan
22654,H,106592,109120,3.8403,3.8293,3.8412,0.0038,0.2789,-3.84,0.0003,1.1348,0.9062,-0.1841,0.3569,-0.1834,0.368,-0.1834,0.368
22656,H,105690,113505,3.846,3.8438,3.8482,0.0059,0.2817,-3.84,0.006,0.3459,0.5839,0.3146,0.3465,0.3127,0.3487,0.3146,0.3465
22658,H,106545,104795,3.8467,3.8414,3.8447,0.0065,0.2801,-3.84,0.0067,0.1517,0.1011,nan,nan,nan,nan,nan,nan
22659,H,106420,106811,3.858,3.8515,3.8541,0.007,0.2791,-3.84,0.018,0.4891,0.1501,nan,nan,0.3762,0.2636,nan,nan
22660,H,106283,105787,3.8644,3.8576,3.8631,0.007,0.2776,-3.84,0.0244,0.9288,0.0947,0.8811,0.2749,0.9401,0.2738,0.8811,0.2749
22661,H,106854,105214,1.8734,1.872,1.8705,0.0068,0.271,-1.89,-0.0166,0.5968,0.7453,0.824,1.22,0.6053,0.2751,0.5078,0.4638
22662,H,106492,102943,1.911,1.9047,1.9076,0.0051,0.2725,-1.89,0.021,0.7106,0.3826,0.4097,0.3105,0.3062,0.2671,0.4097,0.3105
22663,H,106289,99047,1.8853,1.8789,1.8833,0.0054,0.2728,-1.89,-0.0047,0.3748,0.502,nan,nan,nan,nan,nan,nan
22664,H,107027,95112,1.9122,1.8998,1.9131,0.0062,0.2729,-1.89,0.0222,0.9989,0.2549,0.6327,0.2268,0.6132,0.2327,0.6327,0.2268
22665,H,106718,101405,1.863,1.8578,1.865,0.005,0.2749,-1.89,-0.027,2.8659,5.3773,0.5624,0.6188,0.3531,0.6867,0.5624,0.6188
22666,H,106962,99641,1.9147,1.9104,1.914,0.007,0.2732,-1.89,0.0247,0.7232,0.3247,0.2441,0.2278,0.1596,0.2143,0.2028,0.2102
22667,H,107300,98648,1.8615,1.852,1.8644,0.0068,0.2732,-1.89,-0.0285,-0.5838,0.1738,-0.1431,0.3502,0.1507,0.3315,-0.1431,0.3502
22668,H,106850,97792,1.9165,1.9115,1.9174,0.0075,0.274,-1.89,0.0265,0.8752,0.1417,0.9834,0.1609,0.9453,0.1435,0.9834,0.1609
22669,H,107067,98683,1.8823,1.8751,1.8814,0.0067,0.273,-1.89,-0.0077,1.4773,0.1453,1.4832,0.1959,1.4831,0.2483,1.4832,0.1959
22670,H,87796,80367,1.872,1.8689,1.8735,0.0054,0.2743,-1.89,-0.018,1.2083,1.3043,nan,nan,nan,nan,0.1954,0.7634
22671,H,106916,99082,1.8686,1.8659,1.8667,0.006,0.2727,-1.89,-0.0214,0.9584,0.1391,0.9692,0.0447,0.9826,0.0555,0.9692,0.0447
22672,H,106965,98154,1.9145,1.9051,1.9122,0.0062,0.272,-1.89,0.0245,-0.4956,0.0825,0.0742,0.2955,0.5725,0.0844,0.0742,0.2955
22673,H,106927,99103,1.8301,1.8248,1.8335,0.0046,0.2731,-1.89,-0.0599,0.2561,0.2512,0.2221,0.0384,0.3517,0.0263,0.2221,0.0384
22674,H,106661,102632,1.8942,1.8856,1.8892,0.0037,0.2721,-1.89,0.0042,nan,nan,nan,nan,nan,nan,nan,nan
22675,H,106354,103540,1.9022,1.891,1.9042,0.0045,0.2721,-1.89,0.0122,nan,nan,1.1341,0.0847,1.1346,0.0844,1.1342,0.0847
22676,H,106838,102863,1.9008,1.8948,1.9051,0.0067,0.2719,-1.89,0.0108,0.679,0.8961,nan,nan,nan,nan,nan,nan
22679,H,141817,134070,1.9156,1.9116,1.9184,0.0068,0.2739,-1.89,0.0256,0.3877,0.3039,0.3922,0.271,0.3868,0.2694,0.3922,0.271
22680,H,106786,102022,1.9161,1.8984,1.9158,0.0052,0.2732,-1.89,0.0261,0.2996,0.2271,0.2782,0.36,0.2865,0.4356,0.2782,0.36
22681,H,106524,102990,1.8906,1.8797,1.8914,0.0045,0.2711,-1.89,0.0006,0.8486,0.1267,0.8967,0.1355,0.8967,0.1355,0.8967,0.1355
22682,H,105915,113491,1.9211,1.9133,1.923,0.0062,0.2716,-1.89,0.0311,0.9339,0.177,0.7489,0.132,0.7992,0.15,0.7489,0.132
22683,H,105822,116505,1.8954,1.8954,1.8991,0.0048,0.2712,-1.89,0.0054,1.0131,0.2644,nan,nan,nan,nan,nan,nan
22689,H,93708,105039,1.9152,1.91,1.9146,0.006,0.2738,-1.89,0.0252,0.9506,0.2786,0.6625,0.2604,nan,nan,0.6625,0.2604
22691,H,106098,119531,1.9231,1.9214,1.924,0.0045,0.2728,-1.89,0.0331,1.1835,0.3772,0.802,0.2546,0.7619,0.2739,0.802,0.2546
22693,H,105839,118908,1.8834,1.8857,1.8816,0.0043,0.2712,-1.89,-0.0066,1.1686,0.2634,1.4383,0.4341,-1.4373,0.3703,1.9334,1.3025
22694,H,105889,114856,1.9148,1.9112,1.9127,0.0059,0.2731,-1.89,0.0248,0.1204,0.7432,3.8176,1.6112,0.5355,1.6467,3.7569,23.8784
22696,H,105168,266234,1.8888,1.8828,1.8842,0.0058,0.2731,-1.89,-0.0012,-0.2279,0.4123,0.0758,0.2575,0.0409,0.2935,0.0409,0.2935
22697,H,105903,265397,1.9094,1.9022,1.9123,0.0049,0.2719,-1.89,0.0194,nan,nan,nan,nan,nan,nan,0.2809,0.5758
22698,H,104859,248782,1.8919,1.8854,1.8911,0.005,0.2722,-1.89,0.0019,-0.5803,0.164,-0.6314,0.1553,-0.6314,0.1553,-0.6314,0.1553
22699,H,105143,240933,1.8642,1.8567,1.8648,0.0049,0.2711,-1.89,-0.0258,0.101,0.2657,-0.0788,0.3062,-0.0737,0.388,-0.0788,0.3073
22700,H,104267,222078,1.8985,1.894,1.8936,0.0044,0.2747,-1.89,0.0085,-0.154,0.2063,0.0804,0.1021,0.0805,0.1019,0.0804,0.1021
22701,H,104401,208819,1.8732,1.8719,1.872,0.0057,0.272,-1.89,-0.0168,0.7415,0.2179,0.5775,0.1944,0.5715,0.1969,0.5775,0.1944
22702,H,104756,237038,1.91,1.9091,1.909,0.0082,0.2721,-1.89,0.02,0.1038,1.1601,0.222,0.4266,0.0518,0.2624,0.2309,0.3775
22703,H,104988,197478,1.8674,1.8651,1.869,0.0035,0.2738,-1.89,-0.0226,nan,nan,0.5105,0.319,0.6109,0.2562,0.5416,0.3588
22704,H,104924,192816,1.8904,1.8802,1.8932,0.0064,0.2737,-1.89,0.0004,nan,nan,0.0517,0.4971,0.0517,0.4971,0.0517,0.4971
22707,H,105322,186362,1.9123,1.9006,1.9145,0.0049,0.2734,-1.89,0.0223,0.6826,0.0735,0.4792,0.2158,0.4767,0.2099,0.4792,0.2158
22708,H,32248,60196,1.9227,1.9109,1.9233,0.0056,0.2711,-1.89,0.0327,2.2492,0.2278,nan,nan,nan,nan,nan,nan
22709,H,66451,123230,1.9228,1.9173,1.9244,0.0047,0.271,-1.89,0.0328,-0.7288,0.5183,-0.4032,0.3081,-0.2204,0.0286,-0.4032,0.3081
22710,H,104814,193355,1.8976,1.8927,1.8951,0.0062,0.2725,-1.89,0.0076,0.2646,0.1206,0.2231,0.1386,0.2231,0.1386,0.2231,0.1386
22711,H,105031,185008,1.8797,1.8767,1.8782,0.0059,0.2739,-1.89,-0.0103,3.1309,0.3282,nan,nan,nan,nan,nan,nan
22720,H,65251,0,3.8329,3.8245,3.8343,0.0076,0.2976,-1.89,1.9429,nan,nan,nan,nan,nan,nan,nan,nan
22721,H,21344,0,3.7688,3.7265,3.7662,0.0018,0.2614,-1.89,1.8788,nan,nan,nan,nan,nan,nan,nan,nan
22722,H,105410,253999,3.8013,3.8031,3.805,0.0041,0.2792,-1.89,1.9113,-1.3883,0.9879,0.9625,0.3079,nan,nan,nan,nan
22723,H,106032,243380,3.8095,3.8086,3.8088,0.0056,0.2788,-1.89,1.9195,0.3835,0.3236,1.6299,0.2513,0.491,0.2113,0.3784,0.23
22724,H,106059,234756,3.7848,3.7842,3.7844,0.0046,0.2793,-1.89,1.8948,-0.4806,0.3342,0.976,0.3447,-0.3042,0.1596,-0.3437,0.1821
22725,H,106023,233556,3.8069,3.8045,3.8063,0.0037,0.2789,-1.89,1.9169,-1.9957,0.2588,1.0706,0.4981,nan,nan,nan,nan
22726,H,131294,268325,3.8714,3.8855,3.8679,0.0057,0.3056,-1.89,1.9814,0.6319,0.3217,-3.5009,0.0884,0.58,0.2915,0.7515,0.2907
22727,H,140649,287792,3.7844,3.7814,3.7868,0.0054,0.2789,-1.89,1.8944,0.1461,0.2866,1.4495,0.4878,0.0834,0.2149,0.0298,0.2768
22728,H,106461,189648,3.7822,3.7791,3.7816,0.0047,0.2782,-1.89,1.8922,-0.617,0.2828,1.1822,0.1503,-0.6421,0.3174,-0.8066,0.2545
22730,H,106213,216033,3.789,3.7866,3.792,0.0038,0.2776,-1.89,1.899,0.3298,0.3855,-2.5408,0.3207,0.4063,0.2304,0.4075,0.2299
22732,H,106559,210163,3.7896,3.788,3.7872,0.0037,0.2796,-1.89,1.8996,nan,nan,0.1935,0.2789,0.5125,0.1826,0.5117,0.1832
22733,H,106470,211095,3.7855,3.7816,3.7853,0.0052,0.28,-1.89,1.8955,-0.6174,0.1364,0.8087,0.1213,-0.53,0.2056,-0.5172,0.2404
22735,H,106590,212551,3.7959,3.7897,3.8011,0.004,0.2784,-1.89,1.9059,0.1223,0.2982,1.7655,0.195,0.1051,0.2206,0.1062,0.2215
22737,H,106579,219003,3.788,3.785,3.7853,0.0049,0.2788,-1.89,1.898,-0.4887,0.5831,0.6245,0.7911,0.3018,0.0574,0.2915,0.0596
22739,H,106268,219238,3.7874,3.7831,3.7904,0.0042,0.2771,-1.89,1.8974,-0.2128,0.1828,1.3024,0.1386,-0.3317,0.1902,-0.3481,0.2196
22740,H,105909,223935,3.7867,3.7873,3.7887,0.0053,0.2789,-1.89,1.8967,0.3244,0.3208,nan,nan,0.4596,0.0876,nan,nan
22741,H,106164,217862,3.7839,3.7853,3.7896,0.0048,0.2783,-1.89,1.8939,-0.194,0.3248,nan,nan,1.5131,5.286,0.1756,1.1193
22743,H,135579,280017,3.785,3.7813,3.7846,0.0042,0.28,-1.89,1.895,nan,nan,0.6037,0.3096,nan,nan,nan,nan
22744,H,135225,281903,3.7948,3.7965,3.8058,0.0043,0.279,-1.89,1.9048,0.7785,0.4572,1.1523,0.3367,nan,nan,nan,nan
22745,H,135034,281067,3.7996,3.8024,3.8034,0.004,0.2796,-3.82,-0.0204,-0.3658,0.3129,-0.2206,0.206,-0.1727,0.1985,-0.2206,0.206
22746,H,135475,263830,3.8016,3.8023,3.8083,0.0062,0.2798,-3.82,-0.0184,nan,nan,-0.6803,0.5021,nan,nan,-0.6645,0.4226
22747,H,135012,277472,3.8004,3.8007,3.8006,0.007,0.2795,-3.82,-0.0196,-0.7407,0.3077,nan,nan,nan,nan,nan,nan
22748,H,135185,270791,3.802,3.8027,3.8015,0.004,0.2813,-3.82,-0.018,nan,nan,nan,nan,nan,nan,nan,nan
22750,H,135948,260589,3.791,3.7858,3.7881,0.0047,0.2793,-3.82,-0.029,0.8181,0.301,0.6013,0.1803,0.6102,0.203,0.6013,0.1803
22751,H,135451,262921,3.806,3.8057,3.8025,0.0036,0.2813,-3.82,-0.014,0.0187,0.5228,-0.3447,0.3307,-0.1521,0.5541,-0.3447,0.3307
22752,H,135223,273649,3.8047,3.8023,3.8041,0.005,0.2791,-3.82,-0.0153,0.1492,0.4054,-0.5938,0.2254,-0.593,0.2088,-0.6188,0.2506
22754,H,599,0,3.8569,3.902,nan,0.051,0.5281,-3.82,0.0369,nan,nan,nan,nan,nan,nan,nan,nan
22755,H,135461,259696,3.8005,3.7984,3.8007,0.0067,0.2803,-3.82,-0.0195,-0.1431,0.0895,-0.3239,0.284,-0.3275,0.3042,-0.3239,0.284
22756,H,135419,256987,3.7861,3.7807,3.7906,0.0034,0.2807,-3.82,-0.0339,-0.1824,0.2204,-0.0178,0.5263,0.5646,2.0251,-0.0178,0.5263
22757,H,135931,262807,3.7817,3.7781,3.7851,0.0042,0.2814,-3.82,-0.0383,-1.1791,0.5511,-0.4338,0.2461,-0.447,0.2474,-0.4338,0.2461
22758,H,135276,260396,3.7879,3.783,3.7942,0.0063,0.2814,-3.82,-0.0321,-0.0487,0.7473,0.3623,0.2168,0.3552,0.2264,0.3623,0.2168
22759,H,135351,286004,3.7995,3.7962,3.8,0.0031,0.2833,-3.82,-0.0205,0.5385,0.3939,0.0181,0.203,0.0222,0.2012,0.0181,0.203
22760,H,135478,262451,3.7929,3.7859,3.7937,0.0039,0.2815,-3.82,-0.0271,0.0978,0.237,-0.0237,0.1246,0.0266,0.1416,-0.0237,0.1246
22761,H,135256,247478,3.7924,3.7865,3.791,0.005,0.2839,-3.82,-0.0276,0.0515,0.2709,-0.143,0.2564,-0.1252,0.3277,-0.143,0.2564
22762,H,135515,260166,3.7917,3.7863,3.7952,0.0062,0.2815,-3.82,-0.0283,-0.0928,0.7486,-0.2373,0.3416,-0.1706,0.5261,-0.2373,0.3416
22763,H,135375,255527,3.7962,3.7942,3.7961,0.0051,0.2824,-3.82,-0.0238,nan,nan,0.3927,0.6563,nan,nan,nan,nan
22764,H,135635,248962,3.7861,3.7863,3.7835,0.005,0.2824,-3.82,-0.0339,-0.1189,4.4567,-0.8369,1.9245,-0.0444,0.633,0.2288,0.3728
22765,H,135824,248219,3.7959,3.7889,3.7986,0.005,0.2805,-3.82,-0.0241,-0.3331,0.314,-0.2331,0.5907,-0.2541,0.3594,-0.3717,0.316
22766,H,135371,245815,3.791,3.787,3.7904,0.0062,0.2836,-3.82,-0.029,0.1318,0.0241,-0.3951,0.1565,-0.3372,0.1561,-0.3951,0.1565
22767,H,135606,246989,3.7962,3.7935,3.8009,0.0058,0.2831,-3.82,-0.0238,-0.2231,0.4314,0.4365,0.0876,0.4594,0.0771,0.4364,0.0874
22768,H,135192,248082,3.7967,3.793,3.7957,0.0056,0.2827,-3.82,-0.0233,0.4917,0.5455,0.2705,0.5521,0.2773,0.4579,0.2705,0.5521
22769,H,135578,253918,3.7918,3.7883,3.7918,0.0057,0.2834,-3.82,-0.0282,-0.1179,0.3084,-0.5299,0.3017,-0.5238,0.3281,-0.5299,0.3017
22770,H,135971,244509,3.7915,3.7896,3.7927,0.0053,0.2835,-3.82,-0.0285,-0.2779,0.2746,-0.3187,0.4441,-0.369,0.3637,-0.3751,0.4097
22771,H,135197,245273,3.7898,3.7889,3.7892,0.0047,0.2831,-3.82,-0.0302,-0.4839,0.5297,nan,nan,nan,nan,nan,nan
22772,H,134996,246575,3.8493,3.8581,3.8481,0.0062,0.2859,-3.82,0.0293,nan,nan,-0.0306,0.2772,-0.0582,0.2859,-0.0306,0.2772
22773,H,135510,242443,3.8239,3.8209,3.8275,0.0055,0.2827,-3.82,0.0039,-1.4699,0.3793,2.8019,0.0787,2.8018,0.0787,2.8019,0.0787
22774,H,135505,251143,3.8505,3.8503,3.8514,0.0046,0.2865,-3.82,0.0305,0.3301,0.2093,0.3707,0.155,0.3695,0.1749,0.3707,0.155
22775,H,135265,249871,3.7919,3.7931,3.7889,0.0067,0.2842,-3.82,-0.0281,-0.7061,0.2766,-0.3697,0.4163,-0.5242,0.3533,-0.3697,0.4163
22776,H,135654,251155,3.8459,3.8433,3.8558,0.0054,0.2861,-3.82,0.0259,0.4635,1.9787,-0.2518,0.2272,-0.3397,0.3181,-0.2518,0.2272
22777,H,135200,239961,3.8237,3.8203,3.823,0.0054,0.2865,-3.82,0.0037,1.6647,4.9319,0.2226,0.2629,0.2335,0.2534,0.2335,0.2534
22778,H,135866,244282,3.8355,3.8368,3.8384,0.0082,0.2871,-3.82,0.0155,nan,nan,nan,nan,nan,nan,nan,nan
22779,H,135371,240853,3.8268,3.8247,3.8294,0.0064,0.2869,-3.82,0.0068,nan,nan,0.2638,0.3101,0.2614,0.3306,0.2638,0.3101
22781,H,166479,286020,3.8816,3.898,3.8847,0.0054,0.3138,-3.82,0.0616,-0.5118,0.4126,nan,nan,-0.0617,1.0297,nan,nan
22782,H,178949,315792,3.7995,3.8008,3.8032,0.007,0.2871,-3.82,-0.0205,0.2473,0.7559,0.2694,0.1609,0.3247,0.1509,0.2694,0.1609
22783,H,135312,238448,3.8125,3.8086,3.8085,0.0061,0.2877,-3.82,-0.0075,0.1115,0.3042,0.0191,0.1636,0.0185,0.1632,0.0184,0.1632
22784,H,135512,239166,3.8688,3.858,3.8714,0.0041,0.2873,-3.82,0.0488,-0.4365,0.4273,-0.3249,0.2863,-0.1807,0.344,-0.3249,0.2863
22785,H,132160,236531,3.8055,3.8069,3.8025,0.0072,0.3137,-3.82,-0.0145,-0.0792,0.265,-0.1342,0.6399,-0.0593,0.6714,-0.1928,0.5896
22786,H,135646,239890,3.8377,3.8294,3.8314,0.0034,0.2893,-3.82,0.0177,0.5358,2.5907,nan,nan,3.4643,0.1081,nan,nan
22787,H,135673,243243,3.838,3.8339,3.8391,0.0043,0.2893,-3.82,0.018,0.139,0.3505,-0.2377,0.245,-0.2449,0.2416,-0.2377,0.245
22788,H,135588,236122,3.8304,3.8268,3.8315,0.0056,0.2911,-3.82,0.0104,-0.2822,0.6252,nan,nan,nan,nan,0.1308,0.4301
22789,H,135059,233804,3.8148,3.8141,3.8141,0.0048,0.2901,-3.82,-0.0052,0.5217,0.3464,0.4429,0.2226,0.385,0.1994,0.385,0.1994
22790,H,135360,238754,3.8469,3.844,3.847,0.0048,0.2927,-3.82,0.0269,nan,nan,nan,nan,nan,nan,nan,nan
22791,H,135315,235850,3.8078,3.8049,3.8078,0.0041,0.289,-3.82,-0.0122,nan,nan,-0.2896,0.5711,nan,nan,2.602,18.2814
22792,H,135147,239556,3.8647,3.8613,3.8629,0.005,0.2913,-3.82,0.0447,0.9456,0.4027,0.8772,0.3984,0.8426,0.3481,0.8772,0.3984
22793,H,135937,228224,3.8212,3.8161,3.8222,0.0061,0.2904,-3.82,0.0012,0.8148,0.2902,0.8973,0.1513,0.8973,0.1513,0.8973,0.1513
22794,H,135677,219447,3.8044,3.7963,3.8025,0.005,0.2892,-3.82,-0.0156,0.6301,0.0927,0.7946,0.2804,0.746,0.3409,0.7483,0.2874
22795,H,134780,248936,3.8203,3.8202,3.8239,0.0051,0.2893,-3.82,0.0003,-0.1432,0.109,-2.5006,0.421,-2.5006,0.421,-2.5006,0.421
22796,H,135272,242599,3.8195,3.8201,3.8288,0.0037,0.2905,-3.82,-0.0005,nan,nan,0.4347,1.2067,0.1204,0.5199,0.1204,0.5199
22797,H,135425,242087,3.7942,3.7912,3.7954,0.0077,0.2896,-3.82,-0.0258,-0.3751,0.2653,0.0334,0.4454,-0.0336,0.3568,0.0307,0.4819
22798,H,135685,239349,3.8277,3.8302,3.8292,0.0051,0.2919,-3.82,0.0077,0.0908,0.1827,0.0987,0.1935,0.0648,0.1837,0.0987,0.1935
22799,H,135412,320680,3.7957,3.7991,3.8013,0.0044,0.2905,-3.82,-0.0243,0.8295,0.9099,-0.0175,0.273,0.0191,0.2817,-0.0175,0.273
22800,H,134713,314566,3.8488,3.8517,3.8486,0.0038,0.2941,-3.82,0.0288,nan,nan,-0.4006,0.0719,-0.4188,0.0859,-0.4006,0.0719
22811,H,106041,224055,3.811,3.8159,3.8082,0.0035,0.2972,-3.82,-0.009,nan,nan,0.1016,0.8068,0.107,0.764,0.1016,0.8068
22812,H,79387,12630,3.8133,3.7716,3.8076,-0.0017,0.2831,-3.82,-0.0067,-0.1425,0.1662,0.0881,0.4195,0.0881,0.4195,0.0881,0.4195
22844,H,12336,1100,3.7606,3.7302,1.9566,-0.0116,0.314,-3.82,-0.0594,nan,nan,nan,nan,0.7204,0.1069,nan,nan
22845,H,105732,214999,3.7996,3.782,3.8025,0.0,0.3056,-3.82,-0.0204,nan,nan,nan,nan,nan,nan,nan,nan
22846,H,106051,207751,3.7845,3.7734,3.7899,0.0001,0.3032,-3.82,-0.0355,-0.5318,0.4946,nan,nan,-1.6572,0.2481,nan,nan
22847,H,106154,202875,3.8024,3.7885,3.8044,0.0001,0.3033,-3.82,-0.0176,nan,nan,-0.134,0.4229,0.021,0.6759,-0.2327,0.3704
22848,H,110014,86649,3.8129,3.8014,3.8096,0.001,0.3081,-3.82,-0.0071,0.2634,0.1488,0.2484,0.1747,0.2484,0.1747,0.2484,0.1747
22849,H,107686,166367,3.7855,3.7796,3.7837,0.0037,0.3022,-3.82,-0.0345,0.2843,0.3587,0.2328,0.4223,0.3433,0.397,0.2328,0.4223
22850,H,106291,205805,3.8007,3.7848,3.8031,-0.0011,0.3067,-3.82,-0.0193,-0.4138,0.2081,-0.1318,0.5104,-0.298,0.3973,-0.1318,0.5104
22851,H,105800,202628,3.8198,3.8019,3.8177,-0.0018,0.3059,-3.82,-0.0002,nan,nan,-0.2066,0.1901,-0.2066,0.1901,-0.2066,0.1901
22852,H,106044,203369,3.7792,3.773,3.7821,-0.0012,0.3038,-3.82,-0.0408,nan,nan,-0.9878,0.3505,-0.8709,0.4112,-0.9801,0.3323
22853,H,106168,203029,3.8012,3.791,3.8004,0.0006,0.304,-3.82,-0.0188,-0.3476,0.1155,-0.3857,0.1584,-0.3676,0.1659,-0.3864,0.159
22854,H,106470,199732,3.8265,3.8105,3.8266,-0.0014,0.3078,-3.82,0.0065,0.1615,0.3457,0.2953,0.3222,0.3032,0.3363,0.2953,0.3222
22855,H,106321,215677,3.7884,3.7709,3.7935,-0.0029,0.3033,-3.82,-0.0316,nan,nan,-0.1762,0.3075,0.0064,0.3577,-0.1703,0.2897
22856,H,106203,218271,3.7955,3.7846,3.7989,-0.0021,0.3058,-3.82,-0.0245,1.4595,0.7683,1.9915,0.3111,0.5307,4.4872,1.9915,0.3111
22857,H,106077,203761,3.7646,3.7552,3.7671,0.0015,0.3012,-3.82,-0.0554,0.5071,0.24,0.0982,0.2385,0.1213,0.1931,0.0982,0.2385
22858,H,105999,204369,3.8185,3.8122,3.8243,0.002,0.3017,-3.82,-0.0015,nan,nan,nan,nan,nan,nan,nan,nan
22859,H,106141,204357,3.7738,3.7663,3.7755,0.0026,0.2993,-3.82,-0.0462,-0.4359,0.2961,-0.324,0.2761,-0.3501,0.2554,-0.324,0.2761
22860,H,105968,207289,3.8065,3.7963,3.8045,0.0014,0.3009,-3.82,-0.0135,2.0523,0.1781,2.1573,0.4105,1.9941,0.3528,2.1573,0.4105
22861,H,106101,215714,3.7643,3.7526,3.7669,0.0018,0.2938,-3.82,-0.0557,0.8908,0.1681,1.1077,0.6272,0.9704,0.4342,1.3721,0.8975
22862,H,105957,206662,3.767,3.7559,3.7678,0.0041,0.2931,-3.82,-0.053,-0.3189,1.0416,nan,nan,nan,nan,nan,nan
22863,H,106894,196130,3.7536,3.7485,3.7563,0.0025,0.2909,-3.82,-0.0664,-0.0438,0.2213,0.1267,0.2127,0.2147,0.2755,0.1979,0.302
22864,H,106751,193460,3.7521,3.7467,3.7511,0.0039,0.2913,-3.82,-0.0679,-1.0023,0.5554,-0.7397,0.5352,-0.1444,0.1345,-0.7397,0.5352
22865,H,106775,196034,3.7569,3.7501,3.758,-0.0,0.2945,-3.82,-0.0631,0.1431,0.2974,-0.0484,0.444,-0.0547,0.3899,-0.0484,0.444
22866,H,106635,231339,3.7481,3.7421,3.7487,0.004,0.2952,-3.82,-0.0719,-0.0266,0.2092,-0.0454,0.3061,0.0526,0.2548,-0.0454,0.3061
22867,H,106528,226614,3.7472,3.7364,3.747,0.0025,0.299,-3.82,-0.0728,nan,nan,-0.0838,0.2276,-0.0781,0.1841,-0.0837,0.2239
22868,H,105772,228895,3.7568,3.7456,3.7547,0.0036,0.3007,-3.82,-0.0632,0.5744,0.203,0.5569,0.1514,0.5928,0.1641,0.5569,0.1514
22869,H,106831,193681,3.7368,3.7199,3.7421,0.0009,0.3036,-3.82,-0.0832,-0.2663,0.2281,0.4465,1.0056,0.2046,0.5767,0.3348,0.6415
22870,H,106930,186065,3.7437,3.7314,3.7415,0.0005,0.3059,-3.82,-0.0763,-0.2202,0.1518,-0.0868,0.2069,0.0143,0.1891,-0.0868,0.2069
22871,H,106639,196557,3.7379,3.7276,3.7442,-0.0003,0.3054,-3.82,-0.0821,0.0858,0.3045,-0.0935,0.2019,-0.0893,0.2005,-0.0933,0.2017
22873,H,106968,190266,3.7457,3.7353,3.7491,-0.0011,0.3054,-3.82,-0.0743,-0.6271,0.5036,nan,nan,-0.2384,0.6166,nan,nan
22874,H,107072,193272,3.7488,3.7363,3.7471,-0.0029,0.3052,-3.82,-0.0712,0.0677,0.2183,0.0207,0.4565,-0.0164,0.3478,0.0207,0.4565
22875,H,106846,186456,3.7569,3.7461,3.7565,-0.0011,0.3053,-3.82,-0.0631,-0.3529,0.2415,-0.4142,0.3031,-0.4725,0.2554,-0.4142,0.3031
22877,H,107016,183936,3.7553,3.7404,3.7583,0.0001,0.3036,-3.82,-0.0647,-0.1093,0.3102,-0.3325,0.3877,-0.235,0.3994,-0.3325,0.3877
22878,H,107263,179460,3.7546,3.7434,3.7499,0.0009,0.3057,-3.82,-0.0654,1.7648,0.9318,0.1655,0.2513,0.1214,0.234,0.1655,0.2513
22879,H,103287,173491,3.7374,3.7339,3.7386,0.001,0.3092,-3.82,-0.0826,0.4099,0.2705,0.5817,0.4168,0.3321,0.2381,0.5817,0.4168
22880,H,12046,19956,3.7428,3.7343,3.7401,-0.0051,0.3095,-3.82,-0.0772,nan,nan,nan,nan,nan,nan,nan,nan
22881,H,20701,34490,3.7427,3.7266,3.7463,-0.0041,0.3078,-3.82,-0.0773,0.0857,0.1494,0.242,0.3,0.3222,0.3215,0.242,0.3
22882,H,107124,180956,3.7367,3.7312,3.7306,0.0025,0.3067,-3.82,-0.0833,nan,nan,-0.1338,0.4659,nan,nan,-0.1338,0.4659
22883,H,107089,180730,3.7504,3.7358,3.7547,0.0016,0.3053,-3.82,-0.0696,nan,nan,-0.1455,0.0519,-0.098,0.0476,-0.1455,0.0519
22884,H,106897,177851,3.7551,3.7358,3.759,-0.0,0.3055,-3.82,-0.0649,0.0101,0.1515,-0.0632,0.1895,-0.0201,0.1891,-0.0736,0.187
22885,H,106747,191713,3.7574,3.7532,3.7563,-0.0016,0.3045,-3.82,-0.0626,0.1644,0.4242,0.3805,0.29,0.5059,0.3777,0.3805,0.29
22886,H,106872,189152,3.7397,3.7316,3.7406,-0.0005,0.3063,-3.82,-0.0803,nan,nan,0.5086,0.1172,0.5609,0.1049,0.5084,0.1172
22887,H,106764,189740,3.7589,3.752,3.7559,0.0013,0.3061,-3.82,-0.0611,-0.3236,0.3686,nan,nan,0.0755,0.0457,nan,nan
22888,H,106784,179937,3.8031,3.7847,3.8031,0.0016,0.3085,-3.82,-0.0169,nan,nan,nan,nan,-1.0401,0.9753,nan,nan
22889,H,106754,185924,3.8038,3.7879,3.8061,-0.0011,0.3095,-3.82,-0.0162,-0.1997,0.689,-0.1318,0.2625,-0.019,0.2103,-0.1318,0.2625
22890,H,106944,187042,3.7734,3.7646,3.7694,0.0021,0.3072,-3.82,-0.0466,nan,nan,0.292,0.7005,0.6449,1.639,0.292,0.7005
22892,H,107356,156698,3.8128,3.8014,3.8123,0.0026,0.3102,-3.82,-0.0072,-1.1297,0.161,nan,nan,nan,nan,nan,nan
22893,H,107544,163400,3.7596,3.7485,3.7673,0.0038,0.3055,-3.82,-0.0604,0.8082,0.196,0.5155,0.2065,0.5206,0.1718,0.5153,0.2064
22894,H,107792,162047,3.8188,3.8035,3.8217,0.0018,0.3066,-3.82,-0.0012,-1.7988,0.1234,2.7052,1.1087,2.7052,1.1087,2.7052,1.1087
22895,H,107848,159233,3.7799,3.7692,3.7787,0.0025,0.3046,-3.82,-0.0401,nan,nan,-0.6737,0.3582,-1.7056,0.094,-0.6737,0.3582
22896,H,107734,157745,3.8223,3.8025,3.8226,0.0042,0.3059,-3.82,0.0023,0.5934,2.8176,-0.1311,0.2148,-0.1311,0.2148,-0.1311,0.2148
22897,H,107902,160618,3.7662,3.7529,3.7692,0.0031,0.3035,-3.82,-0.0538,-1.8251,0.8011,nan,nan,nan,nan,nan,nan
22898,H,107696,162229,3.8237,3.8094,3.8217,-0.0004,0.3067,-3.82,0.0037,0.0105,0.231,-0.0083,0.1492,-0.0083,0.1492,-0.0083,0.1492
22900,H,107354,160668,3.8258,3.8106,3.8265,0.0014,0.3071,-3.82,0.0058,0.022,1.0626,0.2921,0.9684,0.4749,0.2835,0.2921,0.9684
22902,H,106947,183605,3.8048,3.7937,3.8043,0.0022,0.306,-3.82,-0.0152,2.6979,1.0516,2.7734,1.4358,nan,nan,2.7734,1.4358
22903,H,106709,180161,3.8148,3.8054,3.8127,0.0016,0.3069,-3.82,-0.0052,nan,nan,0.0297,0.0952,0.0297,0.0952,0.0297,0.0952
22905,H,106684,179795,3.7893,3.7834,3.7941,-0.0008,0.3062,-3.82,-0.0307,-0.3881,0.4434,nan,nan,nan,nan,nan,nan
22907,H,106945,179883,3.7981,3.7908,3.797,-0.0003,0.308,-3.82,-0.0219,0.0547,0.3661,0.0947,0.1704,0.0923,0.1733,0.0947,0.1704
22912,H,107049,176929,3.8083,3.7938,3.8136,-0.0009,0.31,-3.82,-0.0117,-0.0643,0.1679,-0.0097,0.3049,-0.0257,0.2714,-0.0097,0.3049
22915,H,107377,175504,3.8224,3.8103,3.8255,-0.0018,0.3073,-3.82,0.0024,nan,nan,-0.985,2.5421,nan,nan,nan,nan
22916,H,107204,181203,3.761,3.7477,3.768,-0.0017,0.3052,-3.82,-0.059,0.3802,0.2178,0.246,0.2879,0.277,0.2371,0.2909,0.3699
22917,H,107402,180803,3.8015,3.7867,3.7989,0.0019,0.3098,-3.82,-0.0185,0.3118,0.1156,0.1066,0.1128,0.1433,0.1025,0.1068,0.1128
22918,H,107304,172647,3.7675,3.7625,3.773,0.0005,0.3045,-3.82,-0.0525,-0.111,0.2082,0.0963,0.3379,0.2589,0.3149,-0.0556,0.2549
22919,H,107291,175156,3.8073,3.7947,3.8046,0.0049,0.3043,-3.82,-0.0127,0.3149,0.665,nan,nan,0.5227,0.2245,nan,nan
22920,H,107061,178732,3.7948,3.7823,3.7946,0.0016,0.3066,-3.82,-0.0252,nan,nan,-0.143,0.2541,-0.1235,0.2573,-0.143,0.2541
22921,H,107295,179382,3.7744,3.7669,3.7697,0.0013,0.3044,-3.82,-0.0456,-0.0578,0.1511,-0.0607,0.1794,-0.0263,0.1898,-0.0607,0.1794
22922,H,107397,173905,3.8212,3.8086,3.8272,0.0028,0.306,-3.82,0.0012,-0.2923,0.3282,0.0972,0.6417,nan,nan,nan,nan
22923,H,107393,178834,3.7785,3.762,3.783,0.0037,0.3005,-3.82,-0.0415,nan,nan,1.9241,0.1188,nan,nan,0.1421,0.1412
22924,H,107102,170983,3.7784,3.7608,3.778,0.0014,0.3005,-3.82,-0.0416,nan,nan,0.9828,0.0273,1.175,0.2662,0.9828,0.0273
22925,H,107029,177420,3.8008,3.7918,3.8021,0.0046,0.2993,-3.82,-0.0192,-0.0844,0.4934,0.2548,0.2574,0.145,0.2348,0.2548,0.2574
22927,H,107369,174642,3.7796,3.7666,3.779,0.0023,0.2996,-3.82,-0.0404,-0.1688,0.3464,0.2995,0.1274,0.3209,0.1183,0.2995,0.1274
22928,H,107093,175078,3.8165,3.8027,3.8157,0.002,0.3034,-3.82,-0.0035,-0.3687,0.2737,-0.2007,0.2383,-0.1863,0.2492,-0.1863,0.2492
22930,H,107290,172159,3.7876,3.7704,3.7948,0.004,0.3014,-3.82,-0.0324,0.5191,0.2757,0.9042,0.9138,1.3095,0.945,0.9042,0.9138
22931,H,107272,172571,3.8315,3.8168,3.8327,0.0001,0.3028,-3.82,0.0115,nan,nan,nan,nan,0.6461,0.1937,nan,nan
22933,H,107176,171403,3.7836,3.7625,3.7877,0.0039,0.305,-3.82,-0.0364,-0.5527,1.1137,-0.3773,0.5199,-0.4573,1.3035,-0.3782,0.5254
22934,H,106626,185443,3.8265,3.8122,3.8242,0.0002,0.305,-3.82,0.0065,nan,nan,nan,nan,nan,nan,nan,nan
22936,H,106775,188962,3.803,3.7964,3.8156,0.0004,0.3052,-3.82,-0.017,0.7093,0.3778,-2.6819,0.0833,-2.694,0.1338,-2.6819,0.0833
22939,H,135237,0,3.7898,3.7867,3.7949,-0.01,0.2927,-3.82,-0.0302,nan,nan,nan,nan,nan,nan,nan,nan
22940,H,135321,0,3.7973,3.8017,3.799,-0.0114,0.2937,-3.82,-0.0227,nan,nan,nan,nan,nan,nan,nan,nan
22941,H,106194,186364,3.8211,3.8115,3.8213,-0.0093,0.312,-3.82,0.0011,-0.0443,0.379,0.8631,3.3079,0.5127,1.7654,0.5127,1.7654
22943,H,106143,191053,3.8211,3.814,3.8276,-0.0058,0.3126,-3.82,0.0011,-0.1641,0.2118,-0.1614,0.2327,-0.1716,0.2255,-0.1716,0.2255
22944,H,106514,192848,3.8213,3.8019,3.8213,-0.0078,0.3133,-3.82,0.0013,-0.0603,0.1723,0.1606,0.0996,0.1606,0.0996,0.1606,0.0996
22946,H,141676,255319,3.8208,3.8103,3.8234,-0.0019,0.312,-3.82,0.0008,-0.4708,0.1217,-0.3657,0.1827,-0.367,0.1847,-0.367,0.1847
22947,H,106645,190968,3.8286,3.8162,3.8318,-0.0036,0.3107,-3.82,0.0086,nan,nan,nan,nan,nan,nan,nan,nan
22948,H,106773,188969,3.8248,3.8125,3.8194,0.0,0.3098,-3.82,0.0048,nan,nan,2.1571,0.0552,2.1549,0.0568,2.1571,0.0552
22949,H,106899,190202,3.7704,3.7603,3.7756,0.0004,0.3048,-3.82,-0.0496,-0.1887,0.1696,-0.3074,0.1767,-0.2527,0.1664,-0.3074,0.1767
22950,H,106802,189276,3.7964,3.7919,3.7963,0.001,0.306,-3.82,-0.0236,-0.0538,0.3568,0.0592,0.7135,0.1012,0.6212,0.0592,0.7135
22951,H,106691,188762,3.8222,3.814,3.8251,0.0018,0.3049,-3.82,0.0022,-0.9935,0.2953,nan,nan,nan,nan,nan,nan
22952,H,106594,182978,3.7941,3.7959,3.7976,0.0026,0.3051,-3.82,-0.0259,0.1475,0.1876,-0.0461,0.0962,-0.0302,0.0848,-0.0461,0.0962
22953,H,106870,180821,3.8187,3.8121,3.8162,0.0026,0.305,-3.82,-0.0013,0.043,0.808,nan,nan,nan,nan,nan,nan
22954,H,106978,178102,3.7899,3.78,3.7925,-0.0006,0.3046,-3.82,-0.0301,0.3639,0.2952,0.1899,0.159,0.1998,0.1536,0.1899,0.159
22955,H,106852,183944,3.7807,3.7742,3.7777,0.004,0.3053,-3.82,-0.0393,0.003,0.1865,0.0696,0.1855,0.1177,0.1826,0.0696,0.1855
22956,H,107008,179780,3.8248,3.8155,3.8211,-0.0001,0.3062,-3.82,0.0048,0.3209,0.4562,0.799,2.2048,nan,nan,-0.1725,0.3012
22957,H,106750,174848,3.7898,3.7789,3.7869,0.0007,0.3075,-3.82,-0.0302,-0.8913,0.5142,nan,nan,nan,nan,nan,nan
22958,H,106855,177260,3.818,3.814,3.8222,0.0,0.3063,-3.82,-0.002,0.21,0.2353,0.0527,0.1158,0.0527,0.1158,0.0527,0.1158
22959,H,63641,102192,3.7834,3.7751,3.7817,0.0019,0.3079,-3.82,-0.0366,nan,nan,-2.299,0.6489,0.413,0.2189,-2.299,0.6489
22960,H,14145,13109,3.9163,3.9459,3.834,-0.0004,0.4747,-3.82,0.0963,nan,nan,nan,nan,nan,nan,nan,nan
22961,H,107080,174801,3.8299,3.8185,3.8235,0.0006,0.3086,-3.82,0.0099,-0.1764,0.3915,-0.2198,0.4629,-0.2309,0.0289,-0.2198,0.4629
22962,H,107344,169288,3.7785,3.7696,3.781,0.0012,0.3057,-3.82,-0.0415,-0.5947,2.0942,nan,nan,-1.0938,4.4775,nan,nan
22963,H,107148,170974,3.8212,3.8156,3.8206,0.0007,0.3077,-3.82,0.0012,0.2199,0.3769,0.1481,0.3005,0.1481,0.3005,0.1481,0.3005
22964,H,36342,0,3.9013,3.8944,3.9094,-0.0641,0.3689,-3.82,0.0813,nan,nan,nan,nan,nan,nan,nan,nan
22966,H,132215,239332,3.8973,3.8853,3.8909,-0.0559,0.3724,-3.82,0.0773,-0.681,0.3407,nan,nan,-0.4232,0.2161,nan,nan
22967,H,106229,194407,3.8445,3.8102,3.8457,-0.0625,0.3509,-3.82,0.0245,-0.9386,0.3563,-0.0054,2.8225,-1.5979,0.3702,-0.0054,2.8225
22968,H,106881,184276,3.8272,3.7952,3.8289,-0.0593,0.353,-3.82,0.0072,nan,nan,nan,nan,nan,nan,nan,nan
22969,H,106938,184560,3.8462,3.809,3.8374,-0.0586,0.3499,-3.82,0.0262,0.6363,0.146,0.48,0.1406,0.4176,0.175,0.48,0.1406
22970,H,107359,176486,3.8719,3.8377,3.8651,-0.0603,0.3498,-3.82,0.0519,nan,nan,0.1604,0.1077,nan,nan,0.1604,0.1077
22971,H,107465,182105,3.8178,3.7828,3.8157,-0.0555,0.3526,-3.82,-0.0022,-0.1869,0.397,2.8594,0.454,3.0646,0.8157,3.0646,0.8157
22972,H,107765,159082,3.8788,3.8358,3.8771,-0.0614,0.3514,-3.82,0.0588,0.2455,0.3624,-0.1835,0.2608,-0.1513,0.2629,-0.1792,0.2583
22973,H,107304,159772,3.8553,3.8285,3.856,-0.0571,0.3509,-3.82,0.0353,0.2141,0.7729,nan,nan,0.2648,0.1654,0.1885,0.5192
22974,H,107430,162643,3.8749,3.8374,3.8727,-0.0598,0.352,-3.82,0.0549,-0.6882,0.4495,-0.488,0.2728,-0.4455,0.3777,-0.488,0.2728
22975,H,107409,180698,3.8346,3.803,3.8289,-0.0589,0.3508,-3.82,0.0146,nan,nan,0.0255,0.1557,0.1323,0.2896,0.1735,0.3416
22976,H,107009,185343,3.8715,3.8353,3.8677,-0.0614,0.3527,-3.82,0.0515,-0.1207,0.2835,0.0593,0.2416,0.0066,0.2511,0.0593,0.2416
22977,H,107361,179718,3.8217,3.792,3.8193,-0.0586,0.3508,-3.82,0.0017,nan,nan,-0.227,0.2809,-0.2352,0.3203,-0.2352,0.3203
22978,H,106858,172222,3.8672,3.8432,3.8728,-0.0567,0.3526,-3.82,0.0472,0.313,1.358,-0.3531,0.3129,2.7608,0.3616,-0.3531,0.3129
22979,H,107271,173998,3.8249,3.7984,3.8218,-0.0603,0.352,-3.82,0.0049,-0.2382,1.425,nan,nan,nan,nan,nan,nan
22980,H,107358,175913,3.8372,3.7985,nan,-0.0622,0.3528,-3.82,0.0172,nan,nan,nan,nan,-0.0749,0.3838,nan,nan
22981,H,107396,177331,3.8723,3.8364,3.876,-0.0665,0.3559,-3.82,0.0523,nan,nan,0.0434,1.5279,nan,nan,0.0434,1.5279
22982,H,107399,176773,3.8241,3.7849,3.8256,-0.0612,0.3542,-3.82,0.0041,-0.3584,0.402,nan,nan,nan,nan,nan,nan
22983,H,106805,179730,3.8573,3.826,3.8582,-0.0609,0.3537,-3.82,0.0373,-0.2203,0.5039,-0.4727,0.2448,-0.4706,0.2522,-0.4727,0.2448
22984,H,107033,179497,3.8772,3.8466,3.8812,-0.065,0.3568,-3.82,0.0572,1.4819,0.363,1.4505,0.6652,nan,nan,1.9402,0.1329
22985,H,106859,177276,3.8384,3.8002,3.8421,-0.0619,0.3508,-3.82,0.0184,nan,nan,nan,nan,nan,nan,nan,nan
22986,H,107029,179244,3.8548,3.8187,3.8543,-0.0584,0.3509,-3.82,0.0348,-0.5017,0.3736,-0.5145,0.1525,-0.4864,0.0908,-0.5145,0.1525
22987,H,107419,178335,3.8592,3.826,3.8543,-0.0612,0.3546,-3.82,0.0392,0.1346,0.2633,0.2128,0.1866,-0.0575,0.0448,0.2131,0.1866
22988,H,107379,179176,3.8259,3.7938,3.8244,-0.0606,0.3515,-3.82,0.0059,0.0638,0.1749,0.0016,0.1768,0.0204,0.167,0.012,0.164
22991,H,142293,238869,3.8219,3.7862,3.8169,-0.0555,0.3493,-3.82,0.0019,-0.7076,0.5205,-0.214,26.741,-0.214,26.741,-0.214,26.741
22994,H,106971,182705,3.8554,3.8184,3.8582,-0.0562,0.3504,-3.82,0.0354,-2.6593,0.0308,-1.7964,0.2733,-1.7056,0.0738,-1.7964,0.2733
22996,H,107226,177875,3.8035,3.7672,3.7983,-0.0527,0.3484,-3.82,-0.0165,-0.2262,0.319,2.9509,0.2057,3.0011,0.1908,2.9509,0.2057
22997,H,107104,179294,3.8271,3.8004,3.8325,-0.0526,0.3476,-3.82,0.0071,0.1764,0.2494,0.2505,0.2148,0.2433,0.2263,0.2505,0.2148
22998,H,107308,177889,3.8538,3.8209,3.8603,-0.0536,0.3509,-3.82,0.0338,nan,nan,nan,nan,-0.1941,0.558,nan,nan
22999,H,107596,174919,3.8062,3.775,3.8046,-0.056,0.3477,-3.82,-0.0138,0.7136,0.2066,0.6815,0.1889,0.6886,0.1643,0.6815,0.1889
23000,H,107490,177120,3.8516,3.8169,3.8543,-0.0568,0.352,-3.82,0.0316,0.8565,0.5023,0.92,0.3748,0.8339,0.2756,0.9231,0.368
23001,H,107626,167639,3.7953,3.7591,3.7933,-0.0544,0.3492,-3.82,-0.0247,0.6972,0.3624,-0.0645,0.1034,-0.0589,0.1007,-0.0645,0.1034
23002,H,107404,174189,3.8618,3.8294,3.8615,-0.0548,0.3506,-3.82,0.0418,-0.2442,0.0744,-0.5645,0.256,-0.7234,0.2393,-0.5421,0.2743
23003,H,107540,170886,3.8039,3.7672,3.8084,-0.0539,0.3507,-3.82,-0.0161,2.1331,0.1139,0.4545,0.2133,2.2644,0.1321,0.4545,0.2133
23004,H,107191,173595,3.8613,3.8254,3.8626,-0.0553,0.3504,-3.82,0.0413,nan,nan,-0.815,0.41,-0.7619,0.4405,-0.815,0.41
23005,H,107891,165689,3.8048,3.7749,3.798,-0.0491,0.3503,-3.82,-0.0152,-0.077,0.3358,-0.2443,0.2061,nan,nan,-0.2443,0.2061
23006,H,107234,170075,3.85,3.8211,3.8599,-0.0497,0.3501,-3.82,0.03,-0.1049,0.4928,0.0878,0.439,-0.0233,0.4636,0.0608,0.4868
23007,H,106999,167553,3.8625,3.8333,3.8636,-0.0556,0.3517,-3.82,0.0425,nan,nan,-0.0694,0.057,nan,nan,-0.0694,0.057
23008,H,107734,167131,3.8362,3.8,3.8395,-0.0553,0.3504,-3.82,0.0162,0.1554,0.1357,0.1054,0.105,0.0917,0.1197,0.1055,0.1051
23009,H,107610,167314,3.8424,3.8142,3.8481,-0.0574,0.3509,-3.82,0.0224,nan,nan,-0.861,0.434,1.1892,0.0848,-0.7053,0.6995
23010,H,107748,170547,3.8335,3.8066,3.8322,-0.058,0.3523,-3.82,0.0135,nan,nan,-2.329,0.5101,-2.344,0.4812,-2.329,0.5101
23011,H,107468,167439,3.8365,3.8014,3.8418,-0.0551,0.3495,-3.82,0.0165,-0.5737,0.2263,-0.7331,0.0534,-0.7529,0.0501,-0.7331,0.0533
23012,H,107321,171713,3.8446,3.8208,3.8396,-0.0536,0.3509,-3.82,0.0246,-0.2388,0.4087,nan,nan,0.1463,3.0586,nan,nan
23014,H,30852,0,3.8588,3.8631,3.8601,-0.0565,0.3618,-3.82,0.0388,nan,nan,nan,nan,nan,nan,nan,nan
23015,H,845,70,3.8514,0.3468,3.8374,-0.073,0.3378,-3.82,0.0314,nan,nan,nan,nan,-0.0442,0.1181,nan,nan
23016,H,18396,1510,3.818,3.7192,3.8265,-0.0683,0.3311,-3.82,-0.002,nan,nan,nan,nan,nan,nan,nan,nan
23018,H,124777,198533,3.8533,3.8254,3.8442,-0.0548,0.3729,-3.82,0.0333,-1.4048,0.4988,-0.0782,2.3249,0.1101,2.9961,-1.6569,0.3522
23019,H,56230,88528,3.8104,3.7698,3.8095,-0.0628,0.3409,-3.82,-0.0096,0.1236,0.1204,nan,nan,nan,nan,nan,nan
23020,H,55999,88038,3.8163,3.7763,3.812,-0.0632,0.3368,-3.82,-0.0037,2.2874,0.3376,nan,nan,nan,nan,nan,nan
23021,H,56156,89110,3.7917,3.7435,3.7843,-0.0593,0.3381,-3.82,-0.0283,nan,nan,-1.8371,0.1265,-1.7737,0.0428,-1.8371,0.1265
23022,H,55973,88315,3.8379,3.7891,3.839,-0.062,0.3378,-3.82,0.0179,0.2682,0.1564,0.1519,0.1829,0.1492,0.1677,0.1519,0.1829
23023,H,55970,85687,3.7841,3.7433,3.7794,-0.0603,0.3364,-3.82,-0.0359,nan,nan,2.2808,0.4448,2.2595,0.4797,2.2808,0.4448
23024,H,56178,85487,3.8353,3.7871,3.8437,-0.0592,0.3366,-3.82,0.0153,nan,nan,nan,nan,-0.0195,0.5558,nan,nan
23025,H,56333,83926,3.8111,3.7571,3.8068,-0.0627,0.3398,-3.82,-0.0089,0.0412,0.1399,0.0194,0.1483,0.0191,0.1484,0.0192,0.1483
23026,H,56239,85265,3.8098,3.756,3.8178,-0.0664,0.3401,-3.82,-0.0102,0.075,0.7986,0.0759,0.5333,0.0755,0.5341,0.0759,0.5333
23027,H,56375,83686,3.8141,3.7687,3.8128,-0.058,0.3367,-3.82,-0.0059,0.2023,0.2269,0.064,0.274,0.064,0.274,0.064,0.274
23030,H,56561,82022,3.7898,3.7451,3.8066,-0.0597,0.3376,-3.82,-0.0302,nan,nan,-0.2076,0.3429,0.8342,5.641,-0.2127,0.3553
23031,H,56119,83672,3.8112,3.7672,3.8112,-0.0548,0.3377,-3.82,-0.0088,-2.0943,0.0621,-0.4127,0.0609,-0.4131,0.0612,-0.4127,0.0609
23032,H,56013,83245,3.8051,3.7541,3.802,-0.0635,0.3375,-3.82,-0.0149,nan,nan,nan,nan,nan,nan,nan,nan
23033,H,56226,83407,3.8259,3.7922,3.8329,-0.063,0.3378,-3.82,0.0059,0.5686,0.1422,0.4237,0.1938,0.4265,0.1936,0.4239,0.1937
23034,H,56493,84119,3.8057,3.76,3.8147,-0.0583,0.3383,-3.82,-0.0143,0.6169,0.3156,0.4931,0.3333,0.5367,0.3487,0.4361,0.2889
23035,H,56220,83153,3.8187,3.7706,3.8194,-0.0623,0.3394,-3.82,-0.0013,nan,nan,nan,nan,nan,nan,nan,nan
23036,H,56557,80802,3.8253,3.7787,3.824,-0.065,0.3407,-3.82,0.0053,nan,nan,nan,nan,nan,nan,nan,nan
23037,H,62869,50676,3.8099,3.8168,3.815,-0.0629,0.3356,-3.82,-0.0101,-0.8126,0.3754,-0.0241,1.8936,-0.0263,1.8805,-0.0241,1.8936
23038,H,55513,90821,3.8309,3.7769,3.8232,-0.0745,0.3447,-3.82,0.0109,1.6408,0.7408,nan,nan,nan,nan,nan,nan
23039,H,55815,89841,3.8254,3.769,3.8287,-0.0688,0.3404,-3.82,0.0054,0.2389,0.296,nan,nan,nan,nan,nan,nan
23041,H,124547,198630,3.8792,3.844,3.8855,-0.0597,0.3717,-3.82,0.0592,-0.6737,0.3726,2.7935,0.0298,2.325,0.6752,2.7935,0.0298
23042,H,56018,90397,3.8194,3.7805,3.8229,-0.0619,0.3367,-3.82,-0.0006,-0.3142,0.1641,-0.1097,0.1602,-0.1097,0.1602,-0.1097,0.1602
23043,H,55627,90657,3.8204,3.7828,3.824,-0.0581,0.3376,-3.82,0.0004,nan,nan,nan,nan,nan,nan,nan,nan
23044,H,56152,90718,3.8338,3.7879,3.8274,-0.0602,0.3374,-3.82,0.0138,3.1236,0.5256,-0.1574,0.2267,-0.2323,0.2546,-0.1617,0.2232
23045,H,56392,88030,3.7991,3.7592,3.7926,-0.0565,0.3364,-3.82,-0.0209,nan,nan,nan,nan,0.1523,0.6098,0.2849,0.6207
23046,H,55962,86754,3.8255,3.7897,3.8242,-0.0605,0.3398,-3.82,0.0055,-2.5681,0.0775,nan,nan,1.7513,0.0911,nan,nan
23047,H,55567,112087,3.7991,3.7622,3.801,-0.0631,0.3402,-3.82,-0.0209,nan,nan,2.7271,0.0752,2.7792,0.0698,2.7271,0.0752
23048,H,55583,91629,3.8156,3.7618,3.8237,-0.0682,0.3416,-3.82,-0.0044,-0.2262,0.1008,-0.3713,0.1057,-0.3713,0.1057,-0.3713,0.1057
23049,H,55813,92201,3.8182,3.7784,3.8204,-0.0633,0.3404,-3.82,-0.0018,nan,nan,nan,nan,nan,nan,nan,nan
23050,H,56107,90260,3.7948,3.7556,3.8066,-0.0627,0.34,-3.82,-0.0252,-0.1683,0.7245,nan,nan,-0.2319,0.0453,nan,nan
23051,H,55616,105333,3.8357,3.7987,3.834,-0.0595,0.3426,-3.82,0.0157,nan,nan,0.0768,0.1225,nan,nan,0.0768,0.1225
23053,H,55810,103294,3.8116,3.753,3.8125,-0.0651,0.3411,-3.82,-0.0084,nan,nan,nan,nan,nan,nan,nan,nan
23054,H,25329,39406,3.809,3.7687,3.8116,-0.0658,0.3393,-3.82,-0.011,-0.7294,0.6609,nan,nan,nan,nan,nan,nan
23055,H,55783,86184,3.8335,3.7767,3.8399,-0.0684,0.3434,-3.82,0.0135,-0.3143,0.0975,-2.7241,0.0497,-2.7214,0.0789,-2.7241,0.0497
23056,H,56569,81540,3.7958,3.742,3.7899,-0.0621,0.3387,-3.82,-0.0242,0.0838,0.7326,-0.7,0.3758,-0.6964,0.4471,-0.7,0.3758
23057,H,56378,78540,3.8315,3.7898,3.8306,-0.0611,0.3411,-3.82,0.0115,nan,nan,-0.8955,0.6359,nan,nan,-0.8955,0.6359
23058,H,56301,79774,3.7963,3.7429,3.8041,-0.0637,0.341,-3.82,-0.0237,-0.0218,0.245,nan,nan,-0.5598,0.4568,nan,nan
23059,H,56618,80718,3.8214,3.7836,3.8167,-0.0646,0.3421,-3.82,0.0014,0.0041,0.1306,-0.2759,0.1859,-0.2759,0.1861,-0.2759,0.1861
23060,H,56406,79779,3.8221,3.7859,3.8156,-0.0624,0.3423,-3.82,0.0021,0.33,0.4176,0.3713,0.1208,0.3713,0.1208,0.3713,0.1208
23061,H,56150,78766,3.8225,3.7887,3.8275,-0.0598,0.3426,-3.82,0.0025,nan,nan,nan,nan,nan,nan,nan,nan
23062,H,55982,78882,3.827,3.7914,3.8239,-0.0632,0.3399,-3.82,0.007,nan,nan,nan,nan,1.6576,4.8204,nan,nan
23063,H,56437,77979,3.8393,3.7972,3.8347,-0.0653,0.3408,-3.82,0.0193,0.9758,0.3457,nan,nan,0.802,0.1083,nan,nan
23065,H,84980,112880,3.7788,3.7336,3.7752,-0.065,0.3432,-3.82,-0.0412,0.2594,0.2795,0.2543,0.2964,0.2886,0.2815,0.2543,0.2964
23066,H,56740,76291,3.7658,3.7189,3.7703,-0.0638,0.3414,-3.82,-0.0542,3.0053,0.3068,-1.0068,0.1548,nan,nan,-0.0098,5.0315
23067,H,56640,76311,3.8323,3.7799,3.8305,-0.0636,0.3409,-3.82,0.0123,1.1252,0.5612,nan,nan,-0.0756,0.1435,nan,nan
23068,H,56767,78660,3.7914,3.7458,3.7943,-0.0588,0.341,-3.82,-0.0286,0.3518,0.061,0.2368,0.0638,0.2444,0.0621,0.2368,0.0638
23069,H,56291,78368,3.8216,3.7775,3.8111,-0.0617,0.3392,-3.82,0.0016,1.3155,0.1739,1.1306,0.3329,1.1306,0.3329,1.1306,0.3329
23070,H,56027,84033,3.8251,3.7915,3.8315,-0.0635,0.3368,-3.82,0.0051,-1.3336,1.7563,nan,nan,nan,nan,nan,nan
23071,H,56211,79429,3.8024,3.7677,3.8098,-0.0608,0.3387,-3.82,-0.0176,nan,nan,nan,nan,nan,nan,nan,nan
23072,H,55689,89070,3.7917,3.7524,3.793,-0.0557,0.3379,-3.82,-0.0283,2.7653,0.0918,nan,nan,nan,nan,nan,nan
23073,H,56130,87132,3.8293,3.7824,3.8287,-0.0635,0.3377,-3.82,0.0093,1.6187,10.8933,nan,nan,nan,nan,nan,nan
23074,H,56263,84506,3.8097,3.7584,3.8085,-0.0637,0.3405,-3.82,-0.0103,-0.5144,0.0494,nan,nan,nan,nan,nan,nan
23076,H,56207,81671,3.8292,3.779,3.83,-0.0612,0.3379,-3.82,0.0092,nan,nan,nan,nan,-2.4652,0.2133,nan,nan
23077,H,56046,81924,3.8045,3.7542,3.8063,-0.0653,0.3421,-3.82,-0.0155,1.3096,0.1022,nan,nan,1.7834,0.095,nan,nan
23078,H,55759,89453,3.8426,3.7891,3.8515,-0.0691,0.3429,-3.82,0.0226,-1.2639,0.659,-1.3184,0.4986,-1.0268,1.1293,-1.3184,0.4986
23079,H,55940,86523,3.8383,3.7939,3.835,-0.0667,0.3428,-3.82,0.0183,0.0972,0.4128,-0.0264,0.2765,0.0085,0.3126,0.0325,0.2976
23080,H,56292,84284,3.8386,3.7899,3.8359,-0.0647,0.3407,-3.82,0.0186,nan,nan,2.5223,0.2905,2.4477,0.4036,2.522,0.29
23081,H,56192,81328,3.8371,3.7844,3.8376,-0.0614,0.3358,-3.82,0.0171,-0.298,0.167,nan,nan,nan,nan,nan,nan
23082,H,56323,80804,3.7914,3.744,3.7957,-0.0619,0.3349,-3.82,-0.0286,nan,nan,-2.3262,0.064,-1.9826,0.4135,-2.3262,0.064
23083,H,56626,78128,3.8003,3.7482,3.7956,-0.0615,0.3346,-3.82,-0.0197,nan,nan,-0.7864,0.0357,-0.7955,0.0745,-0.7864,0.0357
23087,H,116599,162183,3.8928,3.86,3.9112,-0.0566,0.37,-3.82,0.0728,0.5597,0.2953,1.1497,14.6773,0.3674,0.4943,0.488,0.5482
23089,H,55536,85392,3.8142,3.7751,3.8024,-0.0647,0.3399,-3.82,-0.0058,-0.2412,0.0773,-0.3318,0.2179,-0.3318,0.2179,-0.3318,0.2179
23090,H,55984,83482,3.8217,3.7762,3.8186,-0.0597,0.3392,-3.82,0.0017,nan,nan,nan,nan,nan,nan,nan,nan
23091,H,56109,82896,3.8129,3.7764,3.8118,-0.0634,0.3413,-3.82,-0.0071,nan,nan,3.142,0.1485,3.1425,0.148,3.1416,0.1482
23092,H,56659,80777,3.8147,3.751,3.8016,-0.0669,0.3447,-3.82,-0.0053,nan,nan,nan,nan,nan,nan,nan,nan
23093,H,56891,80827,3.802,3.7554,3.8112,-0.0661,0.3441,-3.82,-0.018,nan,nan,nan,nan,nan,nan,nan,nan
23094,H,56609,80083,3.8119,3.7621,3.8204,-0.0668,0.3422,-3.82,-0.0081,nan,nan,-1.6698,0.1349,-1.6698,0.1349,-1.6698,0.1349
23095,H,56673,78301,3.7742,3.7302,3.776,-0.0641,0.3423,-3.82,-0.0458,nan,nan,1.6764,0.0765,1.6971,0.0836,1.6764,0.0765
23096,H,56167,87037,3.8076,3.7625,3.8011,-0.0706,0.344,-3.82,-0.0124,nan,nan,-0.0938,0.3824,-0.1836,0.3777,-0.0938,0.3824
23097,H,56646,88217,3.7789,3.7342,3.78,-0.0681,0.3399,-3.82,-0.0411,nan,nan,0.0138,0.0882,0.108,0.079,0.0138,0.0882
23098,H,55939,98150,3.7792,3.7417,3.781,-0.0712,0.3412,-3.82,-0.0408,-2.4117,0.0276,nan,nan,nan,nan,nan,nan
23099,H,56364,94577,3.808,3.7631,3.8121,-0.0731,0.3452,-3.82,-0.012,0.444,0.2837,0.1945,0.1771,0.2187,0.1853,0.1945,0.1771
23100,H,56072,94616,3.8152,3.7637,3.8189,-0.0731,0.3462,-3.82,-0.0048,nan,nan,nan,nan,nan,nan,nan,nan
23101,H,55798,93268,3.8029,3.7468,3.8046,-0.0708,0.3462,-3.82,-0.0171,0.0499,0.122,-0.1514,0.2939,nan,nan,-0.1514,0.2939
23103,H,125129,200848,3.8687,3.8427,3.8714,-0.0619,0.3782,-3.82,0.0487,nan,nan,2.9852,0.1739,2.811,0.2784,2.9852,0.1739
23104,H,56136,90693,3.8121,3.7663,3.8174,-0.0706,0.3428,-3.82,-0.0079,0.0231,0.4858,-0.3849,0.2873,-0.3397,0.3098,-0.3397,0.3098
23105,H,62054,46942,3.8129,3.8253,3.823,-0.0715,0.34,-3.82,-0.0071,nan,nan,-0.3154,0.4123,-0.3422,0.3925,-0.3422,0.3925
23106,H,62225,45928,3.8154,3.825,3.8126,-0.0733,0.3414,-3.82,-0.0046,-0.2413,0.3875,-0.1724,0.147,-0.1668,0.1516,-0.1724,0.147
23107,H,62081,46763,3.8063,3.8157,3.8101,-0.0604,0.3356,-3.82,-0.0137,0.0016,0.1824,-0.0237,0.1918,-0.099,0.1641,-0.0237,0.1918
23108,H,62353,46862,3.8359,3.8495,3.8389,-0.0628,0.3341,-3.82,0.0159,-0.6096,0.3236,-0.2272,0.5321,-0.2789,0.2108,-0.2272,0.5321
23109,H,62166,45783,3.8273,3.8382,3.8287,-0.0631,0.3311,-3.82,0.0073,-0.6288,0.3572,nan,nan,nan,nan,nan,nan
23110,H,57352,62926,3.8341,3.7942,3.8271,-0.0511,0.3363,-3.82,0.0141,nan,nan,2.495,0.2117,2.371,0.207,2.495,0.2117
23111,H,56060,90367,3.8138,3.7657,3.8146,-0.0587,0.3353,-3.82,-0.0062,nan,nan,nan,nan,nan,nan,nan,nan
23113,H,32945,52439,3.8492,3.8167,3.8492,-0.0637,0.3389,-3.82,0.0292,nan,nan,0.1368,0.199,0.25,0.2355,0.137,0.199
23125,H,8893,0,3.8444,3.8528,3.8446,-0.0684,0.3327,-3.82,0.0244,nan,nan,nan,nan,nan,nan,nan,nan
23126,H,8101,0,3.8274,3.8336,3.8266,-0.0596,0.3324,-3.82,0.0074,nan,nan,nan,nan,nan,nan,nan,nan
23127,H,8770,0,3.7794,3.7863,3.7749,-0.0788,0.3298,-3.82,-0.0406,nan,nan,nan,nan,nan,nan,nan,nan
23128,H,56482,88354,3.8044,3.756,3.7989,-0.0677,0.3453,-3.82,-0.0156,nan,nan,0.3001,0.4656,nan,nan,0.3001,0.4656
23129,H,56513,86471,3.7836,3.748,3.7781,-0.0659,0.3405,-3.82,-0.0364,nan,nan,0.4458,0.1181,0.3521,0.0686,0.4458,0.1181
23131,H,13275,0,3.8149,3.82,3.8141,-0.0788,0.3314,-3.82,-0.0051,nan,nan,nan,nan,nan,nan,nan,nan
23133,H,57157,74429,3.8024,3.7504,3.7957,-0.0672,0.3421,-3.82,-0.0176,nan,nan,nan,nan,nan,nan,nan,nan
23135,H,56854,72798,3.8278,3.7774,3.8268,-0.0643,0.3365,-3.82,0.0078,-2.199,0.2298,-1.7192,0.412,nan,nan,nan,nan
23136,H,56728,81552,3.8238,3.7761,3.8279,-0.0609,0.3376,-3.82,0.0038,nan,nan,-0.5167,0.1404,-0.5167,0.1404,-0.5167,0.1404
23138,H,125496,181830,3.8789,3.8602,3.8769,-0.0486,0.3711,-3.82,0.0589,-0.2256,1.0669,0.2917,3.3045,0.6431,3.7018,0.2917,3.3045
23139,H,56352,83602,3.8246,3.7819,3.8199,-0.0601,0.3363,-3.82,0.0046,nan,nan,0.2937,1.1045,0.2937,1.1045,0.2937,1.1045
23140,H,56749,83920,3.8289,3.7979,3.8303,-0.0632,0.336,-3.82,0.0089,0.2408,0.1415,0.1848,0.1809,0.1953,0.1739,0.1848,0.1809
23141,H,56861,80625,3.8313,3.7843,3.8298,-0.0609,0.3358,-3.82,0.0113,nan,nan,1.899,0.2597,1.9006,0.2539,1.899,0.2597
23142,H,56607,79832,3.8352,3.7866,3.8364,-0.0604,0.3362,-3.82,0.0152,-0.2205,0.1089,-0.3138,0.2934,nan,nan,-0.3138,0.2934
23143,H,56640,79289,3.8386,3.7878,3.8355,-0.0605,0.338,-3.82,0.0186,-1.6548,0.2308,-1.58,0.2394,-1.5733,0.2298,-1.5613,0.2551
23144,H,56320,78540,3.8428,3.7999,3.8464,-0.0588,0.3411,-3.82,0.0228,-0.4507,0.4113,nan,nan,nan,nan,nan,nan
23145,H,56546,78142,3.8494,3.8152,3.8479,-0.0588,0.3382,-3.82,0.0294,1.7949,0.788,nan,nan,0.253,0.191,nan,nan
23146,H,56596,76790,3.8617,3.8308,3.8661,-0.0583,0.3384,-3.82,0.0417,-0.1992,0.0293,-0.0205,0.1117,-0.0647,0.1056,-0.0205,0.1117
23147,H,56700,77447,3.8609,3.8253,3.8647,-0.0559,0.3368,-3.82,0.0409,nan,nan,-0.3585,0.0795,-0.4099,0.0623,-0.3584,0.0795
23148,H,56946,77984,3.8675,3.8375,3.8651,-0.0569,0.3377,-3.82,0.0475,nan,nan,-0.2539,0.0548,-0.3148,0.0884,-0.2539,0.0548
23149,H,56795,78482,3.8751,3.828,3.881,-0.0625,0.3392,-3.82,0.0551,-0.4052,0.3471,-0.5136,0.2411,-0.4965,0.1394,-0.5136,0.2411
23150,H,56944,79086,3.8312,3.787,3.8373,-0.06,0.3386,-3.82,0.0112,-1.7633,0.0613,2.6833,0.0379,2.6701,0.0403,2.6833,0.0379
23151,H,56373,77749,3.8654,3.8234,3.8684,-0.0624,0.3402,-3.82,0.0454,nan,nan,-0.5755,0.0392,-0.5641,0.0487,-0.5756,0.0392
23152,H,56171,85178,3.8768,3.8237,3.8845,-0.0703,0.3422,-3.82,0.0568,nan,nan,nan,nan,nan,nan,1.9345,4.9197
23153,H,56421,84734,3.8379,3.7998,3.8402,-0.0664,0.3428,-3.82,0.0179,nan,nan,nan,nan,1.1323,0.4601,nan,nan
23154,H,56332,85367,3.8392,3.808,3.8333,-0.068,0.3444,-3.82,0.0192,-0.3214,0.2848,-0.2374,0.0567,-0.2748,0.0507,-0.2374,0.0567
23155,H,56250,84520,3.8397,3.7929,3.8436,-0.0704,0.3419,-3.82,0.0197,nan,nan,-0.1147,0.4374,nan,nan,-0.1147,0.4374
23156,H,56705,82332,3.8144,3.776,3.8122,-0.0675,0.3418,-3.82,-0.0056,-0.8811,0.0799,-1.187,0.2781,-1.1836,0.2791,-1.1869,0.2781
23157,H,56410,84580,3.8256,3.7896,3.8282,-0.0662,0.3414,-3.82,0.0056,nan,nan,nan,nan,nan,nan,nan,nan
23158,H,56153,82834,3.8263,3.7828,3.8239,-0.0659,0.3442,-3.82,0.0063,-1.8119,0.2743,nan,nan,nan,nan,nan,nan
23159,H,56252,83237,3.8272,3.7778,3.8377,-0.074,0.347,-3.82,0.0072,-0.3517,0.1471,-0.2773,0.1129,-0.2777,0.1233,-0.2773,0.1129
23160,H,56416,82932,3.818,3.7724,3.8233,-0.0624,0.3398,-3.82,-0.002,-0.466,0.2395,-0.4871,0.1314,-0.487,0.1314,-0.487,0.1314
23161,H,56477,79855,3.815,3.7605,3.8062,-0.0669,0.3402,-3.82,-0.005,1.207,0.0491,0.8362,0.1398,0.836,0.1401,0.836,0.1401
23163,H,90122,128105,3.8151,3.771,3.8133,-0.0687,0.3417,-3.82,-0.0049,-0.8751,0.917,1.6711,0.0397,1.6711,0.04,1.6711,0.0397
23164,H,56419,79965,3.8142,3.765,3.8145,-0.0677,0.3414,-3.82,-0.0058,-0.5957,0.2626,-0.5638,0.2692,-0.5596,0.2701,-0.5596,0.2701
23166,H,56898,81112,3.8203,3.7756,3.8214,-0.0629,0.3405,-3.82,0.0003,0.1166,0.1032,1.9662,0.662,nan,nan,nan,nan
23167,H,56434,81267,3.8297,3.7756,3.8257,-0.0639,0.3394,-3.82,0.0097,nan,nan,0.5589,0.1398,0.4481,0.4724,0.5052,0.4113
23168,H,56485,81731,3.7771,3.72,3.7812,-0.0628,0.3372,-3.82,-0.0429,nan,nan,nan,nan,nan,nan,nan,nan
23169,H,56611,79897,3.8214,3.7766,3.8189,-0.067,0.3451,-3.82,0.0014,-0.1604,0.3219,-0.1743,0.4689,-0.1743,0.4689,-0.1743,0.4689
23170,H,56742,79468,3.7806,3.731,3.7815,-0.0673,0.3417,-3.82,-0.0394,0.7959,0.8372,nan,nan,nan,nan,-0.4633,0.0367
23171,H,56996,82007,3.8248,3.7819,3.8311,-0.0647,0.3403,-3.82,0.0048,0.2984,0.5752,nan,nan,nan,nan,nan,nan
23172,H,56621,82685,3.7798,3.7479,3.7863,-0.0606,0.3388,-3.82,-0.0402,0.496,0.5227,-0.5209,0.4568,nan,nan,-0.5408,0.449
23173,H,56755,77408,3.7932,3.7589,3.7938,-0.0603,0.3408,-3.82,-0.0268,-0.1867,0.2048,-0.3464,0.1827,-0.2826,0.206,-0.3464,0.1827
23174,H,56493,76891,3.8171,3.7669,3.8137,-0.0659,0.3405,-3.82,-0.0029,-0.2615,0.7448,nan,nan,nan,nan,nan,nan
23175,H,56298,85011,3.7897,3.7571,3.8051,-0.062,0.3382,-3.82,-0.0303,-0.5019,0.0629,-0.3857,0.2415,-0.3271,0.2355,-0.3863,0.241
23176,H,56511,83532,3.8186,3.779,3.8173,-0.0651,0.3399,-3.82,-0.0014,nan,nan,-0.6052,0.0645,-0.6052,0.0645,-0.6052,0.0645
23177,H,56696,84798,3.7847,3.7258,3.7875,-0.0682,0.3422,-3.82,-0.0353,nan,nan,1.8302,0.227,1.8786,0.1845,1.8302,0.227
23178,H,56387,80871,3.8232,3.7813,3.8316,-0.0655,0.3431,-3.82,0.0032,-0.6034,0.0991,-0.409,0.2071,-0.409,0.2071,-0.409,0.2071
23179,H,56448,80934,3.7794,3.7403,3.7828,-0.0632,0.3393,-3.82,-0.0406,nan,nan,2.99,0.1663,0.1777,0.3068,2.99,0.1663
23180,H,56582,83946,3.8164,3.7731,3.8162,-0.0644,0.3393,-3.82,-0.0036,nan,nan,3.5744,0.334,3.59,0.3587,3.59,0.3587
23181,H,56287,81314,3.8216,3.7823,3.8194,-0.0659,0.3444,-3.82,0.0016,-1.0184,0.4799,nan,nan,nan,nan,nan,nan
23182,H,56568,78349,3.8222,3.7683,3.8186,-0.0645,0.3413,-3.82,0.0022,2.2685,0.1677,2.197,0.0332,2.197,0.0332,2.197,0.0332
23183,H,56552,80066,3.8164,3.7739,3.8128,-0.0616,0.3434,-3.82,-0.0036,-1.379,0.1694,-1.2985,0.1967,-1.2985,0.1967,-1.2985,0.1967
23184,H,56561,78668,3.8148,3.7619,3.8164,-0.0665,0.3427,-3.82,-0.0052,-1.6644,0.124,0.6679,0.1578,0.6679,0.1578,0.6679,0.1578
23185,H,56489,81350,3.811,3.7719,3.8116,-0.0654,0.3427,-3.82,-0.009,nan,nan,0.1051,0.2482,0.1118,0.2455,0.1051,0.2482
23186,H,56738,81964,3.8147,3.7632,3.8122,-0.0663,0.3395,-3.82,-0.0053,-1.2028,0.1653,-1.2056,0.093,-1.2056,0.093,-1.2056,0.093
23187,H,56467,78275,3.8151,3.7719,3.8132,-0.0631,0.3388,-3.82,-0.0049,0.1174,1.1552,nan,nan,nan,nan,nan,nan
23188,H,56351,81149,3.795,3.7625,3.8065,-0.0663,0.3401,-3.82,-0.025,nan,nan,-0.269,0.0408,-0.2811,0.0386,-0.269,0.0408
23189,H,56669,81527,3.8188,3.7689,3.8147,-0.068,0.341,-3.82,-0.0012,0.0443,1.0442,-0.1607,0.0813,-0.1608,0.0813,-0.1608,0.0813
23190,H,56724,77724,3.8,3.7614,3.8027,-0.065,0.3375,-3.82,-0.02,0.321,0.3085,0.5159,0.3438,0.4018,0.3502,0.5159,0.3438
23192,H,125525,173061,3.909,3.8846,3.906,-0.0528,0.3721,-3.82,0.089,nan,nan,0.0977,0.2381,-0.0063,0.266,0.0977,0.2381
23193,H,56363,79849,3.8579,3.8145,3.8561,-0.0587,0.3365,-3.82,0.0379,0.3727,0.2052,0.3258,0.0578,0.295,0.0812,0.3258,0.0578
23194,H,56568,81143,3.8049,3.7482,3.8228,-0.0597,0.339,-3.82,-0.0151,nan,nan,-0.6201,0.2281,nan,nan,-0.6201,0.2281
23195,H,56569,79396,3.8554,3.8144,3.8588,-0.0618,0.3414,-3.82,0.0354,-0.7542,0.378,-0.2356,1.1692,nan,nan,-0.2356,1.1692
23196,H,56740,78477,3.8277,3.784,3.8283,-0.0605,0.3371,-3.82,0.0077,1.8264,0.1884,1.8245,0.0921,1.8381,0.1413,1.8248,0.0922
23197,H,56816,78412,3.8339,3.7756,3.8379,-0.0622,0.3368,-3.82,0.0139,-0.893,0.0743,nan,nan,nan,nan,nan,nan
23198,H,56571,78124,3.8419,3.8096,3.8391,-0.0591,0.3376,-3.82,0.0219,-2.873,0.0644,-0.3841,0.0512,-0.3914,0.0442,-0.3841,0.0512
23199,H,56591,77448,3.8278,3.7797,3.8305,-0.0641,0.3374,-3.82,0.0078,nan,nan,nan,nan,nan,nan,nan,nan
23200,H,56526,84937,3.845,3.8081,3.8419,-0.0616,0.3391,-3.82,0.025,0.1577,0.1579,-0.0248,0.2232,-0.2222,0.256,-0.0248,0.2232
23201,H,56400,85975,3.8205,3.7807,3.8304,-0.0617,0.3376,-3.82,0.0005,nan,nan,nan,nan,-2.3906,0.2297,-2.3906,0.2297
23202,H,44127,67634,3.8638,3.8198,3.8653,-0.0635,0.3395,-3.82,0.0438,-0.1298,0.1498,0.472,0.0448,nan,nan,0.472,0.0448
23203,H,56436,85954,3.8595,3.8166,3.8894,-0.0573,0.3367,-3.82,0.0395,-0.6678,0.3166,-1.4062,0.1245,-0.4044,0.6423,-1.4062,0.1245
23204,H,56286,84724,3.8458,3.7984,3.8478,-0.0632,0.3404,-3.82,0.0258,0.3004,0.3694,nan,nan,0.081,0.4428,nan,nan
23205,H,56330,85228,3.8135,3.7656,3.824,-0.0618,0.3393,-3.82,-0.0065,-0.5673,0.0778,nan,nan,nan,nan,nan,nan
23206,H,1054,1127,0.0933,0.5282,1.3783,0.1,0.7506,-3.82,0.2813,nan,nan,nan,nan,nan,nan,nan,nan
23207,H,55915,95448,3.8296,3.7835,3.8328,-0.0695,0.3434,-3.82,0.0096,0.5022,0.2495,0.1596,0.2954,nan,nan,0.1596,0.2954
23208,H,56231,90447,3.7891,3.7408,3.7854,-0.069,0.3405,-3.82,-0.0309,1.0793,0.462,0.838,0.2584,0.8234,0.2944,0.9392,0.0895
23209,H,56424,87635,3.828,3.7818,3.8247,-0.0661,0.3396,-3.82,0.008,-2.2293,0.051,nan,nan,nan,nan,nan,nan
23210,H,56458,87024,3.782,3.73,3.7829,-0.0657,0.3375,-3.82,-0.038,nan,nan,nan,nan,nan,nan,nan,nan
23211,H,56237,84132,3.8396,3.7912,3.8453,-0.0695,0.3439,-3.82,0.0196,0.2676,0.0801,0.3042,0.3831,0.8226,0.8551,0.3042,0.3831
23212,H,56335,83977,3.7812,3.7377,3.7781,-0.0615,0.3402,-3.82,-0.0388,0.2612,0.2238,0.2288,0.3327,0.1879,0.3095,0.2418,0.3377
23214,H,93330,141015,3.7909,3.7495,3.787,-0.065,0.3405,-3.82,-0.0291,nan,nan,0.1026,0.2177,0.109,0.2208,0.1026,0.2177
23216,H,56487,85789,3.7954,3.7549,3.786,-0.0596,0.3394,-3.82,-0.0246,nan,nan,0.0495,0.3134,nan,nan,0.0495,0.3134
23217,H,56089,82519,3.8152,3.7742,3.8166,-0.0629,0.34,-3.82,-0.0048,-1.1313,0.1239,-0.3495,0.2562,-0.3751,0.2825,-0.3751,0.2825
23218,H,56369,85585,3.8171,3.7808,3.8166,-0.0636,0.3395,-3.82,-0.0029,nan,nan,-1.284,0.0351,-1.284,0.0351,-1.284,0.0351
23219,H,55914,84635,3.8345,3.7879,3.8378,-0.0628,0.3413,-3.82,0.0145,0.4853,0.31,0.1187,0.1224,nan,nan,0.1188,0.1224
23220,H,56576,84364,3.803,3.7631,3.7942,-0.068,0.3391,-3.82,-0.017,nan,nan,nan,nan,nan,nan,nan,nan
23221,H,56668,82807,3.8088,3.7574,3.8119,-0.0678,0.3426,-3.82,-0.0112,0.3644,0.0926,nan,nan,nan,nan,nan,nan
23222,H,56361,84590,3.8246,3.7947,3.8251,-0.0641,0.3405,-3.82,0.0046,0.5017,0.1276,0.1819,0.2356,0.1804,0.2355,0.1819,0.2356
23223,H,56362,83352,3.8318,3.7918,3.8438,-0.063,0.3382,-3.82,0.0118,1.2598,0.7491,nan,nan,nan,nan,nan,nan
23224,H,56423,82908,3.8633,3.8179,3.8598,-0.0719,0.342,-3.82,0.0433,0.5514,0.1058,0.6759,0.2781,0.698,0.2184,0.6759,0.2781
23225,H,56055,84674,3.8127,3.7734,3.8265,-0.0578,0.3373,-3.82,-0.0073,nan,nan,nan,nan,nan,nan,nan,nan
23227,H,33858,2996,3.8221,3.7148,3.8302,-0.0689,0.3316,-3.82,0.0021,0.0751,0.1257,nan,nan,nan,nan,nan,nan
23228,H,56890,76725,3.858,3.8195,3.8582,-0.0658,0.3411,-3.82,0.038,nan,nan,-0.1631,0.6226,0.6527,0.348,0.3046,1.5564
23229,H,56722,73690,3.8227,3.785,3.8271,-0.0655,0.3381,-3.82,0.0027,-0.0717,0.128,-0.0905,0.1119,-0.0905,0.1118,-0.0905,0.1118
23230,H,57015,73026,3.8565,3.8215,3.852,-0.0652,0.3405,-3.82,0.0365,nan,nan,0.1569,0.1555,0.0891,0.1196,0.1569,0.1555
23231,H,56810,76524,3.863,3.8151,3.8566,-0.0633,0.3433,-3.82,0.043,nan,nan,-1.6795,0.1023,0.5364,0.2499,-1.6793,0.1024
23232,H,56675,75256,3.8329,3.7861,3.8289,-0.0627,0.3407,-3.82,0.0129,-1.0711,0.6542,-1.5772,0.0397,-1.6205,0.0374,-1.5772,0.0397
23233,H,56275,75087,3.8594,3.817,3.8717,-0.0585,0.344,-3.82,0.0394,-0.2164,0.0433,nan,nan,nan,nan,nan,nan
23235,H,119091,155976,3.9084,3.8855,3.9121,-0.0574,0.3712,-3.82,0.0884,-0.8584,0.3988,-1.0895,0.1803,-1.1852,0.1791,-1.0897,0.1808
23236,H,56625,75399,3.8471,3.8111,3.85,-0.0586,0.338,-3.82,0.0271,-0.715,0.0214,-0.4404,0.1982,-0.7029,0.1416,-0.4562,0.1827
23237,H,56645,74929,3.8159,3.7767,3.8087,-0.0609,0.3354,-3.82,-0.0041,2.7978,0.1254,-0.6712,0.2853,-0.6713,0.2849,-0.6712,0.2853
23238,H,56697,76050,3.8629,3.825,3.8696,-0.0597,0.3395,-3.82,0.0429,-1.6705,0.1055,0.0706,4.0704,nan,nan,-0.2027,2.8728
23239,H,56814,74091,3.8112,3.7763,3.8136,-0.0574,0.3387,-3.82,-0.0088,-0.0731,0.4683,nan,nan,nan,nan,nan,nan
23240,H,56639,75859,3.8523,3.8039,3.8535,-0.0648,0.3418,-3.82,0.0323,nan,nan,nan,nan,nan,nan,nan,nan
23241,H,57095,75678,3.8121,3.7628,3.8177,-0.0654,0.3374,-3.82,-0.0079,nan,nan,nan,nan,nan,nan,nan,nan
23242,H,56745,75392,3.8666,3.8203,3.8633,-0.0607,0.3383,-3.82,0.0466,nan,nan,-2.209,0.0903,nan,nan,-2.209,0.0903
23243,H,56592,74892,3.792,3.7516,3.7975,-0.0639,0.338,-3.82,-0.028,nan,nan,0.3421,0.0242,0.3522,0.0339,nan,nan
23244,H,56980,74838,3.8348,3.7893,3.8275,-0.0655,0.3414,-3.82,0.0148,nan,nan,0.8055,0.3747,0.7867,0.3683,0.8046,0.3768
23245,H,56860,74647,3.7925,3.7484,3.8125,-0.0605,0.3398,-3.82,-0.0275,2.7301,0.1265,nan,nan,-0.3516,0.6511,nan,nan
23246,H,56750,75904,3.8156,3.7781,3.8205,-0.0653,0.3423,-3.82,-0.0044,0.7524,2.4819,0.4914,0.2705,2.1173,0.0369,2.1173,0.0369
23247,H,57055,75205,3.7788,3.7415,3.7814,-0.0636,0.3391,-3.82,-0.0412,nan,nan,nan,nan,nan,nan,nan,nan
23252,H,65831,0,3.8153,3.8219,3.8152,-0.0738,0.331,-3.82,-0.0047,nan,nan,nan,nan,nan,nan,nan,nan
23253,H,8091,0,3.8136,3.8226,3.8196,-0.0791,0.3283,-3.82,-0.0064,nan,nan,nan,nan,nan,nan,nan,nan
23255,H,56864,79980,3.7841,3.7348,3.7814,-0.071,0.3446,-3.82,-0.0359,nan,nan,-0.6355,0.1052,nan,nan,-0.6355,0.1052
23256,H,56620,76963,3.8234,3.7638,3.8239,-0.0649,0.344,-3.82,0.0034,nan,nan,0.293,0.0485,0.293,0.0485,0.293,0.0485
23257,H,57198,74424,3.7828,3.7436,3.784,-0.066,0.3401,-3.82,-0.0372,-0.1868,0.681,0.4566,0.1331,0.2601,0.3965,0.4566,0.1331
23258,H,56968,71769,3.8242,3.7769,3.8307,-0.0663,0.3416,-3.82,0.0042,-0.2214,0.0768,-0.3396,0.1297,-0.3396,0.1297,-0.3396,0.1297
23259,H,55807,98389,3.8004,3.7543,3.8125,-0.0676,0.3406,-3.82,-0.0196,0.1697,0.1238,nan,nan,nan,nan,nan,nan
23261,H,55972,98037,3.7937,3.7445,3.7953,-0.0686,0.343,-3.82,-0.0263,0.3266,0.0781,0.1918,0.226,0.2007,0.2189,0.1918,0.226
23262,H,56080,93702,3.796,3.748,3.7907,-0.0664,0.3425,-3.82,-0.024,-0.2181,0.2367,nan,nan,nan,nan,nan,nan
23263,H,56275,89035,3.7917,3.7516,3.7947,-0.0619,0.3365,-3.82,-0.0283,nan,nan,-0.1047,0.1086,-0.1151,0.0993,-0.1047,0.1086
23264,H,56332,90742,3.7946,3.7562,3.8016,-0.062,0.3368,-3.82,-0.0254,0.056,0.2318,-0.0351,0.2637,0.2534,0.5345,-0.0351,0.2637
23265,H,56487,88728,3.7922,3.7517,3.7916,-0.0571,0.334,-3.82,-0.0278,-0.1901,0.1483,nan,nan,nan,nan,nan,nan
23266,H,10402,16123,3.8093,3.7454,3.8058,-0.0722,0.3332,-3.82,-0.0107,nan,nan,nan,nan,nan,nan,nan,nan
23268,H,120787,200251,3.8448,3.808,3.8437,-0.0609,0.3384,-3.82,0.0248,0.036,0.1111,0.0477,0.3322,-0.0531,0.3724,0.0396,0.365
23269,H,56249,91043,3.846,3.8043,3.8488,-0.0613,0.3386,-3.82,0.026,nan,nan,nan,nan,nan,nan,nan,nan
23270,H,56021,87991,3.8494,3.7989,3.8471,-0.0602,0.3405,-3.82,0.0294,0.79,0.2149,0.5142,0.175,-2.2582,1.9756,0.5143,0.1751
23271,H,56511,78194,3.8522,3.8175,3.8612,-0.06,0.338,-3.82,0.0322,1.4859,0.39,nan,nan,1.9508,0.4826,nan,nan
23272,H,57012,77930,3.8483,3.8018,3.8625,-0.0612,0.3395,-3.82,0.0283,1.8001,0.1537,nan,nan,nan,nan,nan,nan
23273,H,56957,77799,3.8377,3.7953,3.8382,-0.0593,0.3348,-3.82,0.0177,nan,nan,2.8271,0.0461,2.8408,0.064,2.8271,0.0461
23274,H,56558,77899,3.8625,3.8244,3.8533,-0.065,0.3394,-3.82,0.0425,-0.2395,0.1247,-0.4611,0.3039,-0.2424,0.27,-0.4611,0.3039
23275,H,56773,78550,3.8075,3.7542,3.8041,-0.063,0.3364,-3.82,-0.0125,nan,nan,nan,nan,nan,nan,nan,nan
23276,H,56447,91778,3.8553,3.8161,3.8483,-0.0639,0.3425,-3.82,0.0353,-0.3043,0.2516,-2.6356,0.0357,nan,nan,-2.6356,0.0357
23277,H,56590,80935,3.8144,3.7597,3.8158,-0.0661,0.3406,-3.82,-0.0056,0.485,0.3657,0.4973,0.1707,0.4973,0.1707,0.4973,0.1707
23278,H,56903,81145,3.8494,3.7999,3.8492,-0.0675,0.3398,-3.82,0.0294,1.2029,0.5599,2.3129,7.301,nan,nan,nan,nan
23279,H,56669,79086,3.8425,3.7999,3.8396,-0.0635,0.3399,-3.82,0.0225,-2.7704,0.0771,-2.5992,0.1686,-2.5905,0.1787,-2.5992,0.1686
23280,H,56462,79200,3.8295,3.7901,3.8446,-0.0575,0.3385,-3.82,0.0095,0.0907,0.3261,-1.6987,0.0675,-1.7489,0.05,-1.6987,0.0675
23281,H,57074,77137,3.8285,3.7865,3.8345,-0.0581,0.3368,-3.82,0.0085,nan,nan,-3.5376,0.0455,nan,nan,-3.5376,0.0455
23283,H,125555,171933,3.8839,3.8582,3.8799,-0.0547,0.3737,-3.82,0.0639,-0.7162,0.3714,-0.2392,0.2832,-0.3582,0.444,-0.2392,0.2832
23284,H,56709,77610,3.8274,3.7881,3.8218,-0.0646,0.3425,-3.82,0.0074,nan,nan,0.0597,0.1217,0.0161,0.1131,0.0597,0.1217
23285,H,57300,78125,3.821,3.7797,3.8206,-0.06,0.3408,-3.82,0.001,nan,nan,nan,nan,nan,nan,nan,nan
23286,H,56613,77443,3.8259,3.7781,3.8275,-0.0638,0.3411,-3.82,0.0059,-0.6005,0.3293,0.1515,1.0463,0.4822,0.6621,0.4881,0.6589
23287,H,57056,17,3.8174,3.7839,3.8132,-0.0551,0.3345,-3.82,-0.0026,nan,nan,nan,nan,nan,nan,nan,nan
23288,H,56863,77405,3.817,3.7729,3.8222,-0.0575,0.3357,-3.82,-0.003,nan,nan,0.0603,0.2802,0.0607,0.28,0.0603,0.2802
23289,H,56534,76779,3.8174,3.7761,3.8353,-0.0534,0.3369,-3.82,-0.0026,0.0934,0.3711,0.4082,0.1353,0.4082,0.1353,0.4082,0.1353
23290,H,57011,76932,3.8155,3.7797,3.8227,-0.0517,0.3358,-3.82,-0.0045,-0.872,0.1865,-1.1422,0.1804,-1.1422,0.1804,-1.1422,0.1804
23291,H,57097,74939,3.8248,3.7824,3.8224,-0.0525,0.334,-3.82,0.0048,nan,nan,nan,nan,nan,nan,nan,nan
23292,H,56799,75276,3.8493,3.8095,3.8532,-0.0593,0.3333,-3.82,0.0293,1.2462,0.1541,-2.7935,0.046,1.224,0.0482,-2.7934,0.046
23293,H,56635,76288,3.8564,3.8213,3.8606,-0.0564,0.3374,-3.82,0.0364,-1.1995,0.3613,-1.3582,0.023,-1.4401,0.0245,-1.3581,0.023
23294,H,57006,76968,3.8235,3.7789,3.818,-0.0573,0.3369,-3.82,0.0035,-2.0487,0.308,nan,nan,nan,nan,nan,nan
23295,H,56816,75979,3.8619,3.816,3.8561,-0.0644,0.3394,-3.82,0.0419,0.2107,0.0241,0.2755,0.1763,0.2843,0.1479,0.2755,0.1763
23296,H,56719,74215,3.8172,3.7762,3.8066,-0.0548,0.3378,-3.82,-0.0028,nan,nan,nan,nan,nan,nan,nan,nan
23297,H,56656,73187,3.8602,3.8196,3.864,-0.0596,0.3382,-3.82,0.0402,nan,nan,0.7333,0.2119,nan,nan,0.735,0.2151
23298,H,57138,72914,3.8336,3.7866,3.8335,-0.0585,0.3358,-3.82,0.0136,0.0551,0.4263,0.2929,0.0588,-0.3672,0.5766,0.2929,0.0588
23299,H,57143,72452,3.8369,3.7917,3.8351,-0.062,0.3389,-3.82,0.0169,-1.3188,0.1115,-1.5337,0.1245,-1.5783,0.1153,-1.5337,0.1245
23300,H,56965,72260,3.8406,3.7943,3.8419,-0.0571,0.3367,-3.82,0.0206,nan,nan,-0.1706,0.249,-0.2044,0.2632,-0.1706,0.249
23301,H,56564,74552,3.822,3.7902,3.8312,-0.054,0.3381,-3.82,0.002,nan,nan,nan,nan,nan,nan,nan,nan
23302,H,57052,74317,3.8344,3.7895,3.8304,-0.056,0.3371,-3.82,0.0144,nan,nan,nan,nan,nan,nan,nan,nan
23303,H,56652,80097,3.8584,3.8028,3.8575,-0.0648,0.3414,-3.82,0.0384,-0.3303,0.5687,0.4569,0.3124,0.5538,0.061,0.4569,0.3124
23304,H,56590,79048,3.8609,3.8098,3.8565,-0.0609,0.3393,-3.82,0.0409,0.7629,0.9326,nan,nan,nan,nan,nan,nan
23305,H,56313,78626,3.8572,3.8146,3.8589,-0.06,0.3376,-3.82,0.0372,nan,nan,-1.2461,0.0402,-1.8486,0.4405,-1.2461,0.0402
23306,H,56665,78068,3.8564,3.8208,3.8579,-0.0599,0.3401,-3.82,0.0364,1.5864,0.1238,0.9273,0.3842,0.9989,0.4453,nan,nan
23308,H,56641,85502,3.8354,3.7952,3.8414,-0.0726,0.3453,-3.82,0.0154,0.9,0.1393,0.0484,1.848,-0.3409,0.1958,0.0484,1.848
23309,H,56798,72432,3.8307,3.7884,3.8332,-0.0687,0.3444,-3.82,0.0107,-0.4605,0.0651,-0.6206,0.3354,-0.7668,0.4837,-0.6044,0.3485
23311,H,89456,112609,3.8286,3.786,3.8287,-0.0665,0.3427,-3.82,0.0086,0.605,4.9601,0.6197,0.1281,0.6077,0.1359,0.6197,0.1281
23312,H,56815,73088,3.8257,3.7878,3.8315,-0.0636,0.3434,-3.82,0.0057,-0.159,0.238,-0.2547,0.1426,-0.2531,0.1429,-0.2545,0.1429
23313,H,56927,72377,3.8048,3.749,3.8053,-0.0652,0.3395,-3.82,-0.0152,-1.543,0.3159,nan,nan,nan,nan,nan,nan
23314,H,57107,70595,3.8058,3.7652,3.7922,-0.0663,0.343,-3.82,-0.0142,nan,nan,nan,nan,-0.3604,0.2073,-0.4572,0.1637
23315,H,57305,70995,3.8335,3.782,3.8277,-0.0688,0.3408,-3.82,0.0135,nan,nan,nan,nan,nan,nan,nan,nan
23317,H,57260,69042,3.8249,3.7853,3.8223,-0.0585,0.3391,-3.82,0.0049,-0.1961,0.5597,0.3635,0.2467,0.3635,0.247,0.3635,0.2467
23318,H,56997,70253,3.7984,3.7537,3.8139,-0.0653,0.3403,-3.82,-0.0216,0.3942,0.4222,0.4828,0.1499,0.5187,0.1569,0.4828,0.1499
23319,H,57366,69202,3.8345,3.7808,3.8348,-0.0669,0.3396,-3.82,0.0145,1.1851,0.3532,0.4795,0.3106,0.4736,0.3523,0.4795,0.3106
23320,H,57452,69787,3.7808,3.7347,3.78,-0.0645,0.3393,-3.82,-0.0392,0.4439,0.5849,0.1207,0.1059,0.177,0.099,0.1208,0.1059
23321,H,56535,76621,3.8333,3.7861,3.8449,-0.0624,0.3388,-3.82,0.0133,nan,nan,nan,nan,nan,nan,nan,nan
23322,H,56702,79901,3.797,3.7589,3.8008,-0.058,0.3389,-3.82,-0.023,-1.271,0.1233,nan,nan,3.7227,0.2557,nan,nan
23323,H,56283,79787,3.8162,3.7688,3.8152,-0.0609,0.3408,-3.82,-0.0038,-1.5605,0.135,-1.4617,0.1507,-1.4619,0.1508,-1.4618,0.1508
23324,H,56738,78769,3.7898,3.7359,3.8033,-0.0614,0.3405,-3.82,-0.0302,nan,nan,-1.0331,0.2012,-1.031,0.1657,-1.0331,0.2012
23325,H,56754,80615,3.8589,3.8132,3.858,-0.0595,0.3388,-3.82,0.0389,nan,nan,-0.393,0.0799,nan,nan,-0.3929,0.08
23326,H,56923,76346,3.8137,3.7682,3.8113,-0.0592,0.337,-3.82,-0.0063,nan,nan,nan,nan,nan,nan,nan,nan
23327,H,56664,76418,3.8622,3.8059,3.8677,-0.0627,0.338,-3.82,0.0422,-2.1992,0.2328,0.4451,0.0974,0.4073,0.1081,0.4449,0.0974
23328,H,56655,76544,3.8622,3.8152,3.8589,-0.0621,0.3415,-3.82,0.0422,nan,nan,-2.2233,0.0742,-2.2444,0.0691,-2.2233,0.0742
23329,H,56321,77619,3.8643,3.8184,3.8652,-0.0666,0.3409,-3.82,0.0443,-0.6873,0.5652,-0.3922,0.1446,nan,nan,-0.3923,0.1446
23330,H,56633,76546,3.8587,3.8137,3.8748,-0.0631,0.3416,-3.82,0.0387,nan,nan,nan,nan,nan,nan,nan,nan
23331,H,56486,76924,3.8561,3.8135,3.8645,-0.0624,0.3438,-3.82,0.0361,0.1527,0.1028,0.0077,0.063,-0.0353,0.0529,0.0077,0.063
23332,H,56774,75052,3.8453,3.803,3.8432,-0.0587,0.338,-3.82,0.0253,nan,nan,nan,nan,-0.026,0.4727,nan,nan
23333,H,56804,75402,3.8481,3.7988,3.8505,-0.063,0.3409,-3.82,0.0281,nan,nan,2.7948,0.0645,0.1556,0.3427,2.7948,0.0645
23334,H,56822,74617,3.846,3.8044,3.8456,-0.0616,0.3379,-3.82,0.026,nan,nan,1.6842,0.1618,1.6688,0.1829,1.6842,0.1618
23335,H,56655,74599,3.8533,3.802,3.8472,-0.0644,0.3402,-3.82,0.0333,-2.5688,0.4077,1.5559,0.4041,nan,nan,nan,nan
23337,H,126059,163060,3.9061,3.8791,3.9123,-0.0563,0.3758,-3.82,0.0861,-0.2015,0.3313,-0.3106,0.3289,-0.4507,0.3016,-0.3106,0.3289
23338,H,56810,75515,3.8514,3.8028,3.8491,-0.0657,0.3415,-3.82,0.0314,1.3981,0.1443,-2.9727,0.0563,-3.1998,0.1992,-2.9727,0.0563
23339,H,56887,74535,3.8561,3.8127,3.8521,-0.0669,0.3442,-3.82,0.0361,1.0403,0.1035,1.0691,0.1185,1.0682,0.1637,1.0691,0.1185
23340,H,56723,73997,3.8566,3.8174,3.8566,-0.0614,0.3409,-3.82,0.0366,nan,nan,0.4375,0.0778,0.3949,0.0923,0.4375,0.0778
23341,H,56747,74436,3.8593,3.8184,3.8574,-0.0591,0.3377,-3.82,0.0393,0.5818,0.4482,0.7155,0.3157,0.7624,0.4034,0.7463,0.3427
23342,H,56653,72561,3.8202,3.7665,3.8292,-0.0612,0.3388,-3.82,0.0002,nan,nan,-1.6308,0.7795,nan,nan,nan,nan
23343,H,56796,73588,3.8406,3.7941,3.8396,-0.0542,0.3362,-3.82,0.0206,nan,nan,-0.1948,0.3346,-0.0336,0.6972,-0.1948,0.3346
23344,H,57037,74059,3.8576,3.8136,3.8537,-0.0554,0.338,-3.82,0.0376,-0.8234,0.2817,-1.053,0.1137,-1.0135,0.1226,-1.053,0.1137
23345,H,57129,73492,3.8126,3.7742,3.809,-0.0623,0.337,-3.82,-0.0074,nan,nan,0.0347,0.2776,0.0361,0.2749,0.0361,0.2749
23346,H,56598,73576,3.8549,3.8171,3.8541,-0.0544,0.3383,-3.82,0.0349,nan,nan,nan,nan,nan,nan,nan,nan
23348,H,56995,74334,3.8141,3.7705,3.8243,-0.0593,0.3359,-3.82,-0.0059,-0.1099,0.0917,-0.4253,0.4954,-0.2981,0.3018,-0.2981,0.3018
23349,H,56922,73243,3.858,3.8225,3.8613,-0.057,0.339,-3.82,0.038,nan,nan,nan,nan,3.5676,0.2195,nan,nan
23350,H,56927,74042,3.8216,3.7911,3.8256,-0.0613,0.3386,-3.82,0.0016,-1.7822,0.0821,nan,nan,nan,nan,nan,nan
23351,H,56699,73637,3.863,3.8256,3.8566,-0.0606,0.3388,-3.82,0.043,0.6545,0.1393,0.4453,0.1657,0.3604,0.1728,0.4452,0.1657
23352,H,56743,76554,3.8206,3.7763,3.8196,-0.0637,0.3386,-3.82,0.0006,nan,nan,nan,nan,nan,nan,nan,nan
23353,H,56659,76850,3.8618,3.8182,3.8644,-0.0616,0.3394,-3.82,0.0418,0.2447,0.217,0.2867,0.1088,0.2733,0.1173,0.2867,0.1088
23354,H,56386,77761,3.8695,3.8346,3.8762,-0.0655,0.3414,-3.82,0.0495,nan,nan,-1.0963,0.2597,-1.189,0.2029,-1.0963,0.2597
23355,H,56780,77168,3.8638,3.8215,3.8697,-0.0645,0.3458,-3.82,0.0438,0.7781,0.4048,0.3033,0.2023,0.2175,0.2038,0.3033,0.2023
23356,H,24934,36297,3.834,3.7906,3.8341,-0.0516,0.3382,-3.82,0.014,0.2391,0.2243,2.3075,0.1556,nan,nan,2.3074,0.1555
23357,H,56484,80355,3.8463,3.7972,3.8472,-0.0658,0.3411,-3.82,0.0263,nan,nan,2.937,0.2438,2.9807,0.2201,2.937,0.2438
23358,H,56684,78292,3.809,3.7611,3.8149,-0.0664,0.3429,-3.82,-0.011,-1.4217,1.434,-1.1478,0.1572,-1.1472,0.156,-1.1478,0.1572
23359,H,56758,76877,3.8101,3.7654,3.8149,-0.0659,0.3441,-3.82,-0.0099,-2.302,0.129,nan,nan,nan,nan,nan,nan
23360,H,57058,74224,3.805,3.7632,3.8039,-0.066,0.3457,-3.82,-0.015,nan,nan,nan,nan,nan,nan,nan,nan
23362,H,97062,129011,3.813,3.767,3.8112,-0.0714,0.3435,-3.82,-0.007,nan,nan,nan,nan,nan,nan,nan,nan
23363,H,56655,75373,3.8141,3.7706,3.8166,-0.0709,0.3445,-3.82,-0.0059,-1.02,0.4012,nan,nan,nan,nan,nan,nan
23364,H,56944,75465,3.8134,3.7676,3.8191,-0.0645,0.3434,-3.82,-0.0066,0.2947,0.3289,0.5919,0.4724,0.5838,0.4222,0.5838,0.4222
23365,H,56761,72422,3.8163,3.7816,3.8252,-0.0632,0.3442,-3.82,-0.0037,-1.7859,0.0546,0.4739,0.2563,0.4739,0.2563,0.4739,0.2563
23366,H,56724,72934,3.8235,3.7705,3.8205,-0.0676,0.3407,-3.82,0.0035,-3.0487,0.5895,nan,nan,nan,nan,nan,nan
23367,H,56975,74122,3.82,3.7787,3.8193,-0.0616,0.3399,-3.82,-0.0,-0.3621,0.2198,-0.5792,0.0532,-0.5793,0.0532,-0.5793,0.0532
23368,H,57102,71788,3.8283,3.7774,3.8251,-0.0621,0.3405,-3.82,0.0083,-0.0944,0.6058,nan,nan,nan,nan,nan,nan
23369,H,56514,73411,3.8259,3.789,3.8302,-0.0585,0.3363,-3.82,0.0059,nan,nan,-0.9858,0.0772,nan,nan,nan,nan
23370,H,56670,74882,3.8327,3.7829,3.8307,-0.062,0.3406,-3.82,0.0127,0.7511,0.4743,2.651,0.071,2.6135,0.0729,2.651,0.071
23371,H,56637,74239,3.8343,3.7953,3.8303,-0.0589,0.34,-3.82,0.0143,0.0388,0.3114,0.0105,0.4003,-0.0204,0.449,0.0283,0.3935
23372,H,57291,73067,3.7933,3.7398,3.7919,-0.0701,0.339,-3.82,-0.0267,0.423,0.2432,-0.6863,0.079,-0.2553,0.6971,-0.6863,0.079
23373,H,56667,74671,3.8343,3.781,3.8239,-0.0684,0.3419,-3.82,0.0143,nan,nan,nan,nan,-3.1759,0.3012,nan,nan
23374,H,56741,76164,3.8138,3.7769,3.8174,-0.0666,0.3411,-3.82,-0.0062,0.0447,0.1167,-0.3105,0.1533,-0.3105,0.1533,-0.3105,0.1533
23375,H,56851,74559,3.8384,3.8062,3.8293,-0.0547,0.3389,-3.82,0.0184,-1.5976,0.1446,nan,nan,nan,nan,nan,nan
23376,H,56258,74343,3.865,3.8136,3.8713,-0.0599,0.3408,-3.82,0.045,0.6312,0.2119,0.6292,0.061,0.6225,0.0617,0.6292,0.061
23378,H,56605,74144,3.8604,3.8146,nan,-0.0546,0.3374,-3.82,0.0404,1.0136,0.0799,0.7452,0.5249,0.7742,0.4592,0.7395,0.5376
23381,H,56574,81301,3.8252,3.7718,3.8258,-0.0604,0.3393,-3.82,0.0052,0.1596,0.0718,-0.3115,0.0483,-0.3121,0.048,-0.3115,0.0483
23382,H,56982,78692,3.8153,3.7745,3.809,-0.0608,0.3391,-3.82,-0.0047,0.263,0.2513,-0.0968,0.054,-0.0968,0.054,-0.0968,0.054
23383,H,57234,78288,3.8082,3.7671,3.8116,-0.0598,0.338,-3.82,-0.0118,0.0142,0.1261,0.1772,0.0659,0.1772,0.0662,0.1772,0.0659
23385,H,57228,75677,3.8084,3.7693,3.8113,-0.0597,0.3374,-3.82,-0.0116,0.3012,0.2275,0.4846,0.2541,0.4808,0.2572,0.4846,0.2541
23386,H,56471,75884,3.8039,3.7581,3.8007,-0.0604,0.3399,-3.82,-0.0161,-0.9369,0.267,-0.2391,0.3488,-0.237,0.3235,-0.2391,0.3488
23387,H,57055,75208,3.7999,3.7712,3.8041,-0.0566,0.3362,-3.82,-0.0201,1.3858,0.0913,-0.855,0.3009,-0.8065,0.2569,-0.8584,0.2993
23389,H,125816,166268,3.8629,3.8409,3.8626,-0.0531,0.3697,-3.82,0.0429,0.0754,0.2242,0.0816,0.1509,0.0363,0.1175,0.0816,0.1509
23390,H,56834,74162,3.8075,3.7734,3.8142,-0.0597,0.3388,-3.82,-0.0125,-0.2548,0.619,nan,nan,nan,nan,nan,nan
23392,H,57152,76069,3.8043,3.7735,3.8051,-0.057,0.3381,-3.82,-0.0157,0.4392,0.4562,0.2775,0.488,0.4801,0.4087,0.2775,0.488
23393,H,57112,74699,3.8138,3.7693,3.8105,-0.0625,0.3327,-3.82,-0.0062,0.7576,0.3178,0.5675,0.3122,0.5675,0.3122,0.5675,0.3122
23396,H,56895,75206,3.8151,3.7706,3.8144,-0.0579,0.3361,-3.82,-0.0049,nan,nan,0.2265,0.1068,0.2265,0.1068,0.2265,0.1068
23397,H,56948,74629,3.8261,3.7823,3.8349,-0.0591,0.3352,-3.82,0.0061,-0.0226,0.0854,0.0079,0.1059,0.0098,0.1053,0.008,0.1059
23398,H,56949,73673,3.8333,3.7909,3.8388,-0.0619,0.3397,-3.82,0.0133,0.4171,0.2183,-1.5143,0.0799,-1.5413,0.064,-1.5143,0.0799
23399,H,56901,73478,3.835,3.7987,3.852,-0.0581,0.3358,-3.82,0.015,0.272,0.2637,-0.0348,0.1938,0.0235,0.1675,-0.0348,0.1938
23400,H,57017,74038,3.835,3.784,3.8355,-0.0593,0.3373,-3.82,0.015,0.1342,0.1998,-0.0923,0.2486,nan,nan,-0.0912,0.2465
23401,H,57040,73857,3.8366,3.8052,3.8335,-0.0553,0.3358,-3.82,0.0166,0.2704,0.1453,-0.0446,0.2221,-0.0603,0.4111,-0.0446,0.2221
23402,H,56913,73596,3.8467,3.8165,3.847,-0.0561,0.3356,-3.82,0.0267,0.716,0.3425,0.5176,0.2311,0.4425,0.2898,0.5173,0.2318
23403,H,58582,27206,3.7953,3.6031,3.797,-0.0565,0.3314,-3.82,-0.0247,-0.3734,0.1967,-0.5652,0.1375,-0.5502,0.1373,-0.479,0.1788
23404,H,37561,2949,3.7885,3.7029,3.7833,-0.0554,0.3279,-3.82,-0.0315,0.3245,0.2776,-1.5013,0.0857,-0.385,0.5744,-1.5013,0.0857
23405,H,36188,2845,3.7973,3.7054,3.7923,-0.0593,0.3237,-3.82,-0.0227,-0.2586,0.134,-0.3916,0.1103,0.2965,0.1696,-0.3916,0.1103
23406,H,43728,3556,3.8025,3.7097,3.8078,-0.0606,0.326,-3.82,-0.0175,-1.1635,0.3123,-3.8608,21.523,3.0632,0.1777,nan,nan
23407,H,36416,2925,3.8085,3.7072,3.8017,-0.0601,0.3269,-3.82,-0.0115,-0.5006,0.1107,-0.5706,0.3394,-0.5706,0.3394,-0.5706,0.3394
23408,H,20363,1206,3.8114,3.7531,3.8117,-0.0538,0.3214,-3.82,-0.0086,0.3457,0.0564,nan,nan,nan,nan,nan,nan
23409,H,21124,1282,3.8273,3.7811,3.8259,-0.0614,0.3285,-3.82,0.0073,0.1081,0.1549,-0.1439,0.1066,0.0274,0.1401,-0.1439,0.1066
23410,H,23993,1543,3.8401,3.7778,3.8358,-0.07,0.3309,-3.82,0.0201,nan,nan,-0.1725,0.0862,-0.3746,0.0921,-0.1725,0.0862
23411,H,23372,1366,3.8443,3.7862,3.8459,-0.0653,0.3267,-3.82,0.0243,0.2209,0.1556,0.3469,0.1244,0.4227,0.14,0.3469,0.1244
23412,H,7910,433,3.8506,3.792,3.8475,-0.0683,0.3298,-3.82,0.0306,nan,nan,-1.3714,1.3938,-1.5391,1.063,-1.3714,1.3938
23413,H,58168,27071,3.844,3.6326,3.8472,-0.059,0.33,-3.82,0.024,0.2694,0.1746,-0.1082,0.2223,-0.0879,0.219,-0.0949,0.2273
23414,H,33700,2726,3.8487,3.7451,3.85,-0.059,0.3292,-3.82,0.0287,nan,nan,0.0551,0.0624,-0.0312,0.0624,0.0551,0.0624
23415,H,55071,4428,3.8187,3.7202,3.8126,-0.065,0.3337,-3.82,-0.0013,-0.378,0.3064,-0.2629,0.1466,-0.2774,0.1451,-0.2774,0.1451
23416,H,25978,0,3.8226,3.8343,3.8341,-0.0449,0.3574,-3.82,0.0026,nan,nan,nan,nan,nan,nan,nan,nan
23417,H,58129,95598,3.7964,3.7394,3.8034,-0.0616,0.3314,-3.82,-0.0236,2.3866,0.2393,2.2576,0.4066,2.8611,1.1352,2.2576,0.4066
23418,H,45640,40550,3.7984,3.7552,3.7916,-0.0638,0.3324,-3.82,-0.0216,nan,nan,-0.1352,0.0894,-0.108,0.1034,-0.1352,0.0894
23419,H,57568,68258,3.8039,3.7443,3.8182,-0.0689,0.3318,-3.82,-0.0161,0.5974,0.1189,0.4555,0.1833,0.5314,0.219,0.4555,0.1833
23420,H,57437,67359,3.8072,3.7469,3.8015,-0.0631,0.33,-3.82,-0.0128,-0.545,2.0,-0.6925,0.0338,nan,nan,nan,nan
23421,H,57496,66776,3.8107,3.7593,3.8195,-0.0683,0.3397,-3.82,-0.0093,nan,nan,-0.4374,0.3792,-0.4379,0.3795,-0.4374,0.3792
23422,H,57490,64808,3.844,3.7962,3.8446,-0.0649,0.3334,-3.82,0.024,1.2339,0.4583,nan,nan,nan,nan,nan,nan
23423,H,57695,64014,3.8493,3.8024,3.8547,-0.0639,0.3324,-3.82,0.0293,-2.4187,0.104,-0.394,0.1283,nan,nan,-0.394,0.1284
23424,H,57569,62892,3.8541,3.8074,3.863,-0.0641,0.3353,-3.82,0.0341,nan,nan,-0.2178,0.1828,-0.1961,0.1534,-0.2178,0.1828
23425,H,59207,33040,3.8629,3.8272,3.8636,-0.0636,0.3347,-3.82,0.0429,0.3793,0.4144,-0.0572,0.3672,0.2264,0.1419,0.2464,0.117
23431,H,35368,0,3.8084,3.8025,3.8013,-0.0612,0.3318,-3.82,-0.0116,nan,nan,nan,nan,nan,nan,nan,nan
23432,H,60440,35947,3.8246,3.781,3.8197,-0.0636,0.3458,-3.82,0.0046,nan,nan,nan,nan,nan,nan,nan,nan
23433,H,57931,85548,3.8088,3.7731,3.8019,-0.0628,0.3438,-3.82,-0.0112,nan,nan,-2.1044,0.037,-2.1038,0.0368,-2.1044,0.037
23434,H,57713,82882,3.7996,3.7675,3.798,-0.0607,0.3455,-3.82,-0.0204,1.6842,0.3449,-1.6711,0.0362,-1.6679,0.0653,-1.6711,0.0362
23435,H,57980,84634,3.7976,3.7628,3.8003,-0.0592,0.3429,-3.82,-0.0224,nan,nan,nan,nan,nan,nan,nan,nan
23436,H,57857,82414,3.8061,3.7805,3.8123,-0.0601,0.3472,-3.82,-0.0139,-0.197,0.4062,-0.2819,1.5088,nan,nan,nan,nan
23437,H,57923,81818,3.8194,3.7836,3.8167,-0.0642,0.3503,-3.82,-0.0006,nan,nan,-0.7002,0.1346,-0.7002,0.1346,-0.7002,0.1346
23438,H,58280,82714,3.8243,3.7931,3.8198,-0.0643,0.3483,-3.82,0.0043,nan,nan,0.5418,0.208,0.5283,0.1805,0.5286,0.1812
23439,H,59767,37986,3.8434,3.8078,3.8466,-0.0576,0.3471,-3.82,0.0234,0.0769,0.226,0.1106,0.1549,0.0681,0.1528,0.1101,0.1553
23440,H,59690,36969,3.8478,3.8196,3.8486,-0.0538,0.3467,-3.82,0.0278,-0.7965,0.2422,-1.2388,0.2169,-1.1856,0.26,-1.2388,0.2169
23441,H,59713,37545,3.8555,3.8307,3.8549,-0.0611,0.3494,-3.82,0.0355,0.6491,0.4633,0.8872,0.8813,nan,nan,0.8872,0.8813
23442,H,59475,38147,3.8453,3.7989,3.8463,-0.0608,0.3459,-3.82,0.0253,nan,nan,nan,nan,nan,nan,nan,nan
23443,H,59229,38054,3.8478,3.8151,3.8559,-0.0625,0.3481,-3.82,0.0278,0.525,0.2219,0.264,0.3041,nan,nan,0.264,0.3041
23444,H,59769,38285,3.8492,3.7924,3.8537,-0.0644,0.3487,-3.82,0.0292,-1.0105,0.2925,-0.6606,0.3511,-0.2553,1.6907,-0.6602,0.3499
23445,H,59938,35358,3.8544,3.816,3.8471,-0.059,0.3474,-3.82,0.0344,-0.2567,0.2571,-0.2984,0.2517,-0.3943,0.228,-0.2984,0.2517
23446,H,59198,39275,3.8548,3.8185,3.8477,-0.0605,0.3487,-3.82,0.0348,-0.0608,0.282,0.0232,0.7971,0.342,0.1959,1.0141,3.0209
23447,H,61655,4513,3.8458,3.7653,3.845,-0.0646,0.3413,-3.82,0.0258,-0.0735,0.1879,-0.12,0.1354,nan,nan,-0.12,0.1354
23448,H,59417,24142,3.8498,3.662,3.8719,-0.0608,0.3423,-3.82,0.0298,-0.3243,0.3235,-0.4923,0.6526,nan,nan,-0.5035,0.5495
23449,H,59353,21146,3.8449,3.6274,3.8458,-0.0595,0.3409,-3.82,0.0249,nan,nan,0.2473,0.2095,0.0892,0.1944,0.2459,0.1921
23462,H,6077,0,3.8148,3.8251,3.8242,-0.0611,0.3286,-3.82,-0.0052,nan,nan,nan,nan,nan,nan,nan,nan
23463,H,21401,1898,3.8328,3.7401,3.8412,-0.0661,0.3329,-3.82,0.0128,nan,nan,-0.5814,0.1026,-0.6666,0.1797,-0.5814,0.1027
23464,H,21779,1893,3.837,3.7368,3.8259,-0.0669,0.3309,-3.82,0.017,0.0754,0.0765,-0.3482,0.0683,nan,nan,-0.3482,0.0683
23465,H,21468,1848,3.8318,3.7128,3.8393,-0.062,0.3307,-3.82,0.0118,-1.2401,1.0616,nan,nan,nan,nan,nan,nan
23466,H,21712,2028,3.7928,3.6826,3.7953,-0.0645,0.3266,-3.82,-0.0272,0.4734,0.1325,-0.6974,0.1601,-0.9211,0.056,-0.6974,0.1601
23467,H,21300,1998,3.816,3.7227,3.8067,-0.0592,0.3275,-3.82,-0.004,nan,nan,-0.9694,0.0672,-0.9694,0.0672,-0.9694,0.0672
23468,H,21819,1512,3.8313,3.7677,3.8273,-0.0619,0.3266,-3.82,0.0113,nan,nan,-0.2359,0.0886,-0.0821,0.0993,-0.2359,0.0886
23469,H,22597,1626,3.8197,3.7622,3.838,-0.0659,0.3267,-3.82,-0.0003,-0.1191,0.091,-0.325,0.0639,-0.325,0.0639,-0.325,0.0639
23470,H,22734,1711,3.796,3.7215,3.7875,-0.071,0.3246,-3.82,-0.024,-0.3321,0.0942,-0.1809,0.139,-0.1304,0.0649,-0.1807,0.1389
23471,H,18256,33861,3.8283,3.7819,3.8362,-0.0655,0.3424,-3.82,0.0083,nan,nan,nan,nan,nan,nan,nan,nan
23472,H,18222,36450,3.8327,3.796,3.8563,-0.057,0.3371,-3.82,0.0127,nan,nan,nan,nan,1.3663,0.1837,nan,nan
23473,H,18036,34512,3.8405,3.8002,3.843,-0.0629,0.34,-3.82,0.0205,nan,nan,nan,nan,nan,nan,nan,nan
23474,H,18286,36922,3.8221,3.7744,3.8081,-0.0715,0.3392,-3.82,0.0021,nan,nan,nan,nan,nan,nan,nan,nan
23475,H,17942,34440,3.8352,3.7905,3.8264,-0.064,0.3409,-3.82,0.0152,-2.023,0.4941,nan,nan,nan,nan,nan,nan
23476,H,18207,34593,3.8178,3.7908,3.8223,-0.0585,0.3424,-3.82,-0.0022,nan,nan,1.0051,0.0516,1.0051,0.0516,1.0051,0.0516
23477,H,18030,34195,3.8042,3.7649,3.8044,-0.0559,0.3402,-3.82,-0.0158,nan,nan,0.6202,0.1834,nan,nan,0.6202,0.1834
23478,H,18040,34194,3.8079,3.7527,3.8006,-0.0626,0.3395,-3.82,-0.0121,nan,nan,nan,nan,0.2404,0.0852,nan,nan
23479,H,18256,35415,3.8102,3.7772,3.805,-0.0704,0.3411,-3.82,-0.0098,nan,nan,0.6994,0.2573,0.6993,0.2576,0.6994,0.2573
23480,H,18243,34055,3.7945,3.7587,3.8013,-0.0616,0.3416,-3.82,-0.0255,nan,nan,nan,nan,nan,nan,nan,nan
23481,H,18241,33976,3.7978,3.7507,3.8202,-0.0629,0.3339,-3.82,-0.0222,nan,nan,nan,nan,nan,nan,nan,nan
23482,H,18290,33754,3.7953,3.7349,3.7962,-0.0657,0.3382,-3.82,-0.0247,nan,nan,nan,nan,nan,nan,nan,nan
23483,H,18216,33020,3.8174,3.7737,3.8151,-0.0671,0.3352,-3.82,-0.0026,nan,nan,nan,nan,nan,nan,nan,nan
23485,H,106682,196507,3.805,3.7584,3.8034,-0.0613,0.3362,-3.82,-0.015,-0.3992,0.3234,-0.4514,0.3512,-0.5692,0.3476,-0.4801,0.3376
23486,H,18159,34251,3.8052,3.7525,3.797,-0.0597,0.3393,-3.82,-0.0148,nan,nan,nan,nan,2.3711,0.267,nan,nan
23487,H,18157,33673,3.8095,3.7841,3.811,-0.0615,0.3365,-3.82,-0.0105,nan,nan,-0.9031,0.1786,nan,nan,-0.9031,0.1786
23488,H,18345,33752,3.8101,3.7884,3.8242,-0.0579,0.3401,-3.82,-0.0099,nan,nan,nan,nan,nan,nan,nan,nan
23489,H,18076,32728,3.8094,3.7745,3.8219,-0.0578,0.3391,-3.82,-0.0106,1.1495,0.3048,-0.0434,0.3032,-0.0434,0.3032,-0.0434,0.3032
23490,H,18307,34403,3.8268,3.7921,3.8455,-0.0588,0.3351,-3.82,0.0068,1.9099,0.1229,nan,nan,nan,nan,nan,nan
23491,H,18089,33793,3.8333,3.7803,3.8312,-0.061,0.3359,-3.82,0.0133,nan,nan,nan,nan,nan,nan,nan,nan
23492,H,18258,30518,3.83,3.7905,3.8389,-0.0541,0.3371,-3.82,0.01,0.2541,0.0545,nan,nan,nan,nan,nan,nan
23493,H,17961,30787,3.836,3.8056,3.9093,-0.0618,0.3404,-3.82,0.016,nan,nan,2.0433,0.2883,nan,nan,2.0427,0.2876
23494,H,18358,31247,3.8047,3.7588,3.8001,-0.0573,0.3414,-3.82,-0.0153,nan,nan,-3.6359,0.1009,-3.6617,0.0989,-3.6359,0.1009
23495,H,18358,29842,3.8209,3.7672,3.8189,-0.0559,0.3368,-3.82,0.0009,nan,nan,nan,nan,-2.8268,0.1788,-2.8267,0.1788
23496,H,18181,29689,3.849,3.7897,3.8644,-0.0628,0.3403,-3.82,0.029,nan,nan,nan,nan,nan,nan,nan,nan
23497,H,18297,29874,3.8528,3.7991,3.8489,-0.0679,0.3418,-3.82,0.0328,0.2698,0.0855,nan,nan,0.1174,0.1591,nan,nan
23498,H,18398,29550,3.8446,3.7989,3.8552,-0.0629,0.3391,-3.82,0.0246,0.5573,0.0267,nan,nan,nan,nan,nan,nan
23499,H,18409,29489,3.8247,3.7827,3.8327,-0.058,0.3424,-3.82,0.0047,nan,nan,nan,nan,nan,nan,nan,nan
23500,H,18506,29869,3.8087,3.7726,3.8159,-0.0626,0.3412,-3.82,-0.0113,nan,nan,nan,nan,nan,nan,nan,nan
23501,H,18596,29926,3.7946,3.7454,3.799,-0.0591,0.3366,-3.82,-0.0254,nan,nan,-2.0907,0.3826,-0.2825,0.1945,-2.0901,0.3824
23502,H,18503,29048,3.7842,3.7464,3.7366,-0.0577,0.3381,-3.82,-0.0358,nan,nan,nan,nan,nan,nan,-0.3932,0.2722
23503,H,18358,28948,3.7993,3.7504,3.7955,-0.0561,0.3364,-3.82,-0.0207,nan,nan,-1.605,0.4123,nan,nan,nan,nan
23504,H,18526,28844,3.7904,3.7339,3.7877,-0.0576,0.3394,-3.82,-0.0296,0.5763,0.0426,nan,nan,nan,nan,nan,nan
23505,H,18547,28883,3.7748,3.7338,3.793,-0.0537,0.3385,-3.82,-0.0452,nan,nan,nan,nan,nan,nan,nan,nan
23506,H,16188,25350,3.793,3.7426,3.8042,-0.062,0.3384,-3.82,-0.027,-0.2608,0.2194,nan,nan,nan,nan,nan,nan
23507,H,18369,28303,3.7935,3.7507,3.7985,-0.0594,0.3377,-3.82,-0.0265,nan,nan,-1.4489,0.0505,-1.4307,0.0514,-1.4489,0.0505
23508,H,18278,28493,3.8014,3.7506,3.7998,-0.0627,0.3333,-3.82,-0.0186,2.0488,0.1361,nan,nan,nan,nan,nan,nan
23510,H,124638,191256,3.8442,3.8208,3.8431,-0.0482,0.3673,-3.82,0.0242,0.483,0.0663,0.2969,0.2475,0.2914,0.2115,0.3063,0.2371
23511,H,18432,28203,3.7843,3.737,3.7871,-0.0629,0.3365,-3.82,-0.0357,nan,nan,-0.3374,0.1626,nan,nan,-0.3374,0.1626
23512,H,18506,28650,3.8099,3.7633,3.8148,-0.0585,0.3292,-3.82,-0.0101,-0.1885,0.0544,-0.7945,0.2316,-0.7949,0.2317,-0.7948,0.2318
23513,H,18227,28278,3.7997,3.7568,3.807,-0.0485,0.3374,-3.82,-0.0203,0.306,0.1468,-0.0089,0.1021,nan,nan,-0.0089,0.1021
23514,H,18378,27999,3.8154,3.7845,3.8071,-0.0611,0.3382,-3.82,-0.0046,nan,nan,0.292,0.0803,0.292,0.0803,0.292,0.0803
23515,H,18031,32077,3.8288,3.7915,3.8168,-0.0605,0.3405,-3.82,0.0088,nan,nan,-3.1247,0.0805,-3.1139,0.0873,nan,nan
23516,H,17992,31756,3.8234,3.7866,3.8455,-0.0555,0.3377,-3.82,0.0034,nan,nan,nan,nan,nan,nan,nan,nan
23517,H,18315,32653,3.8302,3.7898,3.8351,-0.0654,0.3403,-3.82,0.0102,nan,nan,nan,nan,nan,nan,nan,nan
23518,H,18271,32422,3.8094,3.8012,3.8102,-0.0551,0.3406,-3.82,-0.0106,-2.2423,0.0352,nan,nan,nan,nan,nan,nan
23519,H,18245,32818,3.832,3.7874,3.8316,-0.0568,0.3373,-3.82,0.012,1.7157,0.3196,nan,nan,nan,nan,nan,nan
23520,H,18598,30219,3.829,3.7962,3.8234,-0.0663,0.3427,-3.82,0.009,nan,nan,nan,nan,nan,nan,nan,nan
23521,H,18231,29454,3.8217,3.7964,3.8217,-0.0526,0.3388,-3.82,0.0017,nan,nan,nan,nan,nan,nan,nan,nan
23522,H,18425,29508,3.8255,3.7633,3.855,-0.0647,0.3414,-3.82,0.0055,nan,nan,nan,nan,nan,nan,nan,nan
23523,H,18319,28717,3.8247,3.7655,3.8434,-0.0707,0.3362,-3.82,0.0047,nan,nan,nan,nan,nan,nan,nan,nan
23524,H,16777,27334,3.8006,3.7834,3.8135,-0.0532,0.3452,-3.82,-0.0194,-2.2917,0.0542,nan,nan,nan,nan,nan,nan
23525,H,18359,30149,3.8077,3.7536,3.8024,-0.0595,0.3386,-3.82,-0.0123,0.4136,0.3273,-0.1108,0.0506,nan,nan,-0.1108,0.0506
23526,H,18318,29456,3.7929,3.7501,3.8009,-0.0599,0.3418,-3.82,-0.0271,nan,nan,nan,nan,nan,nan,nan,nan
23527,H,18224,29748,3.7956,3.7386,3.7995,-0.0591,0.3367,-3.82,-0.0244,-3.3482,0.9612,-3.4743,0.764,nan,nan,nan,nan
23528,H,18053,28939,3.7923,3.7441,3.7993,-0.0532,0.3379,-3.82,-0.0277,nan,nan,nan,nan,nan,nan,nan,nan
23529,H,18519,29247,3.7849,3.7406,3.7794,-0.0632,0.3375,-3.82,-0.0351,0.8475,0.0445,nan,nan,nan,nan,nan,nan
23530,H,18216,28842,3.7859,3.7517,3.7858,-0.0563,0.3353,-3.82,-0.0341,nan,nan,-2.2502,0.1315,-2.3904,0.0688,-2.2502,0.1315
23531,H,18057,27982,3.7965,3.7661,3.7927,-0.0617,0.334,-3.82,-0.0235,nan,nan,nan,nan,2.3127,0.0959,nan,nan
23533,H,18259,31697,3.7877,3.7554,3.7982,-0.0642,0.3311,-3.82,-0.0323,0.0746,0.0687,0.6467,0.0499,0.6908,0.0249,0.6467,0.0499
23534,H,18164,30596,3.7951,3.7412,3.8047,-0.058,0.3354,-3.82,-0.0249,nan,nan,nan,nan,nan,nan,nan,nan
23536,H,95716,155379,3.7935,3.7553,3.7933,-0.0549,0.3327,-3.82,-0.0265,nan,nan,nan,nan,2.3875,0.0255,nan,nan
23537,H,18156,29485,3.7989,3.7691,3.7901,-0.0542,0.3307,-3.82,-0.0211,nan,nan,-0.8726,0.0813,-0.8046,0.0572,-0.8726,0.0813
23538,H,18411,29408,3.801,3.7553,3.7977,-0.0465,0.3335,-3.82,-0.019,-2.0445,0.1831,nan,nan,nan,nan,nan,nan
23539,H,18262,29234,3.8036,3.7627,3.8302,-0.0479,0.3374,-3.82,-0.0164,1.4285,0.3936,nan,nan,-0.4514,0.054,nan,nan
23541,H,18248,28270,3.8247,3.7922,3.8218,-0.0613,0.3384,-3.82,0.0047,0.0254,0.7207,0.0172,0.2863,nan,nan,0.0193,0.2877
23542,H,17844,31058,3.8254,3.8016,3.8286,-0.0562,0.3361,-3.82,0.0054,-1.6908,0.278,nan,nan,nan,nan,nan,nan
23543,H,18098,31726,3.8164,3.7628,3.81,-0.0597,0.3383,-3.82,-0.0036,nan,nan,nan,nan,nan,nan,nan,nan
23544,H,18274,32649,3.8361,3.8134,3.8298,-0.0603,0.338,-3.82,0.0161,2.681,1.9218,0.177,0.1671,0.1552,0.1737,0.177,0.1671
23545,H,17995,31417,3.8345,3.7937,3.8337,-0.0605,0.3401,-3.82,0.0145,1.8188,0.1669,2.0191,0.0586,1.8507,0.107,2.019,0.0585
23546,H,18452,32314,3.8422,3.8009,3.8414,-0.0616,0.3424,-3.82,0.0222,0.8717,0.0443,-2.2523,0.0779,0.3952,0.491,-2.2523,0.0779
23547,H,18322,28409,3.8356,3.8027,3.837,-0.0648,0.3386,-3.82,0.0156,2.789,0.068,2.9237,0.2563,nan,nan,2.9236,0.2563
23548,H,18188,27648,3.8427,3.8062,3.8575,-0.0629,0.3403,-3.82,0.0227,nan,nan,0.491,0.1248,nan,nan,0.491,0.1248
23549,H,18436,28789,3.8344,3.7838,3.8439,-0.0578,0.3364,-3.82,0.0144,nan,nan,-0.32,0.178,-0.3634,0.1928,-0.32,0.178
23550,H,18184,27650,3.8237,3.7802,3.8367,-0.0631,0.3387,-3.82,0.0037,2.5252,0.1492,nan,nan,nan,nan,nan,nan
23551,H,18240,28606,3.8202,3.7826,3.8276,-0.0661,0.3392,-3.82,0.0002,1.3941,0.2914,0.6001,0.2706,nan,nan,nan,nan
23552,H,18181,28940,3.803,3.7755,3.796,-0.0577,0.3372,-3.82,-0.017,-0.1545,0.0642,nan,nan,-0.4265,0.1049,nan,nan
23553,H,18231,28480,3.801,3.7204,3.7973,-0.0682,0.3403,-3.82,-0.019,-0.0344,0.059,-1.6491,0.2527,nan,nan,-1.6491,0.2527
23554,H,18322,29089,3.803,3.7617,3.8139,-0.0666,0.3363,-3.82,-0.017,nan,nan,nan,nan,nan,nan,nan,nan
23555,H,18180,28029,3.8053,3.7455,3.8025,-0.0622,0.3367,-3.82,-0.0147,-0.9023,0.1186,-0.7588,0.7105,nan,nan,nan,nan
23556,H,18449,28295,3.7923,3.7513,3.8021,-0.0536,0.3364,-3.82,-0.0277,nan,nan,-0.2312,0.0588,nan,nan,-0.2312,0.0588
23557,H,18147,27167,3.8053,3.754,3.8179,-0.064,0.3373,-3.82,-0.0147,0.7534,0.4423,nan,nan,-1.6131,0.1077,nan,nan
23558,H,18464,26963,3.8138,3.7652,3.8044,-0.0573,0.3416,-3.82,-0.0062,0.1367,0.4826,0.6297,0.0327,0.6297,0.0327,0.6297,0.0327
23560,H,124821,184219,3.8756,3.838,3.8815,-0.0574,0.3727,-3.82,0.0556,nan,nan,nan,nan,nan,nan,nan,nan
23561,H,18199,29341,3.8288,3.7949,3.8248,-0.0612,0.3389,-3.82,0.0088,nan,nan,nan,nan,nan,nan,nan,nan
23563,H,18265,29517,3.831,3.7688,3.8303,-0.0689,0.3436,-3.82,0.011,nan,nan,nan,nan,-0.5646,0.2145,nan,nan
23564,H,18358,27973,3.8298,3.7821,3.8351,-0.057,0.3418,-3.82,0.0098,nan,nan,nan,nan,-1.9303,0.0425,nan,nan
23565,H,18282,27653,3.8128,3.7406,3.8135,-0.0605,0.3345,-3.82,-0.0072,0.2188,0.092,nan,nan,nan,nan,nan,nan
23566,H,18323,27187,3.8287,3.7849,3.8401,-0.0645,0.3419,-3.82,0.0087,-0.7475,0.0442,2.5011,0.2462,2.5586,0.0506,2.5011,0.2462
23567,H,18384,27830,3.843,3.7929,3.8377,-0.0525,0.3343,-3.82,0.023,nan,nan,nan,nan,nan,nan,nan,nan
23574,H,4573,0,3.7882,3.7686,3.7772,-0.0428,0.3426,-3.82,-0.0318,nan,nan,nan,nan,nan,nan,nan,nan
23576,H,60374,99908,3.8466,3.8126,3.8515,-0.066,0.3404,-3.82,0.0266,-0.9453,0.4224,-0.6225,0.4159,-0.9428,0.3543,-0.6225,0.4159
23577,H,18494,30044,3.8586,3.8114,3.8575,-0.0785,0.3396,-3.82,0.0386,nan,nan,nan,nan,nan,nan,nan,nan
23579,H,18274,29496,3.8421,3.7997,3.8386,-0.0653,0.3416,-3.82,0.0221,-2.0732,0.2672,nan,nan,nan,nan,nan,nan
23580,H,18535,28353,3.8334,3.7879,3.83,-0.0601,0.3474,-3.82,0.0134,3.0404,0.2014,2.8489,0.3876,2.9066,0.1841,2.8394,0.3776
23581,H,18414,27294,3.8426,3.7851,3.8388,-0.0792,0.3424,-3.82,0.0226,nan,nan,2.5324,0.1062,nan,nan,2.5324,0.1062
23583,H,18527,26989,3.8546,3.8179,nan,-0.0596,0.3403,-3.82,0.0346,2.8137,0.4335,3.0687,0.0432,2.9571,0.2547,3.0687,0.0432
23584,H,18846,27421,3.8311,3.7897,3.8466,-0.0613,0.338,-3.82,0.0111,nan,nan,nan,nan,-1.8177,0.2194,nan,nan
23585,H,2552,0,3.9587,3.8404,3.8426,-0.2129,0.3277,-3.82,0.1387,nan,nan,nan,nan,nan,nan,nan,nan
23586,H,18339,31402,3.828,3.7942,3.8467,-0.0655,0.3408,-3.82,0.008,nan,nan,nan,nan,nan,nan,nan,nan
23587,H,18464,29474,3.8331,3.7823,3.8379,-0.0668,0.3409,-3.82,0.0131,nan,nan,0.1884,0.2913,0.0297,0.1356,0.1884,0.2913
23588,H,18430,29116,3.8143,3.7672,3.8225,-0.0643,0.3393,-3.82,-0.0057,nan,nan,nan,nan,nan,nan,nan,nan
23590,H,46684,70115,3.8867,3.8607,3.8872,-0.0567,0.3695,-3.82,0.0667,nan,nan,-0.7254,0.03,-0.7843,0.0366,-0.7254,0.03
23593,H,18506,24593,3.8254,3.7848,3.8225,-0.0612,0.3337,-3.82,0.0054,nan,nan,-1.7483,0.0343,-0.592,0.0752,-1.7483,0.0343
23597,H,18355,31320,1.9058,1.8756,1.9123,-0.0539,0.3309,-1.82,0.0858,2.7574,0.1569,2.8528,0.1114,2.7505,0.1135,2.831,0.0948
23598,H,18376,29548,1.8803,1.8282,1.8944,-0.0649,0.3351,-1.82,0.0603,1.0399,0.2474,1.3754,0.1901,-0.4344,0.117,-0.3908,0.1925
23600,H,18440,28922,1.8968,1.8499,1.9071,-0.0642,0.334,-1.82,0.0768,nan,nan,nan,nan,nan,nan,nan,nan
23601,H,18366,27832,1.9216,1.8655,1.9091,-0.0656,0.3304,-1.82,0.1016,nan,nan,1.0241,0.1382,0.9239,0.1382,0.8571,0.2003
23602,H,18686,28054,1.8649,1.8305,1.8571,-0.0667,0.3367,-1.82,0.0449,nan,nan,nan,nan,0.2668,0.0399,-0.7214,0.0983
23603,H,18487,27839,1.9014,1.8737,1.9108,-0.0538,0.3305,-1.82,0.0814,nan,nan,nan,nan,1.898,0.0255,1.898,0.0255
23604,H,18556,27796,1.8809,1.8296,1.8934,-0.0714,0.3301,-1.82,0.0609,nan,nan,nan,nan,nan,nan,nan,nan
23605,H,18431,32223,1.9018,1.8643,1.9043,-0.0632,0.3343,-1.82,0.0818,-0.9847,0.0753,-0.4892,0.058,-0.5655,0.0639,-0.565,0.064
23606,H,18468,28995,1.9049,1.8613,1.9222,-0.0646,0.3376,-1.82,0.0849,nan,nan,nan,nan,nan,nan,nan,nan
23607,H,18624,28850,1.8882,1.843,1.8954,-0.0696,0.3333,-1.82,0.0682,nan,nan,nan,nan,nan,nan,nan,nan
23608,H,18429,27685,1.8991,1.8755,1.9223,-0.0645,0.3324,-1.82,0.0791,-2.7766,0.8185,nan,nan,nan,nan,nan,nan
23609,H,18509,28936,1.8848,1.8205,1.8954,-0.0654,0.3353,-1.82,0.0648,nan,nan,-2.7592,0.0377,nan,nan,nan,nan
23610,H,18560,28599,1.8934,1.8587,1.8991,-0.0622,0.3337,-1.82,0.0734,nan,nan,1.5102,0.5106,nan,nan,nan,nan
23611,H,18478,27748,1.8935,1.8528,1.8897,-0.0646,0.3338,-1.82,0.0735,nan,nan,nan,nan,nan,nan,nan,nan
23613,H,91587,135440,1.9039,1.8614,1.9026,-0.0631,0.3285,-1.82,0.0839,-0.4963,1.4012,1.3408,4.5091,-0.4064,0.3727,-0.3178,0.3532
23614,H,18455,26896,1.9079,1.8658,1.9314,-0.0643,0.3306,-1.82,0.0879,-1.4367,0.0972,0.0817,0.0728,-0.021,0.0742,0.008,0.0671
23615,H,18485,28026,1.9143,1.8539,1.9115,-0.0654,0.3305,-1.82,0.0943,-2.053,1.9872,nan,nan,nan,nan,nan,nan
23616,H,18595,27108,1.8713,1.8155,1.855,-0.0611,0.3333,-1.82,0.0513,nan,nan,-0.0407,0.1228,-0.145,0.0751,nan,nan
23617,H,18566,26867,1.9053,1.8683,1.9051,-0.0616,0.331,-1.82,0.0853,nan,nan,0.1863,0.1045,nan,nan,nan,nan
23618,H,18661,26904,1.8857,1.838,1.8873,-0.0668,0.3325,-1.82,0.0657,nan,nan,-1.7424,0.0699,-3.7771,0.8922,nan,nan
23619,H,18262,26730,1.9055,1.8538,1.9031,-0.0634,0.3346,-1.82,0.0855,-1.4768,0.1099,nan,nan,-1.7496,0.0653,-1.7181,0.0731
23620,H,18348,27314,1.8901,1.8491,1.8861,-0.0704,0.3318,-1.82,0.0701,nan,nan,nan,nan,nan,nan,nan,nan
23621,H,18235,26627,1.9119,1.8684,1.9129,-0.0624,0.3304,-1.82,0.0919,nan,nan,nan,nan,nan,nan,nan,nan
23622,H,18418,26373,1.8738,1.8053,1.8766,-0.0706,0.3262,-1.82,0.0538,nan,nan,0.233,0.0904,0.225,0.0924,0.1749,0.0923
23623,H,18491,26773,1.902,1.8733,1.8922,-0.0634,0.3291,-1.82,0.082,nan,nan,nan,nan,nan,nan,nan,nan
23624,H,18330,26675,1.9003,1.846,1.9033,-0.0624,0.3318,-1.82,0.0803,nan,nan,-0.8004,0.1189,-0.6167,0.2109,-0.6167,0.2109
23625,H,18340,29972,1.8438,1.8084,1.8549,-0.0558,0.3307,-1.82,0.0238,nan,nan,nan,nan,nan,nan,-0.6037,0.3154
23626,H,18444,29574,1.8905,1.8429,1.8858,-0.0579,0.3284,-1.82,0.0705,nan,nan,-0.1833,0.4294,nan,nan,nan,nan
23627,H,18272,28628,1.8995,1.856,1.8934,-0.0703,0.3368,-1.82,0.0795,-1.6022,0.2113,-0.109,0.2344,-0.0994,0.0698,-0.0994,0.0698
23628,H,18298,29749,1.8639,1.8131,1.8711,-0.071,0.332,-1.82,0.0439,0.1996,0.1028,nan,nan,nan,nan,nan,nan
23629,H,18383,29178,1.8891,1.852,1.8876,-0.0762,0.3352,-1.82,0.0691,nan,nan,nan,nan,nan,nan,nan,nan
23630,H,18273,28257,1.8816,1.8501,1.879,-0.0679,0.3401,-1.82,0.0616,nan,nan,-0.263,0.143,-0.2243,0.4341,nan,nan
23631,H,18386,28450,1.8856,1.8386,1.8728,-0.0684,0.3327,-1.82,0.0656,-0.531,0.1714,nan,nan,nan,nan,nan,nan
23632,H,18066,27331,1.8744,1.8177,1.9086,-0.0645,0.3355,-1.82,0.0544,nan,nan,nan,nan,-1.8928,0.1822,-1.9889,0.0944
23633,H,18435,28076,1.882,1.8193,1.8685,-0.0654,0.3299,-1.82,0.062,nan,nan,0.4705,0.0431,0.4152,0.0663,nan,nan
23634,H,18387,27954,1.878,1.8408,1.8778,-0.0684,0.332,-1.82,0.058,0.4954,0.0743,1.2496,0.1153,0.5445,0.044,0.5452,0.0579
23635,H,18321,27952,1.8916,1.848,1.892,-0.0665,0.3359,-1.82,0.0716,2.0523,0.6271,nan,nan,0.8641,0.3169,0.8641,0.3169
23636,H,18597,29405,1.8883,1.856,1.8892,-0.065,0.3302,-1.82,0.0683,-0.6079,16.1708,nan,nan,-1.7603,0.0362,-1.7603,0.0361
23638,H,125639,189332,1.9512,1.9324,1.9565,-0.053,0.3693,-1.82,0.1312,0.6946,0.3579,1.2172,0.4462,1.3112,0.1804,1.1959,0.6024
23639,H,18406,28784,1.8864,1.8382,1.8914,-0.066,0.333,-1.82,0.0664,0.1472,0.5199,nan,nan,nan,nan,nan,nan
23640,H,18651,28636,1.8748,1.8246,1.8829,-0.065,0.3317,-1.82,0.0548,nan,nan,nan,nan,nan,nan,nan,nan
23641,H,18717,29821,1.8837,1.8249,1.8891,-0.0713,0.3348,-1.82,0.0637,-0.3643,0.1611,nan,nan,nan,nan,nan,nan
23642,H,18302,28234,1.8389,1.8006,1.8358,-0.0699,0.3335,-1.82,0.0189,nan,nan,nan,nan,nan,nan,nan,nan
23643,H,18383,27914,1.879,1.838,1.8773,-0.0622,0.3342,-1.82,0.059,-0.2325,0.1307,0.1817,0.2922,0.0635,0.3001,0.1817,0.2922
23644,H,18290,27448,1.8332,1.7996,1.8385,-0.0627,0.3352,-1.82,0.0132,nan,nan,nan,nan,0.019,0.2343,nan,nan
23645,H,18594,29434,1.8696,1.8194,1.8663,-0.0683,0.3343,-1.82,0.0496,nan,nan,-1.0154,0.0426,nan,nan,-1.0154,0.0426
23646,H,18463,28786,1.824,1.7731,1.8123,-0.0668,0.3323,-1.82,0.004,nan,nan,nan,nan,nan,nan,nan,nan
23647,H,18073,28682,1.8435,1.8005,1.8328,-0.058,0.3295,-1.82,0.0235,2.0567,0.2511,nan,nan,nan,nan,nan,nan
23648,H,18165,29697,1.8422,1.8152,1.8491,-0.0553,0.331,-1.82,0.0222,nan,nan,0.3357,0.0874,0.2574,0.0349,0.3356,0.0874
23650,H,18218,29799,1.8407,1.7976,1.8501,-0.0632,0.3312,-1.82,0.0207,2.1748,0.1681,2.1135,0.0738,2.1813,0.0465,2.1135,0.0738
23651,H,18204,34082,1.8303,1.7729,1.8259,-0.0633,0.3351,-1.82,0.0103,0.1707,0.5318,nan,nan,nan,nan,nan,nan
23652,H,18213,32767,1.8327,1.7888,1.836,-0.0688,0.33,-1.82,0.0127,nan,nan,nan,nan,nan,nan,nan,nan
23653,H,18327,31913,1.8117,1.7608,1.8143,-0.0637,0.3338,-1.82,-0.0083,nan,nan,1.4054,0.2999,1.4054,0.2999,1.4054,0.3
23654,H,18255,30841,1.8262,1.754,1.817,-0.0647,0.3331,-1.82,0.0062,0.1094,0.0468,0.0509,0.1225,-0.0034,0.1649,0.0509,0.1225
23655,H,18224,30995,1.8239,1.7727,1.8259,-0.0704,0.3344,-1.82,0.0039,2.4766,0.0374,nan,nan,nan,nan,nan,nan
23656,H,18532,31236,1.8141,1.7672,nan,-0.0735,0.3354,-1.82,-0.0059,nan,nan,nan,nan,nan,nan,nan,nan
23657,H,18313,31129,1.8228,1.7817,1.8264,-0.0636,0.3332,-1.82,0.0028,1.3936,0.1208,nan,nan,1.8807,0.0676,nan,nan
23658,H,18444,31282,1.8153,1.7823,1.8228,-0.0589,0.3314,-1.82,-0.0047,nan,nan,nan,nan,nan,nan,nan,nan
23659,H,18334,30688,1.8246,1.7634,1.8115,-0.0746,0.3326,-1.82,0.0046,0.0722,0.1506,-0.1749,0.0641,-0.1679,0.1086,-0.1749,0.0641
23660,H,18196,30914,1.8278,1.7984,1.822,-0.059,0.3309,-1.82,0.0078,nan,nan,-0.6026,0.4128,-0.9555,0.2641,-0.6026,0.4128
23662,H,95245,155441,1.8411,1.8077,1.8405,-0.0669,0.336,-1.82,0.0211,-0.146,0.1507,-0.1898,0.2705,-0.1117,0.2898,-0.1887,0.2669
23663,H,18266,30462,1.8406,1.7923,1.834,-0.0645,0.3335,-1.82,0.0206,nan,nan,nan,nan,nan,nan,nan,nan
23664,H,18356,30680,1.8437,1.8085,1.8505,-0.0622,0.3344,-1.82,0.0237,-2.9402,0.4932,-3.0861,0.2121,-2.7682,0.5806,-3.0858,0.2121
23665,H,18202,30952,1.7958,1.7525,1.8081,-0.0626,0.3336,-1.82,-0.0242,nan,nan,-0.3683,0.7027,-0.0435,0.5674,-0.3683,0.7027
23666,H,18433,31049,1.8275,1.7969,1.8229,-0.0571,0.3346,-1.82,0.0075,1.9229,0.0917,nan,nan,nan,nan,nan,nan
23667,H,18226,30057,1.8468,1.7976,1.8373,-0.0671,0.3305,-1.82,0.0268,nan,nan,nan,nan,nan,nan,nan,nan
23668,H,18379,30858,1.7868,1.752,1.7838,-0.0627,0.33,-1.82,-0.0332,nan,nan,1.9065,0.0503,1.9684,0.1089,1.9064,0.0502
23669,H,18335,30271,1.8299,1.7944,1.8262,-0.0585,0.3343,-1.82,0.0099,nan,nan,nan,nan,nan,nan,nan,nan
23670,H,18376,30065,1.7887,1.7562,1.7865,-0.0596,0.3285,-1.82,-0.0313,0.6393,0.5345,0.0766,0.0359,nan,nan,0.0766,0.0359
23671,H,18189,29849,1.8287,1.8045,1.8239,-0.0608,0.3359,-1.82,0.0087,nan,nan,nan,nan,nan,nan,nan,nan
23672,H,18215,29595,1.8177,1.7714,1.8204,-0.0671,0.3355,-1.82,-0.0023,nan,nan,nan,nan,nan,nan,nan,nan
23673,H,18495,30900,1.7737,1.7178,1.7673,-0.0698,0.3344,-1.82,-0.0463,nan,nan,nan,nan,nan,nan,nan,nan
23674,H,18475,30986,1.8312,1.7988,1.8252,-0.0617,0.3345,-1.82,0.0112,nan,nan,nan,nan,nan,nan,nan,nan
23675,H,18350,31294,1.7845,1.7383,1.7834,-0.0766,0.3361,-1.82,-0.0355,-0.1537,0.0728,2.5748,0.1236,2.6605,0.0292,2.5748,0.1236
23676,H,18299,31317,1.8103,1.7695,1.8071,-0.065,0.3316,-1.82,-0.0097,0.882,0.1283,2.7485,0.2763,2.7485,0.2763,2.7485,0.2763
23677,H,18179,31861,1.7705,1.7212,1.7655,-0.0683,0.3301,-1.82,-0.0495,0.097,0.049,0.013,0.1345,-0.0924,0.0771,0.013,0.1345
23678,H,17978,30792,1.8077,1.7655,1.8024,-0.0608,0.3326,-1.82,-0.0123,nan,nan,0.1352,0.1591,nan,nan,nan,nan
23679,H,18109,31693,1.822,1.7882,1.8262,-0.0686,0.3323,-1.82,0.002,nan,nan,0.873,0.2406,0.8637,0.0723,0.873,0.2406
23680,H,18088,30525,1.812,1.7574,1.8161,-0.0595,0.3333,-1.82,-0.008,nan,nan,2.4644,0.1377,2.4644,0.1377,2.4644,0.1377
23681,H,18336,31610,1.8251,1.7726,1.8136,-0.0682,0.3334,-1.82,0.0051,-1.2492,0.0907,nan,nan,3.2088,0.1943,nan,nan
23682,H,18139,30906,1.8206,1.7837,1.8123,-0.0689,0.3282,-1.82,0.0006,nan,nan,nan,nan,nan,nan,nan,nan
23683,H,18316,30574,1.8124,1.7634,1.8027,-0.0695,0.3327,-1.82,-0.0076,1.992,1.9582,nan,nan,nan,nan,nan,nan
23684,H,18364,30205,1.8094,1.7392,1.8072,-0.0688,0.3286,-1.82,-0.0106,3.3556,0.5269,nan,nan,nan,nan,nan,nan
23686,H,125386,205483,1.8529,1.8259,1.858,-0.0528,0.3668,-1.82,0.0329,3.7552,2.7681,2.2823,0.1994,nan,nan,2.2823,0.1994
23687,H,18222,30283,1.7966,1.7506,1.7844,-0.0667,0.3299,-1.82,-0.0234,nan,nan,nan,nan,nan,nan,nan,nan
23688,H,18219,30131,1.8092,1.7615,1.8085,-0.0692,0.3354,-1.82,-0.0108,nan,nan,nan,nan,nan,nan,nan,nan
23689,H,18145,30501,1.8096,1.7681,1.8001,-0.0652,0.3316,-1.82,-0.0104,nan,nan,nan,nan,nan,nan,nan,nan
23690,H,18199,30038,1.8149,1.7765,1.8075,-0.0637,0.3305,-1.82,-0.0051,nan,nan,nan,nan,1.0413,0.1765,1.0413,0.1765
23691,H,18356,29557,1.8232,1.7825,1.8228,-0.065,0.3313,-1.82,0.0032,nan,nan,2.6741,0.5178,2.5456,0.4985,2.7102,0.5203
23692,H,18283,29772,1.8155,1.7741,1.8176,-0.0609,0.332,-1.82,-0.0045,0.8149,0.0793,nan,nan,nan,nan,nan,nan
23693,H,18356,30013,1.7486,1.6952,1.7334,-0.0628,0.3319,-1.82,-0.0714,nan,nan,-0.3463,0.0419,-0.2034,1.9973,-0.3463,0.0419
23694,H,18263,30252,1.7909,1.7742,1.8043,-0.0628,0.3327,-1.82,-0.0291,nan,nan,nan,nan,1.6602,0.1258,nan,nan
23695,H,18229,29448,1.8001,1.7546,1.8,-0.0556,0.3272,-1.82,-0.0199,0.9618,0.065,nan,nan,nan,nan,nan,nan
23696,H,18351,30279,1.7821,1.7395,1.7854,-0.0586,0.3288,-1.82,-0.0379,nan,nan,1.6867,0.0982,nan,nan,1.6867,0.0982
23697,H,18297,26872,1.7855,1.7416,1.7793,-0.0598,0.3291,-1.82,-0.0345,-2.6002,0.0382,nan,nan,nan,nan,nan,nan
23698,H,18427,26536,1.8066,1.7857,1.8166,-0.0632,0.3352,-1.82,-0.0134,0.6964,0.2515,0.504,0.2433,0.5037,0.2436,0.504,0.2433
23699,H,18576,27598,1.7976,1.777,1.8018,-0.0701,0.3291,-1.82,-0.0224,nan,nan,2.3137,0.0705,1.6594,0.0946,2.3137,0.0705
23700,H,18565,26319,1.7887,1.7458,1.7938,-0.0694,0.3348,-1.82,-0.0313,nan,nan,-1.0334,0.4544,nan,nan,-1.0334,0.4544
23701,H,18471,26577,1.7754,1.7392,1.7794,-0.0686,0.3375,-1.82,-0.0446,nan,nan,nan,nan,nan,nan,nan,nan
23702,H,18683,26569,1.7314,1.6921,1.7385,-0.0586,0.3313,-1.82,-0.0886,nan,nan,nan,nan,nan,nan,-0.849,0.1448
23703,H,18531,19278,1.7263,1.69,1.7418,-0.066,0.3301,-1.82,-0.0937,nan,nan,0.2551,0.1045,nan,nan,nan,nan
23704,H,18591,27595,1.7308,1.6798,1.765,-0.0686,0.3331,-1.82,-0.0892,-1.1761,0.2548,-1.426,0.2392,-1.2407,0.6141,nan,nan
23705,H,18580,26699,1.7155,1.715,1.7496,-0.0634,0.3334,-1.82,-0.1045,nan,nan,nan,nan,nan,nan,0.04,0.115
23706,H,18618,26135,1.7188,1.6864,1.7524,-0.0595,0.3332,-1.82,-0.1012,nan,nan,1.6292,0.1381,1.7281,0.1379,nan,nan
23707,H,18581,26692,1.736,1.6962,1.7374,-0.0672,0.3337,-1.82,-0.084,nan,nan,nan,nan,nan,nan,2.5817,0.1424
23708,H,18597,26627,1.7526,1.7028,1.7583,-0.0643,0.3343,-1.82,-0.0674,nan,nan,nan,nan,nan,nan,nan,nan
23710,H,91804,128827,1.7615,1.7273,1.7622,-0.0672,0.3368,-1.82,-0.0585,nan,nan,0.0081,0.0844,0.1031,0.1453,0.1007,0.1438
23711,H,18513,26053,1.773,1.7162,1.775,-0.0733,0.3349,-1.82,-0.047,nan,nan,nan,nan,nan,nan,nan,nan
23712,H,18532,26179,1.7784,1.7317,1.7963,-0.0757,0.3385,-1.82,-0.0416,nan,nan,1.5797,0.1707,1.6232,0.1592,1.6033,0.1989
23713,H,18083,29224,1.7322,1.6942,1.7427,-0.0649,0.3339,-1.82,-0.0878,nan,nan,nan,nan,0.1733,0.1305,nan,nan
23714,H,18234,29361,1.7677,1.7231,1.7622,-0.0631,0.3364,-1.82,-0.0523,3.947,0.2913,nan,nan,nan,nan,nan,nan
23715,H,18160,29339,1.7889,1.7464,1.7764,-0.0711,0.3341,-1.82,-0.0311,0.9046,0.0571,0.7403,0.1327,0.8533,0.1068,nan,nan
23716,H,18223,28002,1.7825,1.7354,1.7816,-0.0695,0.3442,-1.82,-0.0375,nan,nan,-0.4698,0.2756,nan,nan,-0.3986,0.2096
23717,H,18751,23143,1.7544,1.7168,1.747,-0.0713,0.3324,-1.82,-0.0656,nan,nan,nan,nan,nan,nan,nan,nan
23724,H,6566,898,1.732,1.7414,1.7463,-0.068,0.3228,-1.82,-0.088,nan,nan,0.8053,0.0467,-0.6905,0.5464,nan,nan
23726,H,20163,8439,1.7219,1.5165,1.7356,-0.0696,0.3304,-1.82,-0.0981,nan,nan,0.0163,0.233,0.0811,0.2098,-0.0242,0.2418
23727,H,20015,10049,1.7387,1.5187,1.7301,-0.0802,0.3274,-1.82,-0.0813,-0.0346,0.1527,-0.3955,0.1774,-0.2414,0.1644,-0.192,0.1663
23728,H,19950,9691,1.7579,1.5513,1.7614,-0.0655,0.3269,-1.82,-0.0621,0.4369,0.554,nan,nan,-1.2509,0.0386,-1.2509,0.0386
23729,H,19963,10554,1.7201,1.4993,1.7298,-0.0665,0.3249,-1.82,-0.0999,-0.1049,0.2569,-0.4993,0.0809,-0.3984,0.0805,0.8467,0.1936
23730,H,19737,10313,1.6873,1.4678,1.6959,-0.0621,0.3238,-1.82,-0.1327,0.2609,0.0448,0.0405,0.3504,0.1191,0.3645,nan,nan
23731,H,19746,10206,1.702,1.5,1.7259,-0.049,0.3255,-1.82,-0.118,-0.0321,0.1743,-0.0705,0.0448,nan,nan,-0.0045,0.0955
23732,H,19446,10235,1.7029,1.4791,1.702,-0.0636,0.3249,-1.82,-0.1171,1.5026,0.5138,nan,nan,nan,nan,nan,nan
23733,H,19772,10513,1.7413,1.5282,1.7351,-0.0556,0.3238,-1.82,-0.0787,nan,nan,nan,nan,nan,nan,nan,nan
23734,H,20056,10048,1.719,1.5019,1.7109,-0.0637,0.3286,-1.82,-0.101,nan,nan,-2.2305,0.1916,nan,nan,nan,nan
23736,H,19481,10147,1.7331,1.5121,1.7526,-0.0652,0.3226,-1.82,-0.0869,-1.1308,0.2341,-1.031,0.2188,-0.7589,0.2502,-0.684,0.5243
23738,H,59469,31334,1.7456,1.6282,1.7383,-0.0602,0.3259,-1.82,-0.0744,-0.2915,0.318,0.3486,4.0973,-0.3665,0.2447,-0.3665,0.2447
23740,H,59162,29905,1.7249,1.6108,1.719,-0.055,0.3263,-1.82,-0.0951,-0.2007,0.2608,-0.4342,0.2802,-0.2001,0.641,-0.3186,0.2894
23742,H,58779,29783,1.756,1.6205,1.7552,-0.0623,0.3293,-1.82,-0.064,-0.3473,0.3591,-0.7389,0.1927,-0.7485,0.1839,-0.7484,0.1841
23743,H,58918,29834,1.761,1.6339,1.7667,-0.0661,0.3317,-1.82,-0.059,-0.4048,0.1728,-0.5499,0.1956,-0.4387,0.1553,-0.4387,0.1553
23744,H,58891,29943,1.7224,1.5894,1.7186,-0.0635,0.329,-1.82,-0.0976,0.0852,0.2167,0.0071,0.2276,0.0917,0.2067,-0.0314,0.1934
23745,H,58899,29790,1.7063,1.5792,1.7079,-0.0593,0.3272,-1.82,-0.1137,-0.3552,0.2322,-0.1719,0.6855,-0.0933,0.6099,-0.449,0.194
23746,H,59306,30078,1.7113,1.5922,1.7126,-0.0578,0.3281,-1.82,-0.1087,-0.0221,0.1832,-0.0469,0.1445,0.0123,0.1422,-0.0395,0.1339
23747,H,59154,29240,1.7345,1.6112,1.7397,-0.062,0.3288,-1.82,-0.0855,nan,nan,-0.2953,1.6878,-0.6132,0.4323,-0.0556,0.6206
23750,H,59333,29429,1.7647,1.641,1.7597,-0.0601,0.3288,-1.82,-0.0553,-0.1168,0.0884,-0.2089,0.0684,-0.068,0.073,-0.1264,0.0701
23756,H,59050,113478,1.7929,1.7727,1.7839,-0.0742,0.346,-1.82,-0.0271,0.0544,0.1395,-0.0834,0.1984,-0.1202,0.2556,-0.0156,0.2721
23757,H,57468,96421,1.78,1.7584,1.7817,-0.0673,0.3407,-1.82,-0.04,nan,nan,2.6086,0.06,nan,nan,nan,nan
23758,H,58163,95432,1.776,1.7576,1.7697,-0.0646,0.3404,-1.82,-0.044,0.2553,0.2544,0.1622,0.3231,0.2987,0.3065,0.2626,0.3029
23759,H,58432,71529,1.8033,1.7792,1.8114,-0.0676,0.3361,-1.82,-0.0167,1.76,0.2119,1.8483,0.077,1.8574,0.0775,1.8935,0.0832
23760,H,47791,56825,1.8025,1.7805,1.7947,-0.0718,0.3435,-1.82,-0.0175,nan,nan,0.0718,0.0837,0.163,0.1101,nan,nan
23761,H,57894,67742,1.8187,1.7966,1.8126,-0.0708,0.3426,-1.82,-0.0013,-0.2445,0.1521,1.7694,0.0808,1.7694,0.0808,-0.5292,0.0343
23762,H,58223,72930,1.779,1.7537,1.7792,-0.072,0.3422,-1.82,-0.041,1.4332,0.1867,nan,nan,nan,nan,nan,nan
23763,H,58187,69451,1.7906,1.7645,1.8081,-0.0695,0.3418,-1.82,-0.0294,nan,nan,-0.2354,0.0635,nan,nan,nan,nan
23764,H,57993,70159,1.7846,1.7592,1.7821,-0.0636,0.3387,-1.82,-0.0354,0.2816,0.3794,0.2747,0.4368,0.2643,0.5272,0.4009,0.2965
23767,H,143897,166771,1.7715,1.7495,1.7705,-0.0685,0.3422,-1.82,-0.0485,-0.3663,0.1836,-0.3103,0.2672,-0.3848,0.2331,-0.3521,0.2672
23768,H,58112,66631,1.7684,1.753,1.7762,-0.0697,0.344,-1.82,-0.0516,-0.2899,0.3264,-0.2457,0.2662,-1.8021,0.182,-1.8021,0.182
23769,H,19216,21171,1.7666,1.7455,1.7683,-0.0749,0.3323,-1.82,-0.0534,nan,nan,-0.2306,0.0593,nan,nan,nan,nan
23770,H,19402,21094,1.7765,1.7143,1.7727,-0.0742,0.3259,-1.82,-0.0435,-2.0096,0.6617,nan,nan,nan,nan,nan,nan
23771,H,19132,21209,1.757,1.7147,1.7687,-0.0699,0.3311,-1.82,-0.063,nan,nan,nan,nan,1.8133,0.107,1.8239,0.1018
23772,H,19283,21290,1.7698,1.7076,1.7795,-0.0762,0.3296,-1.82,-0.0502,nan,nan,nan,nan,nan,nan,nan,nan
23773,H,19434,20837,1.7879,1.7412,1.801,-0.0718,0.3305,-1.82,-0.0321,nan,nan,nan,nan,nan,nan,0.7712,0.0808
23774,H,19277,21095,1.7956,1.7496,1.7867,-0.0709,0.3272,-1.82,-0.0244,nan,nan,nan,nan,0.4893,0.4748,0.3018,0.0983
23775,H,19456,22690,1.7579,1.7181,1.7869,-0.0713,0.3303,-1.82,-0.0621,nan,nan,-0.7409,0.0943,nan,nan,1.4344,0.4296
23776,H,19338,21329,1.785,1.7389,1.7976,-0.072,0.3326,-1.82,-0.035,nan,nan,-1.5231,0.1314,nan,nan,nan,nan
23777,H,19178,21147,1.7866,1.7262,1.8362,-0.0699,0.3278,-1.82,-0.0334,1.8034,0.1223,nan,nan,nan,nan,1.252,0.0836
23778,H,19477,21454,1.7991,1.7463,1.7875,-0.0678,0.3274,-1.82,-0.0209,nan,nan,0.4671,0.1067,0.523,0.0814,nan,nan
23779,H,19116,21798,1.7751,1.7428,1.7801,-0.0755,0.329,-1.82,-0.0449,nan,nan,0.3644,0.4191,nan,nan,nan,nan
23781,H,142428,157023,1.773,1.7346,1.7721,-0.0718,0.3322,-1.82,-0.047,0.1144,0.3037,-0.1029,0.2994,-0.1536,0.2721,-0.153,0.2719
23782,H,19587,21408,1.7689,1.7076,1.7633,-0.0758,0.3319,-1.82,-0.0511,nan,nan,-1.1537,0.2404,nan,nan,nan,nan
23783,H,19453,20349,1.7716,1.7083,1.7681,-0.0833,0.3328,-1.82,-0.0484,nan,nan,nan,nan,nan,nan,nan,nan
23784,H,19392,20282,1.7822,1.7358,1.7773,-0.0779,0.3322,-1.82,-0.0378,0.5141,0.115,0.8392,0.0377,nan,nan,nan,nan
23785,H,19044,21449,1.775,1.7263,1.7633,-0.0713,0.3292,-1.82,-0.045,nan,nan,nan,nan,-0.7441,0.3792,-0.7441,0.3792
23786,H,18159,22802,1.7757,1.7236,1.768,-0.0754,0.3348,-1.82,-0.0443,2.6205,0.1174,nan,nan,-3.2464,0.38,-3.2464,0.38
23787,H,19333,20421,1.7734,1.7119,1.775,-0.0716,0.3317,-1.82,-0.0466,nan,nan,nan,nan,nan,nan,nan,nan
23788,H,19313,20323,1.7945,1.738,1.782,-0.085,0.3317,-1.82,-0.0255,nan,nan,nan,nan,nan,nan,nan,nan
23789,H,15119,15877,1.7625,1.7212,1.7703,-0.0765,0.329,-1.82,-0.0575,1.1695,0.1926,0.8076,0.23,nan,nan,0.9362,0.0451
23790,H,19425,20365,1.7992,1.7706,1.7905,-0.0659,0.3294,-1.82,-0.0208,2.9945,0.3063,2.7487,0.3474,nan,nan,nan,nan
23791,H,19074,19540,1.8002,1.7371,1.8045,-0.0671,0.3307,-1.82,-0.0198,nan,nan,nan,nan,nan,nan,-0.2962,0.0866
23792,H,19214,19771,1.7969,1.7402,1.8068,-0.076,0.3308,-1.82,-0.0231,-0.0865,0.1906,nan,nan,nan,nan,-0.1693,1.8863
23793,H,19380,20268,1.7967,1.7715,1.7858,-0.064,0.3284,-1.82,-0.0233,nan,nan,nan,nan,nan,nan,-0.6108,0.0463
23794,H,19265,19956,1.7773,1.7448,1.7726,-0.0636,0.3314,-1.82,-0.0427,0.9254,0.0941,0.6037,0.1897,0.7397,0.3492,0.7397,0.3492
23795,H,19420,20754,1.7902,1.7384,1.7968,-0.0662,0.3281,-1.82,-0.0298,nan,nan,nan,nan,-0.3182,0.2885,nan,nan
